name,ministry,salary,bank_account,bank_name,biometric_id,attendance_rate,employment_date,id
Dele Adeyemi,Ministry of Agriculture,267584,7983951619,Zenith,BIO_01109,95.37,2019-08-11,EMP_000001
Tayo Oyedepo,Ministry of Education,84637,2032610481,UBA,BIO_05534,93.45,2023-05-21,EMP_000002
Okechukwu Obiora,Ministry of Health,156854,7446561053,Zenith,BIO_01125,95.14,2023-11-28,EMP_000003
Fatima Yusuf,Federal Roads Maintenance Agency,142232,8857971134,Access,BIO_07572,94.4,2018-09-02,EMP_000004
Dele Adeleke,Ministry of Health,82971,4335403595,Access,BIO_03036,95.91,2016-08-23,EMP_000005
Kemi Oyedepo,Ministry of Power,105798,5131924492,Access,BIO_07517,85.01,2018-07-19,EMP_000006
Bola Oyedepo,Ministry of Agriculture,207282,6789048691,UBA,BIO_05571,88.76,2019-06-21,EMP_000007
Tunde Oyedepo,Ministry of Education,247319,7970722698,Zenith,BIO_03973,90.51,2023-07-08,EMP_000008
Chukwu Obiora,Ministry of Agriculture,238066,4580609177,UBA,BIO_01986,86.6,2017-07-15,EMP_000009
Chiamaka Onyeka,Civil Service Commission,384930,4281429276,Zenith,BIO_03294,93.45,2020-12-24,EMP_000010
Chioma Nwosu,Ministry of Health,454571,2447434074,Zenith,BIO_06331,85.84,2020-11-19,EMP_000011
Yemi Adebayo,Ministry of Works,337475,9156548656,UBA,BIO_00788,89.8,2020-12-27,EMP_000012
Usman Yusuf,Federal Roads Maintenance Agency,85632,9675141867,GTBank,BIO_06673,92.33,2023-04-14,EMP_000013
Dele Ogunlesi,Civil Service Commission,324406,4291839969,GTBank,BIO_00535,96.54,2024-10-22,EMP_000014
Dele Williams,Ministry of Works,141778,9532850921,Zenith,BIO_07299,93.78,2022-05-11,EMP_000015
Chukwu Okonkwo,Ministry of Agriculture,272501,7018929110,First Bank,BIO_08005,86.43,2016-09-11,EMP_000016
Kemi Adeyemi,Ministry of Water Resources,214820,1210428638,Zenith,BIO_07801,96.01,2024-10-07,EMP_000017
Tayo Adebayo,Ministry of Agriculture,431698,1079788215,GTBank,BIO_03421,88.15,2025-03-11,EMP_000018
Aisha Suleiman,Civil Service Commission,367553,3550227091,Access,BIO_03200,96.6,2022-04-01,EMP_000019
Chukwu Eze,Nigeria Customs Service,230373,1636833068,GTBank,BIO_02072,89.87,2022-09-16,EMP_000020
Tayo Adebayo,Ministry of Works,302053,8306358808,Access,BIO_00594,95.84,2022-11-29,EMP_000021
Fatima Musa,Ministry of Water Resources,486946,8508207985,UBA,BIO_07684,94.95,2019-01-15,EMP_000022
Uchenna Okonkwo,Civil Service Commission,323975,5312145979,First Bank,BIO_05552,92.3,2025-01-15,EMP_000023
Nnamdi Ani,Federal Roads Maintenance Agency,196998,9575834449,First Bank,BIO_06495,96.19,2021-11-09,EMP_000024
Hassan Ahmad,Ministry of Water Resources,426479,6807451157,UBA,BIO_09059,94.89,2018-01-09,EMP_000025
Tunde Oyedepo,Ministry of Power,221153,7078893982,GTBank,BIO_06499,87.34,2021-09-09,EMP_000026
Okechukwu Nwankwo,Ministry of Works,392524,1529433457,GTBank,BIO_02664,90.1,2024-01-29,EMP_000027
Abubakar Yusuf,Federal Roads Maintenance Agency,376141,7827988317,UBA,BIO_01442,96.13,2021-08-31,EMP_000028
Usman Suleiman,Federal Roads Maintenance Agency,109710,6273384563,Zenith,BIO_03350,91.03,2023-10-06,EMP_000029
Nnamdi Okafor,Ministry of Finance,391421,3392036600,Access,BIO_03670,88.28,2019-11-10,EMP_000030
Zainab Suleiman,Ministry of Education,148810,1687621707,First Bank,BIO_06052,87.57,2017-07-30,EMP_000031
Dele Adebayo,Ministry of Works,347344,1666442945,Access,BIO_18673,99.14,2016-12-14,EMP_000032
Okechukwu Obiora,Ministry of Health,364092,9422591954,GTBank,BIO_04119,90.84,2019-12-07,EMP_000033
Ade Adeleke,Ministry of Education,227208,4891944389,GTBank,BIO_02803,86.26,2021-09-29,EMP_000034
Chinedu Eze,Ministry of Finance,272550,7322608204,GTBank,,99.9,2024-12-30,EMP_000035
Kemi Oyedepo,Nigeria Customs Service,144180,8009809887,GTBank,BIO_00400,87.72,2021-07-24,EMP_000036
Dele Williams,Ministry of Water Resources,108641,5573088724,GTBank,BIO_01525,91.03,2016-12-20,EMP_000037
Yemi Ogunlesi,Ministry of Power,423516,7117087389,Zenith,,99.9,2025-11-16,EMP_000038
Chinedu Okonkwo,Ministry of Finance,323435,4284206395,GTBank,BIO_05327,90.05,2022-02-20,EMP_000039
Femi Adeyemi,Ministry of Education,208421,7264260072,Access,BIO_01799,89.86,2021-06-13,EMP_000040
Dele Adebayo,Nigeria Customs Service,430331,1365347952,Zenith,BIO_02310,90.82,2020-01-21,EMP_000041
Ade Adebayo,Ministry of Education,441441,3159768849,Zenith,BIO_00247,88.33,2017-02-21,EMP_000042
Ibrahim Ahmad,Ministry of Power,246559,8473299990,First Bank,,99.9,2026-03-16,EMP_000043
Dele Oyedepo,Ministry of Power,210049,2810312964,GTBank,BIO_00183,87.63,2017-12-18,EMP_000044
Femi Adebayo,Ministry of Education,332092,1835657120,GTBank,BIO_07787,91.15,2018-08-01,EMP_000045
Ade Adeleke,Ministry of Works,328000,1604131930,Zenith,BIO_03814,96.62,2021-02-17,EMP_000046
Kemi Adeleke,Civil Service Commission,485840,1759720905,UBA,BIO_01712,87.04,2022-04-26,EMP_000047
Okechukwu Onyeka,Ministry of Education,110727,7197353162,Access,BIO_06933,93.68,2024-03-19,EMP_000048
Ade Ogunlesi,Ministry of Health,373138,1513901737,Access,BIO_08502,86.34,2020-06-13,EMP_000049
Bola Oyedepo,Nigeria Customs Service,126120,6951810735,Access,BIO_01110,90.73,2019-01-03,EMP_000050
Zainab Yusuf,Ministry of Agriculture,428729,5513447034,UBA,BIO_01636,89.42,2021-03-02,EMP_000051
Femi Adeleke,Ministry of Water Resources,399600,1173935453,Zenith,BIO_04477,97.61,2024-12-17,EMP_000052
Kemi Adeleke,Ministry of Education,294376,2956510439,GTBank,BIO_06437,94.51,2017-04-14,EMP_000053
Hassan Ibrahim,Ministry of Power,202493,5487895527,UBA,BIO_03004,91.67,2024-09-26,EMP_000054
Chiamaka Nwosu,Civil Service Commission,207003,7385442800,First Bank,BIO_04152,92.82,2019-11-06,EMP_000055
Okechukwu Nwosu,Federal Roads Maintenance Agency,261052,5104085422,Zenith,BIO_06957,87.66,2021-06-06,EMP_000056
Usman Mohammed,Ministry of Power,213211,7271669881,GTBank,BIO_00669,93.59,2023-02-19,EMP_000057
Uchenna Ani,Civil Service Commission,417543,5265815456,UBA,BIO_07501,90.5,2020-05-16,EMP_000058
Yemi Adeyemi,Ministry of Education,451175,1706310663,UBA,BIO_06601,97.01,2018-01-19,EMP_000059
Abubakar Suleiman,Ministry of Education,284308,1133176039,Access,BIO_03709,92.05,2020-08-16,EMP_000060
Zainab Ibrahim,Civil Service Commission,405157,2543409753,UBA,BIO_04821,95.32,2019-07-04,EMP_000061
Adaeze Onyeka,Ministry of Power,116809,5376765104,Access,BIO_09050,89.59,2022-04-28,EMP_000062
Chinedu Obiora,Ministry of Agriculture,221363,2832210192,Access,BIO_03078,94.38,2018-10-17,EMP_000063
Uchenna Nwosu,Federal Roads Maintenance Agency,84383,7620530980,Access,BIO_05988,96.13,2020-03-06,EMP_000064
Nnamdi Obiora,Ministry of Power,438939,7867114883,UBA,BIO_08482,96.91,2025-02-03,EMP_000065
Yemi Adeyemi,Nigeria Customs Service,118717,7092282584,Zenith,BIO_00387,95.85,2018-04-27,EMP_000066
Nnamdi Okafor,Ministry of Health,396381,8313040771,UBA,BIO_09004,93.11,2016-07-18,EMP_000067
Tayo Ogunlesi,Nigeria Customs Service,83532,1164721662,First Bank,BIO_04245,91.68,2018-07-27,EMP_000068
Ibrahim Ahmad,Ministry of Water Resources,302306,9685907641,Zenith,BIO_04492,96.12,2023-10-18,EMP_000069
Bola Adebayo,Ministry of Education,316824,2480751107,Zenith,BIO_07617,85.42,2018-01-28,EMP_000070
Ade Adeyemi,Ministry of Water Resources,317693,6561365192,Access,BIO_07189,95.88,2020-06-15,EMP_000071
Femi Ogunlesi,Ministry of Water Resources,376010,3799938289,GTBank,BIO_08065,92.42,2018-12-15,EMP_000072
Chinedu Okafor,Nigeria Customs Service,206742,7348562439,Zenith,BIO_04856,88.47,2019-06-30,EMP_000073
Kemi Adebayo,Ministry of Health,222882,6345062746,Zenith,BIO_06564,91.0,2024-07-31,EMP_000074
Abubakar Umar,Ministry of Health,129204,8863992186,UBA,BIO_04729,95.93,2019-07-20,EMP_000075
Fatima Mohammed,Ministry of Works,413048,1334204841,Zenith,BIO_04747,87.75,2022-11-01,EMP_000076
Chioma Okafor,Ministry of Agriculture,172174,6245836937,UBA,BIO_00578,87.73,2022-07-10,EMP_000077
Ibrahim Ibrahim,Civil Service Commission,380439,3609236056,GTBank,BIO_05805,95.13,2018-12-17,EMP_000078
Tunde Adebayo,Ministry of Health,479904,1103759369,Zenith,BIO_04514,94.12,2020-04-18,EMP_000079
Uchenna Obiora,Ministry of Water Resources,467565,2433991336,GTBank,BIO_09047,97.93,2017-11-27,EMP_000080
Tayo Williams,Ministry of Works,356931,2293411043,UBA,BIO_06868,88.85,2020-12-08,EMP_000081
Okechukwu Okonkwo,Nigeria Customs Service,119290,6715579416,UBA,BIO_03428,90.45,2017-08-14,EMP_000082
Okechukwu Obiora,Ministry of Works,137122,8995235608,First Bank,BIO_00748,90.18,2023-11-03,EMP_000083
Fatima Umar,Ministry of Water Resources,225213,5353578998,Zenith,BIO_07590,85.15,2024-11-25,EMP_000084
Zainab Musa,Ministry of Water Resources,81847,8861883955,Access,BIO_00537,86.25,2017-01-22,EMP_000085
Dele Adeleke,Ministry of Agriculture,460263,4398938171,GTBank,BIO_02336,89.05,2020-08-17,EMP_000086
Chioma Okonkwo,Ministry of Education,124207,8886375038,Zenith,BIO_06912,97.69,2024-03-04,EMP_000087
Aisha Suleiman,Ministry of Power,460300,6009906629,First Bank,BIO_02222,90.92,2022-01-08,EMP_000088
Chinedu Obiora,Ministry of Finance,343133,5832745153,Access,,99.9,2025-11-01,EMP_000089
Chiamaka Obiora,Nigeria Customs Service,321493,6509070364,Access,BIO_05950,89.17,2025-04-12,EMP_000090
Ibrahim Mohammed,Ministry of Water Resources,479222,9502813797,First Bank,BIO_00752,93.79,2016-10-05,EMP_000091
Chukwu Eze,Ministry of Works,408651,7060926713,Access,BIO_04752,97.36,2018-11-07,EMP_000092
Bola Williams,Federal Roads Maintenance Agency,131683,9640459091,First Bank,BIO_07122,91.75,2021-01-09,EMP_000093
Aisha Mohammed,Ministry of Water Resources,295568,1575735338,Access,BIO_08892,96.71,2024-02-29,EMP_000094
Chinedu Onyeka,Ministry of Education,134645,2350248952,UBA,BIO_02607,91.79,2021-08-26,EMP_000095
Usman Ibrahim,Federal Roads Maintenance Agency,199926,3174494134,First Bank,BIO_08085,85.67,2019-03-08,EMP_000096
Aisha Yusuf,Ministry of Works,363961,8977703159,GTBank,BIO_03983,93.74,2025-04-20,EMP_000097
Aisha Mohammed,Ministry of Health,378120,3791440323,GTBank,BIO_03247,90.72,2022-03-27,EMP_000098
Fatima Mohammed,Ministry of Finance,143190,4563358242,UBA,BIO_04512,87.6,2019-09-19,EMP_000099
Chukwu Eze,Federal Roads Maintenance Agency,299382,5484168586,UBA,BIO_07005,96.72,2019-01-06,EMP_000100
Aisha Ibrahim,Ministry of Education,245886,1355196756,GTBank,BIO_08920,87.63,2024-10-28,EMP_000101
Hassan Suleiman,Nigeria Customs Service,136434,1663130906,First Bank,BIO_03699,94.71,2025-03-20,EMP_000102
Uchenna Ani,Ministry of Works,249406,1207027721,First Bank,BIO_04581,97.52,2024-04-05,EMP_000103
Tunde Adeyemi,Ministry of Power,465512,9509968711,GTBank,BIO_05761,86.34,2016-12-06,EMP_000104
Ibrahim Suleiman,Nigeria Customs Service,124580,4424973798,Zenith,BIO_05840,94.26,2023-09-17,EMP_000105
Chiamaka Obiora,Ministry of Water Resources,398701,4852894983,First Bank,BIO_05544,92.8,2017-02-21,EMP_000106
Chukwu Nwosu,Ministry of Power,469604,1294582678,Access,BIO_00210,88.6,2021-08-27,EMP_000107
Dele Adeyemi,Ministry of Finance,280633,3024578821,First Bank,BIO_08489,93.43,2023-11-06,EMP_000108
Tayo Oyedepo,Federal Roads Maintenance Agency,299549,4151038701,UBA,BIO_04624,88.9,2017-10-21,EMP_000109
Aisha Ahmad,Ministry of Finance,163287,6632464676,UBA,BIO_03819,93.41,2021-09-02,EMP_000110
Tunde Adeleke,Ministry of Finance,217812,1004194885,Access,BIO_08286,85.16,2020-01-13,EMP_000111
Amina Suleiman,Ministry of Water Resources,465227,6458201849,First Bank,BIO_08582,96.8,2020-03-01,EMP_000112
Nnamdi Okonkwo,Ministry of Education,81733,7295223573,UBA,BIO_00354,93.4,2020-05-25,EMP_000113
Uchenna Onyeka,Federal Roads Maintenance Agency,463859,6009497616,GTBank,BIO_08261,91.86,2016-07-25,EMP_000114
Tayo Oyedepo,Nigeria Customs Service,196129,9577239333,Access,BIO_01835,92.75,2025-04-17,EMP_000115
Kemi Ogunlesi,Federal Roads Maintenance Agency,180870,3950215904,Zenith,BIO_03629,90.28,2019-06-21,EMP_000116
Uchenna Nwankwo,Ministry of Works,286164,8655240448,First Bank,BIO_04461,86.72,2017-04-16,EMP_000117
Zainab Yusuf,Ministry of Water Resources,244550,5425249451,First Bank,BIO_09120,89.63,2017-07-03,EMP_000118
Hassan Ahmad,Civil Service Commission,327907,9590362243,UBA,BIO_06054,96.63,2018-11-23,EMP_000119
Abubakar Umar,Ministry of Agriculture,384899,9045271554,First Bank,BIO_08253,92.6,2020-02-10,EMP_000120
Abubakar Musa,Ministry of Finance,425523,3131858892,GTBank,BIO_01132,92.47,2021-08-22,EMP_000121
Abubakar Mohammed,Civil Service Commission,406096,6960856190,Zenith,BIO_04036,96.54,2024-04-23,EMP_000122
Tayo Ogunlesi,Ministry of Agriculture,452888,2051021151,GTBank,BIO_08630,86.57,2022-05-14,EMP_000123
Chinedu Okafor,Ministry of Water Resources,269465,4710987989,UBA,BIO_07647,91.64,2017-12-22,EMP_000124
Uchenna Onyeka,Ministry of Water Resources,292117,9603624783,Access,,99.9,2024-11-24,EMP_000125
Tunde Williams,Ministry of Finance,349923,2259211078,Access,BIO_00493,86.77,2016-12-12,EMP_000126
Fatima Umar,Ministry of Works,85669,7717414836,Access,BIO_01251,87.62,2023-09-27,EMP_000127
Amina Ibrahim,Ministry of Agriculture,387733,5681300236,Access,BIO_08091,87.0,2024-11-17,EMP_000128
Ibrahim Ibrahim,Ministry of Power,397170,5796735167,Zenith,BIO_05561,94.88,2019-07-15,EMP_000129
Bola Williams,Ministry of Works,417884,4484124155,GTBank,BIO_04790,85.85,2016-11-04,EMP_000130
Abubakar Yusuf,Ministry of Agriculture,316662,4386147386,Access,BIO_07786,95.05,2018-12-01,EMP_000131
Chukwu Okafor,Ministry of Works,324384,2856582982,First Bank,BIO_07719,93.44,2024-04-24,EMP_000132
Ade Adeleke,Civil Service Commission,489281,7177218173,GTBank,BIO_05814,90.68,2020-09-26,EMP_000133
Yemi Williams,Civil Service Commission,201324,8085454864,First Bank,BIO_61043,96.92,2025-01-30,EMP_000134
Chiamaka Okonkwo,Nigeria Customs Service,279372,4070418344,GTBank,,99.9,2026-02-25,EMP_000135
Dele Williams,Ministry of Water Resources,230831,1733882055,GTBank,BIO_07689,85.45,2024-05-06,EMP_000136
Yemi Adeyemi,Ministry of Water Resources,323420,3067886837,GTBank,,99.9,2025-02-26,EMP_000137
Ade Oyedepo,Nigeria Customs Service,414520,8826639407,GTBank,BIO_06962,96.88,2023-11-21,EMP_000138
Bola Adeleke,Civil Service Commission,454250,8616408489,Access,BIO_06927,93.1,2023-04-08,EMP_000139
Uchenna Okafor,Ministry of Water Resources,149708,1387324678,Access,BIO_03794,95.3,2016-12-09,EMP_000140
Ade Adeyemi,Ministry of Health,375924,3201868701,Access,BIO_06124,88.28,2018-02-16,EMP_000141
Tunde Adeleke,Ministry of Health,494891,4761709559,GTBank,,99.9,2024-09-29,EMP_000142
Okechukwu Eze,Ministry of Education,89437,8541791204,Zenith,BIO_04749,90.32,2021-03-24,EMP_000143
Ibrahim Umar,Ministry of Works,192014,8451686870,GTBank,BIO_07991,97.13,2021-10-25,EMP_000144
Hassan Musa,Ministry of Finance,468957,3577217424,Zenith,BIO_01658,88.47,2016-11-29,EMP_000145
Bola Adeyemi,Ministry of Water Resources,1065107,6035246800,GTBank,BIO_49713,89.71,2026-02-25,EMP_000146
Usman Umar,Ministry of Works,465276,2920289495,Access,BIO_07185,94.44,2017-01-21,EMP_000147
Zainab Ibrahim,Ministry of Education,483899,8379931744,GTBank,BIO_03253,86.33,2024-04-07,EMP_000148
Ibrahim Mohammed,Federal Roads Maintenance Agency,439092,4586427782,First Bank,BIO_00370,97.88,2019-03-14,EMP_000149
Abubakar Suleiman,Ministry of Agriculture,491582,9540215247,Access,BIO_08915,86.27,2017-07-23,EMP_000150
Tunde Ogunlesi,Federal Roads Maintenance Agency,215331,3668203606,Zenith,BIO_03092,92.41,2021-02-28,EMP_000151
Okechukwu Okafor,Nigeria Customs Service,235025,7170440827,GTBank,BIO_03891,91.1,2023-02-22,EMP_000152
Tunde Ogunlesi,Ministry of Education,106710,4674920859,UBA,BIO_08330,90.1,2022-05-16,EMP_000153
Chioma Okonkwo,Ministry of Finance,339383,3502315433,Access,BIO_04267,85.57,2022-11-26,EMP_000154
Chinedu Onyeka,Ministry of Water Resources,402333,1345491454,Zenith,BIO_08794,86.59,2020-02-23,EMP_000155
Nnamdi Okonkwo,Ministry of Agriculture,300140,2003579238,UBA,BIO_02991,87.04,2022-05-19,EMP_000156
Fatima Musa,Ministry of Health,309327,5635735527,UBA,BIO_05437,87.61,2021-04-20,EMP_000157
Dele Adeleke,Ministry of Health,209771,8695495551,Zenith,BIO_07358,85.17,2017-06-13,EMP_000158
Dele Oyedepo,Ministry of Works,159486,7169562183,Access,BIO_08538,85.53,2022-12-22,EMP_000159
Tayo Adeleke,Ministry of Education,251296,8461512363,GTBank,BIO_08436,93.74,2023-06-07,EMP_000160
Amina Ibrahim,Ministry of Finance,266036,7789949105,First Bank,BIO_01399,94.25,2016-06-11,EMP_000161
Tayo Adebayo,Ministry of Water Resources,409022,9962872432,Access,BIO_07742,91.61,2021-01-06,EMP_000162
Okechukwu Okonkwo,Ministry of Power,214523,4325777852,First Bank,BIO_08012,91.57,2021-12-26,EMP_000163
Zainab Yusuf,Ministry of Power,103417,6501335745,GTBank,BIO_06386,88.83,2016-10-20,EMP_000164
Tayo Oyedepo,Nigeria Customs Service,1211037,6740072916,First Bank,BIO_18870,92.41,2025-11-11,EMP_000165
Ibrahim Ibrahim,Ministry of Power,191737,3602503844,First Bank,BIO_08998,93.74,2020-11-18,EMP_000166
Amina Mohammed,Ministry of Health,82610,2342009306,Zenith,BIO_02612,92.03,2022-09-05,EMP_000167
Yemi Ogunlesi,Ministry of Power,141822,6133633878,UBA,BIO_01872,89.82,2018-01-31,EMP_000168
Zainab Umar,Ministry of Water Resources,155445,3752878833,Access,BIO_08714,92.23,2019-11-28,EMP_000169
Usman Suleiman,Ministry of Education,287221,2496734917,Zenith,BIO_69575,98.73,2022-09-25,EMP_000170
Okechukwu Ani,Ministry of Finance,197906,3862957994,UBA,BIO_00452,92.97,2022-05-23,EMP_000171
Usman Mohammed,Ministry of Water Resources,274298,7072481558,GTBank,BIO_08035,88.0,2019-10-23,EMP_000172
Adaeze Nwosu,Civil Service Commission,206163,9196520834,UBA,BIO_08182,95.38,2020-07-27,EMP_000173
Dele Ogunlesi,Nigeria Customs Service,425140,8748612600,GTBank,BIO_04999,96.61,2023-11-25,EMP_000174
Femi Adebayo,Ministry of Education,181576,6475517135,Access,BIO_01195,92.89,2021-12-17,EMP_000175
Kemi Williams,Ministry of Finance,495485,8140328457,Zenith,BIO_03028,90.92,2022-12-05,EMP_000176
Chiamaka Obiora,Ministry of Education,173465,5324142520,First Bank,BIO_05485,94.6,2020-07-02,EMP_000177
Uchenna Ani,Ministry of Power,356179,5575686245,Access,BIO_00093,91.06,2019-10-10,EMP_000178
Usman Umar,Federal Roads Maintenance Agency,307155,9605298735,GTBank,BIO_07727,85.74,2017-01-15,EMP_000179
Hassan Suleiman,Civil Service Commission,421732,5176886747,GTBank,BIO_08041,97.41,2018-01-07,EMP_000180
Abubakar Ahmad,Federal Roads Maintenance Agency,307029,4033140546,First Bank,BIO_05196,91.38,2021-08-23,EMP_000181
Okechukwu Ani,Civil Service Commission,282514,9399423636,GTBank,BIO_09096,93.15,2022-01-20,EMP_000182
Chiamaka Obiora,Ministry of Finance,329973,4413262855,GTBank,BIO_05054,97.03,2023-04-27,EMP_000183
Ade Williams,Ministry of Water Resources,280174,4495539898,First Bank,BIO_07504,87.16,2018-12-11,EMP_000184
Hassan Umar,Ministry of Health,452552,2430189798,Access,BIO_07864,87.26,2021-06-16,EMP_000185
Dele Oyedepo,Ministry of Power,379506,3948704085,Zenith,BIO_08595,89.52,2017-07-05,EMP_000186
Bola Adeyemi,Ministry of Works,241200,1958836089,Access,BIO_01620,96.56,2024-11-12,EMP_000187
Adaeze Obiora,Ministry of Agriculture,149568,5153833389,GTBank,BIO_03561,96.73,2024-01-15,EMP_000188
Chukwu Eze,Ministry of Health,376587,6360315638,Access,BIO_06186,87.13,2018-06-08,EMP_000189
Aisha Mohammed,Ministry of Education,284956,1316143088,Access,BIO_06218,94.93,2019-10-25,EMP_000190
Kemi Adeyemi,Federal Roads Maintenance Agency,379701,8273633791,First Bank,BIO_00829,89.79,2017-02-19,EMP_000191
Zainab Yusuf,Ministry of Water Resources,406349,6208242743,UBA,BIO_04023,88.48,2017-06-19,EMP_000192
Yemi Oyedepo,Ministry of Education,376841,2907224036,Access,BIO_01611,94.59,2018-12-11,EMP_000193
Ibrahim Musa,Ministry of Works,357913,6265109133,UBA,BIO_00291,85.94,2018-10-18,EMP_000194
Abubakar Musa,Nigeria Customs Service,399858,9648378867,First Bank,BIO_00524,93.86,2023-11-21,EMP_000195
Uchenna Nwosu,Ministry of Water Resources,272437,3097348090,Access,BIO_06043,86.13,2018-09-02,EMP_000196
Ade Adebayo,Ministry of Finance,425677,8246738617,UBA,BIO_05994,97.68,2024-03-06,EMP_000197
Femi Oyedepo,Ministry of Power,94219,8517232373,Access,BIO_00040,86.33,2021-11-26,EMP_000198
Fatima Musa,Ministry of Works,285216,4879178389,Access,BIO_08229,90.65,2016-06-30,EMP_000199
Abubakar Mohammed,Ministry of Water Resources,222115,7870733097,First Bank,BIO_08642,96.43,2024-11-08,EMP_000200
Nnamdi Eze,Ministry of Works,288806,1398239443,UBA,,99.9,2024-08-17,EMP_000201
Ibrahim Yusuf,Ministry of Agriculture,462628,7686492594,Access,BIO_06914,86.35,2023-04-22,EMP_000202
Bola Williams,Ministry of Power,89848,2928790877,First Bank,BIO_08472,92.16,2022-11-29,EMP_000203
Ibrahim Musa,Ministry of Finance,244215,5641101323,UBA,BIO_04122,86.85,2018-03-10,EMP_000204
Zainab Yusuf,Ministry of Power,365256,6071588732,UBA,BIO_05813,97.79,2017-03-21,EMP_000205
Bola Adeleke,Nigeria Customs Service,433026,9732739524,First Bank,BIO_00437,91.91,2022-05-28,EMP_000206
Zainab Musa,Ministry of Finance,470489,7437068004,GTBank,BIO_21428,98.12,2020-03-01,EMP_000207
Adaeze Onyeka,Nigeria Customs Service,259022,7903853892,Access,BIO_41038,97.54,2019-05-06,EMP_000208
Ade Ogunlesi,Federal Roads Maintenance Agency,146490,7419357131,Access,BIO_00453,90.22,2023-08-30,EMP_000209
Chioma Nwankwo,Nigeria Customs Service,499409,3015602806,First Bank,,99.9,2024-06-13,EMP_000210
Dele Adebayo,Ministry of Health,427202,6475859602,Access,BIO_03364,93.54,2022-05-06,EMP_000211
Uchenna Obiora,Federal Roads Maintenance Agency,253221,7190884412,Access,BIO_08154,95.33,2022-08-21,EMP_000212
Amina Ibrahim,Civil Service Commission,255834,1657694242,First Bank,BIO_00227,87.34,2016-08-04,EMP_000213
Chinedu Onyeka,Civil Service Commission,322505,3714176043,UBA,BIO_01340,92.16,2024-06-27,EMP_000214
Femi Williams,Ministry of Finance,221659,5704954378,First Bank,BIO_00625,88.83,2017-10-04,EMP_000215
Adaeze Onyeka,Ministry of Power,229871,8895607444,First Bank,BIO_03298,88.58,2024-03-26,EMP_000216
Chinedu Okafor,Federal Roads Maintenance Agency,100504,8119973680,Access,BIO_00626,88.04,2020-10-25,EMP_000217
Okechukwu Obiora,Ministry of Works,347106,4673911305,First Bank,BIO_08387,96.16,2018-12-15,EMP_000218
Fatima Mohammed,Federal Roads Maintenance Agency,442060,2383672145,UBA,BIO_01173,96.45,2018-10-08,EMP_000219
Femi Oyedepo,Ministry of Finance,228600,9089962312,Access,BIO_05655,94.7,2022-02-25,EMP_000220
Aisha Musa,Ministry of Agriculture,1005696,9167259505,Access,BIO_71034,90.54,2025-09-05,EMP_000221
Zainab Yusuf,Ministry of Power,215200,4262331217,Zenith,BIO_03696,90.87,2022-06-06,EMP_000222
Hassan Ahmad,Ministry of Education,473998,4708792722,First Bank,BIO_03684,85.09,2016-07-04,EMP_000223
Nnamdi Okafor,Ministry of Agriculture,165364,2066144663,First Bank,BIO_05932,85.2,2018-03-02,EMP_000224
Kemi Oyedepo,Ministry of Finance,123333,8741460212,First Bank,BIO_02348,89.75,2023-12-28,EMP_000225
Uchenna Obiora,Ministry of Finance,81645,8176909888,Zenith,BIO_01850,97.69,2020-12-10,EMP_000226
Yemi Williams,Ministry of Finance,177838,3432244028,GTBank,BIO_08460,95.42,2022-10-01,EMP_000227
Okechukwu Nwankwo,Nigeria Customs Service,355746,6161327542,First Bank,BIO_06098,87.91,2021-11-12,EMP_000228
Zainab Ibrahim,Ministry of Education,258289,2538039931,Zenith,BIO_04765,95.39,2017-08-11,EMP_000229
Okechukwu Onyeka,Civil Service Commission,303360,5291692006,Access,BIO_00841,96.88,2023-02-27,EMP_000230
Amina Umar,Ministry of Water Resources,445544,2337099360,GTBank,BIO_08289,91.36,2025-01-10,EMP_000231
Chinedu Eze,Ministry of Agriculture,489326,6963052815,GTBank,BIO_03468,93.22,2019-02-21,EMP_000232
Kemi Williams,Ministry of Power,318135,2699080407,Zenith,BIO_09072,88.04,2022-03-24,EMP_000233
Ade Adeyemi,Ministry of Agriculture,473513,1675878792,Access,BIO_00249,96.99,2017-02-26,EMP_000234
Chioma Ani,Civil Service Commission,367067,8610908650,GTBank,BIO_07562,93.56,2016-07-26,EMP_000235
Kemi Oyedepo,Civil Service Commission,89419,5039248831,Access,BIO_00199,85.17,2018-03-23,EMP_000236
Tunde Oyedepo,Civil Service Commission,477610,1286843388,GTBank,BIO_05227,89.29,2018-07-19,EMP_000237
Chukwu Onyeka,Ministry of Power,417974,5803635311,First Bank,BIO_04692,91.16,2019-07-16,EMP_000238
Chiamaka Nwankwo,Ministry of Water Resources,381275,4951165728,GTBank,BIO_07288,96.76,2017-02-12,EMP_000239
Fatima Suleiman,Nigeria Customs Service,486040,7519738413,Access,BIO_01066,86.71,2017-05-07,EMP_000240
Femi Adeleke,Ministry of Power,375660,8087807943,Zenith,BIO_02516,96.55,2018-04-24,EMP_000241
Chinedu Ani,Ministry of Education,125290,5827607770,Zenith,BIO_05392,89.38,2020-08-28,EMP_000242
Dele Ogunlesi,Ministry of Agriculture,494299,1275452861,GTBank,BIO_04009,88.58,2018-11-15,EMP_000243
Usman Yusuf,Nigeria Customs Service,489898,9984903547,First Bank,BIO_08491,94.19,2021-03-24,EMP_000244
Aisha Ahmad,Nigeria Customs Service,462871,1176021057,Access,BIO_07743,91.13,2016-05-14,EMP_000245
Fatima Umar,Nigeria Customs Service,461553,9715255135,Zenith,BIO_00078,90.77,2024-11-09,EMP_000246
Okechukwu Eze,Nigeria Customs Service,334988,2721885268,Access,BIO_04779,87.46,2017-09-23,EMP_000247
Ibrahim Ibrahim,Nigeria Customs Service,464015,8326949967,UBA,BIO_05182,88.34,2023-02-10,EMP_000248
Amina Suleiman,Ministry of Water Resources,266947,1683225327,First Bank,BIO_07976,88.39,2023-11-01,EMP_000249
Chiamaka Eze,Ministry of Finance,182336,6085599163,UBA,BIO_02374,95.19,2021-03-13,EMP_000250
Uchenna Onyeka,Nigeria Customs Service,224171,3127233897,Zenith,BIO_00174,91.3,2023-05-29,EMP_000251
Amina Yusuf,Civil Service Commission,279065,1400033019,GTBank,BIO_01423,89.84,2020-07-28,EMP_000252
Ade Oyedepo,Ministry of Education,320558,7400660882,Access,BIO_06978,91.96,2017-06-16,EMP_000253
Chioma Onyeka,Ministry of Education,259750,6897424499,First Bank,BIO_71273,96.69,2022-09-07,EMP_000254
Dele Ogunlesi,Ministry of Agriculture,401930,9375614866,GTBank,BIO_06438,93.33,2023-04-18,EMP_000255
Chiamaka Nwosu,Ministry of Works,238257,4063714189,GTBank,BIO_05733,88.45,2024-11-05,EMP_000256
Chiamaka Okonkwo,Federal Roads Maintenance Agency,479850,6170865569,Access,BIO_04704,93.32,2023-05-10,EMP_000257
Hassan Ahmad,Ministry of Agriculture,380841,5707832840,UBA,BIO_05178,95.26,2023-11-06,EMP_000258
Abubakar Yusuf,Ministry of Finance,406718,5757834241,Zenith,BIO_03251,85.25,2021-12-14,EMP_000259
Yemi Adeleke,Civil Service Commission,491625,9519955346,First Bank,BIO_00283,87.49,2024-02-13,EMP_000260
Aisha Musa,Ministry of Works,83598,8864111305,Access,BIO_03860,96.5,2022-12-01,EMP_000261
Kemi Adeyemi,Ministry of Finance,121098,5924006119,GTBank,BIO_07216,85.42,2020-02-17,EMP_000262
Tayo Ogunlesi,Ministry of Power,315055,8858299466,GTBank,BIO_00424,96.39,2024-06-21,EMP_000263
Kemi Adeyemi,Federal Roads Maintenance Agency,323105,3548158989,Zenith,BIO_06733,95.48,2018-11-22,EMP_000264
Chinedu Nwosu,Civil Service Commission,303595,4233141836,GTBank,BIO_00430,87.99,2019-04-18,EMP_000265
Abubakar Ahmad,Ministry of Education,368488,5113254053,Zenith,BIO_01927,96.0,2017-04-19,EMP_000266
Amina Ibrahim,Ministry of Agriculture,354046,4180204519,Access,BIO_08831,87.44,2021-09-01,EMP_000267
Femi Williams,Nigeria Customs Service,167969,2997613667,UBA,BIO_00897,95.78,2021-04-24,EMP_000268
Bola Williams,Ministry of Power,312808,8826803857,UBA,BIO_04992,90.81,2017-11-30,EMP_000269
Chioma Nwosu,Ministry of Power,330753,3318422216,Zenith,BIO_07943,92.11,2018-09-12,EMP_000270
Chioma Nwankwo,Ministry of Power,396713,1457405808,Zenith,BIO_08511,97.27,2016-05-21,EMP_000271
Chiamaka Okafor,Ministry of Agriculture,404028,8378892294,UBA,BIO_08322,97.95,2025-02-17,EMP_000272
Tayo Ogunlesi,Federal Roads Maintenance Agency,383590,2784782400,UBA,,99.9,2025-01-19,EMP_000273
Bola Adeyemi,Federal Roads Maintenance Agency,411413,9418407953,Access,BIO_07882,93.69,2019-07-24,EMP_000274
Chinedu Nwosu,Ministry of Health,406450,4798969351,Zenith,BIO_02290,93.89,2024-10-21,EMP_000275
Chinedu Ani,Civil Service Commission,239954,2764553392,Zenith,BIO_02901,97.61,2021-02-22,EMP_000276
Abubakar Musa,Ministry of Works,491879,4904437981,Zenith,BIO_09005,86.87,2019-03-29,EMP_000277
Ibrahim Suleiman,Nigeria Customs Service,301786,4199999670,Zenith,BIO_09115,86.88,2017-08-10,EMP_000278
Usman Musa,Civil Service Commission,178235,8542348539,GTBank,BIO_04922,92.28,2018-02-15,EMP_000279
Fatima Mohammed,Nigeria Customs Service,338874,5965712427,Zenith,BIO_03882,90.89,2021-08-07,EMP_000280
Aisha Mohammed,Nigeria Customs Service,190965,7438783650,First Bank,BIO_02876,93.36,2022-03-01,EMP_000281
Okechukwu Okafor,Ministry of Health,457753,4894256676,GTBank,BIO_01335,96.67,2019-04-27,EMP_000282
Kemi Adeleke,Ministry of Works,391841,5569437250,First Bank,BIO_03018,85.25,2022-11-09,EMP_000283
Chioma Obiora,Ministry of Health,1396605,6621884403,UBA,BIO_17414,91.89,2025-05-31,EMP_000284
Chioma Onyeka,Ministry of Water Resources,1392971,3715553399,UBA,BIO_91876,92.05,2026-01-28,EMP_000285
Amina Ahmad,Ministry of Agriculture,176861,4351510968,First Bank,BIO_08896,88.65,2025-01-11,EMP_000286
Nnamdi Okafor,Federal Roads Maintenance Agency,456893,3203303262,First Bank,BIO_01679,87.52,2018-10-26,EMP_000287
Dele Adeyemi,Ministry of Power,278327,1240676971,Zenith,BIO_02676,85.75,2023-09-21,EMP_000288
Okechukwu Okafor,Ministry of Works,287268,4166490238,UBA,BIO_00747,91.6,2017-08-03,EMP_000289
Hassan Mohammed,Ministry of Education,165138,2044340545,UBA,BIO_00836,97.6,2022-03-10,EMP_000290
Zainab Ahmad,Ministry of Health,125889,1424397952,Zenith,BIO_07762,87.56,2018-07-07,EMP_000291
Dele Adeyemi,Ministry of Education,341651,3651921596,Access,BIO_03613,85.39,2022-04-20,EMP_000292
Bola Adebayo,Ministry of Water Resources,357829,2774613976,Access,BIO_05273,96.05,2019-08-31,EMP_000293
Nnamdi Ani,Ministry of Works,173792,3176779973,First Bank,BIO_02820,92.53,2024-12-31,EMP_000294
Ade Oyedepo,Ministry of Finance,83721,1385393373,GTBank,BIO_03147,95.97,2019-06-21,EMP_000295
Chiamaka Obiora,Civil Service Commission,191810,8600568029,Access,BIO_09054,94.27,2021-05-25,EMP_000296
Nnamdi Ani,Ministry of Power,454719,1737721880,UBA,BIO_02647,94.02,2022-09-28,EMP_000297
Ibrahim Mohammed,Ministry of Agriculture,295705,2121302550,Access,BIO_06911,89.23,2021-11-29,EMP_000298
Tunde Oyedepo,Ministry of Health,366912,9103416699,Access,BIO_08935,85.99,2020-10-23,EMP_000299
Usman Mohammed,Ministry of Education,426340,3350556557,Zenith,BIO_00707,89.82,2022-05-02,EMP_000300
Uchenna Nwosu,Ministry of Health,391225,8166964228,UBA,BIO_04356,96.24,2017-08-20,EMP_000301
Kemi Williams,Federal Roads Maintenance Agency,402915,2826331938,UBA,BIO_00960,87.15,2025-02-24,EMP_000302
Zainab Suleiman,Ministry of Education,374578,7844871411,GTBank,BIO_03733,85.64,2020-07-27,EMP_000303
Fatima Ahmad,Ministry of Education,175212,1855374818,UBA,BIO_02165,95.7,2019-10-31,EMP_000304
Usman Suleiman,Ministry of Works,133138,1431558960,Zenith,BIO_01722,96.5,2024-05-19,EMP_000305
Bola Adebayo,Ministry of Health,156268,2389902764,First Bank,BIO_03271,96.84,2025-03-03,EMP_000306
Bola Adebayo,Ministry of Power,441635,5419590584,GTBank,BIO_05893,97.25,2020-12-05,EMP_000307
Tayo Adebayo,Ministry of Water Resources,107989,2731384872,Zenith,BIO_08176,96.92,2022-10-08,EMP_000308
Ibrahim Umar,Federal Roads Maintenance Agency,415260,9387838205,UBA,BIO_00001,91.22,2020-03-01,EMP_000309
Zainab Suleiman,Nigeria Customs Service,462431,7271440268,Access,BIO_01892,95.65,2018-03-05,EMP_000310
Fatima Mohammed,Nigeria Customs Service,181093,1549742384,UBA,BIO_07628,86.51,2024-06-13,EMP_000311
Ibrahim Mohammed,Ministry of Education,458316,6544714369,GTBank,BIO_00691,95.25,2022-10-31,EMP_000312
Aisha Suleiman,Civil Service Commission,228476,5592137217,Access,BIO_03618,97.4,2021-01-16,EMP_000313
Aisha Yusuf,Ministry of Health,458862,1373260440,Access,BIO_00554,92.92,2024-11-03,EMP_000314
Ade Adeleke,Civil Service Commission,185086,7090402863,UBA,BIO_02546,96.69,2023-08-19,EMP_000315
Uchenna Nwankwo,Ministry of Water Resources,287050,1763761955,UBA,BIO_01830,96.53,2021-02-08,EMP_000316
Tayo Adeyemi,Ministry of Health,447296,6779243768,UBA,BIO_02609,87.38,2018-12-27,EMP_000317
Chinedu Eze,Nigeria Customs Service,313727,1112170641,Zenith,BIO_00460,88.56,2024-01-30,EMP_000318
Hassan Yusuf,Civil Service Commission,176582,7044125411,Zenith,BIO_00024,89.7,2018-06-23,EMP_000319
Adaeze Onyeka,Ministry of Power,487260,9717993274,First Bank,BIO_02465,97.25,2019-10-01,EMP_000320
Nnamdi Eze,Ministry of Power,275196,3319961204,First Bank,BIO_03680,93.38,2017-02-19,EMP_000321
Zainab Ibrahim,Federal Roads Maintenance Agency,351571,1459488777,First Bank,BIO_02249,94.67,2025-01-18,EMP_000322
Ade Ogunlesi,Ministry of Water Resources,342210,4974170158,Access,BIO_03751,85.26,2023-05-02,EMP_000323
Hassan Ibrahim,Nigeria Customs Service,122663,5412675755,Access,BIO_07494,86.17,2019-01-23,EMP_000324
Bola Adeyemi,Nigeria Customs Service,418563,7797159063,UBA,BIO_00299,91.91,2025-03-01,EMP_000325
Adaeze Obiora,Federal Roads Maintenance Agency,441588,3556254196,First Bank,BIO_03788,96.66,2023-05-04,EMP_000326
Bola Adeleke,Federal Roads Maintenance Agency,460575,3129756846,GTBank,BIO_00308,90.1,2024-09-23,EMP_000327
Kemi Oyedepo,Ministry of Power,201049,4559341801,Access,BIO_07495,91.64,2016-09-07,EMP_000328
Abubakar Umar,Nigeria Customs Service,226667,9856297321,First Bank,BIO_08195,89.78,2023-06-05,EMP_000329
Chinedu Nwosu,Ministry of Water Resources,215407,3430006640,GTBank,BIO_04133,97.73,2024-08-04,EMP_000330
Aisha Suleiman,Ministry of Education,461271,7558961231,First Bank,BIO_05818,91.53,2021-09-14,EMP_000331
Abubakar Suleiman,Ministry of Finance,424249,5406865445,Access,BIO_08679,89.93,2020-06-27,EMP_000332
Tayo Williams,Ministry of Education,206080,8193719834,Access,BIO_04943,97.52,2019-08-11,EMP_000333
Amina Musa,Ministry of Finance,455635,1458450266,Zenith,BIO_05216,87.84,2024-08-03,EMP_000334
Abubakar Mohammed,Ministry of Finance,96067,8121918465,First Bank,BIO_01058,86.55,2018-11-08,EMP_000335
Chiamaka Eze,Nigeria Customs Service,391616,2754225614,Zenith,BIO_06936,94.63,2017-03-08,EMP_000336
Kemi Adeleke,Ministry of Power,460081,3448387187,Access,BIO_04739,86.23,2022-07-31,EMP_000337
Femi Adeleke,Ministry of Finance,498718,7140675332,Access,BIO_02040,96.14,2019-05-15,EMP_000338
Nnamdi Onyeka,Ministry of Water Resources,165940,9667013272,First Bank,BIO_35442,97.68,2024-09-23,EMP_000339
Femi Adebayo,Ministry of Education,458351,5376816232,GTBank,BIO_00528,95.2,2016-06-06,EMP_000340
Usman Umar,Nigeria Customs Service,458421,8870195299,Zenith,BIO_08506,90.69,2020-04-19,EMP_000341
Usman Musa,Civil Service Commission,421961,1484890241,First Bank,BIO_00721,91.26,2017-01-20,EMP_000342
Adaeze Obiora,Nigeria Customs Service,210740,4140747033,GTBank,BIO_06907,86.04,2019-12-09,EMP_000343
Abubakar Ibrahim,Ministry of Finance,242242,1377954573,UBA,BIO_01536,90.1,2019-08-30,EMP_000344
Nnamdi Eze,Ministry of Agriculture,334086,2881757940,Zenith,BIO_03905,97.93,2023-08-31,EMP_000345
Chinedu Nwankwo,Civil Service Commission,268917,8182656890,First Bank,BIO_03842,90.16,2021-06-16,EMP_000346
Dele Adebayo,Federal Roads Maintenance Agency,157371,9872117363,Access,BIO_07493,93.28,2021-08-19,EMP_000347
Usman Ahmad,Civil Service Commission,113531,1695055434,UBA,BIO_05764,88.17,2023-09-02,EMP_000348
Chinedu Nwosu,Ministry of Power,258769,6035894291,Zenith,BIO_07179,89.01,2022-11-19,EMP_000349
Femi Oyedepo,Ministry of Water Resources,359490,9577601893,First Bank,BIO_07008,89.91,2023-10-29,EMP_000350
Femi Williams,Ministry of Water Resources,365047,7259153015,Access,BIO_06790,90.49,2018-05-07,EMP_000351
Aisha Ibrahim,Ministry of Education,281427,1299923368,Zenith,BIO_01370,92.31,2023-10-10,EMP_000352
Hassan Yusuf,Civil Service Commission,391578,9635640542,UBA,BIO_05419,89.65,2022-07-26,EMP_000353
Okechukwu Eze,Ministry of Water Resources,136564,7822864149,GTBank,BIO_05709,85.12,2023-02-15,EMP_000354
Ibrahim Umar,Ministry of Works,203306,4233473066,Access,BIO_04135,86.68,2023-11-15,EMP_000355
Kemi Adebayo,Ministry of Finance,154496,4526504075,UBA,BIO_08051,90.62,2019-09-06,EMP_000356
Aisha Musa,Ministry of Agriculture,146291,1703347036,GTBank,BIO_08606,85.99,2018-09-13,EMP_000357
Abubakar Umar,Ministry of Education,374731,3735912900,Zenith,BIO_06247,87.58,2023-03-27,EMP_000358
Yemi Adebayo,Ministry of Agriculture,151252,7817670651,UBA,BIO_05593,97.18,2019-04-29,EMP_000359
Nnamdi Onyeka,Nigeria Customs Service,113194,9371685280,Zenith,BIO_06627,95.5,2019-04-13,EMP_000360
Kemi Ogunlesi,Federal Roads Maintenance Agency,253143,7895199374,Zenith,BIO_07474,92.6,2022-08-27,EMP_000361
Chukwu Eze,Federal Roads Maintenance Agency,411643,9838007779,First Bank,BIO_07677,88.21,2019-09-02,EMP_000362
Kemi Adebayo,Ministry of Finance,173103,7430006084,UBA,BIO_06282,93.71,2017-01-14,EMP_000363
Bola Oyedepo,Ministry of Finance,407806,5900419573,Zenith,BIO_07422,96.11,2019-10-17,EMP_000364
Aisha Mohammed,Civil Service Commission,200930,7096703776,First Bank,BIO_08559,96.35,2023-01-07,EMP_000365
Uchenna Nwosu,Ministry of Education,121433,9152540208,Access,BIO_04892,89.6,2019-12-14,EMP_000366
Kemi Adeleke,Civil Service Commission,401241,3543281175,GTBank,BIO_08689,89.44,2017-01-17,EMP_000367
Tunde Adeleke,Ministry of Water Resources,271706,1380898208,UBA,BIO_04700,95.63,2019-09-05,EMP_000368
Chioma Onyeka,Ministry of Power,83187,3866671035,Zenith,BIO_02750,90.51,2017-07-27,EMP_000369
Tayo Adeyemi,Ministry of Agriculture,466661,8374226325,GTBank,BIO_06865,97.34,2023-02-23,EMP_000370
Kemi Ogunlesi,Ministry of Power,295069,8733961963,Zenith,BIO_04758,94.19,2019-04-08,EMP_000371
Adaeze Obiora,Ministry of Agriculture,118470,4276834344,Zenith,BIO_08747,92.48,2019-03-23,EMP_000372
Aisha Ahmad,Nigeria Customs Service,106382,5756406102,Zenith,BIO_02316,96.93,2018-10-25,EMP_000373
Fatima Ahmad,Ministry of Power,85154,2503668617,UBA,BIO_06719,89.42,2024-12-07,EMP_000374
Chinedu Obiora,Ministry of Works,278777,1871371886,First Bank,BIO_01161,87.46,2021-07-13,EMP_000375
Chiamaka Nwosu,Ministry of Power,164583,5649009342,Zenith,BIO_07271,94.58,2022-07-16,EMP_000376
Tunde Adeyemi,Ministry of Education,220936,7776369821,First Bank,BIO_00328,93.69,2019-08-26,EMP_000377
Adaeze Obiora,Civil Service Commission,166981,9693000794,UBA,BIO_08925,95.95,2021-01-26,EMP_000378
Ibrahim Mohammed,Ministry of Works,297915,4872537421,Zenith,BIO_05188,87.8,2018-10-14,EMP_000379
Okechukwu Obiora,Ministry of Agriculture,100470,5875953317,Zenith,BIO_04617,88.52,2020-01-29,EMP_000380
Zainab Ibrahim,Ministry of Water Resources,300950,3610610006,Access,BIO_06752,85.97,2016-06-03,EMP_000381
Nnamdi Nwankwo,Ministry of Finance,286940,5609308127,UBA,BIO_06106,86.61,2024-06-17,EMP_000382
Nnamdi Nwosu,Civil Service Commission,93026,1619110035,UBA,BIO_08156,85.41,2022-12-28,EMP_000383
Zainab Musa,Federal Roads Maintenance Agency,84551,7150992716,UBA,BIO_06061,91.0,2017-07-12,EMP_000384
Femi Adeyemi,Ministry of Finance,490556,7226943079,Access,BIO_00261,96.0,2019-05-08,EMP_000385
Aisha Ibrahim,Federal Roads Maintenance Agency,486712,5584511632,Access,BIO_05692,90.3,2020-06-22,EMP_000386
Zainab Musa,Nigeria Customs Service,210543,4523089045,GTBank,BIO_08709,97.73,2018-07-15,EMP_000387
Zainab Mohammed,Ministry of Finance,385395,6732624879,UBA,BIO_01319,95.47,2018-09-07,EMP_000388
Fatima Ahmad,Ministry of Agriculture,184135,6386061808,GTBank,BIO_05929,89.51,2020-02-25,EMP_000389
Tunde Adeleke,Civil Service Commission,405960,9167292763,UBA,BIO_01862,89.73,2021-10-14,EMP_000390
Chinedu Nwosu,Ministry of Works,326833,8585535119,UBA,BIO_07546,89.51,2021-10-22,EMP_000391
Dele Adeleke,Nigeria Customs Service,411283,8894007728,First Bank,BIO_06265,88.95,2024-01-24,EMP_000392
Chioma Okafor,Ministry of Water Resources,247925,6793747057,GTBank,BIO_07591,90.19,2022-12-14,EMP_000393
Zainab Musa,Ministry of Education,303351,9263087109,UBA,BIO_04058,90.32,2016-06-28,EMP_000394
Uchenna Okonkwo,Ministry of Power,118013,8054328915,Access,BIO_03783,86.72,2021-08-21,EMP_000395
Yemi Adeyemi,Federal Roads Maintenance Agency,97011,6998516038,Access,BIO_04651,95.39,2017-02-25,EMP_000396
Nnamdi Onyeka,Ministry of Education,337348,7854338025,GTBank,BIO_02118,93.81,2022-07-23,EMP_000397
Zainab Mohammed,Ministry of Works,359879,5452310621,UBA,BIO_03668,87.02,2022-12-25,EMP_000398
Fatima Ahmad,Ministry of Health,250583,6443055109,First Bank,BIO_02680,92.86,2017-10-06,EMP_000399
Uchenna Ani,Ministry of Education,493556,2316195132,GTBank,BIO_06302,96.74,2023-04-16,EMP_000400
Ibrahim Mohammed,Federal Roads Maintenance Agency,414230,2808985802,Access,BIO_01157,93.97,2019-04-13,EMP_000401
Amina Suleiman,Ministry of Agriculture,156423,2313633869,GTBank,BIO_07006,91.73,2022-10-12,EMP_000402
Usman Ibrahim,Federal Roads Maintenance Agency,352828,6975894022,Zenith,BIO_03014,94.07,2023-11-20,EMP_000403
Bola Adeyemi,Ministry of Water Resources,287037,6058550894,Access,BIO_06574,88.19,2017-06-12,EMP_000404
Femi Adeleke,Nigeria Customs Service,362460,2891075971,Zenith,BIO_07941,91.94,2017-07-10,EMP_000405
Hassan Yusuf,Ministry of Agriculture,389219,4364037535,GTBank,BIO_07909,85.62,2020-06-25,EMP_000406
Femi Williams,Ministry of Water Resources,88903,4900717634,GTBank,BIO_06010,87.68,2022-08-28,EMP_000407
Adaeze Onyeka,Ministry of Education,262812,6165654008,Access,BIO_08137,93.58,2023-08-13,EMP_000408
Chioma Obiora,Ministry of Agriculture,104841,6456828606,GTBank,BIO_07776,89.07,2022-08-11,EMP_000409
Amina Ibrahim,Ministry of Power,140886,1207365837,Zenith,BIO_05331,86.03,2024-08-25,EMP_000410
Abubakar Suleiman,Ministry of Finance,360017,6769956280,Access,BIO_04221,88.55,2020-10-07,EMP_000411
Chinedu Onyeka,Ministry of Education,380811,2932865840,Zenith,BIO_02581,88.34,2018-09-24,EMP_000412
Femi Ogunlesi,Civil Service Commission,353104,5080436530,First Bank,BIO_00234,94.87,2021-11-19,EMP_000413
Tunde Ogunlesi,Ministry of Agriculture,116697,5164809747,Access,BIO_00275,86.87,2024-04-09,EMP_000414
Nnamdi Ani,Ministry of Finance,387229,6835965015,Zenith,BIO_02342,96.17,2017-02-27,EMP_000415
Uchenna Nwosu,Ministry of Agriculture,86202,9550786898,UBA,BIO_01736,85.58,2018-08-26,EMP_000416
Abubakar Umar,Ministry of Power,154346,5961237480,Zenith,BIO_08805,85.52,2023-09-23,EMP_000417
Yemi Adeleke,Ministry of Water Resources,462363,4062221830,GTBank,BIO_00533,97.24,2021-10-23,EMP_000418
Kemi Adeleke,Ministry of Agriculture,458570,3506344903,GTBank,BIO_05861,92.51,2017-07-23,EMP_000419
Ibrahim Musa,Ministry of Water Resources,336774,4319733446,First Bank,BIO_03016,90.45,2023-11-08,EMP_000420
Okechukwu Okafor,Civil Service Commission,159062,5756936459,GTBank,BIO_03596,91.42,2020-08-20,EMP_000421
Chiamaka Nwankwo,Ministry of Works,1433608,7779490899,UBA,BIO_98719,93.33,2025-07-18,EMP_000422
Dele Oyedepo,Ministry of Water Resources,373721,6302164692,UBA,BIO_03160,91.09,2023-01-25,EMP_000423
Chiamaka Eze,Ministry of Education,490074,5324360351,Access,BIO_07535,88.13,2018-05-01,EMP_000424
Adaeze Nwosu,Ministry of Power,174696,4111149203,Access,BIO_03048,86.39,2016-07-16,EMP_000425
Chukwu Nwosu,Ministry of Works,223508,9240808561,Access,BIO_07098,97.5,2024-10-11,EMP_000426
Yemi Ogunlesi,Ministry of Works,422514,9094683353,GTBank,BIO_03832,85.61,2019-03-01,EMP_000427
Aisha Umar,Civil Service Commission,286457,6986090632,Zenith,BIO_02350,93.62,2021-09-11,EMP_000428
Chiamaka Nwankwo,Civil Service Commission,498129,8221357338,Zenith,BIO_06842,88.23,2022-12-07,EMP_000429
Chinedu Obiora,Ministry of Education,355937,1899488499,GTBank,BIO_00746,87.56,2020-03-16,EMP_000430
Amina Musa,Federal Roads Maintenance Agency,257407,7600774072,GTBank,BIO_06245,90.43,2018-12-29,EMP_000431
Chiamaka Nwosu,Ministry of Agriculture,176695,9490189257,Zenith,BIO_06804,85.84,2025-04-14,EMP_000432
Usman Ahmad,Federal Roads Maintenance Agency,149962,2795505519,Access,BIO_00622,90.93,2021-03-25,EMP_000433
Okechukwu Okafor,Federal Roads Maintenance Agency,226259,4221345631,Zenith,BIO_07061,97.5,2021-01-11,EMP_000434
Kemi Oyedepo,Ministry of Power,168503,1942745068,Zenith,BIO_00739,89.64,2020-01-06,EMP_000435
Femi Oyedepo,Ministry of Education,137361,6461647329,Zenith,BIO_05827,91.37,2024-12-29,EMP_000436
Kemi Ogunlesi,Civil Service Commission,249566,7885918907,First Bank,BIO_05368,85.69,2017-01-18,EMP_000437
Chioma Onyeka,Ministry of Agriculture,371324,6300821550,Access,BIO_02613,88.99,2022-04-28,EMP_000438
Chiamaka Nwankwo,Federal Roads Maintenance Agency,478485,4680540704,GTBank,BIO_07715,96.82,2017-05-20,EMP_000439
Hassan Ibrahim,Civil Service Commission,461102,2126121314,First Bank,BIO_00869,91.45,2020-04-19,EMP_000440
Hassan Suleiman,Ministry of Power,232667,1704660142,Access,BIO_04363,89.48,2016-08-24,EMP_000441
Tayo Adeyemi,Ministry of Works,240562,2626955689,GTBank,BIO_03341,87.11,2019-04-21,EMP_000442
Chinedu Eze,Ministry of Power,269083,4587949493,Access,BIO_00124,96.68,2024-02-13,EMP_000443
Chinedu Ani,Ministry of Works,135314,7682097850,First Bank,BIO_01985,88.29,2023-03-09,EMP_000444
Chukwu Ani,Civil Service Commission,107181,9681630696,Zenith,BIO_00411,90.27,2019-03-11,EMP_000445
Tunde Williams,Civil Service Commission,341893,4147151216,First Bank,BIO_09092,85.37,2022-09-24,EMP_000446
Chinedu Okonkwo,Nigeria Customs Service,313687,2869011153,UBA,,99.9,2025-12-21,EMP_000447
Tayo Oyedepo,Federal Roads Maintenance Agency,107852,4903679949,GTBank,BIO_04740,86.88,2023-09-02,EMP_000448
Tunde Adebayo,Ministry of Health,933447,3442705497,First Bank,BIO_50599,87.58,2026-02-11,EMP_000449
Chioma Onyeka,Ministry of Education,429993,3610474747,UBA,BIO_04645,88.48,2024-08-02,EMP_000450
Kemi Williams,Ministry of Agriculture,336766,2465862577,Access,BIO_03359,86.92,2019-06-15,EMP_000451
Kemi Adeyemi,Nigeria Customs Service,484463,9363579863,Zenith,BIO_04208,85.23,2024-10-21,EMP_000452
Chinedu Eze,Ministry of Water Resources,159643,8569887119,Access,BIO_06472,96.93,2023-09-28,EMP_000453
Chiamaka Okafor,Ministry of Works,87083,5101583629,First Bank,BIO_01572,93.01,2023-03-16,EMP_000454
Chioma Nwosu,Civil Service Commission,154490,8528958488,First Bank,BIO_04903,88.57,2017-06-01,EMP_000455
Fatima Ibrahim,Ministry of Power,404725,3822398514,UBA,BIO_04595,85.16,2022-10-10,EMP_000456
Yemi Adeleke,Ministry of Education,195630,5283560276,First Bank,BIO_05453,90.75,2021-12-08,EMP_000457
Okechukwu Ani,Federal Roads Maintenance Agency,111386,6190925851,GTBank,BIO_08147,93.88,2022-04-28,EMP_000458
Zainab Mohammed,Ministry of Education,115923,9813181797,Access,BIO_06855,96.84,2022-12-09,EMP_000459
Kemi Adebayo,Ministry of Finance,349642,8646593847,Access,BIO_07254,88.09,2023-12-20,EMP_000460
Femi Williams,Ministry of Health,195996,5797897147,Zenith,BIO_76581,98.77,2024-11-18,EMP_000461
Femi Adeyemi,Ministry of Works,290366,7783712801,UBA,BIO_07225,93.15,2020-02-14,EMP_000462
Okechukwu Eze,Ministry of Works,265917,6513373941,Zenith,BIO_84784,98.57,2018-12-23,EMP_000463
Usman Musa,Federal Roads Maintenance Agency,408777,9656698968,Access,BIO_05936,93.49,2021-01-12,EMP_000464
Dele Adebayo,Ministry of Finance,242288,6706440770,Access,BIO_03887,89.05,2018-02-02,EMP_000465
Okechukwu Okonkwo,Federal Roads Maintenance Agency,174672,8574332225,First Bank,BIO_07027,88.9,2025-02-08,EMP_000466
Aisha Suleiman,Ministry of Health,298235,7319201208,Access,BIO_00225,87.51,2022-05-27,EMP_000467
Chukwu Ani,Ministry of Power,354934,2689386322,UBA,BIO_08093,87.7,2022-06-21,EMP_000468
Dele Adebayo,Ministry of Agriculture,148168,7530400453,GTBank,BIO_03753,90.7,2017-01-03,EMP_000469
Femi Adebayo,Ministry of Health,238717,5625903037,GTBank,BIO_03213,88.36,2018-08-23,EMP_000470
Amina Musa,Ministry of Education,195966,9971010447,GTBank,BIO_06241,89.08,2016-08-08,EMP_000471
Chukwu Eze,Ministry of Water Resources,238970,7875660279,Access,BIO_01498,89.33,2023-12-03,EMP_000472
Yemi Adeleke,Ministry of Agriculture,200086,3376375925,UBA,BIO_03055,88.55,2023-02-24,EMP_000473
Tayo Adeleke,Federal Roads Maintenance Agency,267162,1794204488,UBA,BIO_00947,95.0,2020-02-15,EMP_000474
Hassan Musa,Ministry of Agriculture,294023,3117775039,GTBank,BIO_05305,85.51,2020-10-10,EMP_000475
Okechukwu Obiora,Ministry of Finance,125993,1225226683,GTBank,BIO_07375,91.93,2017-10-17,EMP_000476
Hassan Umar,Ministry of Power,492865,2213415939,First Bank,BIO_00066,92.43,2017-09-28,EMP_000477
Adaeze Nwosu,Nigeria Customs Service,499658,9336440829,UBA,BIO_02823,90.63,2020-02-12,EMP_000478
Tunde Oyedepo,Ministry of Agriculture,179432,8582684491,GTBank,BIO_06329,96.64,2022-10-02,EMP_000479
Yemi Adeyemi,Federal Roads Maintenance Agency,140284,1819496349,Zenith,BIO_04384,86.62,2016-05-29,EMP_000480
Chukwu Nwankwo,Ministry of Agriculture,329297,7139311533,UBA,BIO_02825,91.55,2016-10-01,EMP_000481
Tayo Adebayo,Civil Service Commission,340722,6627867562,GTBank,BIO_04217,88.23,2024-12-13,EMP_000482
Bola Ogunlesi,Ministry of Health,241980,7267636570,UBA,BIO_07573,89.01,2024-12-17,EMP_000483
Tunde Adeleke,Ministry of Works,409421,2555411822,First Bank,BIO_08577,90.66,2021-03-04,EMP_000484
Fatima Ahmad,Civil Service Commission,372570,5375714868,Access,BIO_06184,85.19,2024-01-18,EMP_000485
Ade Ogunlesi,Ministry of Power,227230,3409661618,Access,BIO_07126,85.24,2022-12-08,EMP_000486
Uchenna Okonkwo,Ministry of Finance,395945,6629073950,Access,BIO_04887,86.52,2020-05-26,EMP_000487
Kemi Adebayo,Nigeria Customs Service,118996,8921853467,GTBank,BIO_01390,85.4,2019-07-10,EMP_000488
Ibrahim Ahmad,Ministry of Agriculture,377450,7533963367,Access,BIO_00434,85.27,2022-04-01,EMP_000489
Ibrahim Ibrahim,Ministry of Agriculture,451129,6632939186,Access,BIO_01153,88.03,2024-04-09,EMP_000490
Ibrahim Yusuf,Federal Roads Maintenance Agency,395357,7576825146,First Bank,BIO_07215,87.54,2019-11-03,EMP_000491
Aisha Yusuf,Ministry of Finance,266612,6351139362,GTBank,BIO_00545,85.85,2017-08-18,EMP_000492
Yemi Adeleke,Ministry of Agriculture,158291,5565991802,UBA,BIO_02800,88.57,2016-06-27,EMP_000493
Hassan Suleiman,Ministry of Works,206007,7624544085,First Bank,BIO_03199,88.84,2018-02-04,EMP_000494
Tayo Adebayo,Ministry of Health,283549,8678846243,First Bank,BIO_03106,89.52,2017-11-08,EMP_000495
Bola Adebayo,Ministry of Education,127264,9654103827,Access,BIO_02813,89.51,2017-07-13,EMP_000496
Bola Adeyemi,Civil Service Commission,124682,7281474770,GTBank,BIO_07063,94.87,2019-09-19,EMP_000497
Adaeze Nwankwo,Ministry of Agriculture,1472878,5848189158,Zenith,BIO_93304,87.03,2026-02-10,EMP_000498
Uchenna Ani,Ministry of Health,145283,8088891770,First Bank,BIO_06458,92.81,2017-02-14,EMP_000499
Adaeze Okafor,Ministry of Agriculture,420165,6486837019,GTBank,BIO_01021,90.0,2023-03-08,EMP_000500
Chinedu Okonkwo,Civil Service Commission,457040,7530587988,Access,BIO_05504,92.39,2024-05-15,EMP_000501
Ade Oyedepo,Ministry of Water Resources,201745,4720047104,First Bank,BIO_04828,91.78,2017-10-04,EMP_000502
Fatima Ahmad,Ministry of Health,205526,8753488660,UBA,BIO_03390,88.06,2022-07-13,EMP_000503
Adaeze Onyeka,Ministry of Education,114571,1776673619,Zenith,BIO_06873,88.14,2019-07-11,EMP_000504
Chioma Eze,Ministry of Water Resources,138940,7991565408,First Bank,BIO_01992,90.27,2023-08-10,EMP_000505
Abubakar Musa,Federal Roads Maintenance Agency,306044,6602630187,Access,BIO_04238,94.39,2024-12-03,EMP_000506
Okechukwu Nwosu,Ministry of Education,325988,9660854373,UBA,BIO_07995,92.38,2021-12-07,EMP_000507
Ade Adeleke,Ministry of Works,340567,6614526338,GTBank,BIO_06291,91.66,2020-03-23,EMP_000508
Kemi Adeyemi,Civil Service Commission,139583,3973820700,GTBank,BIO_02447,96.7,2021-09-23,EMP_000509
Bola Adebayo,Civil Service Commission,235014,5100284218,Access,BIO_01915,91.59,2023-09-12,EMP_000510
Abubakar Mohammed,Ministry of Finance,220655,7483429977,Access,BIO_05421,86.08,2019-04-26,EMP_000511
Tayo Adeyemi,Ministry of Health,351244,7118575940,Access,BIO_02017,87.98,2018-09-01,EMP_000512
Adaeze Okafor,Ministry of Education,353193,3007506820,Zenith,BIO_03195,90.77,2017-01-13,EMP_000513
Ibrahim Suleiman,Ministry of Education,272809,1164831533,Zenith,BIO_28923,98.2,2021-05-20,EMP_000514
Ibrahim Mohammed,Ministry of Water Resources,127384,8270220693,First Bank,BIO_05458,86.62,2021-12-17,EMP_000515
Uchenna Okafor,Ministry of Works,98715,6632325177,First Bank,BIO_04564,87.39,2024-02-22,EMP_000516
Zainab Ibrahim,Ministry of Finance,442886,9901577996,Access,BIO_00728,93.23,2025-02-09,EMP_000517
Dele Adebayo,Civil Service Commission,190493,7837106880,GTBank,BIO_00494,95.56,2022-05-20,EMP_000518
Chiamaka Nwankwo,Ministry of Finance,163394,7437068004,GTBank,BIO_11103,99.28,2022-06-08,EMP_000519
Chukwu Okonkwo,Ministry of Education,265579,6494460666,First Bank,BIO_03578,92.53,2021-07-19,EMP_000520
Dele Adeleke,Nigeria Customs Service,125253,7125380374,GTBank,BIO_08733,94.78,2022-12-08,EMP_000521
Usman Ahmad,Ministry of Health,498643,4853096094,GTBank,BIO_02783,95.44,2018-03-16,EMP_000522
Chinedu Nwosu,Civil Service Commission,264540,4178675984,Zenith,BIO_43274,99.59,2021-01-28,EMP_000523
Bola Ogunlesi,Ministry of Health,353514,7172753781,UBA,BIO_00011,87.57,2023-11-20,EMP_000524
Dele Adeleke,Civil Service Commission,131453,8776113472,UBA,BIO_07855,91.26,2023-08-20,EMP_000525
Zainab Ahmad,Ministry of Works,309778,3911153471,First Bank,BIO_07595,87.96,2019-06-25,EMP_000526
Abubakar Suleiman,Ministry of Works,191634,2613559979,First Bank,BIO_03523,93.77,2022-03-20,EMP_000527
Chiamaka Nwankwo,Ministry of Health,388114,3518805358,First Bank,BIO_00009,97.11,2020-04-28,EMP_000528
Ibrahim Yusuf,Ministry of Agriculture,409450,5552940005,GTBank,BIO_08058,86.15,2023-04-18,EMP_000529
Chiamaka Onyeka,Ministry of Health,128754,8452889796,Zenith,BIO_03116,92.48,2017-05-22,EMP_000530
Tunde Adeleke,Ministry of Power,279916,7730827692,Access,BIO_03367,92.36,2025-02-19,EMP_000531
Aisha Mohammed,Civil Service Commission,211162,8442803101,UBA,BIO_04057,93.75,2021-04-03,EMP_000532
Ade Ogunlesi,Ministry of Education,401259,3707202373,Zenith,BIO_03943,96.93,2016-10-27,EMP_000533
Chukwu Obiora,Nigeria Customs Service,377019,3828414460,GTBank,BIO_08609,89.29,2020-09-01,EMP_000534
Bola Williams,Federal Roads Maintenance Agency,112610,6028466854,UBA,BIO_06149,93.03,2025-02-03,EMP_000535
Femi Adebayo,Ministry of Water Resources,345749,6397693279,Access,BIO_00417,89.67,2017-06-28,EMP_000536
Tayo Adeleke,Nigeria Customs Service,168143,6779640990,Zenith,BIO_00919,88.31,2018-10-15,EMP_000537
Dele Adebayo,Ministry of Agriculture,450766,4199134218,GTBank,BIO_09081,96.95,2018-10-14,EMP_000538
Yemi Adeleke,Ministry of Power,479735,2140449721,Zenith,BIO_03166,88.03,2018-12-04,EMP_000539
Amina Umar,Ministry of Power,371422,7861551198,First Bank,BIO_01928,93.44,2021-02-01,EMP_000540
Uchenna Onyeka,Ministry of Works,245117,3278009181,UBA,BIO_02287,97.13,2016-10-07,EMP_000541
Hassan Yusuf,Ministry of Power,166215,1167657030,Zenith,BIO_01917,88.05,2022-05-15,EMP_000542
Chukwu Ani,Civil Service Commission,263019,9248629332,GTBank,BIO_04300,87.97,2017-12-19,EMP_000543
Bola Oyedepo,Ministry of Finance,413621,1349131629,Zenith,BIO_01056,95.44,2022-02-19,EMP_000544
Kemi Williams,Ministry of Finance,423469,9638375994,GTBank,BIO_02958,87.29,2020-09-02,EMP_000545
Tayo Ogunlesi,Ministry of Health,136914,1567998734,UBA,BIO_03828,94.76,2022-02-25,EMP_000546
Amina Musa,Ministry of Agriculture,479177,7155409218,First Bank,BIO_00362,93.02,2024-01-04,EMP_000547
Chinedu Onyeka,Ministry of Works,475776,4636370959,GTBank,BIO_00002,90.11,2022-02-11,EMP_000548
Ibrahim Musa,Ministry of Education,148156,4613535915,First Bank,BIO_04862,91.23,2020-05-10,EMP_000549
Adaeze Obiora,Ministry of Agriculture,369342,9642052640,First Bank,BIO_03292,94.77,2021-10-16,EMP_000550
Usman Umar,Ministry of Health,422862,4471316756,First Bank,BIO_01134,87.99,2022-03-16,EMP_000551
Abubakar Mohammed,Ministry of Agriculture,320553,7929967290,Access,BIO_03477,95.71,2019-07-27,EMP_000552
Adaeze Ani,Nigeria Customs Service,334102,9094762100,UBA,BIO_02939,91.31,2017-02-11,EMP_000553
Amina Mohammed,Ministry of Water Resources,215733,6173110804,GTBank,BIO_03562,88.28,2018-03-31,EMP_000554
Uchenna Ani,Nigeria Customs Service,281584,7398714490,Access,BIO_04728,91.62,2017-09-20,EMP_000555
Tayo Adeleke,Ministry of Education,296390,1102483020,Access,BIO_04805,96.04,2021-12-12,EMP_000556
Adaeze Okafor,Civil Service Commission,132981,2970170110,First Bank,BIO_05078,97.66,2020-07-17,EMP_000557
Okechukwu Ani,Ministry of Water Resources,122114,2249887111,Access,BIO_06058,90.33,2024-09-19,EMP_000558
Zainab Umar,Nigeria Customs Service,298045,3771918388,Access,BIO_02572,96.15,2020-09-04,EMP_000559
Zainab Ibrahim,Ministry of Power,301823,9007319522,First Bank,BIO_01945,95.27,2018-03-20,EMP_000560
Fatima Suleiman,Ministry of Works,270665,2808005048,Zenith,BIO_07207,95.2,2017-09-08,EMP_000561
Aisha Yusuf,Ministry of Power,333808,9710700589,First Bank,BIO_00382,87.28,2018-09-06,EMP_000562
Uchenna Onyeka,Civil Service Commission,376614,8428803202,Access,BIO_05589,90.74,2019-08-20,EMP_000563
Ibrahim Yusuf,Ministry of Power,292193,7564874946,First Bank,BIO_06802,95.01,2022-12-15,EMP_000564
Chiamaka Ani,Civil Service Commission,290338,9748780716,UBA,BIO_03136,94.99,2018-10-20,EMP_000565
Usman Ibrahim,Federal Roads Maintenance Agency,359981,8882257094,Zenith,BIO_01473,93.99,2020-01-10,EMP_000566
Amina Ibrahim,Ministry of Education,130276,7052000031,Access,BIO_06139,97.9,2020-09-16,EMP_000567
Okechukwu Eze,Ministry of Power,429179,6392440957,First Bank,BIO_09086,91.4,2018-12-03,EMP_000568
Usman Mohammed,Ministry of Education,330436,8825086570,Zenith,BIO_01089,88.22,2023-06-01,EMP_000569
Dele Adebayo,Ministry of Water Resources,358322,1030272069,UBA,BIO_02993,94.35,2020-03-24,EMP_000570
Zainab Musa,Ministry of Health,188792,2440095374,Access,BIO_05278,91.35,2020-03-11,EMP_000571
Ade Adebayo,Civil Service Commission,104182,8759326432,GTBank,,99.9,2025-05-30,EMP_000572
Ibrahim Ibrahim,Federal Roads Maintenance Agency,135704,3147105374,UBA,BIO_06545,95.46,2018-09-18,EMP_000573
Kemi Adeleke,Ministry of Power,352353,7269236357,UBA,BIO_03110,85.89,2017-11-01,EMP_000574
Tunde Adebayo,Ministry of Education,89421,7747241902,Zenith,BIO_05796,87.94,2024-03-26,EMP_000575
Dele Adebayo,Ministry of Education,464952,7625148764,UBA,BIO_06929,87.32,2022-10-19,EMP_000576
Amina Suleiman,Civil Service Commission,350615,4940522839,First Bank,BIO_04591,97.68,2025-02-11,EMP_000577
Usman Musa,Ministry of Health,242847,3274044709,First Bank,,99.9,2024-06-16,EMP_000578
Dele Williams,Ministry of Finance,345611,6118586389,GTBank,BIO_06948,90.1,2018-05-22,EMP_000579
Fatima Ahmad,Ministry of Works,496285,1612889625,Access,BIO_00843,91.12,2024-09-02,EMP_000580
Usman Yusuf,Ministry of Finance,281332,9774728911,UBA,BIO_06889,93.32,2024-02-18,EMP_000581
Zainab Yusuf,Ministry of Works,101558,5708149439,UBA,BIO_04770,95.59,2022-07-01,EMP_000582
Femi Adeyemi,Federal Roads Maintenance Agency,477894,9319482539,UBA,BIO_00920,91.9,2018-10-08,EMP_000583
Yemi Oyedepo,Civil Service Commission,377284,1545323954,First Bank,BIO_02999,87.41,2021-09-05,EMP_000584
Amina Umar,Ministry of Water Resources,444386,9956033260,GTBank,BIO_08620,94.33,2017-10-21,EMP_000585
Dele Adebayo,Ministry of Finance,260922,4814821002,UBA,BIO_03435,86.66,2019-12-27,EMP_000586
Ade Adeleke,Ministry of Education,442653,9237961803,Access,BIO_05706,96.13,2019-12-23,EMP_000587
Chioma Eze,Federal Roads Maintenance Agency,456237,5947182988,First Bank,BIO_05679,90.12,2023-01-04,EMP_000588
Chukwu Okafor,Ministry of Works,424083,1458843188,First Bank,BIO_00472,93.3,2016-10-04,EMP_000589
Zainab Ibrahim,Federal Roads Maintenance Agency,404336,1094590163,Zenith,BIO_02667,95.47,2018-01-16,EMP_000590
Femi Ogunlesi,Civil Service Commission,376881,9981558152,Access,BIO_05829,92.39,2018-05-08,EMP_000591
Ade Oyedepo,Ministry of Finance,165518,1274663741,Access,BIO_07460,97.09,2025-02-01,EMP_000592
Uchenna Onyeka,Ministry of Power,86161,3747197022,GTBank,BIO_06391,88.48,2021-09-30,EMP_000593
Hassan Musa,Ministry of Education,161296,3351218981,UBA,BIO_05553,90.48,2023-01-02,EMP_000594
Ibrahim Musa,Ministry of Power,112515,3351977727,UBA,BIO_00619,94.16,2023-08-27,EMP_000595
Dele Ogunlesi,Federal Roads Maintenance Agency,308957,4131161304,UBA,BIO_00203,85.86,2016-12-05,EMP_000596
Uchenna Okonkwo,Federal Roads Maintenance Agency,371641,2596756619,Zenith,BIO_05722,95.5,2020-10-28,EMP_000597
Abubakar Ahmad,Federal Roads Maintenance Agency,280909,4970651663,UBA,BIO_00577,87.55,2024-07-14,EMP_000598
Ibrahim Ahmad,Nigeria Customs Service,459264,6894519166,GTBank,BIO_06308,87.52,2025-02-01,EMP_000599
Okechukwu Okafor,Ministry of Water Resources,448279,8792387911,First Bank,BIO_05060,86.85,2024-07-25,EMP_000600
Chinedu Eze,Ministry of Works,212969,5591274575,Zenith,BIO_09002,92.59,2016-08-07,EMP_000601
Amina Mohammed,Federal Roads Maintenance Agency,138566,3566524598,Access,BIO_02763,93.07,2023-10-28,EMP_000602
Bola Adeyemi,Ministry of Education,341431,4028473176,UBA,BIO_01433,95.15,2022-06-19,EMP_000603
Dele Adebayo,Ministry of Education,192141,8819408490,Zenith,BIO_01141,91.49,2023-08-12,EMP_000604
Uchenna Ani,Ministry of Agriculture,364338,7948202156,UBA,BIO_05601,90.38,2016-08-06,EMP_000605
Abubakar Suleiman,Ministry of Finance,351172,9218048039,Access,BIO_00760,88.49,2020-08-29,EMP_000606
Dele Oyedepo,Federal Roads Maintenance Agency,390730,8036113929,Zenith,BIO_00944,85.43,2024-01-19,EMP_000607
Bola Oyedepo,Ministry of Health,488457,8636285118,UBA,BIO_01897,91.84,2018-08-30,EMP_000608
Femi Ogunlesi,Civil Service Commission,377349,3653738477,GTBank,BIO_08931,91.39,2020-01-29,EMP_000609
Tunde Adebayo,Ministry of Health,179144,8566593081,UBA,BIO_00975,89.3,2018-08-02,EMP_000610
Fatima Suleiman,Nigeria Customs Service,246970,4573623667,UBA,BIO_06309,88.32,2019-07-31,EMP_000611
Amina Umar,Ministry of Agriculture,355468,7561341378,Access,BIO_00933,90.77,2020-12-01,EMP_000612
Chukwu Okafor,Nigeria Customs Service,227514,2276370313,First Bank,BIO_02585,85.08,2018-09-03,EMP_000613
Abubakar Musa,Ministry of Water Resources,278964,4453694223,UBA,BIO_03859,92.95,2023-01-07,EMP_000614
Nnamdi Obiora,Ministry of Works,351310,6513373941,Zenith,BIO_22197,98.9,2025-02-14,EMP_000615
Bola Adebayo,Ministry of Education,1099829,3985976471,GTBank,BIO_12284,91.86,2025-12-03,EMP_000616
Chukwu Okafor,Nigeria Customs Service,89039,3822084662,UBA,BIO_08742,92.35,2023-03-02,EMP_000617
Hassan Umar,Civil Service Commission,112880,2258137677,Access,BIO_08029,93.62,2017-01-03,EMP_000618
Chinedu Ani,Ministry of Power,495917,6725150498,First Bank,BIO_05452,93.53,2019-05-14,EMP_000619
Nnamdi Ani,Ministry of Power,83463,1829110207,GTBank,BIO_05027,86.03,2019-04-13,EMP_000620
Abubakar Musa,Civil Service Commission,364011,6479232758,Zenith,BIO_07039,87.6,2022-04-06,EMP_000621
Ade Williams,Ministry of Finance,258880,2944507766,Zenith,BIO_03371,91.53,2017-12-07,EMP_000622
Okechukwu Nwosu,Ministry of Health,402613,9898286181,UBA,BIO_00003,90.22,2016-12-03,EMP_000623
Adaeze Nwankwo,Ministry of Agriculture,1296689,7138421684,First Bank,BIO_44614,86.71,2025-10-10,EMP_000624
Bola Ogunlesi,Ministry of Education,1201771,9419175398,UBA,BIO_28174,91.45,2026-04-24,EMP_000625
Chukwu Ani,Ministry of Health,217850,2302518580,GTBank,BIO_04304,91.62,2023-07-08,EMP_000626
Chiamaka Eze,Ministry of Education,419249,4263810548,Access,BIO_06208,88.88,2021-11-24,EMP_000627
Yemi Oyedepo,Federal Roads Maintenance Agency,473181,2961436844,Zenith,BIO_15830,96.27,2020-01-29,EMP_000628
Dele Adeleke,Ministry of Agriculture,284523,1737402975,UBA,BIO_00958,85.99,2024-05-26,EMP_000629
Zainab Yusuf,Ministry of Power,222429,2336882624,GTBank,BIO_01231,88.27,2019-02-06,EMP_000630
Adaeze Okonkwo,Ministry of Power,325545,4997019626,First Bank,BIO_04986,89.5,2025-01-09,EMP_000631
Usman Ibrahim,Federal Roads Maintenance Agency,476101,4285221427,Access,BIO_08810,87.84,2017-07-15,EMP_000632
Yemi Adeleke,Federal Roads Maintenance Agency,355849,2641884093,GTBank,BIO_02971,96.91,2016-11-21,EMP_000633
Chioma Obiora,Ministry of Health,283464,7744289505,First Bank,BIO_01941,90.17,2018-04-29,EMP_000634
Yemi Adebayo,Ministry of Health,265182,6163538013,Access,BIO_08602,91.96,2024-08-16,EMP_000635
Amina Yusuf,Ministry of Finance,95454,5389530565,Access,BIO_01870,96.08,2016-12-12,EMP_000636
Usman Musa,Ministry of Education,253871,3967178144,GTBank,BIO_03266,92.65,2025-04-10,EMP_000637
Ade Williams,Ministry of Water Resources,493406,5125210914,Zenith,BIO_00711,86.1,2024-05-20,EMP_000638
Yemi Adeyemi,Ministry of Agriculture,206869,7238152256,Access,BIO_00405,85.83,2019-11-04,EMP_000639
Dele Ogunlesi,Civil Service Commission,475096,9449460451,GTBank,BIO_07244,89.25,2017-04-26,EMP_000640
Abubakar Musa,Civil Service Commission,300746,6482771168,First Bank,BIO_04375,94.05,2019-10-02,EMP_000641
Kemi Adebayo,Civil Service Commission,158748,3674296572,GTBank,BIO_07584,95.9,2021-04-29,EMP_000642
Abubakar Yusuf,Nigeria Customs Service,455247,1313430406,Zenith,BIO_02543,90.22,2023-07-06,EMP_000643
Chioma Okafor,Civil Service Commission,242510,9873117293,First Bank,BIO_02924,93.3,2021-08-27,EMP_000644
Hassan Musa,Ministry of Education,347700,9870884912,UBA,BIO_02569,90.77,2018-04-10,EMP_000645
Bola Adeleke,Ministry of Education,352668,6074862875,UBA,BIO_09100,95.7,2024-04-16,EMP_000646
Nnamdi Ani,Ministry of Power,251006,8806587371,UBA,BIO_02651,93.26,2017-12-14,EMP_000647
Tunde Adeyemi,Ministry of Works,283064,1762592675,GTBank,BIO_04548,86.62,2022-07-22,EMP_000648
Ibrahim Yusuf,Ministry of Water Resources,374161,7906780217,First Bank,BIO_00838,96.04,2020-01-07,EMP_000649
Hassan Ibrahim,Ministry of Education,110212,8340811249,First Bank,BIO_03208,97.06,2017-11-07,EMP_000650
Dele Adeleke,Nigeria Customs Service,86311,1978840069,Zenith,BIO_03172,90.12,2018-02-15,EMP_000651
Zainab Suleiman,Ministry of Finance,369965,2931102820,UBA,BIO_01405,94.63,2019-11-06,EMP_000652
Yemi Adeleke,Civil Service Commission,352439,1151815441,Access,BIO_09032,89.25,2018-07-02,EMP_000653
Chioma Ani,Ministry of Power,425753,6898936704,UBA,BIO_02974,97.12,2017-03-16,EMP_000654
Aisha Mohammed,Ministry of Water Resources,238000,3681989745,GTBank,BIO_07152,93.1,2018-03-16,EMP_000655
Kemi Adeleke,Federal Roads Maintenance Agency,284549,1189082920,Access,BIO_06211,89.99,2016-06-11,EMP_000656
Chioma Okonkwo,Nigeria Customs Service,318271,3535930980,Zenith,BIO_02735,87.07,2021-11-08,EMP_000657
Chiamaka Okafor,Ministry of Agriculture,415475,1208593545,Access,BIO_08490,94.6,2021-09-23,EMP_000658
Adaeze Ani,Ministry of Works,212025,9622989405,GTBank,BIO_09048,92.37,2017-01-08,EMP_000659
Aisha Ibrahim,Ministry of Health,373020,3620289444,GTBank,BIO_02261,87.27,2020-08-25,EMP_000660
Ibrahim Ahmad,Federal Roads Maintenance Agency,294825,8932752129,UBA,BIO_02334,94.34,2024-09-07,EMP_000661
Abubakar Mohammed,Ministry of Health,135007,4807112458,GTBank,BIO_08133,91.88,2025-03-29,EMP_000662
Adaeze Ani,Ministry of Finance,90765,3903469891,UBA,BIO_04183,91.23,2023-06-26,EMP_000663
Amina Ibrahim,Ministry of Education,378242,4868916489,GTBank,BIO_01768,85.0,2016-12-22,EMP_000664
Ibrahim Ahmad,Nigeria Customs Service,427816,8873360440,Zenith,BIO_06467,90.72,2022-02-05,EMP_000665
Adaeze Nwankwo,Ministry of Agriculture,477567,6474833977,Access,BIO_05319,93.38,2017-09-21,EMP_000666
Abubakar Mohammed,Ministry of Health,499509,6676178303,First Bank,BIO_05608,85.7,2018-03-12,EMP_000667
Dele Oyedepo,Nigeria Customs Service,374795,8185979687,UBA,BIO_07339,97.42,2020-04-05,EMP_000668
Zainab Musa,Nigeria Customs Service,357417,2769450221,Zenith,BIO_06807,96.69,2019-02-03,EMP_000669
Yemi Adeleke,Ministry of Power,447660,6524958853,Access,BIO_04587,94.66,2021-01-22,EMP_000670
Fatima Mohammed,Ministry of Agriculture,452687,8243272876,Access,BIO_00847,97.33,2016-07-13,EMP_000671
Zainab Yusuf,Ministry of Water Resources,270851,5111074199,UBA,BIO_00043,87.34,2022-05-21,EMP_000672
Chinedu Ani,Ministry of Finance,91028,9774995817,Zenith,BIO_02517,93.15,2016-12-31,EMP_000673
Ibrahim Ibrahim,Nigeria Customs Service,467199,6189017502,Zenith,BIO_00805,88.27,2019-11-20,EMP_000674
Bola Ogunlesi,Federal Roads Maintenance Agency,313053,7687385569,UBA,BIO_06850,96.32,2024-11-18,EMP_000675
Amina Yusuf,Ministry of Agriculture,183104,6434065244,Zenith,BIO_05804,88.91,2018-03-04,EMP_000676
Tunde Adeleke,Ministry of Health,240954,1348795209,GTBank,BIO_03042,88.83,2016-06-26,EMP_000677
Chinedu Nwankwo,Ministry of Health,458311,9048352479,Access,BIO_05768,87.15,2024-09-12,EMP_000678
Abubakar Umar,Ministry of Finance,376884,8423752591,Zenith,BIO_07016,86.22,2019-11-27,EMP_000679
Nnamdi Nwankwo,Ministry of Health,357210,5356950206,First Bank,BIO_03592,87.81,2020-08-24,EMP_000680
Chioma Eze,Ministry of Finance,385805,8237861514,Zenith,BIO_08881,96.3,2020-05-10,EMP_000681
Usman Musa,Ministry of Power,396341,9371593004,Access,BIO_05699,90.33,2017-01-03,EMP_000682
Uchenna Onyeka,Ministry of Works,204353,9091602073,First Bank,BIO_07710,97.65,2019-08-11,EMP_000683
Abubakar Suleiman,Ministry of Health,420421,2049224199,UBA,BIO_02049,96.0,2016-08-01,EMP_000684
Tayo Ogunlesi,Ministry of Health,334100,1433759434,GTBank,BIO_05343,95.25,2024-11-01,EMP_000685
Usman Ahmad,Ministry of Works,327638,5378269300,GTBank,BIO_01270,89.78,2024-12-07,EMP_000686
Tunde Adeleke,Civil Service Commission,377308,6165393937,Access,BIO_07834,94.85,2023-06-28,EMP_000687
Abubakar Umar,Ministry of Power,156414,5113142823,GTBank,BIO_07506,90.82,2019-12-28,EMP_000688
Tunde Adeleke,Ministry of Health,1022089,1466609585,GTBank,BIO_58883,96.94,2026-01-24,EMP_000689
Chioma Okafor,Federal Roads Maintenance Agency,329703,1980191790,UBA,BIO_01783,93.83,2022-06-27,EMP_000690
Yemi Adeleke,Ministry of Works,365119,2219758072,UBA,BIO_04080,92.14,2022-09-22,EMP_000691
Adaeze Eze,Ministry of Works,110626,4019358297,First Bank,BIO_02723,89.38,2019-06-13,EMP_000692
Amina Suleiman,Ministry of Works,423891,3530862897,First Bank,BIO_02965,97.46,2022-11-17,EMP_000693
Uchenna Obiora,Ministry of Finance,408712,3887143415,GTBank,BIO_05871,93.42,2019-06-13,EMP_000694
Chinedu Nwankwo,Civil Service Commission,423844,8510096478,Access,BIO_08613,87.28,2018-10-24,EMP_000695
Ade Adeyemi,Ministry of Water Resources,977251,8703543668,Access,BIO_25926,97.78,2026-01-19,EMP_000696
Tunde Williams,Ministry of Works,209834,8763999630,First Bank,BIO_02533,86.75,2024-07-20,EMP_000697
Chioma Obiora,Ministry of Works,84707,3673046703,UBA,BIO_07380,88.65,2020-01-25,EMP_000698
Chukwu Eze,Federal Roads Maintenance Agency,256607,7798585162,Zenith,BIO_77773,97.79,2018-03-10,EMP_000699
Okechukwu Okonkwo,Civil Service Commission,405499,5707386205,First Bank,BIO_02191,92.31,2020-03-13,EMP_000700
Yemi Adeleke,Federal Roads Maintenance Agency,247749,6965186457,Access,BIO_01474,90.32,2021-06-16,EMP_000701
Chiamaka Eze,Civil Service Commission,261817,6035192899,First Bank,BIO_04351,94.33,2021-01-25,EMP_000702
Fatima Yusuf,Civil Service Commission,433878,6220911567,GTBank,BIO_07971,88.81,2021-02-20,EMP_000703
Yemi Oyedepo,Civil Service Commission,140918,9428198452,Access,BIO_20250,99.16,2021-09-07,EMP_000704
Okechukwu Obiora,Ministry of Works,298753,1798690396,UBA,BIO_05398,87.2,2018-06-18,EMP_000705
Amina Musa,Nigeria Customs Service,285916,2316809770,GTBank,BIO_03272,91.31,2023-11-30,EMP_000706
Amina Umar,Ministry of Works,429295,4821113091,Zenith,BIO_01304,97.07,2023-01-20,EMP_000707
Okechukwu Nwosu,Ministry of Power,400193,3169032026,Zenith,BIO_07144,94.33,2023-10-04,EMP_000708
Kemi Williams,Ministry of Power,225720,9898870266,UBA,BIO_08048,94.41,2024-11-17,EMP_000709
Ibrahim Ibrahim,Federal Roads Maintenance Agency,108306,3262623311,UBA,BIO_08163,87.88,2020-10-03,EMP_000710
Aisha Mohammed,Ministry of Power,405556,8841290858,First Bank,BIO_06864,88.1,2021-08-08,EMP_000711
Amina Ahmad,Ministry of Health,980762,4333433271,UBA,BIO_50832,85.34,2026-01-25,EMP_000712
Tayo Adebayo,Federal Roads Maintenance Agency,153449,5474233961,GTBank,BIO_08589,94.85,2020-04-17,EMP_000713
Usman Ibrahim,Ministry of Finance,343012,5986711429,Access,BIO_37335,98.39,2017-04-03,EMP_000714
Nnamdi Obiora,Nigeria Customs Service,335170,2472739084,GTBank,BIO_06449,88.75,2025-05-04,EMP_000715
Tunde Adebayo,Ministry of Water Resources,188999,4407857168,UBA,BIO_05239,92.04,2020-07-29,EMP_000716
Okechukwu Okonkwo,Ministry of Works,295398,5111974147,UBA,BIO_06073,88.33,2016-05-18,EMP_000717
Kemi Adeleke,Nigeria Customs Service,240517,4834505240,GTBank,BIO_02874,97.28,2024-03-19,EMP_000718
Tunde Ogunlesi,Ministry of Power,119602,2678590870,UBA,BIO_08867,97.78,2019-08-28,EMP_000719
Fatima Umar,Ministry of Water Resources,365609,6065364516,First Bank,BIO_05922,87.81,2025-01-05,EMP_000720
Zainab Ahmad,Ministry of Power,89283,5768442466,GTBank,BIO_02730,95.08,2023-12-14,EMP_000721
Tayo Williams,Ministry of Water Resources,88652,1330692846,UBA,BIO_08355,92.54,2016-12-21,EMP_000722
Adaeze Eze,Civil Service Commission,299647,7683468310,GTBank,BIO_06521,87.58,2017-11-28,EMP_000723
Ibrahim Yusuf,Ministry of Agriculture,280458,8625466615,Zenith,BIO_03885,86.04,2024-02-28,EMP_000724
Zainab Suleiman,Ministry of Water Resources,470686,5691935378,Access,BIO_02490,87.77,2018-05-04,EMP_000725
Amina Mohammed,Ministry of Health,180997,9183534511,Access,BIO_07055,92.65,2017-03-29,EMP_000726
Fatima Umar,Federal Roads Maintenance Agency,284396,8515916824,Zenith,BIO_01982,93.81,2022-11-06,EMP_000727
Chiamaka Nwosu,Nigeria Customs Service,121657,8151481261,GTBank,BIO_04665,87.86,2018-08-03,EMP_000728
Zainab Umar,Ministry of Agriculture,333332,5084031857,First Bank,BIO_06491,91.44,2016-12-25,EMP_000729
Ade Adeyemi,Federal Roads Maintenance Agency,259612,6570009877,Access,BIO_06207,88.13,2022-02-03,EMP_000730
Chioma Nwosu,Ministry of Education,263267,9208568529,UBA,BIO_03338,95.91,2025-02-10,EMP_000731
Zainab Umar,Civil Service Commission,93547,9953277662,GTBank,BIO_87821,97.93,2024-03-14,EMP_000732
Chinedu Eze,Ministry of Agriculture,134418,1609287649,Zenith,BIO_07900,93.51,2024-03-14,EMP_000733
Yemi Adeyemi,Civil Service Commission,451952,4708201810,UBA,BIO_02362,89.3,2018-12-18,EMP_000734
Fatima Mohammed,Ministry of Finance,356576,8049455606,UBA,BIO_08023,85.28,2018-12-26,EMP_000735
Hassan Yusuf,Ministry of Health,189863,7733789942,UBA,BIO_07838,91.08,2025-03-04,EMP_000736
Okechukwu Okafor,Ministry of Works,275481,8838727488,Zenith,BIO_05554,86.79,2021-03-10,EMP_000737
Yemi Adeleke,Nigeria Customs Service,152644,3582312093,UBA,BIO_04619,88.15,2022-07-12,EMP_000738
Yemi Ogunlesi,Federal Roads Maintenance Agency,497533,3316324044,Access,BIO_04521,93.54,2019-08-23,EMP_000739
Dele Oyedepo,Federal Roads Maintenance Agency,443807,2950251885,UBA,BIO_07485,93.63,2021-08-10,EMP_000740
Dele Oyedepo,Ministry of Health,242111,3390242686,GTBank,BIO_08068,88.12,2016-10-27,EMP_000741
Chinedu Obiora,Ministry of Water Resources,360235,6177274686,UBA,BIO_04258,93.03,2021-07-23,EMP_000742
Tayo Ogunlesi,Ministry of Education,284592,4595665730,Access,BIO_03849,92.15,2022-06-20,EMP_000743
Yemi Ogunlesi,Ministry of Finance,336547,5233420371,Zenith,BIO_02023,87.94,2021-08-23,EMP_000744
Fatima Ahmad,Ministry of Finance,297599,1115338448,Access,BIO_04428,94.28,2017-08-07,EMP_000745
Uchenna Okafor,Federal Roads Maintenance Agency,416448,9112086893,GTBank,BIO_07679,90.34,2020-08-27,EMP_000746
Adaeze Okafor,Ministry of Health,98082,5542896723,GTBank,BIO_01031,92.29,2022-12-19,EMP_000747
Bola Ogunlesi,Ministry of Works,252133,2531237184,Zenith,BIO_07947,95.49,2016-08-09,EMP_000748
Hassan Umar,Nigeria Customs Service,364864,1852830858,Zenith,BIO_05511,94.81,2023-07-20,EMP_000749
Dele Ogunlesi,Ministry of Works,414715,6513373941,Zenith,BIO_87076,98.18,2018-07-13,EMP_000750
Bola Ogunlesi,Ministry of Power,252364,3378158064,GTBank,BIO_02984,87.24,2019-11-05,EMP_000751
Ibrahim Suleiman,Ministry of Education,457313,4292553153,UBA,BIO_03451,91.56,2017-12-05,EMP_000752
Uchenna Ani,Ministry of Education,186437,5694739499,Zenith,BIO_08419,92.46,2025-01-15,EMP_000753
Femi Adebayo,Ministry of Water Resources,132898,6152978934,GTBank,BIO_00038,93.31,2017-08-31,EMP_000754
Okechukwu Onyeka,Ministry of Finance,203838,1829085386,GTBank,BIO_02838,88.03,2021-06-20,EMP_000755
Hassan Yusuf,Civil Service Commission,438688,2564299547,GTBank,BIO_02789,86.06,2021-04-28,EMP_000756
Hassan Ibrahim,Ministry of Health,484444,6683375489,Access,BIO_00415,88.69,2021-05-01,EMP_000757
Tunde Adebayo,Ministry of Education,281964,4596421215,Access,BIO_07015,94.07,2017-01-28,EMP_000758
Usman Yusuf,Ministry of Power,330139,7007150701,UBA,BIO_03734,88.66,2021-05-14,EMP_000759
Tunde Adeleke,Civil Service Commission,192782,4886582845,Zenith,BIO_08088,91.9,2018-10-09,EMP_000760
Chioma Onyeka,Nigeria Customs Service,245033,7953827905,Zenith,BIO_06641,88.4,2019-03-04,EMP_000761
Adaeze Nwankwo,Ministry of Power,193163,1445395199,Zenith,BIO_06039,89.76,2023-01-17,EMP_000762
Uchenna Ani,Ministry of Water Resources,228756,6134742390,GTBank,BIO_06748,90.93,2023-02-14,EMP_000763
Aisha Yusuf,Ministry of Agriculture,357761,4271535388,UBA,BIO_07002,85.33,2018-08-05,EMP_000764
Fatima Yusuf,Ministry of Finance,288992,1169648522,Access,BIO_04961,89.58,2016-07-13,EMP_000765
Adaeze Nwosu,Ministry of Power,428806,1849382955,GTBank,BIO_06349,91.12,2024-02-15,EMP_000766
Adaeze Nwosu,Nigeria Customs Service,324280,4535893448,First Bank,BIO_04173,96.15,2021-09-23,EMP_000767
Tunde Ogunlesi,Ministry of Agriculture,333480,8869015273,GTBank,BIO_07018,97.82,2018-04-02,EMP_000768
Chinedu Onyeka,Ministry of Agriculture,370059,2759964255,GTBank,BIO_04982,86.23,2021-12-17,EMP_000769
Aisha Ahmad,Ministry of Works,472746,1825704649,UBA,BIO_01189,86.71,2017-02-05,EMP_000770
Chioma Nwosu,Ministry of Health,227279,8291738373,First Bank,,99.9,2025-09-30,EMP_000771
Hassan Mohammed,Ministry of Power,153498,3089880200,First Bank,BIO_08481,88.62,2022-05-10,EMP_000772
Chioma Onyeka,Civil Service Commission,266462,7226230624,Zenith,BIO_01571,87.34,2021-03-07,EMP_000773
Nnamdi Obiora,Ministry of Health,498676,5614449676,Zenith,BIO_08188,89.86,2025-03-02,EMP_000774
Chiamaka Ani,Ministry of Health,472328,8994505639,UBA,BIO_06634,85.45,2025-03-30,EMP_000775
Okechukwu Onyeka,Ministry of Water Resources,303617,8721447493,Zenith,BIO_03464,85.35,2024-02-22,EMP_000776
Abubakar Musa,Ministry of Agriculture,172297,7472213729,GTBank,BIO_00316,96.49,2024-05-23,EMP_000777
Amina Mohammed,Ministry of Water Resources,450552,8715546015,Zenith,BIO_05276,96.24,2025-01-04,EMP_000778
Okechukwu Obiora,Ministry of Water Resources,447680,8346658362,GTBank,BIO_89936,97.42,2025-03-17,EMP_000779
Uchenna Obiora,Ministry of Agriculture,471113,3698160280,GTBank,BIO_05694,89.34,2022-09-01,EMP_000780
Tayo Adeleke,Civil Service Commission,358923,8216685403,Access,BIO_07830,96.38,2019-12-26,EMP_000781
Uchenna Nwosu,Civil Service Commission,340759,9055742486,GTBank,BIO_05183,91.4,2022-11-22,EMP_000782
Hassan Musa,Ministry of Agriculture,489097,7111991866,Zenith,BIO_07703,89.07,2023-09-14,EMP_000783
Chiamaka Ani,Nigeria Customs Service,294292,8903465080,GTBank,BIO_00978,89.74,2020-01-11,EMP_000784
Amina Suleiman,Ministry of Water Resources,448180,9818898905,Zenith,BIO_01249,97.3,2021-03-14,EMP_000785
Yemi Oyedepo,Ministry of Health,402441,3738434914,UBA,BIO_04590,89.45,2018-09-15,EMP_000786
Adaeze Obiora,Ministry of Education,298081,2496734917,Zenith,BIO_16627,98.15,2018-10-09,EMP_000787
Chiamaka Eze,Nigeria Customs Service,118131,4964136753,First Bank,BIO_06086,91.85,2021-10-27,EMP_000788
Okechukwu Onyeka,Federal Roads Maintenance Agency,413802,2488778867,Zenith,BIO_07874,90.04,2019-03-23,EMP_000789
Zainab Ahmad,Ministry of Water Resources,109817,2563001272,UBA,BIO_06104,95.79,2023-10-06,EMP_000790
Dele Adebayo,Nigeria Customs Service,481823,2264943991,First Bank,BIO_08634,87.37,2022-12-18,EMP_000791
Bola Adebayo,Ministry of Education,96350,9200756324,GTBank,BIO_04068,95.81,2019-08-10,EMP_000792
Okechukwu Obiora,Ministry of Water Resources,190825,4619421234,UBA,BIO_01860,89.12,2018-03-18,EMP_000793
Adaeze Okonkwo,Ministry of Works,1019151,2036188622,Access,BIO_21469,91.92,2026-02-12,EMP_000794
Fatima Umar,Nigeria Customs Service,492970,1587927263,Zenith,BIO_49899,99.4,2021-09-11,EMP_000795
Ade Adeleke,Ministry of Agriculture,98013,5606803890,Access,BIO_01226,85.44,2017-09-11,EMP_000796
Chiamaka Nwosu,Ministry of Agriculture,267105,5918026921,Access,BIO_08149,93.14,2016-10-28,EMP_000797
Chioma Okafor,Ministry of Power,140283,6388229277,UBA,BIO_01901,94.24,2024-09-21,EMP_000798
Okechukwu Eze,Ministry of Finance,408319,3855797714,First Bank,BIO_05549,89.2,2023-09-14,EMP_000799
Dele Adeyemi,Ministry of Power,266438,8402925373,First Bank,BIO_00513,95.82,2022-10-19,EMP_000800
Uchenna Eze,Ministry of Education,318816,5255772245,Zenith,BIO_04063,91.23,2019-06-28,EMP_000801
Chiamaka Ani,Ministry of Power,426480,7922303120,GTBank,BIO_00075,88.02,2017-06-16,EMP_000802
Dele Adeleke,Nigeria Customs Service,481481,7023818985,Access,BIO_05518,86.52,2022-12-01,EMP_000803
Ade Adebayo,Ministry of Education,307965,2312580799,Access,BIO_01479,95.82,2019-09-03,EMP_000804
Amina Yusuf,Ministry of Finance,207825,5730170229,First Bank,BIO_06217,94.04,2022-02-08,EMP_000805
Dele Adeleke,Nigeria Customs Service,143069,5418853238,GTBank,BIO_04592,93.32,2018-01-17,EMP_000806
Femi Adeyemi,Ministry of Power,399947,4670115054,GTBank,,99.9,2026-01-09,EMP_000807
Chioma Okafor,Ministry of Finance,150276,7877336231,GTBank,BIO_06300,92.94,2024-03-12,EMP_000808
Chiamaka Nwosu,Ministry of Power,259784,4031508376,UBA,BIO_06568,93.13,2023-08-05,EMP_000809
Ade Ogunlesi,Ministry of Water Resources,326799,6584540634,Access,BIO_00905,89.11,2023-03-14,EMP_000810
Okechukwu Nwankwo,Nigeria Customs Service,319102,1197928758,UBA,BIO_05505,85.14,2019-08-03,EMP_000811
Amina Ahmad,Ministry of Agriculture,466133,7384778162,UBA,BIO_01616,87.35,2023-11-05,EMP_000812
Yemi Williams,Ministry of Power,134356,5146902611,Zenith,BIO_01523,93.89,2017-08-07,EMP_000813
Dele Adebayo,Ministry of Power,82870,9851886167,First Bank,BIO_03863,85.73,2024-12-08,EMP_000814
Uchenna Nwosu,Civil Service Commission,445126,8131741679,GTBank,BIO_02712,89.66,2018-01-22,EMP_000815
Chiamaka Eze,Ministry of Finance,487188,2303699354,Access,BIO_03817,85.33,2020-08-02,EMP_000816
Okechukwu Ani,Ministry of Works,189024,5556052507,First Bank,BIO_01396,96.83,2022-11-04,EMP_000817
Yemi Williams,Civil Service Commission,478969,6655818657,Access,BIO_00074,86.68,2019-01-25,EMP_000818
Kemi Adeleke,Ministry of Agriculture,182847,5201001517,UBA,BIO_00306,90.01,2021-03-24,EMP_000819
Adaeze Nwosu,Ministry of Health,193098,3620878770,Access,BIO_03131,97.63,2025-01-25,EMP_000820
Tayo Oyedepo,Ministry of Water Resources,161242,4866545793,Access,BIO_03356,85.96,2021-01-04,EMP_000821
Adaeze Okafor,Ministry of Works,352146,2888917866,Zenith,BIO_03295,90.69,2019-02-22,EMP_000822
Nnamdi Nwosu,Civil Service Commission,394326,5446463694,First Bank,BIO_04349,90.49,2024-11-17,EMP_000823
Yemi Adeleke,Nigeria Customs Service,492883,6867551718,Access,BIO_08290,94.66,2022-05-04,EMP_000824
Chiamaka Nwankwo,Ministry of Education,347969,9059518752,Access,BIO_07226,94.81,2024-02-09,EMP_000825
Amina Musa,Ministry of Education,201968,7384515154,UBA,,99.9,2025-07-07,EMP_000826
Dele Adebayo,Ministry of Power,149938,9348247659,First Bank,BIO_01084,92.68,2016-06-19,EMP_000827
Chiamaka Obiora,Ministry of Water Resources,420348,4814285352,UBA,BIO_00903,93.21,2022-10-28,EMP_000828
Chinedu Nwosu,Ministry of Finance,282271,7909726224,First Bank,BIO_06032,96.96,2024-12-08,EMP_000829
Abubakar Umar,Civil Service Commission,367971,4141018185,First Bank,BIO_00255,88.14,2023-10-09,EMP_000830
Usman Yusuf,Ministry of Health,351701,9580131677,GTBank,BIO_06080,94.69,2021-04-09,EMP_000831
Adaeze Okonkwo,Ministry of Works,453728,6879570597,First Bank,BIO_00671,87.18,2024-11-22,EMP_000832
Dele Adebayo,Civil Service Commission,218452,8995728238,First Bank,BIO_04706,90.13,2021-07-18,EMP_000833
Yemi Oyedepo,Ministry of Agriculture,424853,8249891962,Access,BIO_00692,94.84,2024-04-11,EMP_000834
Dele Ogunlesi,Ministry of Power,385654,4924050903,Zenith,BIO_07958,88.34,2020-01-31,EMP_000835
Femi Adeyemi,Ministry of Health,177253,2455587415,GTBank,BIO_07560,85.51,2017-06-18,EMP_000836
Okechukwu Nwankwo,Ministry of Water Resources,487636,9827353889,First Bank,BIO_00939,85.62,2020-08-03,EMP_000837
Amina Musa,Ministry of Works,240413,5939198196,GTBank,BIO_09097,93.3,2024-09-07,EMP_000838
Usman Umar,Federal Roads Maintenance Agency,489019,4592931590,UBA,BIO_00993,95.88,2019-03-28,EMP_000839
Adaeze Ani,Ministry of Agriculture,489171,7996732755,Access,BIO_02932,94.41,2017-03-02,EMP_000840
Yemi Williams,Ministry of Education,379202,3872007529,UBA,BIO_00095,97.6,2023-09-11,EMP_000841
Chioma Nwankwo,Ministry of Finance,144315,9908610522,Zenith,BIO_04523,87.22,2020-01-08,EMP_000842
Okechukwu Onyeka,Civil Service Commission,464247,1507143374,GTBank,BIO_07313,97.18,2021-12-02,EMP_000843
Chioma Nwosu,Ministry of Power,385690,8152182328,Zenith,BIO_08283,85.23,2019-01-07,EMP_000844
Dele Oyedepo,Ministry of Works,202712,6430605521,First Bank,BIO_04340,95.13,2020-02-06,EMP_000845
Tayo Adeyemi,Ministry of Water Resources,217694,9581785414,Zenith,BIO_04410,95.27,2017-03-07,EMP_000846
Ade Williams,Federal Roads Maintenance Agency,267743,4351072271,Zenith,BIO_01285,90.55,2022-11-21,EMP_000847
Bola Williams,Ministry of Power,118996,7596695314,Zenith,BIO_03352,96.03,2023-03-12,EMP_000848
Zainab Mohammed,Ministry of Education,493330,2923795568,UBA,BIO_03446,89.02,2025-03-20,EMP_000849
Dele Oyedepo,Ministry of Finance,134254,5596411385,First Bank,BIO_06390,97.81,2016-07-15,EMP_000850
Femi Adeleke,Ministry of Finance,385872,4366304649,Zenith,BIO_06779,96.33,2017-01-27,EMP_000851
Ibrahim Umar,Ministry of Health,196263,5809200182,Zenith,BIO_03090,90.95,2019-09-11,EMP_000852
Uchenna Ani,Ministry of Water Resources,318504,6605592492,GTBank,BIO_06558,90.6,2021-08-22,EMP_000853
Chukwu Okafor,Ministry of Health,129207,2427185332,UBA,BIO_05193,85.18,2017-07-21,EMP_000854
Kemi Adeyemi,Ministry of Water Resources,232579,1944058862,GTBank,BIO_06433,92.93,2016-10-04,EMP_000855
Tunde Adeyemi,Civil Service Commission,421389,9486520188,Zenith,BIO_07870,97.95,2021-10-25,EMP_000856
Chinedu Nwankwo,Ministry of Health,294339,1126494714,Access,BIO_05682,93.94,2022-05-18,EMP_000857
Chiamaka Okafor,Ministry of Works,225085,7416568659,Zenith,BIO_07664,86.44,2017-12-27,EMP_000858
Abubakar Ibrahim,Ministry of Agriculture,362699,8013773765,Access,BIO_08835,94.97,2020-01-11,EMP_000859
Dele Williams,Ministry of Power,209614,6746495101,Zenith,BIO_01170,89.01,2020-01-27,EMP_000860
Fatima Ibrahim,Ministry of Education,144505,6579934368,First Bank,BIO_07236,97.65,2018-01-21,EMP_000861
Okechukwu Obiora,Ministry of Agriculture,391316,3318238007,First Bank,BIO_03363,94.99,2023-08-19,EMP_000862
Fatima Musa,Ministry of Power,378532,2349242708,Access,BIO_04602,87.61,2016-09-27,EMP_000863
Ade Adeyemi,Ministry of Power,294995,8197195211,GTBank,BIO_04956,94.15,2023-07-08,EMP_000864
Aisha Yusuf,Ministry of Finance,142160,5823789433,GTBank,BIO_02010,93.03,2020-12-01,EMP_000865
Chiamaka Obiora,Ministry of Finance,107367,7437068004,GTBank,BIO_99879,99.97,2025-03-04,EMP_000866
Kemi Ogunlesi,Ministry of Water Resources,422412,4840956887,Access,BIO_06837,90.16,2024-11-17,EMP_000867
Bola Ogunlesi,Ministry of Health,342872,2679077121,Zenith,BIO_03698,97.57,2021-09-22,EMP_000868
Dele Oyedepo,Ministry of Power,219506,2369051911,UBA,BIO_05407,97.63,2021-11-18,EMP_000869
Chukwu Nwankwo,Ministry of Power,379962,5983960554,GTBank,BIO_00672,89.5,2017-06-19,EMP_000870
Abubakar Suleiman,Ministry of Water Resources,291568,6101864789,GTBank,BIO_00149,90.63,2021-10-30,EMP_000871
Bola Ogunlesi,Ministry of Finance,489828,7978727991,UBA,BIO_01588,92.29,2025-02-14,EMP_000872
Nnamdi Okonkwo,Ministry of Water Resources,118200,8494029837,Access,BIO_08140,97.82,2020-08-11,EMP_000873
Aisha Suleiman,Federal Roads Maintenance Agency,291085,3774407952,UBA,BIO_06227,88.84,2018-02-25,EMP_000874
Bola Adebayo,Ministry of Works,274317,8024753794,Zenith,,99.9,2024-06-12,EMP_000875
Amina Mohammed,Ministry of Health,363403,5377937265,UBA,BIO_01554,85.25,2019-09-07,EMP_000876
Chiamaka Nwosu,Nigeria Customs Service,418939,5112151303,UBA,BIO_07635,85.39,2021-11-15,EMP_000877
Uchenna Obiora,Ministry of Finance,488952,1575861850,GTBank,BIO_03227,89.55,2016-10-07,EMP_000878
Zainab Umar,Federal Roads Maintenance Agency,412055,5780476554,GTBank,BIO_00806,95.79,2024-06-12,EMP_000879
Bola Oyedepo,Ministry of Power,178992,9747891125,Access,BIO_08624,87.28,2022-05-08,EMP_000880
Tunde Ogunlesi,Ministry of Power,482242,1993695309,First Bank,BIO_07290,90.89,2021-01-10,EMP_000881
Tunde Adeleke,Ministry of Water Resources,310025,3311801697,Zenith,BIO_03695,92.54,2016-08-13,EMP_000882
Yemi Adeleke,Ministry of Education,135541,9468074214,UBA,BIO_07078,88.33,2024-07-28,EMP_000883
Amina Musa,Ministry of Agriculture,160019,9551827424,Zenith,BIO_04052,93.64,2019-05-14,EMP_000884
Okechukwu Eze,Ministry of Education,416920,3514435755,UBA,BIO_03306,97.34,2020-10-11,EMP_000885
Zainab Umar,Ministry of Works,177555,4480745187,Access,BIO_03932,97.11,2020-08-08,EMP_000886
Hassan Ibrahim,Ministry of Health,89125,6709385287,First Bank,BIO_04176,95.33,2016-06-26,EMP_000887
Chukwu Nwosu,Ministry of Agriculture,101534,9977864920,Access,BIO_04125,92.47,2019-08-07,EMP_000888
Zainab Musa,Ministry of Finance,420945,4230153170,UBA,BIO_06510,93.91,2017-01-24,EMP_000889
Amina Ahmad,Ministry of Education,203686,7552758314,GTBank,BIO_00660,89.34,2022-01-18,EMP_000890
Adaeze Onyeka,Ministry of Education,362306,6632221490,UBA,BIO_07643,97.61,2018-06-23,EMP_000891
Chiamaka Onyeka,Nigeria Customs Service,249145,8338888012,Zenith,BIO_06505,91.37,2018-02-09,EMP_000892
Ade Adeyemi,Federal Roads Maintenance Agency,170496,9676433123,UBA,BIO_01487,89.78,2018-07-10,EMP_000893
Uchenna Okafor,Ministry of Finance,1458605,2940801138,GTBank,BIO_67144,94.19,2025-09-02,EMP_000894
Okechukwu Ani,Ministry of Power,460698,4443814758,Access,BIO_02630,85.03,2023-11-21,EMP_000895
Fatima Suleiman,Federal Roads Maintenance Agency,209463,3293999840,UBA,BIO_03955,89.36,2018-09-02,EMP_000896
Aisha Musa,Ministry of Works,249200,2931430628,UBA,BIO_06738,91.83,2017-02-04,EMP_000897
Tayo Oyedepo,Ministry of Works,214739,9679903756,Access,BIO_02586,93.82,2021-08-14,EMP_000898
Tunde Oyedepo,Ministry of Water Resources,402126,7658696995,GTBank,BIO_06884,95.73,2017-10-01,EMP_000899
Amina Ibrahim,Ministry of Power,212661,5740274803,Access,BIO_05868,88.03,2017-05-03,EMP_000900
Amina Mohammed,Federal Roads Maintenance Agency,181182,3233685040,First Bank,BIO_03683,86.05,2019-02-25,EMP_000901
Tunde Adebayo,Ministry of Education,101169,5598575327,First Bank,BIO_07602,93.48,2020-04-13,EMP_000902
Femi Adeleke,Ministry of Water Resources,215156,1129098724,Access,BIO_03072,96.12,2018-07-01,EMP_000903
Chinedu Nwosu,Ministry of Education,372692,6680350340,Zenith,BIO_04195,85.0,2022-10-22,EMP_000904
Ade Adeleke,Ministry of Agriculture,477396,6320150934,First Bank,BIO_01357,90.67,2019-09-27,EMP_000905
Femi Adeleke,Civil Service Commission,250962,4121311247,GTBank,BIO_04534,96.17,2019-11-27,EMP_000906
Chioma Onyeka,Ministry of Finance,238798,3215818698,GTBank,BIO_06008,95.63,2022-09-19,EMP_000907
Okechukwu Eze,Ministry of Power,423655,7316861824,GTBank,BIO_07701,93.42,2021-05-13,EMP_000908
Hassan Ahmad,Civil Service Commission,181790,6775552187,First Bank,BIO_27508,98.71,2023-04-27,EMP_000909
Tunde Oyedepo,Ministry of Education,312529,8407680671,Zenith,BIO_03023,85.26,2024-07-01,EMP_000910
Tayo Adeleke,Ministry of Works,203746,1763892305,Access,BIO_00761,96.07,2023-01-03,EMP_000911
Chiamaka Okafor,Federal Roads Maintenance Agency,443327,3592625608,GTBank,BIO_01914,97.64,2025-04-01,EMP_000912
Dele Adeyemi,Ministry of Water Resources,329211,5158209036,Zenith,BIO_05396,89.16,2019-12-22,EMP_000913
Uchenna Okonkwo,Federal Roads Maintenance Agency,362133,3192535502,First Bank,BIO_04146,90.59,2020-10-01,EMP_000914
Ibrahim Ibrahim,Ministry of Power,221136,9060982321,First Bank,BIO_03936,97.16,2024-03-07,EMP_000915
Chiamaka Okonkwo,Ministry of Finance,374645,3979166202,Zenith,BIO_02427,91.29,2018-05-29,EMP_000916
Ade Adeleke,Ministry of Agriculture,347999,8815141475,First Bank,BIO_00358,96.23,2020-02-11,EMP_000917
Ade Oyedepo,Ministry of Education,331818,9865953026,GTBank,,99.9,2025-10-31,EMP_000918
Ibrahim Musa,Ministry of Health,459215,6270970558,First Bank,BIO_04327,86.3,2021-08-25,EMP_000919
Adaeze Eze,Federal Roads Maintenance Agency,431884,2005223656,Zenith,BIO_08173,96.53,2021-08-07,EMP_000920
Chiamaka Ani,Ministry of Health,443945,8690470287,First Bank,BIO_05016,92.77,2024-12-12,EMP_000921
Usman Ibrahim,Nigeria Customs Service,152353,7518657093,Access,BIO_02129,96.69,2018-09-29,EMP_000922
Uchenna Eze,Ministry of Power,135439,5262715099,First Bank,BIO_06060,96.84,2022-11-05,EMP_000923
Tunde Ogunlesi,Nigeria Customs Service,343962,9008318001,First Bank,BIO_02162,90.76,2016-05-30,EMP_000924
Hassan Umar,Ministry of Power,328902,6923258610,UBA,BIO_01018,95.68,2018-01-27,EMP_000925
Dele Williams,Nigeria Customs Service,109149,7634174183,Access,BIO_06141,92.49,2018-10-25,EMP_000926
Uchenna Onyeka,Ministry of Agriculture,82070,1460808360,Zenith,BIO_00478,97.68,2023-03-11,EMP_000927
Chinedu Nwankwo,Ministry of Finance,217947,3710277712,Zenith,BIO_00848,95.35,2018-01-26,EMP_000928
Adaeze Ani,Civil Service Commission,104830,5703565764,Access,BIO_07616,95.58,2024-06-03,EMP_000929
Kemi Adebayo,Federal Roads Maintenance Agency,408757,8059805549,First Bank,BIO_03748,91.5,2019-06-04,EMP_000930
Okechukwu Okonkwo,Ministry of Agriculture,344207,4512192943,First Bank,BIO_00135,87.78,2017-08-16,EMP_000931
Amina Musa,Civil Service Commission,211021,1531049119,Access,BIO_06769,93.05,2016-06-25,EMP_000932
Tunde Ogunlesi,Ministry of Agriculture,326692,9491475754,UBA,BIO_04547,90.26,2020-11-21,EMP_000933
Nnamdi Nwankwo,Civil Service Commission,250137,9462148706,First Bank,BIO_01075,97.47,2019-10-02,EMP_000934
Okechukwu Okafor,Civil Service Commission,192258,5214058159,UBA,BIO_06352,92.87,2020-01-21,EMP_000935
Chukwu Onyeka,Ministry of Agriculture,174550,9314452543,First Bank,BIO_02511,85.78,2021-01-17,EMP_000936
Kemi Adeyemi,Ministry of Health,280411,8391775996,First Bank,BIO_02200,91.53,2020-03-31,EMP_000937
Uchenna Okonkwo,Ministry of Finance,302143,7994527704,UBA,BIO_02575,95.46,2023-03-14,EMP_000938
Zainab Umar,Ministry of Works,330731,9045666721,UBA,BIO_04220,96.45,2018-09-01,EMP_000939
Tayo Adeyemi,Ministry of Finance,483068,3429105830,UBA,BIO_04780,93.48,2024-11-16,EMP_000940
Ade Adeyemi,Ministry of Works,259753,9040632369,First Bank,BIO_00562,93.03,2021-09-29,EMP_000941
Tayo Adebayo,Ministry of Agriculture,374434,7273768340,Access,BIO_02808,88.85,2020-08-09,EMP_000942
Yemi Adebayo,Federal Roads Maintenance Agency,390396,3864052866,First Bank,BIO_03807,86.48,2019-09-05,EMP_000943
Zainab Musa,Civil Service Commission,255208,5163421825,Zenith,BIO_08612,88.9,2017-06-24,EMP_000944
Tunde Adebayo,Ministry of Health,298504,4011830909,First Bank,BIO_03848,97.0,2017-03-03,EMP_000945
Abubakar Mohammed,Civil Service Commission,176197,7219613884,Zenith,BIO_03472,89.77,2022-07-01,EMP_000946
Fatima Ibrahim,Ministry of Agriculture,140201,2094253821,First Bank,BIO_04924,87.74,2017-10-19,EMP_000947
Chiamaka Ani,Ministry of Works,453919,4774443889,Access,BIO_03799,88.95,2017-04-02,EMP_000948
Nnamdi Nwosu,Ministry of Finance,376860,4508788791,Zenith,BIO_00246,90.82,2020-11-15,EMP_000949
Chioma Okafor,Ministry of Power,270690,8732882686,UBA,BIO_06764,89.58,2018-11-10,EMP_000950
Tayo Adeleke,Ministry of Works,366083,9263452581,GTBank,BIO_04408,95.64,2025-04-27,EMP_000951
Nnamdi Okafor,Ministry of Education,403500,1610854761,UBA,BIO_01714,85.96,2020-06-01,EMP_000952
Nnamdi Ani,Ministry of Education,320557,8168635926,First Bank,BIO_07386,97.31,2019-02-21,EMP_000953
Chinedu Obiora,Nigeria Customs Service,274555,2023324988,Access,BIO_04049,85.07,2016-08-01,EMP_000954
Tayo Adeleke,Ministry of Finance,261104,2896551640,UBA,,99.9,2024-08-24,EMP_000955
Okechukwu Onyeka,Ministry of Agriculture,269896,6756027205,First Bank,BIO_04229,89.65,2024-09-07,EMP_000956
Ibrahim Yusuf,Ministry of Health,245962,7200211780,Zenith,BIO_08128,86.96,2024-06-10,EMP_000957
Bola Williams,Ministry of Finance,292792,7182182312,UBA,BIO_21742,98.48,2022-11-01,EMP_000958
Usman Mohammed,Federal Roads Maintenance Agency,271649,7260664811,First Bank,BIO_03681,93.75,2018-03-23,EMP_000959
Okechukwu Onyeka,Ministry of Works,375703,2961896611,Access,BIO_01329,85.6,2021-09-07,EMP_000960
Kemi Adebayo,Nigeria Customs Service,380227,7796580867,Zenith,BIO_04000,90.55,2024-08-12,EMP_000961
Abubakar Suleiman,Ministry of Works,317955,3245811542,UBA,BIO_03373,90.38,2018-01-19,EMP_000962
Bola Williams,Ministry of Power,345344,6849953520,Zenith,,99.9,2025-10-18,EMP_000963
Tayo Adebayo,Federal Roads Maintenance Agency,352351,5478207719,First Bank,BIO_08918,89.93,2018-12-27,EMP_000964
Chiamaka Nwosu,Ministry of Education,346395,1164831533,Zenith,BIO_48131,98.74,2020-03-04,EMP_000965
Bola Adeleke,Federal Roads Maintenance Agency,117137,2428441643,First Bank,BIO_04987,85.54,2020-09-11,EMP_000966
Aisha Umar,Federal Roads Maintenance Agency,201284,5745287578,First Bank,BIO_06747,96.35,2019-05-22,EMP_000967
Tunde Oyedepo,Ministry of Health,273507,2634561437,GTBank,BIO_07420,92.9,2020-06-01,EMP_000968
Ade Adebayo,Nigeria Customs Service,1453435,9937978820,Zenith,BIO_72011,96.71,2025-08-14,EMP_000969
Femi Williams,Ministry of Agriculture,442943,9697603088,Zenith,BIO_01178,94.86,2021-05-11,EMP_000970
Usman Ahmad,Ministry of Works,93369,6872793918,First Bank,BIO_02438,91.15,2017-04-27,EMP_000971
Chioma Okafor,Ministry of Finance,477173,6833328687,Access,BIO_01958,91.55,2019-06-07,EMP_000972
Hassan Musa,Nigeria Customs Service,281803,4109794231,Zenith,BIO_04002,92.61,2016-06-22,EMP_000973
Bola Ogunlesi,Ministry of Agriculture,178177,5496397015,UBA,BIO_02925,91.72,2018-12-03,EMP_000974
Amina Musa,Ministry of Agriculture,116956,9783057497,GTBank,BIO_01472,94.88,2017-03-12,EMP_000975
Chinedu Onyeka,Ministry of Agriculture,268896,8532803828,GTBank,BIO_07333,86.71,2025-04-21,EMP_000976
Chioma Eze,Ministry of Works,94454,8338460912,Access,BIO_01059,87.63,2017-08-14,EMP_000977
Zainab Mohammed,Nigeria Customs Service,247394,2773726944,Zenith,BIO_02385,96.82,2019-02-25,EMP_000978
Amina Umar,Federal Roads Maintenance Agency,120331,5988427925,Zenith,BIO_07887,89.09,2016-06-27,EMP_000979
Chukwu Nwosu,Ministry of Water Resources,162597,8666477107,First Bank,BIO_08863,92.68,2020-11-21,EMP_000980
Fatima Suleiman,Ministry of Agriculture,491494,5877330058,Zenith,BIO_05189,94.49,2021-02-21,EMP_000981
Chukwu Onyeka,Ministry of Water Resources,147499,8873522601,UBA,BIO_04468,90.66,2017-03-28,EMP_000982
Kemi Adebayo,Ministry of Works,332556,4785019321,GTBank,BIO_03858,94.02,2022-09-09,EMP_000983
Abubakar Musa,Ministry of Works,227409,4231536525,UBA,BIO_00394,90.65,2019-12-29,EMP_000984
Uchenna Okonkwo,Nigeria Customs Service,308309,1868091062,GTBank,BIO_02450,95.46,2021-12-20,EMP_000985
Femi Williams,Nigeria Customs Service,434732,2598611048,First Bank,BIO_08807,89.03,2024-01-21,EMP_000986
Yemi Adebayo,Ministry of Agriculture,123357,9173870170,First Bank,BIO_00894,88.2,2023-06-27,EMP_000987
Bola Williams,Ministry of Finance,209144,5879559898,GTBank,BIO_05059,95.9,2024-05-14,EMP_000988
Bola Adebayo,Ministry of Works,263912,2640585406,Access,BIO_03579,95.09,2023-11-20,EMP_000989
Bola Adeleke,Ministry of Water Resources,418590,1374488091,Zenith,BIO_01452,88.64,2022-08-19,EMP_000990
Usman Suleiman,Civil Service Commission,495401,2589958693,Access,BIO_06565,86.17,2023-11-01,EMP_000991
Amina Yusuf,Ministry of Works,328778,6462010009,Zenith,BIO_02670,94.82,2023-12-28,EMP_000992
Okechukwu Nwosu,Civil Service Commission,206031,3069679246,GTBank,BIO_04078,93.72,2019-10-08,EMP_000993
Chukwu Okafor,Nigeria Customs Service,224657,5356779805,Zenith,BIO_07479,93.13,2017-12-03,EMP_000994
Hassan Yusuf,Ministry of Works,314646,5008263021,GTBank,BIO_01662,86.64,2020-06-17,EMP_000995
Yemi Adeleke,Ministry of Finance,152677,4108947870,First Bank,BIO_04059,92.61,2018-06-02,EMP_000996
Zainab Umar,Ministry of Finance,442227,7243072911,Zenith,BIO_04097,95.74,2023-05-25,EMP_000997
Uchenna Ani,Ministry of Works,362159,4142766289,Zenith,BIO_08358,87.64,2024-08-28,EMP_000998
Usman Ibrahim,Civil Service Commission,104086,2337997209,First Bank,BIO_03003,94.02,2018-02-23,EMP_000999
Okechukwu Eze,Civil Service Commission,185100,3359268701,UBA,BIO_05531,87.6,2020-09-09,EMP_001000
Fatima Suleiman,Ministry of Agriculture,284873,5089918438,UBA,BIO_01090,90.34,2019-12-28,EMP_001001
Chiamaka Okafor,Civil Service Commission,170167,9869223102,Access,BIO_02952,97.53,2024-09-16,EMP_001002
Hassan Ahmad,Federal Roads Maintenance Agency,421569,7600578331,Access,BIO_00281,88.48,2016-08-10,EMP_001003
Bola Adebayo,Ministry of Agriculture,487430,6123078868,Zenith,BIO_04589,86.21,2020-06-16,EMP_001004
Bola Adebayo,Ministry of Water Resources,170411,7220502360,Zenith,BIO_07777,92.76,2025-02-14,EMP_001005
Kemi Ogunlesi,Ministry of Health,108922,2434827982,GTBank,BIO_01839,87.62,2018-10-31,EMP_001006
Dele Williams,Ministry of Education,234643,3520651674,UBA,BIO_06876,96.88,2022-06-06,EMP_001007
Dele Oyedepo,Civil Service Commission,182849,8868149730,Access,,99.9,2026-01-10,EMP_001008
Ade Williams,Civil Service Commission,282163,7470307868,First Bank,BIO_06934,92.15,2024-02-05,EMP_001009
Ade Adeleke,Ministry of Education,494595,9070883691,Zenith,BIO_04679,94.99,2021-06-04,EMP_001010
Zainab Suleiman,Ministry of Education,212166,7948072958,GTBank,BIO_06667,89.61,2017-03-02,EMP_001011
Tunde Williams,Nigeria Customs Service,204044,8283161569,Zenith,BIO_08334,97.63,2017-05-17,EMP_001012
Kemi Ogunlesi,Ministry of Health,97895,3751897311,Access,BIO_04641,91.97,2017-03-02,EMP_001013
Chinedu Okonkwo,Nigeria Customs Service,211805,1272393072,UBA,BIO_04127,89.13,2025-02-22,EMP_001014
Yemi Adeleke,Nigeria Customs Service,479956,6051433379,GTBank,BIO_04878,87.54,2018-11-02,EMP_001015
Chukwu Nwosu,Nigeria Customs Service,237048,4246838676,First Bank,BIO_08434,89.42,2024-09-02,EMP_001016
Fatima Ibrahim,Ministry of Education,489184,1166947564,First Bank,BIO_08982,93.11,2025-05-04,EMP_001017
Tayo Adeyemi,Nigeria Customs Service,389947,2985486583,Zenith,BIO_01656,91.98,2018-11-11,EMP_001018
Kemi Williams,Ministry of Finance,329919,2483383275,Access,BIO_03650,89.31,2021-02-16,EMP_001019
Bola Adeleke,Ministry of Agriculture,139758,6621434015,Zenith,BIO_03377,94.96,2016-11-15,EMP_001020
Aisha Ahmad,Ministry of Water Resources,222489,7738241322,Access,BIO_06427,91.52,2016-11-17,EMP_001021
Uchenna Ani,Ministry of Works,365063,2700090396,Access,BIO_08926,87.56,2017-03-19,EMP_001022
Amina Ahmad,Ministry of Finance,454268,1672851596,Zenith,BIO_07385,85.75,2017-02-10,EMP_001023
Ibrahim Umar,Ministry of Education,394169,6716634648,UBA,BIO_04445,96.85,2020-04-05,EMP_001024
Bola Ogunlesi,Ministry of Finance,156162,4494724151,First Bank,BIO_00466,93.89,2017-05-11,EMP_001025
Fatima Mohammed,Ministry of Education,431543,6397602710,GTBank,BIO_00950,90.23,2022-02-13,EMP_001026
Okechukwu Ani,Ministry of Health,452449,5360532244,Access,BIO_03302,91.65,2016-09-02,EMP_001027
Femi Adeleke,Ministry of Finance,495493,6993671434,Zenith,BIO_07704,86.08,2018-09-12,EMP_001028
Zainab Yusuf,Ministry of Agriculture,178743,3641227763,UBA,BIO_07805,92.97,2025-03-22,EMP_001029
Femi Oyedepo,Ministry of Agriculture,95227,3808247596,UBA,BIO_04421,88.78,2017-10-29,EMP_001030
Chioma Okonkwo,Ministry of Water Resources,333244,7435867968,UBA,BIO_01116,94.44,2021-07-07,EMP_001031
Uchenna Okafor,Ministry of Health,467836,1849547809,GTBank,BIO_02230,87.94,2019-02-25,EMP_001032
Kemi Oyedepo,Ministry of Education,464784,7050747310,First Bank,BIO_07778,95.6,2021-08-16,EMP_001033
Chukwu Okonkwo,Ministry of Works,236022,1911886335,UBA,BIO_03866,88.44,2017-03-26,EMP_001034
Uchenna Okonkwo,Nigeria Customs Service,222947,5436082188,UBA,BIO_03454,87.79,2023-06-03,EMP_001035
Abubakar Musa,Federal Roads Maintenance Agency,463482,1884225853,Access,BIO_06727,93.2,2022-09-08,EMP_001036
Ibrahim Yusuf,Ministry of Power,462871,4517033870,GTBank,BIO_06528,96.41,2024-04-15,EMP_001037
Hassan Musa,Nigeria Customs Service,362555,1714845533,UBA,BIO_06605,92.11,2022-12-28,EMP_001038
Abubakar Musa,Civil Service Commission,468914,1164990910,GTBank,BIO_00263,95.53,2021-11-15,EMP_001039
Femi Adeyemi,Ministry of Water Resources,271851,4820753238,GTBank,BIO_09009,89.59,2021-09-13,EMP_001040
Chinedu Obiora,Ministry of Water Resources,255232,1176608634,First Bank,BIO_01940,95.58,2016-11-16,EMP_001041
Aisha Ibrahim,Ministry of Health,1473358,9951704453,GTBank,BIO_68406,92.04,2025-12-09,EMP_001042
Tunde Oyedepo,Ministry of Education,286560,4893032161,Access,BIO_01220,90.28,2021-08-07,EMP_001043
Bola Oyedepo,Civil Service Commission,250416,2847111322,Access,BIO_09129,94.84,2022-12-08,EMP_001044
Ade Adebayo,Federal Roads Maintenance Agency,156861,1559990965,UBA,BIO_00413,89.04,2023-06-19,EMP_001045
Okechukwu Nwosu,Ministry of Water Resources,466824,3709039632,First Bank,BIO_03765,90.32,2021-07-11,EMP_001046
Chioma Nwankwo,Ministry of Finance,260138,9850184600,GTBank,BIO_02193,96.14,2024-08-10,EMP_001047
Ibrahim Yusuf,Ministry of Finance,132146,3006898920,UBA,BIO_03406,87.04,2018-05-26,EMP_001048
Chinedu Obiora,Ministry of Water Resources,141276,2882606524,First Bank,BIO_01704,91.41,2018-11-17,EMP_001049
Ade Oyedepo,Ministry of Works,251853,8013175408,First Bank,BIO_06530,90.35,2019-06-07,EMP_001050
Tunde Adebayo,Ministry of Finance,441682,5283655483,Access,,99.9,2025-03-19,EMP_001051
Usman Ahmad,Ministry of Agriculture,438086,7282571232,Access,BIO_08547,94.67,2016-12-19,EMP_001052
Chioma Ani,Civil Service Commission,367630,5138963506,Access,BIO_01418,97.61,2016-07-22,EMP_001053
Dele Ogunlesi,Ministry of Agriculture,395202,1893060652,GTBank,BIO_04725,97.92,2020-05-20,EMP_001054
Tunde Williams,Civil Service Commission,251645,1651472414,Zenith,BIO_05340,88.01,2020-04-23,EMP_001055
Hassan Mohammed,Federal Roads Maintenance Agency,492922,9163582546,Access,BIO_06119,85.13,2024-09-07,EMP_001056
Chukwu Onyeka,Ministry of Finance,261423,1559572423,First Bank,BIO_06130,95.04,2018-01-17,EMP_001057
Chukwu Ani,Ministry of Finance,80498,6158775564,Access,BIO_03076,85.8,2020-05-14,EMP_001058
Chioma Nwosu,Ministry of Education,226999,9205951595,First Bank,BIO_06531,90.47,2020-05-22,EMP_001059
Kemi Ogunlesi,Ministry of Education,244671,6237517546,Access,BIO_08432,90.44,2022-12-17,EMP_001060
Kemi Adeyemi,Ministry of Works,175200,6228571841,UBA,BIO_05707,89.88,2023-12-17,EMP_001061
Nnamdi Nwankwo,Nigeria Customs Service,417211,4905736357,UBA,BIO_07356,96.03,2020-01-14,EMP_001062
Ibrahim Suleiman,Federal Roads Maintenance Agency,337649,5008865212,First Bank,BIO_00629,96.02,2019-09-27,EMP_001063
Zainab Umar,Ministry of Education,354893,2143410554,Access,BIO_06950,85.28,2019-01-06,EMP_001064
Ade Williams,Ministry of Education,238369,1131157717,First Bank,BIO_00365,94.3,2022-03-01,EMP_001065
Chiamaka Okafor,Nigeria Customs Service,373904,1587927263,Zenith,BIO_57315,99.83,2019-09-26,EMP_001066
Zainab Musa,Ministry of Water Resources,339529,6904465073,UBA,BIO_08001,94.9,2018-06-02,EMP_001067
Dele Ogunlesi,Ministry of Water Resources,458118,1299154060,UBA,BIO_00297,90.91,2023-04-01,EMP_001068
Abubakar Yusuf,Ministry of Finance,99125,4313958439,GTBank,BIO_05647,90.05,2021-06-28,EMP_001069
Ade Adeleke,Ministry of Finance,350501,5793456194,First Bank,BIO_08574,94.31,2018-05-03,EMP_001070
Adaeze Ani,Federal Roads Maintenance Agency,230484,8292677435,First Bank,BIO_01540,89.84,2017-08-08,EMP_001071
Chukwu Eze,Nigeria Customs Service,207438,4828642442,First Bank,,99.9,2024-06-08,EMP_001072
Fatima Umar,Ministry of Works,213230,8764596421,Zenith,BIO_04467,89.98,2022-01-08,EMP_001073
Uchenna Obiora,Ministry of Agriculture,359073,4277135553,Zenith,BIO_01486,88.36,2017-08-21,EMP_001074
Uchenna Eze,Ministry of Agriculture,220616,7805721367,First Bank,BIO_05816,97.62,2025-04-15,EMP_001075
Hassan Suleiman,Ministry of Works,263457,5167013994,Access,BIO_07308,91.2,2022-07-03,EMP_001076
Adaeze Okafor,Ministry of Agriculture,1145927,5530141518,First Bank,BIO_26357,85.44,2025-10-24,EMP_001077
Yemi Williams,Ministry of Water Resources,448721,7745408149,UBA,BIO_04744,85.05,2017-05-01,EMP_001078
Chiamaka Onyeka,Civil Service Commission,410728,5401959988,Access,BIO_08458,92.44,2017-05-01,EMP_001079
Hassan Ibrahim,Ministry of Works,398244,3049422674,Access,BIO_01292,93.44,2016-06-01,EMP_001080
Nnamdi Nwosu,Ministry of Finance,315200,7742190438,Access,BIO_06906,85.17,2019-08-10,EMP_001081
Chioma Ani,Ministry of Water Resources,342864,6897000548,Access,BIO_03296,90.56,2016-08-29,EMP_001082
Nnamdi Onyeka,Nigeria Customs Service,153073,1208674558,GTBank,BIO_00049,90.57,2024-08-21,EMP_001083
Yemi Williams,Ministry of Health,465730,6578315520,UBA,BIO_04293,96.34,2022-12-27,EMP_001084
Chiamaka Eze,Ministry of Health,189537,6779720199,First Bank,BIO_00445,95.19,2017-07-27,EMP_001085
Amina Mohammed,Ministry of Works,302943,6483593832,UBA,BIO_04331,91.42,2017-08-30,EMP_001086
Hassan Musa,Ministry of Works,254687,9852997450,Access,BIO_02684,89.89,2019-12-11,EMP_001087
Chinedu Obiora,Ministry of Works,137973,8718573615,UBA,BIO_06112,85.51,2023-11-25,EMP_001088
Uchenna Ani,Ministry of Works,190077,6983472896,Access,BIO_04883,90.79,2024-08-26,EMP_001089
Adaeze Eze,Nigeria Customs Service,493279,4333577879,Zenith,BIO_01613,97.52,2021-07-08,EMP_001090
Hassan Musa,Ministry of Agriculture,220004,5115615508,Zenith,BIO_02360,92.7,2016-09-29,EMP_001091
Chukwu Onyeka,Ministry of Power,488215,2726393330,Zenith,BIO_07814,95.9,2020-10-07,EMP_001092
Ibrahim Ibrahim,Ministry of Works,97196,3324409352,First Bank,BIO_05144,95.14,2022-03-11,EMP_001093
Dele Williams,Ministry of Finance,334898,2269206018,GTBank,BIO_04574,85.42,2024-03-02,EMP_001094
Kemi Adebayo,Federal Roads Maintenance Agency,362092,8974225857,First Bank,BIO_06023,90.26,2024-08-20,EMP_001095
Dele Adeyemi,Ministry of Works,368510,3525320713,UBA,BIO_02384,90.57,2019-01-23,EMP_001096
Aisha Musa,Ministry of Works,340694,4975884336,Access,BIO_01550,91.1,2025-02-13,EMP_001097
Hassan Suleiman,Ministry of Education,164722,8046338431,Access,BIO_05653,86.01,2016-11-08,EMP_001098
Ade Williams,Ministry of Water Resources,209657,5542569617,Access,BIO_07754,85.36,2017-09-04,EMP_001099
Chukwu Okonkwo,Federal Roads Maintenance Agency,279642,3833814359,GTBank,BIO_61043,96.47,2024-08-09,EMP_001100
Uchenna Okonkwo,Ministry of Works,190626,6992831969,First Bank,,99.9,2025-01-07,EMP_001101
Hassan Musa,Ministry of Finance,179730,7368849475,UBA,BIO_04185,90.01,2023-09-11,EMP_001102
Fatima Suleiman,Nigeria Customs Service,192912,6441602028,UBA,BIO_05487,95.25,2019-09-13,EMP_001103
Ade Adeyemi,Ministry of Water Resources,404761,1177448759,UBA,BIO_02039,94.77,2021-04-22,EMP_001104
Chinedu Nwosu,Ministry of Education,113879,8589926934,Access,BIO_07086,96.72,2023-08-30,EMP_001105
Okechukwu Onyeka,Ministry of Agriculture,224951,3530392684,Access,BIO_03335,92.53,2024-03-23,EMP_001106
Chinedu Okonkwo,Ministry of Water Resources,229584,7361259620,GTBank,BIO_05225,87.54,2019-03-12,EMP_001107
Okechukwu Okafor,Ministry of Agriculture,333842,6127432390,Access,BIO_02224,85.9,2023-02-27,EMP_001108
Chioma Okonkwo,Ministry of Works,130185,6260473997,Access,BIO_01120,93.7,2020-05-08,EMP_001109
Adaeze Okonkwo,Ministry of Education,417394,3157102579,Zenith,BIO_06863,95.35,2018-01-16,EMP_001110
Fatima Yusuf,Ministry of Health,307379,5115976083,UBA,BIO_04337,96.99,2021-11-18,EMP_001111
Chinedu Nwankwo,Nigeria Customs Service,102030,5193337781,GTBank,BIO_01227,88.84,2016-12-03,EMP_001112
Amina Mohammed,Ministry of Education,148024,6988879431,First Bank,BIO_06071,85.08,2024-02-23,EMP_001113
Okechukwu Nwosu,Nigeria Customs Service,320376,4703419003,First Bank,BIO_02610,95.07,2018-09-23,EMP_001114
Uchenna Okonkwo,Ministry of Education,101241,1823734233,UBA,BIO_04265,85.77,2020-11-28,EMP_001115
Nnamdi Okafor,Federal Roads Maintenance Agency,435837,6940077674,UBA,BIO_05202,89.21,2021-03-14,EMP_001116
Chiamaka Obiora,Ministry of Water Resources,229567,8663607215,UBA,BIO_04794,94.24,2024-01-10,EMP_001117
Chiamaka Okafor,Ministry of Works,422685,4359492372,UBA,BIO_04696,97.61,2018-03-29,EMP_001118
Chiamaka Onyeka,Ministry of Works,343775,7600359484,Access,BIO_01529,96.22,2018-02-15,EMP_001119
Usman Ibrahim,Ministry of Water Resources,103874,9467317639,GTBank,BIO_01077,92.05,2020-02-26,EMP_001120
Tunde Adeleke,Ministry of Works,332733,6078739679,First Bank,BIO_02776,91.53,2022-09-22,EMP_001121
Fatima Yusuf,Ministry of Works,433288,4726614245,Zenith,BIO_03525,85.69,2020-08-10,EMP_001122
Yemi Adeleke,Civil Service Commission,226970,1624027418,Access,BIO_00617,97.65,2018-10-11,EMP_001123
Fatima Mohammed,Ministry of Agriculture,179345,7358566980,GTBank,BIO_02526,92.01,2022-10-07,EMP_001124
Adaeze Nwankwo,Ministry of Health,440457,8980821859,Zenith,BIO_07824,88.81,2019-01-22,EMP_001125
Zainab Umar,Federal Roads Maintenance Agency,445555,8743561781,First Bank,,99.9,2026-04-12,EMP_001126
Kemi Williams,Ministry of Water Resources,349343,7489555223,Access,BIO_07468,96.77,2021-02-27,EMP_001127
Chioma Okafor,Ministry of Works,268948,2304438237,UBA,BIO_08744,88.1,2017-01-06,EMP_001128
Bola Ogunlesi,Ministry of Finance,377584,9121345812,First Bank,BIO_02591,90.64,2017-04-27,EMP_001129
Yemi Williams,Civil Service Commission,297897,1315049367,GTBank,BIO_01579,97.66,2017-06-17,EMP_001130
Chioma Ani,Ministry of Finance,184624,6318327155,First Bank,BIO_02315,85.5,2021-12-10,EMP_001131
Chioma Eze,Ministry of Health,228587,7863247559,First Bank,BIO_04526,89.78,2018-11-01,EMP_001132
Tayo Adebayo,Ministry of Education,141236,1558402620,Access,,99.9,2024-10-13,EMP_001133
Kemi Oyedepo,Ministry of Health,338131,2698760373,First Bank,BIO_05232,86.51,2020-04-30,EMP_001134
Adaeze Nwosu,Nigeria Customs Service,104418,7871543476,Access,BIO_00655,97.03,2025-02-22,EMP_001135
Ade Adeleke,Ministry of Health,187647,4605604131,GTBank,BIO_02485,94.37,2023-01-08,EMP_001136
Chioma Okonkwo,Nigeria Customs Service,280032,2489190845,GTBank,BIO_00624,92.32,2017-04-01,EMP_001137
Kemi Adeyemi,Federal Roads Maintenance Agency,489705,7725769102,Access,BIO_06136,93.13,2021-06-27,EMP_001138
Aisha Suleiman,Ministry of Education,87166,9240680714,UBA,,99.9,2025-08-16,EMP_001139
Tayo Ogunlesi,Ministry of Works,214712,1042462051,Access,BIO_04847,89.39,2020-12-16,EMP_001140
Ibrahim Suleiman,Federal Roads Maintenance Agency,127601,8229995326,Zenith,BIO_02091,86.78,2019-01-10,EMP_001141
Chiamaka Okafor,Ministry of Power,92783,5386633066,First Bank,BIO_08777,97.24,2023-07-17,EMP_001142
Kemi Williams,Ministry of Agriculture,210486,4776333439,First Bank,BIO_01801,85.22,2019-03-27,EMP_001143
Abubakar Yusuf,Civil Service Commission,392050,8175840347,First Bank,BIO_04136,95.33,2021-04-23,EMP_001144
Zainab Ahmad,Civil Service Commission,104304,2407989200,Zenith,BIO_05540,94.76,2020-05-24,EMP_001145
Usman Ahmad,Ministry of Power,455137,5198848458,Zenith,BIO_01369,90.16,2017-11-06,EMP_001146
Ade Williams,Ministry of Agriculture,262188,4244723867,UBA,BIO_00232,90.74,2023-03-12,EMP_001147
Tayo Adeleke,Ministry of Agriculture,276925,2556144068,Zenith,BIO_03161,91.3,2022-01-13,EMP_001148
Nnamdi Obiora,Ministry of Education,464553,6866446103,Zenith,BIO_02576,91.26,2024-09-12,EMP_001149
Nnamdi Ani,Ministry of Finance,286793,8808710145,Zenith,BIO_04567,90.99,2018-10-02,EMP_001150
Zainab Suleiman,Ministry of Power,497950,1322863485,Zenith,BIO_04355,95.72,2016-08-25,EMP_001151
Chioma Nwosu,Ministry of Agriculture,147579,7853576265,Zenith,BIO_04937,91.83,2020-02-11,EMP_001152
Femi Oyedepo,Nigeria Customs Service,182515,7091607350,Access,,99.9,2024-11-12,EMP_001153
Chioma Nwosu,Ministry of Works,412340,2231042532,Zenith,BIO_06221,94.22,2022-01-27,EMP_001154
Chiamaka Nwankwo,Ministry of Water Resources,481888,1435324102,Zenith,,99.9,2024-08-21,EMP_001155
Abubakar Yusuf,Nigeria Customs Service,490092,4609907084,GTBank,BIO_07336,87.15,2017-09-08,EMP_001156
Okechukwu Ani,Ministry of Agriculture,106764,5825220465,Access,BIO_08076,89.41,2018-06-28,EMP_001157
Abubakar Suleiman,Ministry of Power,489484,6312343879,UBA,BIO_00085,87.24,2019-09-11,EMP_001158
Bola Adebayo,Ministry of Agriculture,353156,3148126048,First Bank,BIO_08977,90.48,2017-07-12,EMP_001159
Fatima Mohammed,Civil Service Commission,291436,9400039783,Zenith,BIO_05700,95.86,2024-08-16,EMP_001160
Adaeze Nwosu,Ministry of Works,163205,1224793765,Access,BIO_01730,89.35,2021-05-08,EMP_001161
Ibrahim Yusuf,Ministry of Health,372102,9407907698,GTBank,BIO_07997,89.61,2022-09-26,EMP_001162
Nnamdi Nwankwo,Ministry of Water Resources,433549,1769145421,First Bank,BIO_05975,94.32,2023-01-08,EMP_001163
Nnamdi Eze,Ministry of Water Resources,268271,2239640298,Access,BIO_00949,93.69,2023-05-27,EMP_001164
Fatima Mohammed,Ministry of Finance,248272,9098324642,First Bank,BIO_05598,86.76,2024-07-01,EMP_001165
Uchenna Obiora,Ministry of Health,234922,7584995865,Access,BIO_00464,92.89,2017-09-27,EMP_001166
Amina Umar,Ministry of Power,132719,9528504367,Access,BIO_06378,93.47,2024-12-05,EMP_001167
Tunde Adeyemi,Ministry of Education,148446,4114173160,Access,BIO_01764,93.56,2016-11-29,EMP_001168
Uchenna Okafor,Ministry of Works,413062,9487504924,First Bank,BIO_05153,91.94,2022-04-13,EMP_001169
Hassan Umar,Ministry of Water Resources,93360,4518337844,Zenith,BIO_01440,91.22,2025-01-25,EMP_001170
Uchenna Nwosu,Ministry of Power,183073,6118990002,GTBank,BIO_04087,95.42,2023-09-08,EMP_001171
Chinedu Eze,Civil Service Commission,171701,5586517554,GTBank,BIO_06909,90.92,2018-02-19,EMP_001172
Zainab Suleiman,Ministry of Finance,309841,7437068004,GTBank,BIO_57853,99.62,2018-09-28,EMP_001173
Okechukwu Okafor,Ministry of Education,286702,6372099084,GTBank,BIO_00195,85.69,2016-05-16,EMP_001174
Abubakar Ahmad,Ministry of Finance,1419658,5475676096,GTBank,BIO_46407,85.51,2026-03-25,EMP_001175
Fatima Mohammed,Ministry of Health,89697,1042966590,Zenith,BIO_02194,89.89,2024-11-27,EMP_001176
Abubakar Mohammed,Ministry of Finance,486324,9527748000,GTBank,BIO_08854,90.88,2024-12-01,EMP_001177
Chukwu Nwosu,Ministry of Finance,326151,3994257783,GTBank,BIO_01668,87.03,2016-10-07,EMP_001178
Aisha Musa,Ministry of Water Resources,263831,5062776754,Zenith,BIO_05736,97.59,2023-05-13,EMP_001179
Bola Adeleke,Civil Service Commission,278314,2527328713,UBA,BIO_04757,96.78,2021-08-03,EMP_001180
Adaeze Ani,Ministry of Power,243521,2047046745,Access,BIO_01849,96.97,2016-12-22,EMP_001181
Amina Ibrahim,Ministry of Works,283463,9150319790,UBA,BIO_04038,85.25,2019-11-26,EMP_001182
Yemi Oyedepo,Ministry of Health,338395,3897192557,GTBank,BIO_01773,91.3,2022-05-22,EMP_001183
Kemi Adebayo,Ministry of Power,342156,9347288465,UBA,BIO_05415,91.63,2025-04-06,EMP_001184
Usman Musa,Ministry of Water Resources,99097,3933493004,First Bank,BIO_02852,97.58,2024-06-28,EMP_001185
Amina Musa,Ministry of Health,296129,1801192617,UBA,BIO_05842,95.28,2023-01-15,EMP_001186
Usman Mohammed,Civil Service Commission,437108,3834377462,First Bank,BIO_02484,95.09,2022-06-03,EMP_001187
Tayo Oyedepo,Ministry of Health,85024,1070532600,Zenith,,99.9,2024-10-25,EMP_001188
Kemi Adeleke,Nigeria Customs Service,311861,7300596306,UBA,BIO_07062,95.45,2018-07-15,EMP_001189
Tunde Williams,Ministry of Works,237369,3291264824,UBA,BIO_01499,95.32,2019-04-03,EMP_001190
Chioma Nwankwo,Civil Service Commission,300787,1004935288,First Bank,BIO_03113,97.8,2017-10-18,EMP_001191
Uchenna Nwankwo,Ministry of Finance,420088,2640096393,UBA,BIO_04118,91.96,2020-07-05,EMP_001192
Fatima Musa,Ministry of Health,85687,5054883350,UBA,BIO_02111,96.66,2022-05-01,EMP_001193
Kemi Adeleke,Nigeria Customs Service,365151,6500661128,GTBank,BIO_01047,86.82,2019-03-19,EMP_001194
Yemi Adebayo,Ministry of Power,129832,1078106596,Zenith,BIO_00556,97.26,2023-06-28,EMP_001195
Zainab Mohammed,Civil Service Commission,384344,6946577396,Zenith,BIO_05596,91.6,2016-07-07,EMP_001196
Adaeze Eze,Ministry of Power,400821,3385271391,First Bank,BIO_06230,86.7,2016-08-13,EMP_001197
Fatima Suleiman,Ministry of Finance,387048,3371249867,Zenith,,99.9,2025-05-08,EMP_001198
Ade Oyedepo,Ministry of Finance,344903,6753128646,GTBank,BIO_01515,90.63,2016-12-16,EMP_001199
Okechukwu Eze,Civil Service Commission,142516,8903067965,First Bank,BIO_04673,96.84,2021-03-18,EMP_001200
Ibrahim Ibrahim,Ministry of Works,275501,9057998939,UBA,BIO_05718,88.33,2024-07-30,EMP_001201
Fatima Umar,Ministry of Power,333090,4451969712,Access,BIO_03546,91.18,2018-05-06,EMP_001202
Usman Mohammed,Federal Roads Maintenance Agency,90421,6090581589,UBA,BIO_01092,96.07,2023-04-01,EMP_001203
Tayo Adebayo,Ministry of Finance,272531,1664940960,UBA,BIO_03111,93.98,2022-02-20,EMP_001204
Chinedu Onyeka,Ministry of Health,350524,1399915229,Access,BIO_03922,93.53,2021-02-04,EMP_001205
Amina Yusuf,Civil Service Commission,294603,5179916216,Zenith,BIO_04454,92.69,2019-08-18,EMP_001206
Abubakar Ibrahim,Ministry of Finance,145236,2399257841,UBA,BIO_08702,93.14,2023-12-06,EMP_001207
Yemi Adeyemi,Ministry of Finance,285965,5457180207,UBA,BIO_03547,88.75,2019-07-31,EMP_001208
Ade Oyedepo,Ministry of Water Resources,373532,1298254196,UBA,BIO_03639,87.72,2023-07-24,EMP_001209
Zainab Suleiman,Nigeria Customs Service,235872,4546762498,First Bank,BIO_01206,96.2,2018-07-10,EMP_001210
Aisha Musa,Ministry of Finance,193536,2091863541,UBA,BIO_04613,91.16,2017-03-17,EMP_001211
Tunde Oyedepo,Federal Roads Maintenance Agency,332100,3280869332,GTBank,BIO_02810,86.88,2024-01-25,EMP_001212
Femi Williams,Ministry of Education,402868,7054288005,Zenith,BIO_08485,87.88,2025-04-23,EMP_001213
Femi Adeyemi,Federal Roads Maintenance Agency,442542,5347988444,Access,BIO_01512,88.08,2020-12-04,EMP_001214
Adaeze Nwankwo,Civil Service Commission,386059,8340988784,First Bank,BIO_04957,95.76,2019-10-19,EMP_001215
Uchenna Eze,Ministry of Power,208831,9449942187,Access,BIO_08745,94.64,2023-09-05,EMP_001216
Ibrahim Umar,Federal Roads Maintenance Agency,284548,3846013594,Zenith,BIO_06462,87.26,2024-06-14,EMP_001217
Ibrahim Musa,Federal Roads Maintenance Agency,155732,8639034737,UBA,BIO_04406,95.11,2025-02-14,EMP_001218
Fatima Umar,Nigeria Customs Service,256787,7230969313,First Bank,BIO_02008,89.75,2018-11-07,EMP_001219
Yemi Adebayo,Ministry of Education,114431,5230902314,First Bank,,99.9,2026-05-10,EMP_001220
Chukwu Eze,Ministry of Finance,156380,7105581832,GTBank,BIO_04571,93.68,2017-10-04,EMP_001221
Tunde Williams,Federal Roads Maintenance Agency,492837,1149876850,UBA,BIO_04158,85.97,2016-11-04,EMP_001222
Dele Adeleke,Nigeria Customs Service,236959,7955977738,UBA,BIO_02662,93.28,2019-10-20,EMP_001223
Aisha Yusuf,Ministry of Agriculture,146284,9727797606,Access,BIO_02071,90.19,2016-06-11,EMP_001224
Yemi Ogunlesi,Ministry of Power,231989,3137623525,UBA,BIO_07136,91.83,2019-04-25,EMP_001225
Chiamaka Onyeka,Ministry of Power,354243,1833766703,Zenith,BIO_09099,97.05,2023-07-26,EMP_001226
Aisha Umar,Federal Roads Maintenance Agency,403143,7167344462,First Bank,BIO_04035,93.68,2022-10-24,EMP_001227
Femi Adeyemi,Federal Roads Maintenance Agency,304900,4644319526,Zenith,BIO_05713,88.24,2025-01-24,EMP_001228
Hassan Yusuf,Civil Service Commission,264777,5086966938,UBA,BIO_07097,96.21,2017-04-15,EMP_001229
Fatima Ahmad,Ministry of Finance,131838,3925776116,GTBank,BIO_05344,85.33,2017-02-13,EMP_001230
Femi Ogunlesi,Ministry of Finance,106968,7306063679,UBA,BIO_00927,88.27,2020-09-09,EMP_001231
Chinedu Obiora,Nigeria Customs Service,210905,1117618734,UBA,BIO_08964,88.7,2020-07-15,EMP_001232
Usman Ibrahim,Civil Service Commission,196952,9878216691,Access,BIO_08086,97.64,2016-11-21,EMP_001233
Uchenna Eze,Civil Service Commission,297302,6737846462,First Bank,BIO_01413,85.4,2016-09-22,EMP_001234
Ade Adeleke,Ministry of Finance,376296,3515080601,GTBank,BIO_05237,88.67,2020-04-29,EMP_001235
Chinedu Nwankwo,Ministry of Finance,316592,6778948785,GTBank,BIO_04785,87.01,2024-11-04,EMP_001236
Yemi Adeyemi,Nigeria Customs Service,287359,9458517675,Access,BIO_04433,97.43,2022-05-18,EMP_001237
Aisha Musa,Ministry of Power,365444,2514318869,Access,BIO_00277,87.23,2021-11-19,EMP_001238
Chinedu Nwankwo,Ministry of Power,164661,7995359935,First Bank,BIO_02604,87.84,2023-01-12,EMP_001239
Adaeze Okonkwo,Ministry of Works,444183,5791247291,Zenith,BIO_08676,88.21,2021-12-19,EMP_001240
Kemi Adeleke,Ministry of Water Resources,342723,8196002528,Access,,99.9,2024-09-28,EMP_001241
Hassan Yusuf,Ministry of Works,165398,7368852272,First Bank,BIO_04994,94.55,2016-09-22,EMP_001242
Dele Adebayo,Ministry of Power,390501,5535101772,Access,BIO_00774,87.23,2018-04-28,EMP_001243
Chioma Eze,Ministry of Water Resources,225422,9989682329,Zenith,BIO_00026,89.39,2017-01-30,EMP_001244
Ibrahim Suleiman,Nigeria Customs Service,143284,3668585425,UBA,BIO_03236,85.95,2021-08-05,EMP_001245
Chinedu Nwankwo,Ministry of Health,459630,5717129230,UBA,BIO_08311,96.75,2025-03-20,EMP_001246
Fatima Musa,Ministry of Health,246314,2930206863,Zenith,BIO_07550,93.45,2016-11-27,EMP_001247
Nnamdi Ani,Ministry of Finance,346005,2779973431,Access,BIO_06476,97.08,2016-07-23,EMP_001248
Chiamaka Eze,Ministry of Agriculture,298547,1184634121,Zenith,BIO_05174,86.09,2019-10-13,EMP_001249
Hassan Ibrahim,Ministry of Health,95681,6665773546,UBA,BIO_07145,93.45,2022-10-20,EMP_001250
Fatima Suleiman,Civil Service Commission,485821,8197418639,Zenith,BIO_44511,99.03,2022-09-12,EMP_001251
Tayo Ogunlesi,Ministry of Finance,217275,5082501177,GTBank,BIO_01384,86.05,2017-03-12,EMP_001252
Yemi Ogunlesi,Ministry of Agriculture,332962,7568217914,Access,BIO_07940,97.18,2020-10-28,EMP_001253
Tayo Williams,Ministry of Power,126782,5593121128,Zenith,BIO_04148,96.22,2019-09-06,EMP_001254
Zainab Suleiman,Ministry of Water Resources,487090,9124417340,Access,,99.9,2024-06-22,EMP_001255
Okechukwu Nwankwo,Federal Roads Maintenance Agency,234636,5593793293,First Bank,BIO_05207,88.78,2023-03-03,EMP_001256
Tayo Adebayo,Ministry of Agriculture,403977,8388927759,Access,BIO_05258,87.87,2021-07-06,EMP_001257
Femi Adeyemi,Ministry of Education,156446,2143103844,GTBank,BIO_03988,92.45,2021-11-24,EMP_001258
Chinedu Onyeka,Federal Roads Maintenance Agency,114140,6179145921,Zenith,BIO_00588,95.4,2019-08-12,EMP_001259
Chioma Ani,Ministry of Education,267047,9052467460,GTBank,BIO_02570,95.24,2017-03-23,EMP_001260
Chiamaka Ani,Federal Roads Maintenance Agency,112119,2671345455,UBA,BIO_05715,85.32,2024-11-13,EMP_001261
Abubakar Mohammed,Civil Service Commission,231168,7905433882,UBA,BIO_07651,93.23,2025-01-06,EMP_001262
Abubakar Yusuf,Ministry of Agriculture,199314,3542584165,UBA,BIO_11469,98.89,2020-08-12,EMP_001263
Fatima Suleiman,Ministry of Water Resources,265198,1069557167,Zenith,BIO_03752,87.88,2024-07-15,EMP_001264
Chiamaka Okafor,Nigeria Customs Service,471449,8652840011,Zenith,BIO_02910,91.44,2019-05-22,EMP_001265
Chiamaka Nwankwo,Ministry of Works,341297,5225824427,Zenith,BIO_07174,92.56,2016-10-01,EMP_001266
Chukwu Okafor,Ministry of Health,210544,6461662271,Access,BIO_04046,91.07,2023-11-11,EMP_001267
Usman Suleiman,Ministry of Water Resources,444490,2914236254,UBA,BIO_00390,88.88,2020-03-26,EMP_001268
Tayo Adebayo,Federal Roads Maintenance Agency,431041,5358216654,Access,BIO_03188,89.31,2022-07-13,EMP_001269
Tunde Oyedepo,Nigeria Customs Service,245797,3704144787,GTBank,BIO_01538,95.82,2021-09-03,EMP_001270
Ade Adebayo,Ministry of Education,386464,8033718489,UBA,BIO_02940,93.77,2023-05-29,EMP_001271
Kemi Williams,Ministry of Agriculture,392103,1275974004,GTBank,BIO_01266,91.39,2020-06-29,EMP_001272
Chiamaka Okonkwo,Ministry of Health,219967,3278163412,UBA,BIO_01415,93.67,2025-04-30,EMP_001273
Chiamaka Obiora,Federal Roads Maintenance Agency,109956,8052719019,Zenith,BIO_06714,86.68,2018-10-30,EMP_001274
Bola Williams,Federal Roads Maintenance Agency,138576,4103584958,GTBank,BIO_07364,85.49,2020-08-21,EMP_001275
Adaeze Eze,Ministry of Works,464304,6502466072,Zenith,BIO_01890,95.89,2022-04-21,EMP_001276
Dele Oyedepo,Ministry of Power,493011,4706502090,Access,BIO_01359,92.84,2020-10-30,EMP_001277
Zainab Musa,Ministry of Power,314710,6533242532,Access,BIO_02452,89.41,2020-03-25,EMP_001278
Nnamdi Nwankwo,Ministry of Health,235975,4490989316,UBA,BIO_06273,90.3,2018-04-16,EMP_001279
Abubakar Suleiman,Nigeria Customs Service,264564,7972567082,UBA,BIO_07038,88.92,2024-06-13,EMP_001280
Chukwu Nwankwo,Ministry of Water Resources,190506,1106320557,Zenith,BIO_02388,95.18,2017-10-05,EMP_001281
Adaeze Nwosu,Civil Service Commission,477453,6991331588,GTBank,BIO_03366,96.96,2019-08-04,EMP_001282
Aisha Ibrahim,Ministry of Agriculture,104365,5358865985,UBA,BIO_08495,97.31,2018-08-24,EMP_001283
Bola Williams,Ministry of Finance,131889,5515020472,GTBank,BIO_00005,97.39,2024-08-22,EMP_001284
Bola Oyedepo,Civil Service Commission,278439,2752829580,First Bank,BIO_04251,85.38,2020-03-18,EMP_001285
Fatima Suleiman,Ministry of Water Resources,168412,4818148652,Zenith,BIO_06283,85.47,2019-12-10,EMP_001286
Amina Musa,Ministry of Finance,428770,9920903537,GTBank,BIO_01150,93.85,2017-05-07,EMP_001287
Usman Mohammed,Federal Roads Maintenance Agency,477337,1629948651,Zenith,BIO_03990,96.67,2022-09-01,EMP_001288
Chinedu Okonkwo,Federal Roads Maintenance Agency,168914,8554497747,Zenith,BIO_08880,96.07,2017-05-14,EMP_001289
Nnamdi Ani,Federal Roads Maintenance Agency,139952,4547645475,GTBank,BIO_03459,94.34,2024-12-17,EMP_001290
Tunde Adeleke,Federal Roads Maintenance Agency,348004,4550999848,Zenith,BIO_99205,97.3,2020-11-22,EMP_001291
Okechukwu Nwosu,Nigeria Customs Service,471526,9803376094,Zenith,BIO_08039,93.3,2019-08-27,EMP_001292
Ibrahim Ahmad,Ministry of Education,397434,2237506763,GTBank,BIO_08225,96.54,2023-01-08,EMP_001293
Abubakar Suleiman,Nigeria Customs Service,485789,1759751773,First Bank,BIO_03597,96.85,2024-01-21,EMP_001294
Nnamdi Okonkwo,Ministry of Works,464144,9700317682,First Bank,BIO_08523,93.92,2021-02-26,EMP_001295
Nnamdi Okafor,Ministry of Education,477020,7027220042,UBA,BIO_00733,92.07,2017-12-31,EMP_001296
Chinedu Onyeka,Ministry of Works,496784,8818491454,First Bank,BIO_06687,92.26,2019-07-14,EMP_001297
Okechukwu Nwankwo,Ministry of Health,311169,1844609423,Zenith,BIO_05154,94.02,2025-04-18,EMP_001298
Ade Adeyemi,Ministry of Agriculture,336286,6159217131,UBA,BIO_07348,88.78,2021-03-06,EMP_001299
Zainab Suleiman,Ministry of Power,342515,5224274365,GTBank,BIO_00650,86.38,2022-01-07,EMP_001300
Adaeze Nwosu,Nigeria Customs Service,217939,9215580254,GTBank,BIO_07178,93.11,2021-11-16,EMP_001301
Nnamdi Onyeka,Ministry of Water Resources,346863,7831321888,Access,BIO_05426,85.3,2019-04-09,EMP_001302
Uchenna Okafor,Ministry of Power,343577,3327388351,Access,BIO_01999,86.8,2021-12-04,EMP_001303
Ibrahim Umar,Ministry of Water Resources,407060,6071395324,Access,BIO_02564,89.37,2017-03-28,EMP_001304
Fatima Ahmad,Civil Service Commission,163374,8360557744,GTBank,BIO_07832,87.95,2020-05-12,EMP_001305
Uchenna Obiora,Ministry of Water Resources,398784,7175291394,Zenith,BIO_06766,95.66,2017-11-23,EMP_001306
Tunde Ogunlesi,Ministry of Education,172767,1071595348,UBA,BIO_06470,91.01,2019-03-21,EMP_001307
Aisha Suleiman,Nigeria Customs Service,269127,8350474676,UBA,BIO_03914,92.5,2017-10-11,EMP_001308
Amina Suleiman,Ministry of Works,229551,9313190427,GTBank,BIO_09121,88.73,2022-08-14,EMP_001309
Yemi Adeyemi,Ministry of Education,382473,7516327252,UBA,BIO_08382,89.17,2024-02-12,EMP_001310
Adaeze Nwankwo,Ministry of Power,462583,3679332618,First Bank,BIO_03357,85.93,2023-09-24,EMP_001311
Chioma Okafor,Ministry of Health,464557,7198476316,GTBank,BIO_06997,90.5,2024-07-20,EMP_001312
Abubakar Ahmad,Ministry of Works,346953,9177156192,First Bank,BIO_04008,90.24,2023-12-23,EMP_001313
Fatima Musa,Ministry of Works,418114,8904092344,GTBank,BIO_04076,94.53,2016-08-23,EMP_001314
Ade Adebayo,Ministry of Power,320970,1616175042,GTBank,,99.9,2025-01-22,EMP_001315
Dele Ogunlesi,Ministry of Works,278706,3279184646,UBA,BIO_08299,92.54,2024-05-17,EMP_001316
Ibrahim Musa,Ministry of Finance,459878,8553892534,UBA,BIO_02108,96.14,2025-02-07,EMP_001317
Yemi Williams,Ministry of Finance,112212,1082301386,Access,BIO_01429,87.13,2016-12-14,EMP_001318
Chinedu Onyeka,Ministry of Power,181356,7297292697,GTBank,BIO_06548,97.96,2020-03-14,EMP_001319
Hassan Musa,Ministry of Health,131614,3249897820,GTBank,BIO_04656,94.67,2024-09-02,EMP_001320
Abubakar Umar,Ministry of Health,233240,2697589137,Access,BIO_01936,90.17,2018-04-16,EMP_001321
Ade Adeleke,Federal Roads Maintenance Agency,386240,9455413504,Zenith,BIO_08433,93.97,2024-03-08,EMP_001322
Chioma Okonkwo,Ministry of Education,329966,6682662297,First Bank,BIO_04260,95.16,2023-07-18,EMP_001323
Chioma Okonkwo,Nigeria Customs Service,100143,5847782144,Zenith,BIO_00879,85.08,2020-06-02,EMP_001324
Amina Ahmad,Ministry of Finance,401453,8407981061,First Bank,BIO_08718,89.12,2019-09-08,EMP_001325
Tayo Adeyemi,Ministry of Water Resources,198837,7208951556,Access,BIO_04329,91.11,2020-03-23,EMP_001326
Aisha Umar,Nigeria Customs Service,344105,8382983892,Access,BIO_08922,96.6,2020-07-15,EMP_001327
Yemi Adebayo,Ministry of Agriculture,448124,8982117910,First Bank,BIO_07156,88.16,2022-04-14,EMP_001328
Yemi Ogunlesi,Ministry of Education,343626,9083628885,GTBank,BIO_99205,99.15,2017-03-07,EMP_001329
Nnamdi Okafor,Ministry of Works,426845,3104043834,UBA,BIO_00454,86.48,2022-06-22,EMP_001330
Dele Williams,Ministry of Water Resources,101530,7122356938,GTBank,BIO_01352,85.47,2024-11-20,EMP_001331
Chinedu Eze,Federal Roads Maintenance Agency,494944,6668917362,UBA,BIO_01974,88.88,2020-04-20,EMP_001332
Fatima Mohammed,Civil Service Commission,213953,8631519534,First Bank,BIO_08946,88.1,2019-06-28,EMP_001333
Chiamaka Nwosu,Nigeria Customs Service,170104,1988629706,GTBank,BIO_03187,93.78,2016-07-30,EMP_001334
Okechukwu Onyeka,Ministry of Works,1084060,3258596146,Zenith,BIO_63314,93.5,2025-07-05,EMP_001335
Usman Musa,Ministry of Water Resources,151042,5346388271,Access,BIO_06284,93.53,2024-12-21,EMP_001336
Ade Adeleke,Ministry of Agriculture,407606,2763200738,First Bank,BIO_01946,86.22,2017-12-31,EMP_001337
Adaeze Okafor,Civil Service Commission,289588,2572651460,GTBank,BIO_00969,87.33,2024-05-04,EMP_001338
Uchenna Ani,Ministry of Water Resources,337914,6249417851,Access,BIO_01705,88.14,2017-09-27,EMP_001339
Bola Adebayo,Ministry of Power,125932,7735432663,First Bank,BIO_03148,87.41,2018-02-17,EMP_001340
Amina Ibrahim,Ministry of Water Resources,92022,8254569572,UBA,BIO_02663,85.78,2024-11-23,EMP_001341
Usman Yusuf,Ministry of Finance,389271,7248950148,Access,BIO_04236,93.3,2019-11-19,EMP_001342
Yemi Adebayo,Ministry of Agriculture,426449,7723826905,First Bank,BIO_07292,97.4,2016-08-10,EMP_001343
Ade Williams,Ministry of Works,328910,6935098678,Zenith,BIO_01166,97.4,2016-05-26,EMP_001344
Adaeze Obiora,Ministry of Power,329289,8907235699,Zenith,BIO_18060,98.65,2023-05-08,EMP_001345
Kemi Williams,Ministry of Water Resources,159050,9108381148,First Bank,BIO_01032,90.77,2022-08-18,EMP_001346
Chinedu Ani,Ministry of Agriculture,199016,1036562376,UBA,BIO_01046,89.22,2022-10-03,EMP_001347
Hassan Mohammed,Federal Roads Maintenance Agency,168691,6769765607,GTBank,BIO_05124,89.57,2022-04-04,EMP_001348
Yemi Adeyemi,Ministry of Finance,190431,4432850504,Access,BIO_08219,91.69,2018-01-19,EMP_001349
Ade Adeleke,Ministry of Health,438151,6596362574,GTBank,BIO_04316,97.23,2022-04-13,EMP_001350
Tunde Adebayo,Ministry of Agriculture,274137,4502680495,Zenith,BIO_06577,96.98,2024-03-05,EMP_001351
Yemi Oyedepo,Ministry of Health,405861,4462276557,Access,BIO_06828,95.66,2024-11-01,EMP_001352
Adaeze Eze,Ministry of Power,266138,4788102087,Zenith,BIO_76170,99.24,2022-09-30,EMP_001353
Chinedu Okafor,Nigeria Customs Service,367157,2750627928,Zenith,BIO_01622,92.4,2022-09-24,EMP_001354
Chioma Nwankwo,Ministry of Power,183831,8235275743,UBA,,99.9,2026-01-27,EMP_001355
Ade Adeleke,Ministry of Power,418336,7119396824,Access,BIO_08893,86.92,2023-07-19,EMP_001356
Aisha Mohammed,Nigeria Customs Service,273122,5785875417,GTBank,BIO_04102,85.47,2018-01-25,EMP_001357
Kemi Ogunlesi,Ministry of Power,302772,4378669486,UBA,BIO_07181,96.31,2023-05-16,EMP_001358
Yemi Ogunlesi,Ministry of Education,102535,6934740300,GTBank,BIO_04141,86.55,2018-11-21,EMP_001359
Amina Mohammed,Civil Service Commission,229446,6940127515,UBA,BIO_08968,87.48,2019-07-10,EMP_001360
Tayo Williams,Ministry of Finance,208879,8738216657,Access,BIO_00980,91.35,2023-06-17,EMP_001361
Ade Williams,Nigeria Customs Service,353923,1779508328,UBA,BIO_07968,94.42,2017-03-23,EMP_001362
Zainab Mohammed,Ministry of Works,334355,8079632427,Access,BIO_03929,90.83,2024-01-12,EMP_001363
Yemi Adebayo,Ministry of Education,197531,3442427626,UBA,BIO_02462,86.3,2017-10-14,EMP_001364
Dele Oyedepo,Ministry of Power,295802,5911157457,GTBank,BIO_05964,90.36,2019-05-01,EMP_001365
Chinedu Nwankwo,Federal Roads Maintenance Agency,272305,8651081891,Zenith,BIO_02197,93.29,2021-10-29,EMP_001366
Femi Adeyemi,Ministry of Works,133637,3308452125,GTBank,BIO_06022,93.59,2020-11-17,EMP_001367
Yemi Adeleke,Ministry of Water Resources,198122,7710304896,Zenith,BIO_00518,85.72,2017-10-29,EMP_001368
Dele Adebayo,Ministry of Works,455194,1009930993,First Bank,BIO_02449,93.6,2024-08-15,EMP_001369
Uchenna Nwosu,Civil Service Commission,399575,4399552039,UBA,BIO_08698,88.79,2024-10-27,EMP_001370
Amina Suleiman,Federal Roads Maintenance Agency,247593,9440140982,Zenith,BIO_03027,97.29,2020-12-06,EMP_001371
Dele Adeyemi,Federal Roads Maintenance Agency,349135,6018015873,UBA,BIO_06392,93.11,2024-12-03,EMP_001372
Chiamaka Okonkwo,Nigeria Customs Service,260673,1914401635,UBA,BIO_06484,96.7,2019-12-25,EMP_001373
Uchenna Okonkwo,Ministry of Finance,292943,3654678140,Access,BIO_08979,89.87,2017-03-09,EMP_001374
Kemi Adeyemi,Civil Service Commission,485471,3832569273,Access,BIO_06341,87.08,2019-07-08,EMP_001375
Usman Ahmad,Ministry of Water Resources,399446,4177257551,GTBank,BIO_02557,90.94,2018-02-03,EMP_001376
Adaeze Nwosu,Nigeria Customs Service,403189,4181335794,First Bank,BIO_02918,91.94,2023-12-24,EMP_001377
Fatima Yusuf,Ministry of Works,193071,7340379812,Zenith,BIO_03766,85.83,2021-12-20,EMP_001378
Chinedu Okonkwo,Ministry of Works,197180,8764918640,Access,BIO_04605,92.66,2023-11-17,EMP_001379
Femi Adeleke,Federal Roads Maintenance Agency,465390,9064450801,Access,BIO_03965,86.33,2022-09-13,EMP_001380
Ibrahim Yusuf,Nigeria Customs Service,369712,8870642053,Access,BIO_00344,97.36,2021-10-07,EMP_001381
Yemi Adeleke,Civil Service Commission,365170,3533228517,Access,BIO_02173,87.61,2018-09-17,EMP_001382
Amina Umar,Ministry of Power,374769,8860799884,UBA,BIO_00258,96.19,2018-06-15,EMP_001383
Kemi Williams,Ministry of Agriculture,87206,4829394601,First Bank,BIO_02063,88.01,2017-04-12,EMP_001384
Usman Umar,Ministry of Agriculture,346755,1376890568,UBA,BIO_04197,89.58,2024-03-15,EMP_001385
Usman Ibrahim,Ministry of Education,352063,6057971486,GTBank,BIO_05481,91.6,2021-10-11,EMP_001386
Femi Adebayo,Civil Service Commission,216509,4814974422,First Bank,BIO_06606,90.66,2018-11-21,EMP_001387
Chukwu Obiora,Civil Service Commission,326375,6237355068,UBA,BIO_07260,90.86,2018-09-12,EMP_001388
Ade Williams,Ministry of Finance,405483,5531665956,Access,BIO_00772,85.65,2021-09-25,EMP_001389
Aisha Ibrahim,Ministry of Water Resources,103977,6298423431,Access,BIO_00433,86.89,2017-11-27,EMP_001390
Adaeze Eze,Ministry of Agriculture,384930,8627443716,UBA,BIO_05983,88.01,2021-07-12,EMP_001391
Uchenna Okafor,Federal Roads Maintenance Agency,430614,1195700433,UBA,BIO_00056,92.86,2025-04-18,EMP_001392
Chinedu Ani,Ministry of Finance,260904,3278506728,First Bank,BIO_00274,90.43,2023-11-04,EMP_001393
Aisha Ahmad,Ministry of Health,229899,6427386891,First Bank,BIO_03237,96.79,2018-06-01,EMP_001394
Nnamdi Nwosu,Civil Service Commission,136522,6913876923,Zenith,BIO_03872,97.46,2016-08-28,EMP_001395
Dele Ogunlesi,Ministry of Agriculture,452106,8328692046,First Bank,BIO_09079,91.13,2025-03-07,EMP_001396
Fatima Yusuf,Ministry of Health,431299,3839674245,Zenith,BIO_03142,90.67,2022-04-09,EMP_001397
Nnamdi Onyeka,Ministry of Agriculture,300964,2932455024,GTBank,BIO_04339,92.26,2019-09-06,EMP_001398
Chioma Okafor,Federal Roads Maintenance Agency,229081,1463856562,GTBank,BIO_04079,97.26,2023-12-04,EMP_001399
Bola Adebayo,Ministry of Education,343194,9954112944,Zenith,BIO_06854,93.46,2018-07-22,EMP_001400
Amina Musa,Ministry of Power,485452,1138999123,Access,BIO_03671,93.6,2022-11-28,EMP_001401
Zainab Ibrahim,Federal Roads Maintenance Agency,134005,9855518979,GTBank,BIO_06353,88.98,2023-09-24,EMP_001402
Abubakar Mohammed,Nigeria Customs Service,429386,2088158489,GTBank,BIO_05723,91.82,2021-07-04,EMP_001403
Chioma Obiora,Ministry of Finance,122235,3220761728,First Bank,,99.9,2026-04-29,EMP_001404
Okechukwu Eze,Ministry of Power,184465,7556952303,First Bank,BIO_07212,86.82,2019-04-30,EMP_001405
Tunde Oyedepo,Ministry of Agriculture,205366,8031378275,Zenith,BIO_06578,86.07,2022-06-06,EMP_001406
Aisha Ahmad,Ministry of Health,453054,1147323616,GTBank,BIO_04939,95.02,2018-06-05,EMP_001407
Zainab Musa,Ministry of Agriculture,426277,4597102344,UBA,BIO_03825,85.07,2022-11-08,EMP_001408
Chukwu Okafor,Federal Roads Maintenance Agency,409581,4355456730,UBA,BIO_08430,95.85,2020-09-06,EMP_001409
Nnamdi Nwankwo,Civil Service Commission,449300,2768814808,GTBank,BIO_04860,91.14,2020-04-26,EMP_001410
Nnamdi Obiora,Ministry of Education,316035,8155563233,GTBank,BIO_01838,91.68,2022-05-18,EMP_001411
Abubakar Mohammed,Ministry of Works,300179,9973506630,GTBank,BIO_01336,91.57,2017-05-27,EMP_001412
Ade Oyedepo,Ministry of Education,385953,5378067182,GTBank,,99.9,2025-09-04,EMP_001413
Femi Oyedepo,Ministry of Health,432374,6698243303,Zenith,BIO_04020,85.46,2022-02-11,EMP_001414
Chioma Okafor,Ministry of Health,417855,3091119500,UBA,BIO_00614,92.03,2017-01-16,EMP_001415
Usman Ahmad,Ministry of Power,172904,8009662798,First Bank,BIO_06261,87.27,2019-06-29,EMP_001416
Hassan Musa,Civil Service Commission,293108,7872837318,Zenith,BIO_03191,85.59,2016-11-16,EMP_001417
Abubakar Ahmad,Ministry of Finance,357682,3285134961,First Bank,BIO_02687,90.23,2019-08-10,EMP_001418
Tayo Adeyemi,Ministry of Education,437239,3821390430,GTBank,BIO_03810,86.63,2016-11-26,EMP_001419
Femi Ogunlesi,Ministry of Works,93290,4272701887,Zenith,BIO_02921,89.48,2022-11-02,EMP_001420
Chiamaka Okonkwo,Federal Roads Maintenance Agency,117625,4096994385,Access,BIO_01279,96.89,2019-05-24,EMP_001421
Chukwu Ani,Federal Roads Maintenance Agency,429130,4172069489,Zenith,BIO_04017,96.25,2021-04-13,EMP_001422
Dele Ogunlesi,Nigeria Customs Service,426362,4238348746,GTBank,BIO_01124,86.3,2025-03-19,EMP_001423
Yemi Oyedepo,Nigeria Customs Service,275267,1598691233,UBA,BIO_65246,97.63,2025-02-27,EMP_001424
Zainab Musa,Ministry of Water Resources,373860,9283242918,GTBank,BIO_04745,85.46,2024-10-26,EMP_001425
Ade Ogunlesi,Ministry of Agriculture,209895,3995986944,Zenith,BIO_07705,85.8,2024-05-11,EMP_001426
Uchenna Nwosu,Ministry of Agriculture,329455,6496076246,Access,BIO_06728,86.96,2019-12-25,EMP_001427
Kemi Adeleke,Ministry of Power,367930,1611329926,First Bank,BIO_08455,96.26,2017-01-13,EMP_001428
Yemi Ogunlesi,Ministry of Water Resources,463221,5940398117,Zenith,,99.9,2024-11-19,EMP_001429
Femi Adeleke,Ministry of Power,234506,6796222056,First Bank,BIO_06005,92.39,2016-12-11,EMP_001430
Bola Adeyemi,Federal Roads Maintenance Agency,124730,2006743443,GTBank,BIO_02196,95.7,2022-02-13,EMP_001431
Zainab Musa,Federal Roads Maintenance Agency,464999,8069980386,UBA,BIO_05162,89.11,2017-06-16,EMP_001432
Fatima Yusuf,Ministry of Education,350631,3342739202,Access,BIO_08465,94.47,2018-06-01,EMP_001433
Ibrahim Umar,Ministry of Power,283029,4341392297,First Bank,,99.9,2024-10-02,EMP_001434
Chukwu Nwankwo,Ministry of Agriculture,311438,2395665581,Zenith,BIO_01001,90.14,2016-09-28,EMP_001435
Ade Adebayo,Ministry of Education,401698,6431696401,Access,BIO_06932,85.07,2017-04-30,EMP_001436
Dele Ogunlesi,Nigeria Customs Service,375579,2821462430,Zenith,BIO_07844,95.08,2018-05-23,EMP_001437
Chioma Ani,Ministry of Power,109736,3117890847,GTBank,BIO_03010,89.89,2019-10-27,EMP_001438
Uchenna Okonkwo,Nigeria Customs Service,427145,7396747223,First Bank,BIO_04662,91.63,2024-02-01,EMP_001439
Adaeze Okafor,Ministry of Water Resources,449414,4921973094,First Bank,BIO_03791,94.6,2024-03-20,EMP_001440
Hassan Musa,Ministry of Water Resources,474562,7362296781,Zenith,BIO_07335,95.33,2023-05-12,EMP_001441
Ibrahim Mohammed,Nigeria Customs Service,186405,7755945630,Zenith,BIO_03757,88.26,2016-08-06,EMP_001442
Okechukwu Nwankwo,Ministry of Health,130237,9229483973,GTBank,BIO_01328,86.68,2021-08-05,EMP_001443
Tayo Oyedepo,Ministry of Works,447337,7111951194,GTBank,BIO_09132,91.44,2020-01-27,EMP_001444
Fatima Suleiman,Ministry of Works,90630,4917528765,GTBank,BIO_02828,93.44,2021-05-08,EMP_001445
Fatima Umar,Ministry of Power,200097,7056170748,Zenith,BIO_08440,93.77,2023-02-11,EMP_001446
Ibrahim Umar,Ministry of Health,465965,2546515079,Zenith,BIO_04978,97.26,2020-11-05,EMP_001447
Tunde Adebayo,Civil Service Commission,343072,9547774874,Zenith,BIO_03430,92.47,2019-06-08,EMP_001448
Dele Adeleke,Nigeria Customs Service,278759,4094088394,Zenith,,99.9,2025-03-29,EMP_001449
Usman Musa,Ministry of Health,142385,2226733501,UBA,BIO_06655,90.06,2022-06-02,EMP_001450
Dele Williams,Nigeria Customs Service,153236,9221554887,GTBank,BIO_04967,91.09,2024-11-28,EMP_001451
Okechukwu Okonkwo,Federal Roads Maintenance Agency,146157,9348876555,Access,BIO_00938,97.76,2021-04-26,EMP_001452
Tunde Williams,Ministry of Works,206024,6112311679,Zenith,BIO_04906,88.97,2023-04-26,EMP_001453
Dele Adeyemi,Ministry of Power,365898,8079528245,First Bank,BIO_07194,97.81,2023-05-27,EMP_001454
Chinedu Eze,Ministry of Power,408937,4352627644,First Bank,BIO_06203,91.98,2017-09-25,EMP_001455
Fatima Yusuf,Ministry of Agriculture,113084,3820864952,Zenith,BIO_02503,97.33,2016-11-24,EMP_001456
Aisha Ahmad,Federal Roads Maintenance Agency,309305,1670868239,First Bank,BIO_04449,97.26,2023-03-25,EMP_001457
Aisha Ibrahim,Ministry of Power,1311601,6686922480,GTBank,BIO_35657,97.54,2026-03-20,EMP_001458
Bola Oyedepo,Ministry of Finance,386097,5102767533,First Bank,BIO_02358,85.3,2021-06-30,EMP_001459
Chukwu Eze,Ministry of Finance,421092,1690210187,Zenith,BIO_00057,95.54,2022-10-01,EMP_001460
Dele Adeleke,Ministry of Power,431640,7599721066,UBA,BIO_06542,86.29,2022-03-14,EMP_001461
Dele Adebayo,Civil Service Commission,228592,1222576039,UBA,BIO_00803,86.89,2020-01-29,EMP_001462
Yemi Williams,Nigeria Customs Service,195721,8049438041,First Bank,BIO_05856,97.26,2021-12-18,EMP_001463
Fatima Ahmad,Ministry of Works,310183,4666348130,GTBank,BIO_02144,86.76,2019-01-03,EMP_001464
Adaeze Eze,Ministry of Finance,435963,8052946015,GTBank,BIO_07804,92.35,2022-07-27,EMP_001465
Nnamdi Nwankwo,Ministry of Works,117034,8833043198,Access,BIO_03307,96.44,2019-04-10,EMP_001466
Fatima Yusuf,Federal Roads Maintenance Agency,249325,7805276639,GTBank,BIO_07654,90.48,2016-08-13,EMP_001467
Chinedu Okonkwo,Ministry of Education,487615,9635305368,Access,BIO_05978,91.04,2023-08-22,EMP_001468
Kemi Williams,Federal Roads Maintenance Agency,127553,3826338354,GTBank,BIO_07607,85.48,2020-03-22,EMP_001469
Ibrahim Umar,Ministry of Works,182650,5197761995,Zenith,BIO_03989,96.18,2019-04-22,EMP_001470
Femi Adeyemi,Ministry of Agriculture,160449,6513693971,UBA,BIO_02540,90.82,2021-12-03,EMP_001471
Okechukwu Eze,Ministry of Power,96872,1952279856,Zenith,BIO_07349,87.82,2022-10-26,EMP_001472
Nnamdi Nwosu,Ministry of Power,176387,3970498441,GTBank,BIO_08663,87.69,2021-06-17,EMP_001473
Chukwu Onyeka,Ministry of Agriculture,405301,6168810690,GTBank,BIO_00597,86.79,2021-09-06,EMP_001474
Tayo Adebayo,Nigeria Customs Service,168671,9186247719,GTBank,BIO_03238,95.27,2024-10-29,EMP_001475
Ade Oyedepo,Ministry of Works,356647,7680316263,Zenith,BIO_54005,98.88,2019-07-04,EMP_001476
Abubakar Yusuf,Federal Roads Maintenance Agency,374800,4944921354,First Bank,BIO_09045,87.56,2021-02-23,EMP_001477
Aisha Yusuf,Federal Roads Maintenance Agency,180034,2338442686,Access,BIO_07154,90.16,2017-10-11,EMP_001478
Hassan Ahmad,Ministry of Education,95132,2059773995,UBA,BIO_06923,89.36,2018-07-07,EMP_001479
Tayo Adebayo,Ministry of Agriculture,391216,3483542515,First Bank,BIO_00900,95.76,2024-08-18,EMP_001480
Ibrahim Musa,Ministry of Works,173596,7286718746,GTBank,BIO_08148,95.5,2020-04-01,EMP_001481
Chukwu Okafor,Civil Service Commission,141708,2442802206,Access,BIO_08501,97.64,2024-12-17,EMP_001482
Chinedu Nwankwo,Ministry of Health,987555,5109395316,Access,BIO_85084,86.06,2025-07-15,EMP_001483
Nnamdi Okafor,Ministry of Health,190243,1333262003,UBA,BIO_05984,90.71,2025-03-09,EMP_001484
Okechukwu Obiora,Ministry of Water Resources,172871,1298113808,UBA,BIO_03134,89.13,2025-05-12,EMP_001485
Kemi Adeleke,Ministry of Power,245330,8159322642,UBA,BIO_07795,95.2,2023-12-23,EMP_001486
Amina Umar,Ministry of Power,251259,1377434897,Zenith,BIO_05591,90.35,2019-02-15,EMP_001487
Femi Adeyemi,Federal Roads Maintenance Agency,347402,1594032156,GTBank,BIO_02058,97.45,2022-03-24,EMP_001488
Chioma Okonkwo,Ministry of Power,249851,3277350506,Zenith,BIO_00028,87.08,2016-08-08,EMP_001489
Kemi Ogunlesi,Ministry of Power,473757,1851857992,Zenith,BIO_03157,89.01,2018-02-20,EMP_001490
Kemi Williams,Federal Roads Maintenance Agency,922831,3514566415,GTBank,BIO_84276,87.35,2026-04-21,EMP_001491
Chiamaka Eze,Ministry of Power,191586,4937555763,UBA,BIO_02668,90.43,2023-03-18,EMP_001492
Hassan Mohammed,Ministry of Works,377772,5302909023,Access,BIO_01532,94.58,2018-03-26,EMP_001493
Aisha Suleiman,Ministry of Agriculture,220331,6704945054,GTBank,BIO_05296,88.93,2023-12-12,EMP_001494
Zainab Suleiman,Ministry of Agriculture,295724,5326055084,GTBank,BIO_02037,85.92,2020-07-24,EMP_001495
Femi Oyedepo,Ministry of Finance,311646,7646251317,Access,BIO_05862,94.55,2016-06-06,EMP_001496
Adaeze Nwosu,Nigeria Customs Service,367950,2551360501,Access,BIO_03888,90.06,2020-11-04,EMP_001497
Tunde Ogunlesi,Ministry of Works,424614,4844587376,GTBank,BIO_00407,87.25,2022-04-24,EMP_001498
Chiamaka Obiora,Federal Roads Maintenance Agency,328496,9216135350,Zenith,BIO_08561,91.66,2022-04-05,EMP_001499
Tayo Adeleke,Ministry of Works,353513,2536865187,Zenith,BIO_01829,97.42,2021-11-22,EMP_001500
Bola Oyedepo,Ministry of Agriculture,478778,8425095968,First Bank,,99.9,2024-07-28,EMP_001501
Chinedu Okonkwo,Ministry of Finance,192947,2241707528,Zenith,BIO_05410,89.16,2020-05-26,EMP_001502
Hassan Yusuf,Nigeria Customs Service,292526,6739448558,Zenith,BIO_00555,90.46,2019-06-13,EMP_001503
Yemi Adebayo,Ministry of Power,348488,4040605091,Zenith,BIO_00936,94.58,2018-10-31,EMP_001504
Amina Ahmad,Nigeria Customs Service,338611,7076379603,First Bank,BIO_05241,93.88,2017-09-03,EMP_001505
Chinedu Ani,Ministry of Power,198685,8602661218,Zenith,BIO_00444,88.5,2017-11-30,EMP_001506
Femi Adeleke,Ministry of Water Resources,220748,3516246413,GTBank,BIO_02214,92.31,2024-07-03,EMP_001507
Nnamdi Nwankwo,Nigeria Customs Service,164903,4433006723,First Bank,BIO_02060,96.04,2018-01-21,EMP_001508
Kemi Ogunlesi,Federal Roads Maintenance Agency,472462,4936792958,First Bank,BIO_06919,89.02,2025-04-09,EMP_001509
Uchenna Nwosu,Federal Roads Maintenance Agency,174946,5556747402,Access,BIO_06992,92.81,2016-10-09,EMP_001510
Bola Adeleke,Nigeria Customs Service,387584,2823649584,GTBank,BIO_00100,93.55,2017-10-10,EMP_001511
Femi Ogunlesi,Ministry of Works,95400,4045992856,Zenith,BIO_79403,99.54,2024-08-30,EMP_001512
Tayo Ogunlesi,Ministry of Water Resources,142233,2738819709,Access,BIO_05475,95.65,2020-04-07,EMP_001513
Ibrahim Suleiman,Nigeria Customs Service,454637,1275354718,GTBank,BIO_02271,93.51,2018-04-18,EMP_001514
Chiamaka Onyeka,Civil Service Commission,306215,3164566313,Zenith,BIO_01260,92.93,2021-02-28,EMP_001515
Amina Ibrahim,Ministry of Works,346678,9407288978,First Bank,BIO_08151,89.4,2021-12-30,EMP_001516
Amina Musa,Ministry of Education,341558,8545623433,Zenith,BIO_05175,87.98,2020-01-02,EMP_001517
Tunde Oyedepo,Civil Service Commission,133189,4044092276,UBA,BIO_08474,88.86,2016-06-30,EMP_001518
Okechukwu Nwankwo,Ministry of Finance,162587,2233992342,GTBank,,99.9,2025-01-18,EMP_001519
Chioma Onyeka,Ministry of Agriculture,353448,1872923511,First Bank,BIO_05461,92.6,2017-09-06,EMP_001520
Ibrahim Suleiman,Ministry of Education,181327,3492006985,First Bank,BIO_05782,85.21,2019-01-31,EMP_001521
Zainab Umar,Federal Roads Maintenance Agency,412471,3146889184,Access,BIO_02042,96.33,2023-07-17,EMP_001522
Chiamaka Okonkwo,Civil Service Commission,219194,8630978512,Access,,99.9,2025-04-11,EMP_001523
Zainab Mohammed,Nigeria Customs Service,312393,4348491043,GTBank,BIO_05680,87.17,2019-01-19,EMP_001524
Chinedu Onyeka,Ministry of Power,437472,5461549528,UBA,BIO_06383,92.17,2021-06-13,EMP_001525
Adaeze Okonkwo,Ministry of Power,149286,7564405127,GTBank,BIO_03916,93.08,2021-09-25,EMP_001526
Fatima Ibrahim,Ministry of Finance,470834,7501689013,UBA,BIO_77773,99.01,2023-07-02,EMP_001527
Ibrahim Musa,Ministry of Agriculture,403504,5889650471,Access,BIO_07911,85.76,2020-12-02,EMP_001528
Fatima Ibrahim,Ministry of Agriculture,340493,1010170121,UBA,BIO_01640,97.51,2019-04-17,EMP_001529
Femi Williams,Ministry of Water Resources,268867,5634344810,First Bank,BIO_04084,93.96,2024-09-21,EMP_001530
Chioma Nwankwo,Nigeria Customs Service,120931,4591176022,First Bank,BIO_03301,86.21,2021-08-21,EMP_001531
Amina Umar,Ministry of Water Resources,492856,9458105959,Access,BIO_02708,89.4,2018-12-15,EMP_001532
Chinedu Nwosu,Ministry of Health,128789,5051166897,Access,BIO_03587,94.72,2020-03-07,EMP_001533
Tayo Adebayo,Civil Service Commission,111048,7228724651,GTBank,BIO_85164,98.55,2022-05-05,EMP_001534
Zainab Musa,Ministry of Power,417834,7653896709,Access,BIO_04452,96.51,2019-01-29,EMP_001535
Amina Ibrahim,Ministry of Power,441167,3897001179,First Bank,BIO_07950,85.2,2024-11-03,EMP_001536
Chinedu Eze,Ministry of Agriculture,468733,8158222552,Zenith,BIO_08859,97.07,2023-07-08,EMP_001537
Fatima Musa,Ministry of Water Resources,449508,1643001191,Access,BIO_02551,89.14,2021-10-22,EMP_001538
Nnamdi Onyeka,Ministry of Water Resources,156756,7057580925,GTBank,BIO_01306,85.2,2017-12-10,EMP_001539
Hassan Suleiman,Federal Roads Maintenance Agency,232737,1941834799,Zenith,BIO_03039,96.91,2021-08-10,EMP_001540
Yemi Oyedepo,Nigeria Customs Service,279004,5652492960,UBA,BIO_01503,85.9,2019-05-30,EMP_001541
Femi Williams,Civil Service Commission,488335,4857856393,Access,BIO_00750,91.44,2022-05-25,EMP_001542
Femi Adebayo,Ministry of Health,249945,5365980323,Access,BIO_03553,92.7,2022-09-10,EMP_001543
Kemi Williams,Ministry of Finance,193621,6956712387,Zenith,BIO_00398,90.54,2024-02-20,EMP_001544
Zainab Mohammed,Nigeria Customs Service,401201,1844091457,UBA,BIO_07406,90.22,2025-04-07,EMP_001545
Nnamdi Onyeka,Ministry of Health,159687,6381815273,Zenith,BIO_04609,93.94,2021-10-10,EMP_001546
Dele Adeleke,Ministry of Finance,380132,4254623743,First Bank,BIO_03667,95.36,2020-10-08,EMP_001547
Nnamdi Nwosu,Ministry of Water Resources,246289,7111191151,Zenith,BIO_05860,95.87,2023-11-17,EMP_001548
Chinedu Okonkwo,Ministry of Agriculture,288491,8605294515,UBA,BIO_06056,95.7,2016-05-31,EMP_001549
Nnamdi Eze,Ministry of Health,130736,2748101497,GTBank,BIO_00855,90.22,2018-02-14,EMP_001550
Usman Ibrahim,Ministry of Power,191198,1210119745,Access,BIO_05231,86.33,2022-12-10,EMP_001551
Hassan Ibrahim,Ministry of Agriculture,490818,3518440403,UBA,BIO_02417,94.11,2023-04-26,EMP_001552
Chiamaka Nwankwo,Federal Roads Maintenance Agency,496604,9279449607,UBA,BIO_04734,92.55,2019-11-23,EMP_001553
Femi Oyedepo,Ministry of Water Resources,129709,2261411332,First Bank,BIO_06724,92.91,2018-07-30,EMP_001554
Chinedu Okonkwo,Ministry of Agriculture,308915,7982195152,GTBank,BIO_08649,91.02,2025-02-18,EMP_001555
Amina Suleiman,Ministry of Finance,217948,5844697527,Zenith,BIO_09026,95.63,2018-11-06,EMP_001556
Ade Adeleke,Ministry of Agriculture,335986,9756110470,Access,BIO_24969,97.38,2018-09-29,EMP_001557
Femi Oyedepo,Ministry of Finance,469465,1052534710,Access,BIO_02148,91.41,2021-05-10,EMP_001558
Fatima Mohammed,Ministry of Health,496590,8603065421,Zenith,BIO_02614,92.25,2018-03-12,EMP_001559
Chukwu Nwosu,Ministry of Power,91517,7735304477,First Bank,BIO_03439,88.74,2025-05-06,EMP_001560
Fatima Suleiman,Ministry of Agriculture,210882,7085603869,Zenith,BIO_05297,85.74,2018-01-17,EMP_001561
Adaeze Eze,Ministry of Health,158327,3319548697,First Bank,BIO_02536,93.92,2023-04-21,EMP_001562
Okechukwu Ani,Federal Roads Maintenance Agency,162964,7228136209,First Bank,BIO_00852,92.18,2020-02-08,EMP_001563
Ade Ogunlesi,Federal Roads Maintenance Agency,412526,7385620922,GTBank,BIO_02229,87.62,2025-05-02,EMP_001564
Femi Adeyemi,Ministry of Education,1199461,6997935422,Access,BIO_38317,96.38,2025-07-07,EMP_001565
Tunde Adebayo,Ministry of Finance,233279,4942464076,UBA,BIO_00507,87.57,2019-06-21,EMP_001566
Kemi Adebayo,Ministry of Water Resources,301570,9464066288,Access,,99.9,2024-07-01,EMP_001567
Ade Adeyemi,Federal Roads Maintenance Agency,165988,7396457850,First Bank,BIO_02650,92.63,2024-09-13,EMP_001568
Uchenna Eze,Ministry of Education,407616,2496734917,Zenith,BIO_88461,98.08,2017-06-05,EMP_001569
Usman Ibrahim,Nigeria Customs Service,103297,4919631602,Access,BIO_06910,96.02,2024-05-30,EMP_001570
Ade Williams,Ministry of Power,316779,3584057006,Access,BIO_00164,96.13,2022-03-24,EMP_001571
Dele Ogunlesi,Ministry of Finance,390494,7437068004,GTBank,BIO_80528,98.66,2017-06-26,EMP_001572
Abubakar Musa,Ministry of Works,462572,9287758584,Access,BIO_01003,96.58,2023-11-05,EMP_001573
Kemi Ogunlesi,Federal Roads Maintenance Agency,377187,6814818745,Access,BIO_04325,92.93,2023-12-30,EMP_001574
Okechukwu Nwankwo,Ministry of Water Resources,193669,5025050409,Zenith,BIO_07604,87.26,2018-11-01,EMP_001575
Fatima Umar,Civil Service Commission,90251,6394511342,UBA,BIO_05745,96.34,2020-11-25,EMP_001576
Adaeze Eze,Ministry of Power,156089,5632336276,Zenith,BIO_95827,97.04,2021-10-23,EMP_001577
Chukwu Okafor,Ministry of Works,168205,2370273719,GTBank,BIO_06477,89.12,2016-10-19,EMP_001578
Adaeze Nwosu,Ministry of Finance,80426,9385963915,Zenith,BIO_03873,88.25,2019-01-29,EMP_001579
Tayo Oyedepo,Ministry of Works,324529,8486082297,Zenith,BIO_05404,92.85,2016-12-26,EMP_001580
Ibrahim Ibrahim,Ministry of Works,366483,3744806114,First Bank,BIO_04450,89.77,2018-03-23,EMP_001581
Hassan Ibrahim,Ministry of Education,377372,6549863908,Access,BIO_24969,97.52,2021-01-31,EMP_001582
Abubakar Musa,Ministry of Water Resources,252465,7450263169,First Bank,BIO_08399,89.63,2024-04-03,EMP_001583
Chioma Onyeka,Ministry of Water Resources,390288,6842378783,UBA,BIO_01416,86.24,2018-07-11,EMP_001584
Fatima Umar,Nigeria Customs Service,414041,9683194379,Access,BIO_01099,96.72,2022-05-06,EMP_001585
Ade Oyedepo,Nigeria Customs Service,345684,4651171052,GTBank,BIO_05465,90.97,2019-05-02,EMP_001586
Chinedu Nwosu,Ministry of Education,321407,8924357077,Zenith,BIO_09112,95.42,2023-06-16,EMP_001587
Fatima Mohammed,Ministry of Agriculture,484549,8039579604,First Bank,BIO_07464,86.12,2018-07-16,EMP_001588
Ibrahim Suleiman,Federal Roads Maintenance Agency,158728,1519147486,GTBank,BIO_00027,94.15,2023-07-25,EMP_001589
Kemi Adeyemi,Civil Service Commission,359667,4112499280,First Bank,BIO_01459,93.67,2018-02-03,EMP_001590
Okechukwu Nwosu,Civil Service Commission,246410,1260746825,First Bank,BIO_02067,96.8,2022-11-26,EMP_001591
Femi Williams,Ministry of Works,335437,3423342034,Zenith,BIO_06425,93.67,2019-10-29,EMP_001592
Adaeze Eze,Ministry of Works,465187,7394384286,GTBank,,99.9,2024-08-22,EMP_001593
Chiamaka Nwankwo,Ministry of Health,91792,8257023137,UBA,BIO_04092,90.14,2020-09-14,EMP_001594
Chioma Eze,Ministry of Power,222883,7184736119,First Bank,BIO_00688,89.53,2019-10-09,EMP_001595
Chukwu Eze,Ministry of Finance,249902,4628531088,Zenith,BIO_08340,88.2,2024-09-22,EMP_001596
Chukwu Nwosu,Ministry of Power,422679,9524283420,GTBank,BIO_01511,85.32,2018-01-20,EMP_001597
Fatima Mohammed,Civil Service Commission,489289,6851381636,First Bank,BIO_04235,95.45,2018-10-28,EMP_001598
Ade Oyedepo,Nigeria Customs Service,1080684,9112667959,GTBank,BIO_97025,92.99,2026-03-30,EMP_001599
Ade Adeleke,Ministry of Health,372888,1170182344,UBA,BIO_00233,95.48,2017-06-27,EMP_001600
Tunde Adebayo,Ministry of Power,333780,1354172821,Access,BIO_06796,95.21,2023-05-05,EMP_001601
Yemi Adebayo,Federal Roads Maintenance Agency,230675,6475163441,Access,BIO_02253,88.29,2018-12-08,EMP_001602
Chioma Nwosu,Ministry of Power,116421,1271561104,UBA,,99.9,2026-02-15,EMP_001603
Fatima Musa,Ministry of Works,216542,8421275862,Access,BIO_03379,89.79,2018-03-17,EMP_001604
Yemi Ogunlesi,Ministry of Finance,328643,8250229061,Access,BIO_01268,91.27,2017-03-09,EMP_001605
Uchenna Okonkwo,Ministry of Education,367971,6889339873,Access,BIO_05163,88.18,2016-08-29,EMP_001606
Abubakar Ibrahim,Nigeria Customs Service,470549,6597988249,GTBank,BIO_01711,85.43,2024-08-08,EMP_001607
Chioma Okafor,Federal Roads Maintenance Agency,423598,4038449736,UBA,BIO_00296,91.6,2017-02-17,EMP_001608
Dele Adeleke,Civil Service Commission,168580,6275209228,UBA,BIO_00572,87.13,2018-01-17,EMP_001609
Chinedu Okonkwo,Nigeria Customs Service,448726,3911503036,Access,BIO_03383,92.0,2022-08-02,EMP_001610
Tayo Adebayo,Ministry of Power,430318,9532885427,First Bank,BIO_02483,97.78,2024-10-14,EMP_001611
Usman Mohammed,Ministry of Power,186494,6901219583,First Bank,BIO_08897,96.33,2024-01-03,EMP_001612
Uchenna Nwankwo,Ministry of Finance,267406,7478465829,Zenith,BIO_03960,88.29,2017-03-24,EMP_001613
Chinedu Obiora,Ministry of Agriculture,214805,9217874227,UBA,BIO_08712,89.68,2018-05-09,EMP_001614
Uchenna Okafor,Ministry of Water Resources,350942,6788624206,Zenith,BIO_06554,95.15,2016-08-24,EMP_001615
Chioma Ani,Ministry of Health,421194,8999641580,UBA,BIO_06442,85.08,2022-04-13,EMP_001616
Fatima Suleiman,Ministry of Power,97075,9128758776,Zenith,BIO_01902,88.16,2021-06-11,EMP_001617
Ibrahim Ahmad,Ministry of Education,371125,4485843655,GTBank,BIO_04607,94.56,2023-03-19,EMP_001618
Femi Adeyemi,Ministry of Works,433807,1404149828,First Bank,BIO_02471,90.17,2022-09-09,EMP_001619
Dele Adebayo,Nigeria Customs Service,249780,8240388825,First Bank,BIO_04347,91.46,2023-08-28,EMP_001620
Aisha Ibrahim,Ministry of Works,219279,4045992856,Zenith,BIO_69280,99.1,2018-11-12,EMP_001621
Tayo Adeleke,Ministry of Power,237030,5783872508,GTBank,BIO_08238,86.1,2024-03-26,EMP_001622
Ade Adebayo,Civil Service Commission,256128,9196309669,First Bank,BIO_09058,95.48,2019-05-28,EMP_001623
Dele Adebayo,Federal Roads Maintenance Agency,320754,6505244615,Access,BIO_01361,92.63,2016-05-21,EMP_001624
Dele Adebayo,Nigeria Customs Service,461493,9729281719,Zenith,BIO_08110,91.05,2018-06-24,EMP_001625
Chioma Nwankwo,Ministry of Works,258863,1657103441,Access,BIO_02920,86.49,2017-08-08,EMP_001626
Ade Oyedepo,Ministry of Agriculture,472045,6346313961,First Bank,BIO_08191,86.42,2024-12-09,EMP_001627
Tunde Adeyemi,Nigeria Customs Service,490488,5356027881,Zenith,BIO_07752,89.23,2016-07-10,EMP_001628
Chinedu Nwankwo,Ministry of Works,257704,1781558976,GTBank,BIO_00103,97.29,2016-06-03,EMP_001629
Yemi Oyedepo,Ministry of Finance,84784,1667774522,GTBank,BIO_04476,96.32,2024-01-04,EMP_001630
Amina Mohammed,Ministry of Water Resources,189122,4005908604,GTBank,BIO_07115,85.29,2025-01-16,EMP_001631
Yemi Williams,Civil Service Commission,416959,8738137063,Zenith,BIO_08581,93.09,2023-06-02,EMP_001632
Aisha Suleiman,Ministry of Works,227517,5198905769,UBA,BIO_07964,87.87,2019-11-08,EMP_001633
Dele Williams,Ministry of Works,86636,4392934472,Zenith,BIO_05662,86.51,2019-10-27,EMP_001634
Kemi Adeyemi,Nigeria Customs Service,231445,3013195772,First Bank,BIO_08448,88.97,2016-06-17,EMP_001635
Amina Mohammed,Ministry of Agriculture,265489,7242373924,Zenith,BIO_03140,86.11,2019-10-21,EMP_001636
Chinedu Eze,Ministry of Power,494479,6725926592,First Bank,BIO_04281,90.38,2022-12-18,EMP_001637
Chiamaka Onyeka,Ministry of Agriculture,458849,6086652873,Zenith,BIO_03508,96.43,2017-01-23,EMP_001638
Femi Williams,Ministry of Water Resources,470010,1741207424,UBA,BIO_00895,91.18,2025-01-19,EMP_001639
Amina Musa,Ministry of Power,291370,8248753396,Zenith,BIO_08909,87.44,2024-07-12,EMP_001640
Adaeze Obiora,Ministry of Finance,264297,1663242661,Zenith,BIO_01383,90.06,2021-05-05,EMP_001641
Dele Williams,Federal Roads Maintenance Agency,229819,6677448099,GTBank,BIO_06798,86.31,2020-01-07,EMP_001642
Dele Adeyemi,Ministry of Education,281077,9228605291,Access,BIO_03901,96.65,2018-03-21,EMP_001643
Ibrahim Musa,Ministry of Works,179369,3681764629,GTBank,BIO_02842,88.26,2024-09-19,EMP_001644
Abubakar Mohammed,Ministry of Power,240187,6227875528,First Bank,BIO_01060,89.4,2023-04-18,EMP_001645
Okechukwu Obiora,Ministry of Health,176558,9424299475,UBA,BIO_07314,91.69,2020-03-14,EMP_001646
Tayo Oyedepo,Ministry of Water Resources,228126,5886760617,UBA,BIO_02573,93.51,2019-09-14,EMP_001647
Adaeze Onyeka,Ministry of Water Resources,88194,7320509853,Access,BIO_04687,96.89,2025-03-27,EMP_001648
Zainab Musa,Ministry of Health,329024,6567466658,First Bank,BIO_00604,93.99,2022-10-06,EMP_001649
Chukwu Okonkwo,Ministry of Power,364499,2476530120,Zenith,BIO_06851,89.51,2022-03-23,EMP_001650
Chiamaka Onyeka,Ministry of Water Resources,286164,1165954705,UBA,BIO_04722,94.54,2020-04-02,EMP_001651
Nnamdi Okonkwo,Ministry of Finance,221015,1841658187,Zenith,BIO_01191,96.86,2024-09-20,EMP_001652
Zainab Umar,Civil Service Commission,245864,7757049089,Zenith,BIO_02475,93.98,2024-08-03,EMP_001653
Amina Yusuf,Ministry of Finance,243370,4487416849,Zenith,BIO_08376,87.81,2017-04-15,EMP_001654
Hassan Ibrahim,Civil Service Commission,446074,8103623016,GTBank,BIO_05578,93.64,2022-12-01,EMP_001655
Bola Ogunlesi,Civil Service Commission,422370,2802916956,Access,BIO_07287,89.18,2018-04-25,EMP_001656
Chioma Eze,Ministry of Works,173771,2159089458,Access,BIO_06013,96.07,2022-10-08,EMP_001657
Aisha Ahmad,Ministry of Works,142898,9399044997,First Bank,BIO_03524,96.41,2017-07-06,EMP_001658
Okechukwu Okonkwo,Civil Service Commission,288145,6442413560,GTBank,BIO_07238,89.28,2025-03-29,EMP_001659
Chukwu Eze,Federal Roads Maintenance Agency,293196,4673341526,First Bank,BIO_07075,97.73,2020-06-28,EMP_001660
Chiamaka Ani,Ministry of Education,382660,5032294366,GTBank,BIO_07723,93.54,2024-02-21,EMP_001661
Usman Musa,Civil Service Commission,1391470,8521149700,First Bank,BIO_39450,90.5,2025-05-16,EMP_001662
Ibrahim Umar,Nigeria Customs Service,226579,7601125643,Access,BIO_08498,85.54,2022-07-01,EMP_001663
Zainab Ahmad,Civil Service Commission,86205,6268959381,Access,BIO_03448,92.85,2019-03-12,EMP_001664
Nnamdi Onyeka,Federal Roads Maintenance Agency,92832,6824723440,GTBank,BIO_07809,97.77,2016-10-26,EMP_001665
Fatima Ahmad,Ministry of Power,188783,9055358883,First Bank,BIO_06817,92.65,2023-07-24,EMP_001666
Uchenna Onyeka,Ministry of Power,361627,1752194693,Zenith,BIO_05425,93.47,2019-02-23,EMP_001667
Ade Adeleke,Ministry of Education,152982,2496734917,Zenith,BIO_83329,98.28,2023-01-25,EMP_001668
Ibrahim Yusuf,Nigeria Customs Service,433899,1792311021,GTBank,BIO_08255,90.76,2022-03-01,EMP_001669
Uchenna Okonkwo,Ministry of Water Resources,396402,6349712369,First Bank,BIO_01202,92.74,2022-09-28,EMP_001670
Tayo Oyedepo,Ministry of Works,322256,2695989677,Access,BIO_04159,96.14,2021-10-15,EMP_001671
Aisha Suleiman,Federal Roads Maintenance Agency,169950,2024850841,UBA,,99.9,2026-02-09,EMP_001672
Nnamdi Nwankwo,Ministry of Health,85678,4289865158,GTBank,BIO_05292,89.01,2024-01-28,EMP_001673
Kemi Adebayo,Ministry of Works,497905,4733552389,First Bank,BIO_01858,92.79,2023-02-19,EMP_001674
Aisha Mohammed,Civil Service Commission,396529,6516968219,GTBank,BIO_06429,92.41,2024-04-09,EMP_001675
Chioma Nwosu,Ministry of Health,145818,9216558561,First Bank,BIO_04507,88.47,2021-02-21,EMP_001676
Yemi Adeyemi,Nigeria Customs Service,113080,2128648129,Access,BIO_01148,90.09,2025-02-09,EMP_001677
Okechukwu Okafor,Ministry of Education,418164,3490171421,GTBank,BIO_01197,93.62,2018-03-16,EMP_001678
Usman Musa,Federal Roads Maintenance Agency,266771,7814182890,GTBank,BIO_04963,89.02,2021-01-27,EMP_001679
Femi Adeyemi,Nigeria Customs Service,251087,7393393815,UBA,BIO_06480,87.8,2019-11-03,EMP_001680
Kemi Ogunlesi,Ministry of Health,308616,2820375597,First Bank,BIO_05459,91.48,2023-03-01,EMP_001681
Zainab Mohammed,Civil Service Commission,144547,9225774381,Zenith,BIO_01121,85.68,2021-07-21,EMP_001682
Uchenna Nwosu,Ministry of Works,467345,1824154265,GTBank,BIO_06421,86.16,2016-09-06,EMP_001683
Chioma Nwosu,Ministry of Finance,137230,9453270227,Access,BIO_08184,97.08,2024-05-22,EMP_001684
Uchenna Okafor,Ministry of Power,375083,5213109955,UBA,BIO_07920,96.02,2016-07-06,EMP_001685
Aisha Umar,Ministry of Health,311000,2381585846,First Bank,BIO_05740,92.47,2022-08-07,EMP_001686
Zainab Ibrahim,Ministry of Health,299534,8080369169,Zenith,BIO_06761,92.1,2020-06-07,EMP_001687
Femi Ogunlesi,Ministry of Works,129532,9006518919,Zenith,BIO_05686,87.61,2018-12-12,EMP_001688
Usman Umar,Ministry of Education,258618,1664801002,First Bank,BIO_08760,88.28,2017-01-29,EMP_001689
Ibrahim Musa,Ministry of Health,82091,1942249914,GTBank,BIO_04160,91.61,2024-07-16,EMP_001690
Tunde Oyedepo,Ministry of Education,149362,7363548799,UBA,BIO_05155,96.09,2019-08-29,EMP_001691
Bola Adeyemi,Ministry of Works,212453,3703836092,Zenith,BIO_02845,88.4,2017-08-10,EMP_001692
Tunde Adeyemi,Ministry of Health,250921,1992562466,UBA,BIO_02677,95.11,2020-02-08,EMP_001693
Bola Oyedepo,Ministry of Works,343496,8827552474,GTBank,BIO_03834,88.92,2024-12-20,EMP_001694
Zainab Musa,Ministry of Finance,136013,9443295242,UBA,BIO_00926,85.57,2019-06-09,EMP_001695
Ibrahim Yusuf,Ministry of Health,423936,9853782686,Access,BIO_66067,97.83,2021-08-28,EMP_001696
Chinedu Eze,Nigeria Customs Service,332475,8499111151,Zenith,,99.9,2024-10-23,EMP_001697
Hassan Mohammed,Ministry of Health,346425,4690445394,Access,BIO_04814,96.11,2021-11-14,EMP_001698
Amina Ahmad,Nigeria Customs Service,163940,5612845830,First Bank,BIO_01977,87.63,2016-09-15,EMP_001699
Femi Adeleke,Civil Service Commission,391103,5701444996,First Bank,BIO_08813,93.66,2021-03-31,EMP_001700
Okechukwu Eze,Ministry of Water Resources,174940,7913876217,Zenith,BIO_07522,90.85,2017-01-31,EMP_001701
Chiamaka Obiora,Ministry of Works,173015,6530612107,First Bank,,99.9,2026-02-06,EMP_001702
Zainab Musa,Ministry of Health,424801,8072625548,Zenith,BIO_02150,93.32,2020-09-09,EMP_001703
Chioma Okafor,Ministry of Power,206062,5079082152,First Bank,BIO_04731,95.25,2017-06-24,EMP_001704
Okechukwu Obiora,Ministry of Education,465119,5981395851,First Bank,BIO_00621,92.92,2016-06-07,EMP_001705
Zainab Umar,Nigeria Customs Service,483838,8665960790,Access,BIO_01323,86.83,2017-03-29,EMP_001706
Chinedu Obiora,Ministry of Works,326162,3208108902,First Bank,BIO_06887,87.47,2024-12-29,EMP_001707
Abubakar Musa,Ministry of Health,465698,8145061936,GTBank,BIO_01864,94.2,2017-06-06,EMP_001708
Amina Musa,Nigeria Customs Service,86462,9666613589,GTBank,BIO_00965,86.13,2018-01-06,EMP_001709
Chiamaka Onyeka,Ministry of Water Resources,383924,9857028620,GTBank,BIO_00793,88.18,2020-11-20,EMP_001710
Chiamaka Eze,Ministry of Finance,353358,7792361960,UBA,BIO_00167,87.16,2020-08-03,EMP_001711
Chioma Eze,Ministry of Power,373051,9816080288,Zenith,BIO_00751,89.36,2023-12-30,EMP_001712
Bola Adebayo,Federal Roads Maintenance Agency,226457,2523959345,Zenith,BIO_04702,88.09,2024-09-29,EMP_001713
Ade Oyedepo,Ministry of Works,166148,1561949944,Access,BIO_05751,96.35,2018-03-20,EMP_001714
Aisha Umar,Ministry of Agriculture,232888,7379096367,GTBank,BIO_01365,95.35,2022-02-24,EMP_001715
Yemi Adebayo,Ministry of Works,152013,3155531788,UBA,BIO_06269,96.1,2019-01-02,EMP_001716
Tayo Adebayo,Ministry of Education,309950,3823716959,First Bank,BIO_00929,88.42,2017-06-13,EMP_001717
Yemi Ogunlesi,Federal Roads Maintenance Agency,487932,4215422407,Zenith,BIO_06224,90.14,2019-07-01,EMP_001718
Abubakar Ibrahim,Ministry of Health,370203,4523740939,Access,BIO_04630,90.84,2016-10-05,EMP_001719
Femi Ogunlesi,Nigeria Customs Service,469319,9839411697,Zenith,BIO_05020,85.63,2021-05-25,EMP_001720
Yemi Adebayo,Federal Roads Maintenance Agency,228078,5473010693,UBA,BIO_03622,97.41,2020-08-12,EMP_001721
Aisha Suleiman,Ministry of Finance,195852,8767152892,Zenith,BIO_06814,97.02,2020-04-10,EMP_001722
Ade Williams,Ministry of Power,464420,6790971763,GTBank,BIO_06002,87.45,2020-10-16,EMP_001723
Femi Williams,Ministry of Water Resources,483817,8008805898,First Bank,BIO_01758,93.09,2021-06-20,EMP_001724
Chukwu Nwosu,Ministry of Finance,214311,8641794077,Access,BIO_00329,94.81,2018-10-18,EMP_001725
Zainab Mohammed,Ministry of Power,282059,1138464078,GTBank,BIO_03449,97.95,2021-11-20,EMP_001726
Nnamdi Okafor,Civil Service Commission,89182,4062231180,First Bank,BIO_08856,97.19,2017-11-22,EMP_001727
Zainab Mohammed,Federal Roads Maintenance Agency,385835,3553691106,Zenith,BIO_25990,99.83,2016-12-17,EMP_001728
Chioma Okonkwo,Ministry of Power,128256,2074305437,Zenith,BIO_06669,95.01,2017-12-17,EMP_001729
Abubakar Musa,Ministry of Finance,286532,3314663967,GTBank,BIO_03438,92.56,2022-10-04,EMP_001730
Nnamdi Obiora,Nigeria Customs Service,228772,2009753984,Zenith,BIO_01225,88.92,2020-07-19,EMP_001731
Adaeze Nwankwo,Federal Roads Maintenance Agency,172662,1851175658,Zenith,BIO_03193,93.0,2020-04-06,EMP_001732
Ibrahim Ahmad,Ministry of Power,135736,9726239831,Zenith,BIO_05444,97.47,2025-02-18,EMP_001733
Abubakar Yusuf,Ministry of Finance,96342,1054633344,Zenith,BIO_03470,95.95,2018-04-07,EMP_001734
Aisha Umar,Ministry of Works,135823,8007547543,Zenith,BIO_03759,94.3,2020-02-01,EMP_001735
Adaeze Okafor,Ministry of Water Resources,415792,5284904577,GTBank,BIO_02751,88.78,2020-03-18,EMP_001736
Usman Mohammed,Nigeria Customs Service,363455,2252231562,UBA,,99.9,2025-12-20,EMP_001737
Ibrahim Ibrahim,Ministry of Health,140788,7261333989,Access,BIO_06792,85.24,2025-03-18,EMP_001738
Dele Ogunlesi,Nigeria Customs Service,362202,9843191387,Access,BIO_00546,85.16,2021-02-03,EMP_001739
Ibrahim Musa,Ministry of Works,330499,8879591682,Zenith,BIO_05001,97.6,2023-12-18,EMP_001740
Yemi Williams,Ministry of Agriculture,123570,6002071920,Zenith,BIO_04123,88.88,2020-02-16,EMP_001741
Usman Musa,Ministry of Works,279280,3965985650,GTBank,BIO_08341,92.03,2020-04-16,EMP_001742
Ibrahim Umar,Ministry of Water Resources,226971,1961615778,GTBank,BIO_04132,94.97,2017-01-09,EMP_001743
Chiamaka Eze,Ministry of Agriculture,159718,9830046974,Access,BIO_09017,96.8,2024-10-01,EMP_001744
Okechukwu Nwankwo,Ministry of Health,132487,6848557634,Access,BIO_00837,89.23,2019-10-12,EMP_001745
Kemi Adeleke,Ministry of Finance,430556,6374497907,Access,BIO_05138,94.31,2018-04-28,EMP_001746
Chiamaka Nwankwo,Ministry of Water Resources,148962,9392841124,UBA,BIO_01301,87.27,2020-03-24,EMP_001747
Tunde Adeleke,Nigeria Customs Service,420985,2102789612,UBA,BIO_60024,98.69,2020-02-23,EMP_001748
Chioma Okonkwo,Ministry of Agriculture,323056,1224583328,Access,BIO_03032,97.29,2022-02-19,EMP_001749
Chukwu Ani,Ministry of Agriculture,434953,8388025538,GTBank,BIO_04995,93.93,2020-07-20,EMP_001750
Abubakar Suleiman,Ministry of Agriculture,107269,3376207704,UBA,BIO_02097,97.3,2017-11-29,EMP_001751
Tunde Adeyemi,Federal Roads Maintenance Agency,948046,3519170358,First Bank,BIO_67655,96.99,2026-04-29,EMP_001752
Hassan Umar,Federal Roads Maintenance Agency,170840,6072245375,UBA,BIO_04292,92.11,2017-05-24,EMP_001753
Nnamdi Ani,Ministry of Health,416253,8748858185,UBA,BIO_02123,97.84,2020-01-26,EMP_001754
Amina Ahmad,Ministry of Education,189051,7622901421,Zenith,BIO_08901,85.69,2023-01-10,EMP_001755
Tayo Adeyemi,Ministry of Education,89511,8465016295,Access,BIO_03793,87.71,2019-05-09,EMP_001756
Abubakar Musa,Ministry of Works,278348,5529584172,GTBank,BIO_00111,86.58,2023-07-28,EMP_001757
Hassan Suleiman,Nigeria Customs Service,106267,8466764191,GTBank,BIO_04403,94.48,2017-06-04,EMP_001758
Chinedu Eze,Ministry of Agriculture,256630,6407070880,UBA,BIO_05081,94.3,2021-04-04,EMP_001759
Usman Musa,Ministry of Works,362096,2723079310,Access,BIO_02353,86.61,2016-12-29,EMP_001760
Aisha Ahmad,Ministry of Water Resources,113890,8521222567,UBA,BIO_02363,91.95,2021-11-16,EMP_001761
Kemi Ogunlesi,Federal Roads Maintenance Agency,95355,9060109692,Access,BIO_01667,94.46,2017-07-31,EMP_001762
Tunde Adebayo,Civil Service Commission,124344,8784550605,GTBank,BIO_04495,91.87,2019-08-26,EMP_001763
Kemi Adeyemi,Ministry of Education,251494,6240785650,Access,BIO_01364,87.27,2023-08-19,EMP_001764
Bola Oyedepo,Civil Service Commission,427785,3405909793,First Bank,BIO_07305,91.76,2023-04-15,EMP_001765
Uchenna Okafor,Ministry of Water Resources,220927,2332900689,Zenith,BIO_06161,90.92,2023-05-31,EMP_001766
Ibrahim Ibrahim,Ministry of Health,1154222,5312671854,Access,BIO_32478,97.29,2025-08-29,EMP_001767
Femi Adeyemi,Ministry of Power,388395,3211625678,Access,BIO_06151,97.48,2024-01-31,EMP_001768
Femi Adeyemi,Ministry of Agriculture,401331,6616376257,UBA,BIO_00490,92.35,2024-05-03,EMP_001769
Ibrahim Suleiman,Ministry of Health,176275,1810916018,GTBank,,99.9,2025-09-20,EMP_001770
Nnamdi Ani,Federal Roads Maintenance Agency,448128,4546028618,GTBank,BIO_03422,91.55,2021-01-07,EMP_001771
Adaeze Okafor,Ministry of Power,493921,1109500006,GTBank,BIO_07822,87.87,2020-12-13,EMP_001772
Yemi Williams,Federal Roads Maintenance Agency,237058,4286995107,UBA,BIO_05633,90.39,2021-06-06,EMP_001773
Nnamdi Nwankwo,Ministry of Agriculture,285633,6800817453,Access,BIO_00205,89.1,2017-11-02,EMP_001774
Okechukwu Obiora,Ministry of Water Resources,460059,6758946929,UBA,BIO_04051,94.05,2023-01-26,EMP_001775
Aisha Musa,Ministry of Agriculture,226854,9597793256,Access,BIO_00045,91.79,2018-02-27,EMP_001776
Chiamaka Okafor,Ministry of Water Resources,462788,4455679180,First Bank,BIO_03785,97.81,2020-03-12,EMP_001777
Okechukwu Eze,Ministry of Water Resources,439648,8193220489,GTBank,BIO_01887,87.21,2021-01-30,EMP_001778
Fatima Umar,Federal Roads Maintenance Agency,281693,1425146309,First Bank,BIO_02069,91.59,2023-10-04,EMP_001779
Chinedu Onyeka,Ministry of Works,338607,8485235417,First Bank,BIO_05684,91.5,2020-04-22,EMP_001780
Tayo Williams,Ministry of Education,479385,6710961183,UBA,BIO_03649,89.42,2022-12-03,EMP_001781
Fatima Ibrahim,Ministry of Finance,378242,3529923507,Zenith,BIO_08454,93.2,2023-10-15,EMP_001782
Chioma Okonkwo,Ministry of Water Resources,343779,5879060355,Zenith,BIO_03103,94.73,2016-05-28,EMP_001783
Amina Mohammed,Ministry of Works,414880,6979525920,GTBank,BIO_07440,95.86,2021-07-28,EMP_001784
Bola Oyedepo,Ministry of Works,190619,5398872142,GTBank,BIO_05791,86.72,2020-07-30,EMP_001785
Yemi Adeyemi,Ministry of Finance,472494,1444969122,GTBank,BIO_08478,86.29,2023-04-14,EMP_001786
Chukwu Obiora,Federal Roads Maintenance Agency,212561,8436555276,First Bank,BIO_00163,97.65,2020-03-25,EMP_001787
Abubakar Ahmad,Federal Roads Maintenance Agency,332403,2569349216,Zenith,BIO_07399,89.33,2024-12-19,EMP_001788
Tunde Adeyemi,Nigeria Customs Service,262465,9148155901,Zenith,BIO_05112,94.52,2018-12-20,EMP_001789
Dele Adeyemi,Ministry of Health,355586,5050522405,UBA,BIO_03332,93.28,2018-08-17,EMP_001790
Usman Suleiman,Ministry of Agriculture,186437,3575172761,UBA,BIO_07899,92.05,2020-05-20,EMP_001791
Femi Oyedepo,Ministry of Power,449621,3192207628,First Bank,BIO_08500,88.23,2019-10-29,EMP_001792
Chukwu Ani,Ministry of Water Resources,428846,7405731161,Access,BIO_01819,86.33,2017-05-31,EMP_001793
Zainab Musa,Ministry of Works,465862,8052763683,First Bank,BIO_02854,96.89,2023-12-28,EMP_001794
Femi Ogunlesi,Ministry of Education,495888,8016758341,Zenith,BIO_04647,91.96,2020-02-06,EMP_001795
Yemi Adebayo,Ministry of Works,306085,1852017132,First Bank,BIO_07198,93.71,2019-01-26,EMP_001796
Chukwu Onyeka,Ministry of Works,470082,2616297995,Access,BIO_02826,92.61,2024-03-09,EMP_001797
Tunde Oyedepo,Nigeria Customs Service,318049,8002455944,UBA,BIO_08370,89.83,2022-01-19,EMP_001798
Ibrahim Suleiman,Ministry of Water Resources,398146,4316921421,Access,BIO_07452,94.94,2023-07-13,EMP_001799
Dele Williams,Federal Roads Maintenance Agency,364075,2179115958,Access,BIO_03047,97.01,2021-10-11,EMP_001800
Chinedu Eze,Federal Roads Maintenance Agency,228303,5762068784,UBA,BIO_08303,90.08,2018-05-07,EMP_001801
Ade Adeleke,Civil Service Commission,202393,8003837470,First Bank,BIO_07182,87.62,2023-11-04,EMP_001802
Aisha Umar,Ministry of Agriculture,419853,3138912573,UBA,BIO_02464,86.94,2022-02-27,EMP_001803
Zainab Musa,Ministry of Power,1228013,5377375726,First Bank,BIO_30267,92.04,2026-02-23,EMP_001804
Amina Suleiman,Nigeria Customs Service,182088,2627390279,Access,BIO_02840,87.21,2021-09-29,EMP_001805
Tayo Williams,Ministry of Power,477002,7568685094,Access,BIO_06200,87.56,2016-11-20,EMP_001806
Tayo Adebayo,Ministry of Finance,289468,1861055570,Access,BIO_01959,91.6,2020-07-10,EMP_001807
Dele Williams,Civil Service Commission,302552,2416247206,GTBank,BIO_00181,94.71,2018-02-27,EMP_001808
Zainab Ahmad,Ministry of Agriculture,277929,3050694407,First Bank,BIO_05213,89.16,2021-02-11,EMP_001809
Tunde Adebayo,Federal Roads Maintenance Agency,187376,2427593025,UBA,BIO_05277,85.41,2020-12-04,EMP_001810
Chioma Eze,Ministry of Health,481820,8302267847,Zenith,BIO_04715,95.8,2019-07-22,EMP_001811
Ibrahim Ibrahim,Ministry of Works,170402,4580652545,Access,BIO_05262,96.43,2024-03-10,EMP_001812
Aisha Suleiman,Ministry of Health,259643,7455709997,Zenith,BIO_00693,86.08,2019-09-10,EMP_001813
Amina Musa,Ministry of Power,284861,9021641796,Access,BIO_04535,95.13,2017-03-16,EMP_001814
Amina Mohammed,Ministry of Agriculture,368543,9956417496,Zenith,BIO_03089,86.78,2019-03-21,EMP_001815
Aisha Mohammed,Nigeria Customs Service,146866,4814927080,First Bank,BIO_05361,91.47,2022-09-14,EMP_001816
Abubakar Umar,Ministry of Finance,87280,1593129528,UBA,BIO_01966,88.78,2023-03-02,EMP_001817
Chioma Nwosu,Ministry of Agriculture,478047,3997102737,Zenith,BIO_01274,89.21,2020-01-13,EMP_001818
Bola Williams,Ministry of Agriculture,308174,2794166188,First Bank,BIO_04825,91.65,2019-06-25,EMP_001819
Okechukwu Okonkwo,Ministry of Power,490548,4909411302,First Bank,BIO_05606,93.27,2020-10-05,EMP_001820
Ibrahim Ibrahim,Ministry of Works,210385,8010031844,UBA,BIO_06479,90.39,2016-08-25,EMP_001821
Bola Adeleke,Ministry of Works,390344,6393291762,First Bank,BIO_06362,87.84,2024-03-17,EMP_001822
Yemi Adeleke,Federal Roads Maintenance Agency,179868,8916671633,GTBank,BIO_03285,85.73,2016-10-10,EMP_001823
Adaeze Nwosu,Ministry of Works,464422,5505183996,First Bank,BIO_09108,94.59,2020-01-23,EMP_001824
Tunde Adeyemi,Nigeria Customs Service,259051,6912817192,UBA,BIO_06298,88.02,2025-04-03,EMP_001825
Fatima Musa,Federal Roads Maintenance Agency,309609,2900817255,UBA,BIO_08748,94.32,2021-05-30,EMP_001826
Hassan Umar,Ministry of Agriculture,267148,5335710783,Access,BIO_00406,88.55,2019-04-18,EMP_001827
Tunde Ogunlesi,Ministry of Agriculture,133743,6049651585,Access,BIO_04762,96.29,2020-06-23,EMP_001828
Tayo Ogunlesi,Ministry of Works,156857,4767279153,Zenith,BIO_02154,97.23,2017-05-31,EMP_001829
Abubakar Mohammed,Ministry of Health,395369,6304984160,Access,BIO_05577,88.43,2020-04-03,EMP_001830
Bola Adeyemi,Federal Roads Maintenance Agency,495819,4346781293,First Bank,BIO_01179,89.69,2017-01-22,EMP_001831
Zainab Mohammed,Civil Service Commission,174810,1837995346,First Bank,BIO_07429,86.0,2018-09-03,EMP_001832
Zainab Musa,Ministry of Agriculture,149521,5060741676,First Bank,BIO_01387,97.26,2024-12-01,EMP_001833
Yemi Williams,Ministry of Health,359846,1483980556,Zenith,BIO_08443,88.37,2016-12-08,EMP_001834
Ibrahim Yusuf,Ministry of Agriculture,446369,4356899587,Access,BIO_06898,90.33,2024-10-08,EMP_001835
Chukwu Okafor,Nigeria Customs Service,432052,8288807056,Access,BIO_02259,94.38,2024-06-29,EMP_001836
Ibrahim Yusuf,Ministry of Finance,297893,3984230315,Access,BIO_05851,87.76,2018-09-14,EMP_001837
Kemi Adeleke,Ministry of Agriculture,290729,5748846683,UBA,BIO_05222,95.58,2024-07-28,EMP_001838
Aisha Ibrahim,Ministry of Water Resources,324319,5210248302,Zenith,BIO_01372,92.94,2024-06-02,EMP_001839
Okechukwu Nwosu,Nigeria Customs Service,437047,6505683366,Zenith,BIO_06572,92.77,2020-10-29,EMP_001840
Ibrahim Ahmad,Ministry of Finance,446755,9460043969,Zenith,BIO_02187,92.53,2022-08-23,EMP_001841
Ade Adebayo,Ministry of Power,225783,8476567831,UBA,BIO_00372,97.28,2019-01-28,EMP_001842
Adaeze Ani,Nigeria Customs Service,237563,4180611893,First Bank,BIO_01291,93.07,2019-11-02,EMP_001843
Okechukwu Onyeka,Ministry of Health,112410,2181443082,Access,BIO_46095,99.33,2022-11-17,EMP_001844
Okechukwu Obiora,Ministry of Water Resources,194212,2514353278,First Bank,BIO_00242,94.73,2021-08-20,EMP_001845
Adaeze Eze,Civil Service Commission,103611,3494877592,Access,BIO_08836,89.25,2023-06-07,EMP_001846
Zainab Musa,Ministry of Works,454712,2469431380,Zenith,BIO_07437,89.27,2021-03-23,EMP_001847
Hassan Yusuf,Ministry of Agriculture,156308,5351157175,First Bank,BIO_08412,96.06,2024-04-09,EMP_001848
Tunde Oyedepo,Ministry of Power,454691,1129525469,Access,BIO_00155,89.05,2017-05-13,EMP_001849
Ade Oyedepo,Ministry of Water Resources,109003,4006728164,Access,BIO_02756,91.87,2019-07-11,EMP_001850
Zainab Suleiman,Ministry of Education,122261,6064395195,First Bank,BIO_01408,95.55,2018-01-23,EMP_001851
Chioma Obiora,Ministry of Education,157573,5417114418,UBA,BIO_01598,85.41,2024-01-24,EMP_001852
Chioma Okafor,Ministry of Agriculture,324097,8610212720,GTBank,BIO_00755,85.77,2025-03-12,EMP_001853
Chukwu Okafor,Ministry of Agriculture,449991,2452693149,UBA,BIO_07685,95.66,2019-06-25,EMP_001854
Fatima Umar,Civil Service Commission,167622,7318348711,Access,BIO_04436,92.27,2018-08-15,EMP_001855
Adaeze Obiora,Ministry of Finance,246002,3525849002,GTBank,BIO_08618,94.9,2017-08-08,EMP_001856
Bola Oyedepo,Ministry of Education,306891,6888927922,GTBank,BIO_02659,92.76,2018-04-30,EMP_001857
Tayo Williams,Ministry of Agriculture,178913,8401971311,GTBank,BIO_05654,96.74,2019-06-17,EMP_001858
Yemi Williams,Ministry of Water Resources,263098,7216575571,Zenith,BIO_06875,89.76,2022-02-14,EMP_001859
Aisha Yusuf,Ministry of Health,187472,9871686623,First Bank,BIO_00861,90.67,2018-03-31,EMP_001860
Okechukwu Eze,Ministry of Finance,228633,3097632607,Access,BIO_04473,85.11,2023-09-22,EMP_001861
Ibrahim Suleiman,Ministry of Finance,210596,6402148730,Access,BIO_05236,87.59,2017-01-01,EMP_001862
Amina Mohammed,Nigeria Customs Service,168431,2327054751,UBA,BIO_08929,86.9,2021-01-17,EMP_001863
Kemi Adebayo,Ministry of Power,461517,1144344681,Access,BIO_02764,94.24,2017-09-03,EMP_001864
Kemi Oyedepo,Ministry of Health,272248,8405307654,First Bank,BIO_06848,97.83,2023-01-11,EMP_001865
Usman Suleiman,Ministry of Health,464129,8510232211,UBA,BIO_07565,86.84,2022-09-29,EMP_001866
Usman Ibrahim,Ministry of Power,496276,1276837779,Zenith,BIO_00609,90.41,2025-01-27,EMP_001867
Aisha Yusuf,Ministry of Works,317144,1609132771,Zenith,BIO_07132,92.36,2022-12-07,EMP_001868
Kemi Adeleke,Ministry of Works,128308,9529723970,Access,BIO_05783,88.11,2023-06-02,EMP_001869
Dele Adebayo,Nigeria Customs Service,165780,4760775957,GTBank,BIO_05007,95.41,2024-01-17,EMP_001870
Nnamdi Okonkwo,Ministry of Agriculture,156319,1257799064,Access,,99.9,2026-05-09,EMP_001871
Chinedu Okafor,Ministry of Power,157820,7127805891,Access,BIO_08558,94.85,2020-08-05,EMP_001872
Kemi Adebayo,Ministry of Works,86852,8905891176,UBA,BIO_03967,95.62,2024-10-01,EMP_001873
Hassan Yusuf,Ministry of Water Resources,498708,8107968573,UBA,BIO_01935,90.97,2025-01-02,EMP_001874
Dele Adeyemi,Ministry of Agriculture,346182,9510010059,Access,BIO_08980,96.15,2024-02-11,EMP_001875
Chukwu Nwankwo,Federal Roads Maintenance Agency,330425,3052509758,GTBank,BIO_07806,85.03,2018-12-21,EMP_001876
Okechukwu Onyeka,Nigeria Customs Service,270948,5360467964,First Bank,BIO_05760,85.33,2022-07-24,EMP_001877
Dele Adebayo,Ministry of Health,142209,5820653866,Zenith,BIO_00704,90.65,2018-09-20,EMP_001878
Fatima Ibrahim,Civil Service Commission,143180,7064365647,UBA,BIO_01612,88.99,2016-10-05,EMP_001879
Okechukwu Okafor,Ministry of Water Resources,451781,5215967551,Access,BIO_05658,90.57,2024-09-23,EMP_001880
Zainab Ibrahim,Ministry of Health,212224,6192963211,GTBank,BIO_00892,96.22,2023-02-19,EMP_001881
Kemi Adebayo,Ministry of Finance,387814,9540443303,Access,BIO_00119,89.29,2025-04-12,EMP_001882
Usman Ibrahim,Ministry of Power,473362,2710816329,First Bank,BIO_03573,93.43,2022-04-01,EMP_001883
Femi Adeyemi,Nigeria Customs Service,260516,6095285316,Access,BIO_00648,92.33,2021-03-01,EMP_001884
Tayo Adebayo,Civil Service Commission,416085,8341313153,Zenith,BIO_02530,89.06,2018-11-04,EMP_001885
Okechukwu Nwosu,Nigeria Customs Service,118065,4488889376,UBA,,99.9,2026-02-15,EMP_001886
Okechukwu Okonkwo,Ministry of Power,82440,2617565750,Access,BIO_04358,89.49,2020-12-22,EMP_001887
Chiamaka Okafor,Federal Roads Maintenance Agency,331449,7086980981,Access,BIO_07543,94.39,2020-10-03,EMP_001888
Femi Adeyemi,Ministry of Health,321895,4658818191,First Bank,BIO_02548,94.8,2024-12-31,EMP_001889
Zainab Musa,Nigeria Customs Service,361244,8976507842,UBA,BIO_03385,90.34,2024-02-01,EMP_001890
Bola Oyedepo,Ministry of Agriculture,428260,3535219163,GTBank,BIO_08368,97.97,2019-03-13,EMP_001891
Chukwu Okonkwo,Ministry of Education,194554,7871330865,Access,BIO_00422,93.61,2019-07-19,EMP_001892
Uchenna Okafor,Federal Roads Maintenance Agency,308286,1781064974,GTBank,BIO_07523,87.83,2022-12-01,EMP_001893
Kemi Oyedepo,Ministry of Power,390458,4071560095,Access,BIO_04083,87.59,2024-07-28,EMP_001894
Tayo Oyedepo,Civil Service Commission,115646,1615376171,Access,BIO_07673,87.12,2019-05-21,EMP_001895
Abubakar Mohammed,Ministry of Agriculture,235485,1547931852,Access,BIO_05224,95.12,2017-08-21,EMP_001896
Zainab Yusuf,Federal Roads Maintenance Agency,350900,1184638264,GTBank,BIO_00025,92.17,2016-10-09,EMP_001897
Amina Yusuf,Ministry of Health,224928,8404096486,Access,BIO_05927,97.03,2016-11-30,EMP_001898
Fatima Ibrahim,Ministry of Power,259793,3952043036,GTBank,BIO_00999,92.46,2024-08-11,EMP_001899
Ade Adeleke,Federal Roads Maintenance Agency,297080,5886098026,First Bank,BIO_02142,86.73,2024-07-19,EMP_001900
Kemi Adeyemi,Federal Roads Maintenance Agency,456387,6256051652,UBA,BIO_04392,86.32,2020-07-26,EMP_001901
Femi Ogunlesi,Nigeria Customs Service,263175,6882337675,Access,BIO_08505,89.93,2018-06-28,EMP_001902
Uchenna Onyeka,Federal Roads Maintenance Agency,82034,1535088554,Access,BIO_05815,87.84,2022-12-13,EMP_001903
Chukwu Ani,Ministry of Finance,433453,4591658603,First Bank,BIO_06648,91.46,2018-04-07,EMP_001904
Fatima Ahmad,Ministry of Finance,258131,8984729307,GTBank,BIO_09029,85.67,2022-05-17,EMP_001905
Ade Adebayo,Ministry of Finance,496403,9319146565,Access,BIO_04380,93.88,2022-09-18,EMP_001906
Hassan Ahmad,Nigeria Customs Service,186041,8825651534,Zenith,BIO_01476,88.76,2017-12-31,EMP_001907
Chinedu Okonkwo,Ministry of Power,403101,6474343107,Access,BIO_00403,91.73,2017-12-20,EMP_001908
Uchenna Onyeka,Federal Roads Maintenance Agency,382082,8250298101,First Bank,BIO_00880,94.83,2022-01-09,EMP_001909
Bola Adebayo,Civil Service Commission,386651,8785156263,GTBank,BIO_01942,85.67,2018-08-29,EMP_001910
Chukwu Okafor,Ministry of Power,235190,1763049337,Access,BIO_06147,96.06,2019-12-10,EMP_001911
Tayo Williams,Ministry of Education,283606,6906963228,Zenith,BIO_05391,85.92,2019-09-24,EMP_001912
Chioma Nwosu,Ministry of Education,351080,2999514760,GTBank,BIO_07057,88.43,2018-11-08,EMP_001913
Yemi Adebayo,Ministry of Finance,141461,9453913952,UBA,BIO_02394,97.95,2020-10-24,EMP_001914
Ade Adeyemi,Ministry of Water Resources,354705,5772084525,First Bank,BIO_03269,86.86,2023-04-28,EMP_001915
Yemi Williams,Ministry of Power,263451,3115557651,UBA,BIO_00945,89.48,2021-08-31,EMP_001916
Chukwu Eze,Ministry of Education,369635,4333290612,First Bank,BIO_06388,87.21,2016-09-07,EMP_001917
Dele Williams,Federal Roads Maintenance Agency,465118,5012516056,Access,BIO_07599,86.77,2025-02-11,EMP_001918
Femi Adeleke,Ministry of Health,221265,6779524546,GTBank,BIO_08213,88.9,2020-11-15,EMP_001919
Chinedu Obiora,Nigeria Customs Service,462974,5221606948,GTBank,BIO_05777,86.87,2023-02-24,EMP_001920
Bola Adebayo,Nigeria Customs Service,234420,4543976787,First Bank,BIO_02105,91.39,2019-08-26,EMP_001921
Kemi Adebayo,Ministry of Health,351478,5727487624,Zenith,BIO_07090,97.78,2017-11-27,EMP_001922
Hassan Musa,Ministry of Health,159622,9655867020,Access,BIO_04270,97.71,2018-04-30,EMP_001923
Fatima Suleiman,Ministry of Health,446410,4972518485,Zenith,BIO_08226,89.75,2019-09-16,EMP_001924
Chinedu Ani,Nigeria Customs Service,131174,8321668678,Access,BIO_08325,88.99,2016-09-10,EMP_001925
Dele Ogunlesi,Ministry of Education,177982,2892940908,GTBank,BIO_06944,90.11,2018-08-16,EMP_001926
Amina Ibrahim,Ministry of Agriculture,427419,6630613552,First Bank,BIO_06533,85.04,2024-08-21,EMP_001927
Bola Oyedepo,Ministry of Finance,382560,9724818538,UBA,BIO_04466,85.82,2018-04-04,EMP_001928
Uchenna Ani,Ministry of Education,224517,3997937945,Access,BIO_04817,96.66,2017-06-25,EMP_001929
Ibrahim Suleiman,Ministry of Agriculture,137676,8576773841,GTBank,BIO_03484,87.35,2017-05-21,EMP_001930
Yemi Williams,Federal Roads Maintenance Agency,103292,4926501837,Zenith,BIO_03935,91.04,2022-03-27,EMP_001931
Usman Umar,Civil Service Commission,177676,1570610021,Access,BIO_00726,92.92,2021-01-05,EMP_001932
Usman Ibrahim,Ministry of Water Resources,299058,1411056409,Zenith,BIO_03529,92.67,2018-01-09,EMP_001933
Usman Suleiman,Ministry of Health,232478,2794322591,Zenith,,99.9,2024-11-22,EMP_001934
Fatima Umar,Ministry of Education,385737,6701753883,First Bank,BIO_03207,90.39,2020-12-24,EMP_001935
Dele Adeleke,Ministry of Power,445118,1630269692,First Bank,BIO_08224,86.86,2019-03-23,EMP_001936
Hassan Yusuf,Ministry of Finance,284752,8583361847,Access,BIO_03889,95.6,2019-02-09,EMP_001937
Okechukwu Onyeka,Civil Service Commission,414092,1531825013,GTBank,BIO_02775,92.95,2023-12-09,EMP_001938
Fatima Mohammed,Ministry of Finance,225854,4392251063,Zenith,BIO_02379,97.04,2016-12-28,EMP_001939
Uchenna Nwankwo,Ministry of Water Resources,455736,7157771637,Access,BIO_05516,93.24,2021-07-05,EMP_001940
Nnamdi Okafor,Ministry of Agriculture,167640,9043399810,Access,BIO_04206,85.04,2018-01-02,EMP_001941
Abubakar Ahmad,Ministry of Health,384584,8544645921,Zenith,BIO_03267,93.6,2020-02-29,EMP_001942
Ibrahim Suleiman,Ministry of Works,408394,5497873094,First Bank,BIO_09069,88.93,2023-10-23,EMP_001943
Okechukwu Eze,Ministry of Health,441406,4558942543,Access,BIO_02351,87.08,2018-11-10,EMP_001944
Ibrahim Umar,Nigeria Customs Service,287067,8661147448,First Bank,BIO_08118,87.06,2023-12-28,EMP_001945
Chioma Ani,Ministry of Works,333141,1561926380,First Bank,BIO_04425,97.01,2018-03-12,EMP_001946
Chinedu Ani,Ministry of Agriculture,370673,4763292656,UBA,BIO_05130,94.96,2017-04-24,EMP_001947
Okechukwu Ani,Civil Service Commission,343654,2962325217,Zenith,BIO_00356,96.17,2019-07-16,EMP_001948
Zainab Ibrahim,Ministry of Education,305017,4333237233,GTBank,BIO_07601,90.51,2017-07-08,EMP_001949
Chinedu Okafor,Ministry of Agriculture,214010,6144617363,First Bank,BIO_03976,92.37,2024-10-07,EMP_001950
Abubakar Umar,Civil Service Commission,308874,1505676027,UBA,BIO_07410,87.45,2024-02-23,EMP_001951
Chioma Eze,Civil Service Commission,363544,2400033166,Zenith,BIO_05623,97.95,2024-02-24,EMP_001952
Fatima Mohammed,Ministry of Works,378984,7802076779,Zenith,BIO_04420,92.03,2022-01-13,EMP_001953
Ibrahim Ibrahim,Civil Service Commission,88099,9866076777,Access,BIO_00719,92.16,2021-05-20,EMP_001954
Amina Umar,Federal Roads Maintenance Agency,381204,7123579282,UBA,BIO_03789,91.6,2022-09-23,EMP_001955
Fatima Ibrahim,Civil Service Commission,265253,6064645240,Zenith,BIO_04797,95.63,2024-08-29,EMP_001956
Uchenna Okonkwo,Ministry of Finance,283947,6996538081,UBA,BIO_04364,91.31,2020-05-06,EMP_001957
Chiamaka Ani,Ministry of Education,330269,1666598385,Zenith,BIO_05148,85.07,2024-05-15,EMP_001958
Aisha Ibrahim,Ministry of Health,404132,8323672993,Zenith,BIO_06131,88.86,2021-08-30,EMP_001959
Kemi Williams,Ministry of Education,90168,8634005505,Zenith,BIO_00260,85.1,2019-05-19,EMP_001960
Chiamaka Onyeka,Ministry of Works,348448,4415756440,Zenith,BIO_05156,97.25,2016-05-27,EMP_001961
Amina Mohammed,Ministry of Works,317426,7205557942,UBA,BIO_06489,85.78,2018-06-28,EMP_001962
Uchenna Obiora,Federal Roads Maintenance Agency,174236,4555183040,GTBank,BIO_03391,95.58,2024-09-04,EMP_001963
Ibrahim Musa,Ministry of Education,393958,7725906244,Access,BIO_03607,87.1,2024-04-01,EMP_001964
Aisha Ibrahim,Ministry of Power,438877,6757310559,Zenith,BIO_07417,87.35,2022-08-25,EMP_001965
Chiamaka Nwankwo,Ministry of Water Resources,183958,9930022979,GTBank,BIO_08301,94.43,2019-10-14,EMP_001966
Fatima Suleiman,Ministry of Finance,374712,9575653874,First Bank,BIO_05005,89.64,2024-06-10,EMP_001967
Bola Williams,Ministry of Power,401864,3130159843,First Bank,BIO_03445,96.17,2017-06-25,EMP_001968
Nnamdi Nwosu,Ministry of Water Resources,444537,2858564075,Zenith,BIO_08320,95.39,2017-01-10,EMP_001969
Hassan Umar,Ministry of Education,128402,3598889453,Zenith,BIO_08152,94.67,2019-03-23,EMP_001970
Zainab Mohammed,Ministry of Health,231809,9697402188,GTBank,BIO_06396,94.48,2018-03-17,EMP_001971
Amina Suleiman,Ministry of Water Resources,101427,5096090727,Zenith,BIO_35997,97.47,2016-10-25,EMP_001972
Tunde Williams,Federal Roads Maintenance Agency,415451,3368049380,First Bank,BIO_08227,89.1,2021-01-22,EMP_001973
Tunde Adeleke,Ministry of Education,226230,2118364298,UBA,BIO_07868,97.24,2021-06-21,EMP_001974
Bola Williams,Civil Service Commission,339116,7368710541,Access,BIO_06419,96.9,2024-06-06,EMP_001975
Kemi Adebayo,Civil Service Commission,120093,3820331402,UBA,BIO_01562,95.59,2020-05-05,EMP_001976
Usman Ahmad,Ministry of Finance,142567,2711626650,UBA,BIO_08827,87.26,2024-03-07,EMP_001977
Zainab Suleiman,Ministry of Power,161610,1879639998,Access,BIO_00327,92.92,2024-11-06,EMP_001978
Amina Musa,Nigeria Customs Service,469336,9724361158,Zenith,BIO_07073,96.94,2019-12-28,EMP_001979
Chukwu Ani,Federal Roads Maintenance Agency,483235,6223159938,First Bank,BIO_00279,95.69,2022-01-29,EMP_001980
Chiamaka Eze,Ministry of Health,230841,6470916011,UBA,BIO_00239,90.35,2016-05-19,EMP_001981
Yemi Adebayo,Ministry of Power,431397,1647017738,GTBank,BIO_00369,96.7,2017-10-30,EMP_001982
Bola Ogunlesi,Civil Service Commission,458378,4178675984,Zenith,BIO_10415,99.83,2017-03-23,EMP_001983
Ibrahim Yusuf,Civil Service Commission,250910,2140748520,UBA,BIO_07645,89.11,2020-08-08,EMP_001984
Chioma Obiora,Ministry of Finance,184896,2431037684,Zenith,BIO_00549,96.32,2018-03-23,EMP_001985
Tunde Adeyemi,Ministry of Finance,319337,6237904621,First Bank,BIO_00785,97.59,2018-08-28,EMP_001986
Aisha Musa,Ministry of Works,425184,3955807109,Access,BIO_09075,91.44,2023-09-26,EMP_001987
Kemi Adeyemi,Ministry of Power,302626,7603199903,Access,BIO_20034,99.3,2022-12-03,EMP_001988
Chinedu Okonkwo,Ministry of Finance,499085,8893482584,Access,BIO_00091,96.52,2023-03-27,EMP_001989
Okechukwu Nwankwo,Nigeria Customs Service,382970,1928333395,Access,BIO_03653,94.84,2021-03-01,EMP_001990
Nnamdi Ani,Ministry of Power,444418,4578524348,GTBank,BIO_00964,86.29,2019-05-07,EMP_001991
Zainab Ibrahim,Nigeria Customs Service,272542,6394385528,UBA,BIO_01513,91.27,2017-11-13,EMP_001992
Tayo Adeleke,Ministry of Power,461251,8225133244,Zenith,BIO_02087,93.28,2023-05-26,EMP_001993
Okechukwu Okonkwo,Ministry of Works,218401,7274350301,First Bank,BIO_00229,94.16,2019-04-08,EMP_001994
Chinedu Eze,Ministry of Health,255650,6035060449,Zenith,BIO_04750,94.15,2018-01-16,EMP_001995
Tunde Oyedepo,Federal Roads Maintenance Agency,248616,6040863903,UBA,BIO_05366,93.48,2024-12-27,EMP_001996
Zainab Yusuf,Ministry of Power,460410,7632375137,First Bank,BIO_06960,94.65,2019-09-08,EMP_001997
Dele Oyedepo,Ministry of Education,179138,1164831533,Zenith,BIO_67676,98.33,2020-10-27,EMP_001998
Chinedu Okonkwo,Nigeria Customs Service,405862,8817009948,First Bank,BIO_05781,95.83,2022-12-03,EMP_001999
Zainab Ahmad,Ministry of Power,365412,5618826557,UBA,BIO_04849,94.77,2021-08-22,EMP_002000
Adaeze Ani,Civil Service Commission,198369,1355545868,GTBank,BIO_09024,96.13,2019-03-02,EMP_002001
Yemi Adeleke,Ministry of Works,484233,3623273320,UBA,BIO_01368,95.39,2018-06-18,EMP_002002
Nnamdi Onyeka,Ministry of Power,252186,8685805440,UBA,BIO_05157,90.13,2018-12-28,EMP_002003
Chioma Ani,Ministry of Water Resources,492612,2821419241,Zenith,BIO_03692,95.74,2025-03-25,EMP_002004
Chioma Nwosu,Ministry of Health,115643,5938675765,Access,BIO_00345,87.41,2022-10-24,EMP_002005
Bola Ogunlesi,Ministry of Finance,195142,5085124303,Access,BIO_03311,97.35,2016-11-09,EMP_002006
Adaeze Nwosu,Ministry of Finance,150470,3548700172,UBA,BIO_06041,96.65,2019-10-06,EMP_002007
Ibrahim Mohammed,Civil Service Commission,99740,1536791671,GTBank,BIO_08509,90.23,2023-08-13,EMP_002008
Okechukwu Nwosu,Ministry of Works,240690,4460940119,Access,BIO_01430,94.19,2016-07-23,EMP_002009
Chinedu Okonkwo,Civil Service Commission,443747,8612056044,Zenith,BIO_04437,97.97,2025-01-06,EMP_002010
Usman Ahmad,Nigeria Customs Service,94460,6274324195,UBA,BIO_00355,90.16,2022-08-28,EMP_002011
Uchenna Nwosu,Ministry of Water Resources,321956,8928662405,GTBank,BIO_05476,87.93,2017-11-19,EMP_002012
Chukwu Okonkwo,Ministry of Health,371255,5188783363,First Bank,BIO_01820,90.29,2019-05-04,EMP_002013
Ibrahim Yusuf,Nigeria Customs Service,139024,3900276742,First Bank,BIO_02029,93.7,2024-05-17,EMP_002014
Abubakar Ahmad,Ministry of Finance,324744,7437068004,GTBank,BIO_73214,98.11,2023-07-22,EMP_002015
Chukwu Onyeka,Nigeria Customs Service,431902,9712463500,First Bank,BIO_03972,88.99,2019-07-06,EMP_002016
Chiamaka Okafor,Ministry of Agriculture,133813,2561310658,GTBank,BIO_04144,85.8,2021-03-07,EMP_002017
Fatima Musa,Ministry of Health,133533,6279530693,First Bank,BIO_07298,97.59,2016-12-31,EMP_002018
Adaeze Obiora,Ministry of Agriculture,154566,9504317318,Access,BIO_03198,90.65,2021-08-10,EMP_002019
Dele Adeleke,Ministry of Power,247275,5197728722,GTBank,BIO_05469,86.35,2021-12-24,EMP_002020
Hassan Umar,Federal Roads Maintenance Agency,369891,3618097645,Access,BIO_00266,95.89,2024-01-30,EMP_002021
Amina Ibrahim,Ministry of Agriculture,209913,3253284503,Zenith,BIO_07735,96.29,2022-01-01,EMP_002022
Chukwu Okafor,Ministry of Water Resources,250524,8172772954,Access,BIO_05388,87.46,2020-04-27,EMP_002023
Fatima Umar,Ministry of Health,335796,9256962982,Access,BIO_08891,90.02,2023-01-25,EMP_002024
Ade Adeleke,Ministry of Water Resources,278878,1601684194,First Bank,BIO_07301,92.19,2017-05-09,EMP_002025
Nnamdi Obiora,Ministry of Water Resources,422616,9172066995,GTBank,BIO_01159,93.79,2018-10-24,EMP_002026
Tunde Adebayo,Civil Service Commission,1113429,2008920336,First Bank,BIO_76958,94.73,2026-05-04,EMP_002027
Ibrahim Ibrahim,Ministry of Finance,121004,4798386642,First Bank,BIO_02277,94.02,2019-08-21,EMP_002028
Okechukwu Nwankwo,Ministry of Finance,412396,3645937721,GTBank,BIO_02445,88.55,2020-07-10,EMP_002029
Chioma Onyeka,Ministry of Power,403779,4080938082,First Bank,BIO_00383,97.53,2022-04-30,EMP_002030
Dele Adebayo,Civil Service Commission,257149,8442352344,UBA,BIO_08056,92.98,2022-10-28,EMP_002031
Aisha Umar,Ministry of Power,370705,5795831537,GTBank,BIO_00792,87.01,2019-01-23,EMP_002032
Zainab Suleiman,Ministry of Water Resources,143007,6067576823,UBA,BIO_07200,95.94,2020-04-01,EMP_002033
Amina Suleiman,Ministry of Water Resources,125243,1644209476,Zenith,BIO_02182,97.86,2022-03-17,EMP_002034
Chiamaka Nwankwo,Federal Roads Maintenance Agency,251323,8883670922,First Bank,BIO_01533,93.85,2017-04-24,EMP_002035
Aisha Musa,Nigeria Customs Service,84093,3959032647,UBA,BIO_07536,96.88,2019-09-10,EMP_002036
Bola Adeyemi,Civil Service Commission,153798,8927114656,Zenith,BIO_01010,89.79,2019-12-18,EMP_002037
Chinedu Nwosu,Ministry of Health,439069,9184174606,First Bank,BIO_03386,94.29,2022-10-07,EMP_002038
Bola Adeyemi,Civil Service Commission,194702,8005316432,GTBank,BIO_01564,90.45,2024-06-06,EMP_002039
Femi Ogunlesi,Ministry of Education,487315,1379550805,Zenith,BIO_00272,91.78,2023-05-01,EMP_002040
Dele Adeleke,Ministry of Education,280646,3182255354,First Bank,BIO_08601,86.24,2024-10-08,EMP_002041
Femi Adebayo,Civil Service Commission,431324,8272891269,UBA,BIO_44511,97.26,2023-02-02,EMP_002042
Usman Ahmad,Ministry of Works,131856,6106933521,UBA,BIO_00504,97.97,2022-09-21,EMP_002043
Femi Williams,Ministry of Power,414183,9789245764,GTBank,BIO_02418,97.56,2022-08-18,EMP_002044
Yemi Williams,Ministry of Health,435800,3141708338,GTBank,BIO_06330,91.35,2018-05-14,EMP_002045
Femi Adebayo,Ministry of Health,479224,2736977770,UBA,BIO_04096,95.97,2020-11-05,EMP_002046
Chukwu Onyeka,Federal Roads Maintenance Agency,174726,6533090248,GTBank,BIO_00948,86.39,2022-09-14,EMP_002047
Abubakar Suleiman,Ministry of Agriculture,141267,4904600871,GTBank,BIO_04129,97.48,2018-03-13,EMP_002048
Chiamaka Nwankwo,Ministry of Water Resources,444555,6795332441,GTBank,BIO_05247,89.14,2019-04-26,EMP_002049
Tayo Adeyemi,Civil Service Commission,229015,4518688507,GTBank,BIO_03108,86.69,2022-10-22,EMP_002050
Femi Oyedepo,Ministry of Education,348772,8867630051,UBA,BIO_01458,87.51,2021-06-02,EMP_002051
Fatima Mohammed,Ministry of Health,486351,3140367875,First Bank,BIO_03591,87.49,2023-06-05,EMP_002052
Chukwu Nwosu,Ministry of Health,196762,3622536049,Access,BIO_03130,90.74,2019-01-08,EMP_002053
Ade Williams,Ministry of Works,328052,3814507880,Access,BIO_00972,94.57,2022-03-10,EMP_002054
Aisha Ahmad,Ministry of Education,375591,8645753496,First Bank,BIO_00906,86.01,2021-03-20,EMP_002055
Tayo Adeleke,Ministry of Finance,176192,7277514454,GTBank,BIO_02050,95.18,2021-10-19,EMP_002056
Adaeze Eze,Ministry of Power,469658,9648382567,Zenith,BIO_02125,88.23,2018-06-04,EMP_002057
Tunde Ogunlesi,Nigeria Customs Service,343619,2037188597,UBA,BIO_05957,96.4,2024-08-30,EMP_002058
Fatima Ahmad,Ministry of Agriculture,315848,2451282250,GTBank,BIO_05411,93.4,2019-07-18,EMP_002059
Usman Ahmad,Ministry of Water Resources,497340,7204240690,Access,BIO_03241,94.16,2023-09-11,EMP_002060
Ibrahim Mohammed,Nigeria Customs Service,124812,4240754450,GTBank,BIO_01083,87.12,2021-07-26,EMP_002061
Amina Ibrahim,Ministry of Finance,362596,5906957757,Zenith,BIO_04713,87.03,2020-01-29,EMP_002062
Nnamdi Eze,Ministry of Education,313466,4269438492,GTBank,BIO_03770,89.99,2020-05-18,EMP_002063
Tayo Ogunlesi,Ministry of Education,424421,7176048809,Access,BIO_06649,86.56,2016-07-09,EMP_002064
Hassan Umar,Ministry of Water Resources,454010,2175831055,GTBank,BIO_04688,91.68,2018-04-05,EMP_002065
Ade Adeleke,Civil Service Commission,414541,9468794694,Zenith,BIO_07131,85.43,2020-01-28,EMP_002066
Uchenna Nwosu,Ministry of Health,456306,1588320316,First Bank,BIO_05376,85.6,2021-04-16,EMP_002067
Tunde Ogunlesi,Nigeria Customs Service,248386,3338907541,Access,BIO_03397,85.37,2020-06-16,EMP_002068
Ibrahim Mohammed,Civil Service Commission,183575,8681782361,First Bank,BIO_65246,99.18,2019-06-13,EMP_002069
Tayo Williams,Ministry of Agriculture,219844,1657991604,Zenith,BIO_01240,85.49,2023-03-04,EMP_002070
Zainab Yusuf,Ministry of Water Resources,229721,8927425366,First Bank,BIO_07121,89.15,2024-03-25,EMP_002071
Abubakar Musa,Ministry of Education,1285427,6774131750,GTBank,BIO_30930,98.0,2026-03-10,EMP_002072
Usman Mohammed,Nigeria Customs Service,474290,7242802056,Access,BIO_04743,97.99,2019-07-02,EMP_002073
Uchenna Eze,Ministry of Water Resources,300851,5944240818,GTBank,BIO_00663,86.3,2018-06-26,EMP_002074
Fatima Ahmad,Civil Service Commission,457840,8004637760,UBA,BIO_05351,91.91,2017-10-30,EMP_002075
Adaeze Okafor,Nigeria Customs Service,431846,2949824107,First Bank,BIO_05703,93.61,2024-05-04,EMP_002076
Ade Williams,Civil Service Commission,493829,2085779475,Access,BIO_01775,86.35,2020-07-23,EMP_002077
Chinedu Eze,Federal Roads Maintenance Agency,362902,2001300803,GTBank,BIO_02055,85.6,2018-10-16,EMP_002078
Adaeze Obiora,Ministry of Finance,244128,6849845725,GTBank,BIO_06319,88.12,2021-01-11,EMP_002079
Femi Oyedepo,Federal Roads Maintenance Agency,434010,2622879432,Zenith,BIO_00475,86.51,2024-05-16,EMP_002080
Kemi Williams,Ministry of Power,493331,8310868927,Access,BIO_05099,91.62,2019-03-02,EMP_002081
Abubakar Suleiman,Civil Service Commission,407041,8422679311,Access,BIO_04190,91.3,2019-10-24,EMP_002082
Okechukwu Okonkwo,Ministry of Power,275069,1376657723,UBA,BIO_02865,85.19,2023-04-05,EMP_002083
Yemi Oyedepo,Ministry of Finance,243297,9525240008,Access,BIO_07487,88.11,2022-03-01,EMP_002084
Femi Adeleke,Ministry of Education,178762,1351774900,GTBank,BIO_04290,90.16,2017-06-14,EMP_002085
Dele Oyedepo,Ministry of Power,325277,7743668244,UBA,BIO_03040,88.07,2022-11-06,EMP_002086
Aisha Musa,Ministry of Power,97913,3448985715,GTBank,BIO_03870,90.86,2024-02-26,EMP_002087
Nnamdi Okonkwo,Ministry of Water Resources,257202,7454473123,GTBank,BIO_02324,86.12,2018-06-25,EMP_002088
Adaeze Nwankwo,Nigeria Customs Service,195161,5682558294,GTBank,BIO_06559,91.06,2025-04-09,EMP_002089
Uchenna Obiora,Federal Roads Maintenance Agency,290548,4735416809,Zenith,BIO_07979,97.42,2023-11-01,EMP_002090
Adaeze Eze,Ministry of Health,440196,7544296868,UBA,BIO_06990,85.71,2018-12-22,EMP_002091
Chinedu Ani,Nigeria Customs Service,265317,3207553535,Zenith,BIO_00898,92.02,2025-02-12,EMP_002092
Chiamaka Onyeka,Civil Service Commission,470255,9196849289,First Bank,BIO_04894,97.55,2018-06-02,EMP_002093
Kemi Adebayo,Ministry of Finance,301553,9255140595,Access,BIO_05863,93.33,2019-02-12,EMP_002094
Tayo Williams,Ministry of Power,161546,1026354881,Access,,99.9,2025-06-20,EMP_002095
Chinedu Nwankwo,Ministry of Power,186804,9290440120,GTBank,BIO_38354,99.8,2016-05-26,EMP_002096
Uchenna Okafor,Ministry of Water Resources,104706,2862608613,UBA,BIO_05626,92.51,2019-07-14,EMP_002097
Abubakar Musa,Ministry of Water Resources,258311,6091035386,Zenith,BIO_08555,92.18,2018-12-19,EMP_002098
Okechukwu Onyeka,Ministry of Water Resources,402543,3261129380,First Bank,BIO_04448,90.39,2022-01-29,EMP_002099
Chioma Nwosu,Ministry of Finance,454433,2671991167,First Bank,BIO_09076,96.77,2025-05-13,EMP_002100
Tayo Williams,Civil Service Commission,359783,2285209721,GTBank,BIO_05687,89.85,2021-04-12,EMP_002101
Zainab Ahmad,Ministry of Agriculture,187306,4744785267,First Bank,BIO_06979,91.17,2025-04-03,EMP_002102
Ibrahim Yusuf,Ministry of Works,112464,7680316263,Zenith,BIO_95344,98.06,2017-02-07,EMP_002103
Dele Williams,Ministry of Education,395657,9511732076,UBA,BIO_03138,94.59,2018-10-03,EMP_002104
Dele Ogunlesi,Ministry of Water Resources,260542,3959848423,Zenith,BIO_00503,96.9,2016-07-12,EMP_002105
Usman Umar,Nigeria Customs Service,132424,3455108088,GTBank,BIO_06895,92.96,2016-07-01,EMP_002106
Ade Oyedepo,Ministry of Finance,467227,2818698912,Access,BIO_05187,89.83,2016-12-15,EMP_002107
Femi Adebayo,Civil Service Commission,450378,5742291540,UBA,BIO_03149,85.52,2017-07-08,EMP_002108
Chioma Nwosu,Federal Roads Maintenance Agency,215733,5980127514,Zenith,BIO_03841,93.75,2016-06-12,EMP_002109
Yemi Ogunlesi,Ministry of Agriculture,157875,6940993051,First Bank,BIO_01497,92.62,2016-07-01,EMP_002110
Usman Musa,Ministry of Health,338467,4390324651,Zenith,BIO_02861,86.46,2023-04-17,EMP_002111
Fatima Musa,Ministry of Power,323679,6669315284,Zenith,BIO_01488,88.41,2024-12-29,EMP_002112
Chioma Ani,Ministry of Power,121860,7791930088,UBA,BIO_00878,94.77,2017-09-17,EMP_002113
Yemi Ogunlesi,Ministry of Works,373300,3359497091,Access,BIO_08486,87.91,2025-01-10,EMP_002114
Dele Adebayo,Ministry of Power,293129,6454632489,UBA,BIO_07304,85.91,2024-12-25,EMP_002115
Femi Oyedepo,Civil Service Commission,478019,3674386035,UBA,BIO_02141,93.86,2020-03-19,EMP_002116
Kemi Adeyemi,Ministry of Health,190789,3616826695,Zenith,BIO_01008,94.79,2020-05-18,EMP_002117
Chiamaka Eze,Ministry of Finance,459833,3547089179,First Bank,BIO_07012,91.27,2022-10-21,EMP_002118
Chiamaka Nwosu,Ministry of Education,396535,5994303030,GTBank,BIO_00971,92.76,2024-02-26,EMP_002119
Femi Adeleke,Nigeria Customs Service,372273,9330647491,UBA,BIO_08833,93.87,2018-07-05,EMP_002120
Aisha Suleiman,Ministry of Power,229452,9603517703,UBA,BIO_03278,90.94,2017-12-08,EMP_002121
Okechukwu Onyeka,Nigeria Customs Service,382604,1117886814,Zenith,BIO_06750,86.36,2023-04-04,EMP_002122
Adaeze Obiora,Ministry of Health,287735,9062049397,UBA,BIO_08273,88.28,2018-05-15,EMP_002123
Chiamaka Nwosu,Federal Roads Maintenance Agency,366948,1547612608,Access,BIO_00347,92.75,2019-10-15,EMP_002124
Tayo Williams,Nigeria Customs Service,314975,2479984228,UBA,BIO_06836,87.97,2017-01-14,EMP_002125
Kemi Adeyemi,Ministry of Finance,223424,1449807313,GTBank,BIO_01162,90.48,2018-07-21,EMP_002126
Abubakar Musa,Nigeria Customs Service,168019,4183947485,UBA,BIO_05838,97.7,2023-06-02,EMP_002127
Fatima Umar,Ministry of Health,133979,5452719224,Zenith,BIO_07046,88.34,2023-10-12,EMP_002128
Uchenna Nwosu,Ministry of Finance,305723,5945377653,First Bank,BIO_06785,89.76,2022-11-05,EMP_002129
Nnamdi Ani,Ministry of Power,416066,6855551015,UBA,BIO_01782,86.65,2023-11-12,EMP_002130
Aisha Yusuf,Ministry of Agriculture,444081,7303045898,UBA,BIO_02172,91.01,2017-08-10,EMP_002131
Usman Ahmad,Ministry of Water Resources,473277,7471364543,Zenith,BIO_07711,93.63,2018-09-21,EMP_002132
Nnamdi Okonkwo,Ministry of Health,459141,3585316617,Access,BIO_07498,97.64,2019-08-13,EMP_002133
Chukwu Eze,Civil Service Commission,271842,5692852891,UBA,BIO_02506,97.92,2018-01-13,EMP_002134
Adaeze Okafor,Ministry of Works,265591,9316153941,First Bank,BIO_07527,96.43,2023-08-05,EMP_002135
Amina Suleiman,Ministry of Finance,298759,5555738698,GTBank,BIO_00302,96.61,2020-08-05,EMP_002136
Zainab Suleiman,Ministry of Health,177049,9929562814,UBA,BIO_04407,87.06,2017-03-28,EMP_002137
Uchenna Nwosu,Ministry of Health,155859,7662701006,Access,BIO_07661,86.1,2023-11-07,EMP_002138
Aisha Ibrahim,Federal Roads Maintenance Agency,213548,9064626567,GTBank,BIO_03912,86.94,2023-07-31,EMP_002139
Usman Yusuf,Ministry of Agriculture,242817,5010737543,UBA,BIO_02908,91.63,2018-05-13,EMP_002140
Chiamaka Ani,Ministry of Agriculture,349857,7447309357,UBA,BIO_02238,93.47,2019-01-30,EMP_002141
Hassan Mohammed,Ministry of Water Resources,432152,3011966755,Zenith,BIO_03423,96.1,2019-12-25,EMP_002142
Amina Umar,Ministry of Agriculture,423459,1108030279,UBA,BIO_00657,85.17,2023-08-25,EMP_002143
Bola Oyedepo,Ministry of Water Resources,437657,4186531270,Access,BIO_01557,88.78,2016-10-15,EMP_002144
Chioma Onyeka,Ministry of Water Resources,412628,3817063067,GTBank,BIO_08235,90.89,2023-06-05,EMP_002145
Chioma Eze,Ministry of Finance,448675,7437068004,GTBank,BIO_28055,99.0,2018-11-13,EMP_002146
Abubakar Suleiman,Ministry of Water Resources,304536,7089187659,First Bank,BIO_06205,92.04,2021-12-10,EMP_002147
Dele Ogunlesi,Nigeria Customs Service,331573,2193369326,UBA,BIO_02636,94.83,2017-02-12,EMP_002148
Ade Adeleke,Ministry of Water Resources,383927,9211443443,Zenith,BIO_07443,94.26,2017-03-02,EMP_002149
Bola Oyedepo,Ministry of Works,365964,5748916452,GTBank,BIO_01061,86.41,2022-11-29,EMP_002150
Zainab Ahmad,Ministry of Power,1498675,9226404621,Access,BIO_50501,88.46,2026-04-12,EMP_002151
Adaeze Eze,Ministry of Finance,447902,4271881469,UBA,,99.9,2024-09-14,EMP_002152
Tayo Adeleke,Ministry of Finance,84591,6138742346,UBA,BIO_02619,88.94,2021-07-21,EMP_002153
Aisha Yusuf,Ministry of Health,201726,9438196847,Access,BIO_05234,90.44,2024-12-06,EMP_002154
Chioma Okafor,Ministry of Water Resources,84132,1786680851,Zenith,BIO_01976,85.36,2021-09-06,EMP_002155
Chiamaka Nwankwo,Civil Service Commission,190512,5340000749,Access,BIO_08956,94.01,2024-01-15,EMP_002156
Zainab Mohammed,Ministry of Water Resources,157595,5630724615,Zenith,BIO_48806,96.71,2017-12-02,EMP_002157
Tayo Adeleke,Ministry of Finance,441389,6743394105,First Bank,BIO_04666,94.25,2021-05-18,EMP_002158
Dele Ogunlesi,Ministry of Health,459889,5621947141,Zenith,BIO_01185,97.14,2020-09-20,EMP_002159
Yemi Ogunlesi,Ministry of Agriculture,104078,1366869929,Access,BIO_04782,89.91,2020-03-04,EMP_002160
Usman Suleiman,Nigeria Customs Service,424681,6473833377,GTBank,BIO_02729,88.3,2025-02-09,EMP_002161
Aisha Suleiman,Ministry of Health,272554,7138065190,UBA,BIO_03716,92.34,2016-07-22,EMP_002162
Uchenna Nwankwo,Ministry of Power,94603,3741107976,UBA,BIO_04556,93.96,2023-06-15,EMP_002163
Fatima Ahmad,Ministry of Water Resources,228223,7336160345,Access,BIO_02983,85.42,2021-06-28,EMP_002164
Bola Adebayo,Ministry of Health,321381,8847390554,Zenith,BIO_06943,93.49,2019-01-15,EMP_002165
Tayo Adeleke,Ministry of Agriculture,364480,6467024194,First Bank,BIO_01763,88.06,2023-01-25,EMP_002166
Hassan Ahmad,Ministry of Finance,294817,9338590060,Access,BIO_07067,90.32,2019-02-20,EMP_002167
Tayo Adebayo,Federal Roads Maintenance Agency,457468,1303884195,Zenith,BIO_02522,87.39,2020-09-09,EMP_002168
Chioma Okonkwo,Civil Service Commission,177353,9681896796,First Bank,BIO_00856,85.17,2024-07-18,EMP_002169
Zainab Ahmad,Ministry of Education,376827,4240683398,GTBank,BIO_05685,97.61,2018-05-03,EMP_002170
Aisha Yusuf,Civil Service Commission,312386,5327801756,Zenith,BIO_06059,86.18,2024-03-19,EMP_002171
Kemi Adeleke,Nigeria Customs Service,322373,4444418183,Access,BIO_03839,97.61,2017-07-17,EMP_002172
Yemi Adeyemi,Ministry of Water Resources,162960,3112704207,Zenith,BIO_07319,96.88,2025-03-05,EMP_002173
Femi Adebayo,Federal Roads Maintenance Agency,199339,1623132486,GTBank,BIO_02441,92.27,2022-07-06,EMP_002174
Tayo Adeleke,Federal Roads Maintenance Agency,353710,6849545360,Zenith,BIO_08113,91.41,2017-04-13,EMP_002175
Ibrahim Umar,Ministry of Water Resources,389766,7452255122,Access,BIO_06860,89.66,2023-06-15,EMP_002176
Amina Ibrahim,Ministry of Agriculture,149798,9961140073,First Bank,BIO_08938,90.7,2017-01-10,EMP_002177
Abubakar Musa,Federal Roads Maintenance Agency,84620,2569921173,GTBank,BIO_03746,95.1,2019-07-31,EMP_002178
Aisha Suleiman,Ministry of Health,372651,2795435969,GTBank,BIO_02848,89.93,2018-08-03,EMP_002179
Dele Adebayo,Federal Roads Maintenance Agency,175088,9704041630,Zenith,BIO_05371,89.95,2021-08-01,EMP_002180
Bola Adeleke,Ministry of Water Resources,110550,1051367200,GTBank,,99.9,2025-03-05,EMP_002181
Femi Ogunlesi,Ministry of Education,399208,8966180479,First Bank,BIO_02499,95.97,2020-10-17,EMP_002182
Uchenna Obiora,Federal Roads Maintenance Agency,239488,8761358116,GTBank,BIO_04659,93.71,2016-08-27,EMP_002183
Chioma Eze,Ministry of Agriculture,125161,4237680444,UBA,BIO_07623,91.95,2018-01-02,EMP_002184
Chinedu Onyeka,Federal Roads Maintenance Agency,269233,3334253483,First Bank,BIO_03930,96.5,2016-06-05,EMP_002185
Ade Adebayo,Ministry of Health,110919,3281374674,Zenith,BIO_04053,95.24,2017-11-11,EMP_002186
Adaeze Nwosu,Ministry of Agriculture,227758,4125307158,Access,BIO_05958,89.4,2023-01-31,EMP_002187
Abubakar Suleiman,Ministry of Education,220433,2465817254,UBA,BIO_07158,95.08,2017-04-26,EMP_002188
Adaeze Obiora,Ministry of Finance,302780,6049214581,First Bank,BIO_02770,85.02,2018-08-17,EMP_002189
Ade Ogunlesi,Federal Roads Maintenance Agency,236640,4481400154,GTBank,BIO_07453,88.81,2016-10-27,EMP_002190
Usman Umar,Ministry of Finance,92948,2532496051,UBA,BIO_02146,90.03,2021-09-02,EMP_002191
Amina Umar,Ministry of Education,289930,8884560394,Zenith,BIO_06402,93.09,2025-01-09,EMP_002192
Chinedu Obiora,Civil Service Commission,408622,1033486223,First Bank,,99.9,2024-11-10,EMP_002193
Okechukwu Okafor,Ministry of Finance,123302,4553105311,First Bank,BIO_07638,96.02,2022-07-09,EMP_002194
Tayo Adeleke,Federal Roads Maintenance Agency,258992,4973916994,Zenith,BIO_09038,85.37,2023-02-12,EMP_002195
Abubakar Musa,Ministry of Water Resources,314657,1261617246,UBA,BIO_02956,85.51,2019-10-12,EMP_002196
Nnamdi Okonkwo,Ministry of Education,364278,5873750694,GTBank,BIO_06169,96.36,2019-10-14,EMP_002197
Tayo Oyedepo,Ministry of Works,297918,7552864427,Zenith,BIO_04344,88.6,2024-11-11,EMP_002198
Adaeze Obiora,Ministry of Health,412100,5353578760,Zenith,BIO_03496,95.89,2017-08-16,EMP_002199
Chioma Obiora,Ministry of Water Resources,85391,6140429112,Zenith,BIO_07083,89.23,2018-07-30,EMP_002200
Zainab Suleiman,Ministry of Education,185968,6894915146,GTBank,BIO_47337,98.02,2021-01-21,EMP_002201
Chioma Obiora,Ministry of Works,305991,5721772247,UBA,BIO_03857,87.91,2022-07-09,EMP_002202
Chiamaka Obiora,Civil Service Commission,255174,9517454493,First Bank,BIO_01378,85.42,2021-07-02,EMP_002203
Chukwu Okafor,Nigeria Customs Service,81985,2153388524,Access,BIO_05966,89.2,2024-07-13,EMP_002204
Amina Ahmad,Ministry of Finance,481135,9316101901,Access,BIO_00522,96.33,2020-10-10,EMP_002205
Abubakar Ibrahim,Ministry of Health,242484,4996049054,Access,BIO_05502,92.89,2018-08-15,EMP_002206
Abubakar Ahmad,Nigeria Customs Service,437104,9038648710,First Bank,BIO_06982,88.5,2021-11-24,EMP_002207
Amina Mohammed,Ministry of Agriculture,447518,9528169018,UBA,,99.9,2024-10-15,EMP_002208
Nnamdi Nwosu,Ministry of Finance,388652,6334191255,GTBank,BIO_07652,97.06,2018-12-27,EMP_002209
Uchenna Okafor,Ministry of Education,115559,2457245893,Zenith,BIO_01019,94.55,2023-07-01,EMP_002210
Yemi Adebayo,Ministry of Health,114424,4612635157,Zenith,BIO_85959,97.55,2020-02-13,EMP_002211
Nnamdi Nwankwo,Federal Roads Maintenance Agency,108912,6932011040,Access,BIO_07674,96.22,2017-07-02,EMP_002212
Chioma Nwankwo,Federal Roads Maintenance Agency,134042,9764058387,UBA,BIO_05907,90.61,2017-01-16,EMP_002213
Femi Ogunlesi,Ministry of Power,389899,6891441876,UBA,BIO_08190,90.02,2019-03-16,EMP_002214
Chukwu Obiora,Ministry of Finance,252399,7092552182,Zenith,BIO_01449,87.52,2021-09-02,EMP_002215
Tunde Adebayo,Ministry of Health,380657,4561594755,GTBank,BIO_03475,88.07,2021-04-14,EMP_002216
Kemi Adebayo,Ministry of Agriculture,476453,7974674241,UBA,BIO_05473,86.02,2017-09-07,EMP_002217
Bola Adebayo,Ministry of Works,338047,9171107715,First Bank,BIO_02566,86.08,2022-01-22,EMP_002218
Adaeze Nwankwo,Ministry of Agriculture,121636,9303112221,First Bank,BIO_07206,96.62,2022-11-11,EMP_002219
Femi Adebayo,Federal Roads Maintenance Agency,1207992,6690519517,GTBank,BIO_53205,95.17,2025-09-30,EMP_002220
Chukwu Nwankwo,Ministry of Finance,84624,5391938504,GTBank,BIO_03856,94.48,2017-04-18,EMP_002221
Chiamaka Nwosu,Ministry of Finance,332372,4076472683,Zenith,BIO_04944,97.44,2016-07-03,EMP_002222
Zainab Yusuf,Ministry of Works,81985,7049742936,Zenith,BIO_02480,95.67,2022-12-22,EMP_002223
Chukwu Okonkwo,Ministry of Finance,186760,3809357811,UBA,BIO_06947,97.75,2022-04-17,EMP_002224
Uchenna Nwankwo,Civil Service Commission,322575,3856894364,GTBank,BIO_00941,94.68,2016-09-05,EMP_002225
Nnamdi Okonkwo,Ministry of Power,135850,3673523114,First Bank,BIO_05201,89.45,2020-01-07,EMP_002226
Uchenna Obiora,Ministry of Works,431963,7137564578,GTBank,BIO_03095,87.08,2021-04-08,EMP_002227
Uchenna Okafor,Ministry of Agriculture,307027,4883552089,First Bank,BIO_06815,86.11,2024-12-12,EMP_002228
Uchenna Obiora,Civil Service Commission,136689,3996652906,First Bank,BIO_00925,89.54,2020-12-03,EMP_002229
Zainab Umar,Ministry of Water Resources,219116,2892694182,Access,BIO_85164,97.11,2018-09-02,EMP_002230
Ade Adeyemi,Nigeria Customs Service,389693,1138881219,First Bank,BIO_05834,97.24,2021-01-23,EMP_002231
Nnamdi Okafor,Ministry of Health,319542,1964327334,GTBank,BIO_03617,88.45,2025-01-19,EMP_002232
Zainab Yusuf,Ministry of Health,403084,7581021688,UBA,BIO_07992,88.75,2024-04-14,EMP_002233
Nnamdi Ani,Ministry of Water Resources,320636,8464215367,UBA,BIO_08257,94.02,2024-08-14,EMP_002234
Amina Ahmad,Federal Roads Maintenance Agency,262642,4379008982,UBA,BIO_01678,91.0,2024-01-14,EMP_002235
Chinedu Okafor,Nigeria Customs Service,414222,1154720242,Access,BIO_07528,92.42,2018-10-04,EMP_002236
Fatima Umar,Ministry of Power,171929,3348767472,Access,BIO_04775,96.56,2021-11-09,EMP_002237
Zainab Ahmad,Ministry of Finance,92206,7032508786,First Bank,BIO_05886,93.63,2020-02-29,EMP_002238
Chukwu Okafor,Ministry of Works,411887,2744589828,Access,BIO_06084,86.92,2016-07-27,EMP_002239
Kemi Oyedepo,Ministry of Education,282148,5382266185,Zenith,BIO_07725,88.56,2016-06-02,EMP_002240
Chiamaka Onyeka,Ministry of Works,211647,6467171370,Access,,99.9,2026-05-13,EMP_002241
Abubakar Umar,Ministry of Education,156579,8809882808,First Bank,BIO_06114,89.67,2019-06-23,EMP_002242
Yemi Adeleke,Ministry of Works,348003,7416320045,First Bank,BIO_04682,96.09,2019-01-31,EMP_002243
Chinedu Okonkwo,Civil Service Commission,279229,4430624122,Access,BIO_04001,87.05,2023-10-26,EMP_002244
Aisha Musa,Ministry of Power,204378,8647665635,Access,BIO_05547,96.7,2016-07-18,EMP_002245
Tayo Adeyemi,Ministry of Agriculture,341194,1709691343,Zenith,BIO_08535,89.06,2017-01-30,EMP_002246
Chinedu Okafor,Ministry of Power,108652,9774178104,Access,BIO_04382,85.52,2017-05-01,EMP_002247
Bola Adebayo,Ministry of Water Resources,1079029,9576540867,Zenith,BIO_84453,97.49,2026-01-07,EMP_002248
Femi Adeyemi,Ministry of Education,260753,1027744144,UBA,BIO_00825,97.75,2019-03-04,EMP_002249
Amina Umar,Ministry of Works,214575,1659857934,Zenith,BIO_06550,87.66,2018-07-10,EMP_002250
Okechukwu Okafor,Ministry of Works,376564,6494905704,GTBank,BIO_04718,91.95,2023-06-19,EMP_002251
Chiamaka Eze,Ministry of Health,424811,6183871514,GTBank,BIO_09106,94.31,2022-10-29,EMP_002252
Ade Adeyemi,Ministry of Works,156192,8962905326,Zenith,BIO_06373,87.51,2025-03-28,EMP_002253
Amina Ahmad,Ministry of Agriculture,294953,7221665517,UBA,BIO_00146,94.44,2024-06-24,EMP_002254
Chioma Okonkwo,Ministry of Power,175230,4893189662,First Bank,BIO_02327,88.5,2017-09-29,EMP_002255
Kemi Adeyemi,Ministry of Water Resources,151521,2654527500,GTBank,BIO_05086,86.84,2018-05-18,EMP_002256
Ade Adeyemi,Ministry of Finance,204131,8710261271,First Bank,BIO_01762,94.59,2019-07-24,EMP_002257
Amina Suleiman,Federal Roads Maintenance Agency,167905,4338585043,GTBank,BIO_02744,90.18,2018-07-10,EMP_002258
Kemi Adeleke,Ministry of Finance,200976,6197018785,Zenith,BIO_03711,97.39,2024-06-22,EMP_002259
Yemi Williams,Ministry of Power,222933,6833481301,UBA,BIO_07241,90.89,2017-07-02,EMP_002260
Tayo Oyedepo,Ministry of Water Resources,369920,7807744704,Access,BIO_05697,92.05,2018-02-12,EMP_002261
Fatima Mohammed,Ministry of Health,87658,9952401665,Access,BIO_02989,90.98,2016-05-26,EMP_002262
Chioma Nwosu,Ministry of Works,364784,7860484939,GTBank,BIO_07640,93.62,2018-04-23,EMP_002263
Kemi Adebayo,Ministry of Water Resources,233467,1817700908,Access,BIO_08332,91.83,2024-01-20,EMP_002264
Okechukwu Eze,Ministry of Power,401581,7015180717,Access,BIO_02578,87.14,2016-11-25,EMP_002265
Okechukwu Okafor,Nigeria Customs Service,382350,1587927263,Zenith,BIO_11090,99.14,2017-06-20,EMP_002266
Bola Williams,Ministry of Education,134295,1044466166,Zenith,BIO_03066,88.12,2018-04-16,EMP_002267
Zainab Musa,Ministry of Water Resources,386374,2347604130,UBA,BIO_03975,94.09,2016-07-18,EMP_002268
Adaeze Obiora,Ministry of Power,466295,5419193347,First Bank,BIO_07709,95.25,2024-09-21,EMP_002269
Tayo Oyedepo,Civil Service Commission,460095,4446064610,UBA,BIO_08109,88.29,2020-01-08,EMP_002270
Uchenna Okafor,Federal Roads Maintenance Agency,251039,6213093443,Zenith,BIO_05669,87.94,2025-04-21,EMP_002271
Amina Suleiman,Ministry of Water Resources,489358,4685982822,UBA,BIO_03209,86.18,2023-12-03,EMP_002272
Abubakar Mohammed,Ministry of Health,1294249,8893644794,First Bank,BIO_85873,95.31,2025-05-26,EMP_002273
Nnamdi Okafor,Ministry of Power,81910,9290440120,GTBank,BIO_67086,98.52,2020-09-09,EMP_002274
Chukwu Obiora,Nigeria Customs Service,324661,1595598918,GTBank,BIO_06051,89.6,2024-09-16,EMP_002275
Chiamaka Nwankwo,Ministry of Works,443718,1882936325,GTBank,BIO_05839,94.87,2023-09-27,EMP_002276
Ade Oyedepo,Ministry of Power,295132,4348961138,GTBank,BIO_04243,86.89,2021-12-17,EMP_002277
Chioma Eze,Ministry of Agriculture,411433,4505981492,Access,BIO_07409,91.68,2017-10-07,EMP_002278
Usman Yusuf,Ministry of Finance,180972,9286617129,Zenith,BIO_06377,93.1,2024-01-06,EMP_002279
Abubakar Ibrahim,Ministry of Water Resources,169652,7432282199,GTBank,BIO_05338,86.68,2017-07-12,EMP_002280
Okechukwu Okonkwo,Ministry of Agriculture,481103,3302088173,Access,BIO_03471,95.56,2018-01-16,EMP_002281
Chukwu Ani,Ministry of Water Resources,368661,5633199822,First Bank,BIO_03315,86.68,2023-02-10,EMP_002282
Ibrahim Ahmad,Ministry of Water Resources,102610,7971415880,UBA,BIO_05063,93.46,2025-02-19,EMP_002283
Yemi Williams,Ministry of Water Resources,233031,3278479167,First Bank,BIO_02057,89.33,2016-09-03,EMP_002284
Chiamaka Ani,Ministry of Agriculture,437008,9616413954,GTBank,BIO_02397,89.85,2019-11-14,EMP_002285
Zainab Musa,Ministry of Water Resources,187917,1771825317,UBA,BIO_07594,97.35,2022-03-13,EMP_002286
Fatima Musa,Ministry of Water Resources,208882,2315004703,UBA,BIO_01742,86.61,2023-11-05,EMP_002287
Chinedu Obiora,Ministry of Finance,385545,9796571590,GTBank,BIO_03287,97.45,2024-02-05,EMP_002288
Chioma Nwosu,Ministry of Power,423676,9736927740,GTBank,BIO_00449,86.88,2021-10-21,EMP_002289
Chiamaka Onyeka,Ministry of Education,488124,2146957624,UBA,BIO_01007,91.59,2024-11-06,EMP_002290
Usman Musa,Ministry of Works,202234,8219848766,First Bank,BIO_01261,97.49,2023-09-25,EMP_002291
Adaeze Ani,Ministry of Agriculture,198325,4323214521,Access,BIO_06348,93.62,2023-05-04,EMP_002292
Yemi Adeleke,Ministry of Health,288545,8427790077,GTBank,BIO_03633,87.64,2018-01-06,EMP_002293
Chinedu Nwankwo,Ministry of Finance,383245,8801682596,Zenith,BIO_00360,96.37,2021-04-04,EMP_002294
Dele Ogunlesi,Ministry of Health,424049,3959144403,Zenith,BIO_64048,98.88,2023-07-28,EMP_002295
Okechukwu Nwankwo,Nigeria Customs Service,354050,9441775732,GTBank,BIO_00552,88.95,2019-03-15,EMP_002296
Uchenna Eze,Ministry of Power,94089,7848445132,Zenith,BIO_05136,90.57,2024-09-18,EMP_002297
Okechukwu Obiora,Ministry of Works,311098,8669395216,GTBank,BIO_03405,94.19,2020-09-01,EMP_002298
Yemi Ogunlesi,Ministry of Agriculture,462698,5049465531,Zenith,BIO_05870,87.76,2025-05-09,EMP_002299
Uchenna Obiora,Civil Service Commission,290443,4178675984,Zenith,BIO_25119,99.93,2022-03-11,EMP_002300
Ade Ogunlesi,Ministry of Agriculture,392627,8177612982,GTBank,BIO_00198,89.07,2020-04-20,EMP_002301
Zainab Umar,Ministry of Water Resources,378374,2527655648,First Bank,BIO_01436,88.47,2018-05-28,EMP_002302
Bola Oyedepo,Ministry of Finance,234394,5268967814,GTBank,BIO_03369,91.76,2018-01-20,EMP_002303
Hassan Yusuf,Ministry of Education,498513,2124716748,GTBank,BIO_00125,86.02,2025-03-31,EMP_002304
Chiamaka Eze,Nigeria Customs Service,455573,8158184040,Access,BIO_09083,85.57,2016-06-25,EMP_002305
Yemi Williams,Ministry of Power,489855,5507622057,GTBank,BIO_07780,94.61,2019-12-28,EMP_002306
Ibrahim Yusuf,Ministry of Water Resources,465354,7254191406,First Bank,BIO_00762,97.31,2018-02-07,EMP_002307
Adaeze Eze,Civil Service Commission,223541,4748006628,UBA,BIO_00989,95.65,2018-06-14,EMP_002308
Chukwu Nwosu,Nigeria Customs Service,357867,7233091360,UBA,BIO_05333,92.04,2017-08-19,EMP_002309
Hassan Suleiman,Ministry of Finance,345563,2025755135,UBA,BIO_02672,92.18,2024-02-29,EMP_002310
Zainab Suleiman,Ministry of Works,147018,8010299072,Access,BIO_07884,92.21,2017-05-31,EMP_002311
Ibrahim Musa,Ministry of Education,368549,5593481091,GTBank,BIO_05184,90.7,2018-12-20,EMP_002312
Uchenna Eze,Ministry of Education,289008,4254170906,UBA,BIO_01823,92.28,2021-11-08,EMP_002313
Abubakar Ahmad,Ministry of Water Resources,285951,5636892259,First Bank,BIO_02798,97.8,2024-07-10,EMP_002314
Dele Oyedepo,Civil Service Commission,381586,6721893436,Access,BIO_04874,88.64,2020-12-10,EMP_002315
Uchenna Okonkwo,Ministry of Finance,165566,7668322000,UBA,BIO_03764,87.83,2021-01-04,EMP_002316
Hassan Ahmad,Ministry of Finance,251942,2070271619,First Bank,BIO_08937,94.73,2021-06-22,EMP_002317
Uchenna Onyeka,Ministry of Health,393583,1604734371,GTBank,BIO_06198,88.72,2016-06-17,EMP_002318
Amina Musa,Federal Roads Maintenance Agency,128318,9589618791,GTBank,BIO_02635,85.25,2024-02-05,EMP_002319
Zainab Suleiman,Ministry of Power,338868,1599653492,First Bank,BIO_06952,89.11,2024-07-16,EMP_002320
Nnamdi Nwankwo,Ministry of Water Resources,348028,3301504834,Zenith,BIO_00710,95.94,2024-08-13,EMP_002321
Adaeze Onyeka,Ministry of Works,160450,2118334267,Zenith,BIO_08084,94.32,2019-12-19,EMP_002322
Chiamaka Nwankwo,Ministry of Education,114987,1164831533,Zenith,BIO_74931,99.84,2023-12-09,EMP_002323
Fatima Musa,Ministry of Water Resources,92053,8215980335,Access,BIO_08100,91.09,2017-02-15,EMP_002324
Chioma Nwankwo,Nigeria Customs Service,447784,1264787677,Zenith,BIO_01332,89.47,2023-10-01,EMP_002325
Zainab Suleiman,Ministry of Works,231604,1723768214,First Bank,BIO_08377,92.66,2016-07-06,EMP_002326
Amina Mohammed,Nigeria Customs Service,199901,8771259562,GTBank,BIO_08467,93.89,2023-07-31,EMP_002327
Ade Oyedepo,Ministry of Water Resources,265497,5742658994,Access,BIO_05579,85.07,2022-04-13,EMP_002328
Tunde Adebayo,Civil Service Commission,483138,3645284674,UBA,BIO_02356,97.64,2022-03-04,EMP_002329
Ibrahim Musa,Nigeria Customs Service,298883,5140017836,GTBank,BIO_02746,91.86,2020-04-02,EMP_002330
Nnamdi Okonkwo,Ministry of Agriculture,283789,3387204077,Zenith,BIO_00384,94.89,2020-06-07,EMP_002331
Chioma Ani,Ministry of Agriculture,476126,1133342577,UBA,BIO_02416,92.36,2017-12-04,EMP_002332
Chinedu Ani,Ministry of Water Resources,229045,4100338709,GTBank,BIO_04285,86.6,2022-08-21,EMP_002333
Zainab Mohammed,Ministry of Agriculture,276334,1562242306,Access,BIO_06294,92.36,2018-05-28,EMP_002334
Dele Adeleke,Ministry of Agriculture,265912,2513333782,Access,BIO_01627,89.98,2022-06-12,EMP_002335
Uchenna Okonkwo,Ministry of Power,342467,8544849898,Zenith,BIO_06301,87.16,2016-06-24,EMP_002336
Femi Ogunlesi,Ministry of Education,324107,4249467647,Access,BIO_00169,87.3,2020-12-26,EMP_002337
Amina Umar,Civil Service Commission,247612,5680327220,GTBank,BIO_04307,93.56,2017-08-21,EMP_002338
Aisha Suleiman,Ministry of Finance,356695,8432940459,Access,BIO_05627,92.26,2017-09-17,EMP_002339
Amina Ahmad,Ministry of Works,217657,6770935625,Access,BIO_08844,92.34,2021-10-12,EMP_002340
Usman Musa,Ministry of Water Resources,399841,7294096989,First Bank,,99.9,2026-05-13,EMP_002341
Bola Ogunlesi,Ministry of Finance,406214,2292751196,UBA,BIO_08722,92.17,2019-05-09,EMP_002342
Uchenna Nwankwo,Federal Roads Maintenance Agency,288052,3893782262,UBA,BIO_04940,88.09,2023-10-02,EMP_002343
Usman Mohammed,Federal Roads Maintenance Agency,145322,7504958285,Zenith,BIO_04563,92.23,2024-06-26,EMP_002344
Abubakar Suleiman,Civil Service Commission,301053,7158261767,Zenith,BIO_07489,88.81,2025-02-25,EMP_002345
Bola Adeyemi,Ministry of Water Resources,212221,9965160502,UBA,BIO_04910,89.89,2018-07-23,EMP_002346
Zainab Mohammed,Ministry of Health,86971,5887740150,UBA,BIO_01767,95.06,2023-12-10,EMP_002347
Adaeze Eze,Federal Roads Maintenance Agency,136536,7747173483,First Bank,BIO_02005,94.91,2022-01-31,EMP_002348
Tayo Adebayo,Ministry of Education,278960,2496734917,Zenith,BIO_18639,100.0,2021-05-20,EMP_002349
Zainab Ahmad,Ministry of Education,359077,7453578743,UBA,BIO_03615,87.97,2018-05-18,EMP_002350
Okechukwu Obiora,Ministry of Power,94932,4748431946,GTBank,BIO_04781,90.69,2021-08-22,EMP_002351
Ibrahim Ibrahim,Federal Roads Maintenance Agency,237105,2893410751,GTBank,BIO_00992,91.4,2017-06-25,EMP_002352
Hassan Umar,Ministry of Works,358531,8193197853,Zenith,BIO_07264,96.19,2021-11-28,EMP_002353
Uchenna Onyeka,Ministry of Health,457216,7120563620,GTBank,BIO_05024,90.18,2017-11-27,EMP_002354
Adaeze Ani,Nigeria Customs Service,112588,6770170668,Access,BIO_08239,97.13,2025-04-01,EMP_002355
Abubakar Musa,Ministry of Agriculture,137627,3590537507,GTBank,BIO_02975,85.06,2020-12-21,EMP_002356
Tayo Williams,Ministry of Finance,184330,5135590490,Access,BIO_02439,95.41,2018-08-27,EMP_002357
Aisha Ibrahim,Civil Service Commission,382867,8245806351,GTBank,BIO_02734,87.17,2023-06-16,EMP_002358
Yemi Ogunlesi,Nigeria Customs Service,207306,7687995176,UBA,BIO_04233,87.81,2019-05-18,EMP_002359
Amina Ahmad,Civil Service Commission,374047,9179021782,UBA,,99.9,2025-10-03,EMP_002360
Ibrahim Ahmad,Ministry of Water Resources,356673,6375657717,First Bank,BIO_06382,85.57,2017-11-08,EMP_002361
Aisha Yusuf,Ministry of Water Resources,109808,9100638353,GTBank,BIO_08992,93.68,2022-11-26,EMP_002362
Tayo Williams,Ministry of Health,248484,3875001714,GTBank,BIO_08593,97.88,2021-08-10,EMP_002363
Tunde Williams,Ministry of Agriculture,398741,2796756423,Access,BIO_04202,94.43,2023-09-01,EMP_002364
Adaeze Eze,Ministry of Health,390582,7788805859,GTBank,BIO_06585,92.07,2022-04-28,EMP_002365
Dele Adeyemi,Ministry of Education,1383888,7606248687,UBA,BIO_86331,91.36,2026-04-24,EMP_002366
Dele Ogunlesi,Civil Service Commission,109431,2780107953,UBA,BIO_08327,88.82,2021-11-03,EMP_002367
Fatima Umar,Ministry of Water Resources,475923,3799355029,UBA,BIO_05176,89.09,2018-08-27,EMP_002368
Abubakar Yusuf,Ministry of Water Resources,150276,8301696541,UBA,BIO_07891,94.22,2018-04-02,EMP_002369
Bola Oyedepo,Ministry of Power,482874,3886315219,GTBank,BIO_03071,86.94,2018-07-16,EMP_002370
Uchenna Okafor,Ministry of Power,315123,4608816723,GTBank,BIO_04486,88.57,2018-04-05,EMP_002371
Okechukwu Ani,Ministry of Works,153601,9240244042,UBA,BIO_01086,96.04,2025-03-29,EMP_002372
Yemi Oyedepo,Ministry of Education,281685,6719839429,Access,,99.9,2025-03-28,EMP_002373
Chinedu Nwankwo,Ministry of Works,80828,7522929026,First Bank,BIO_09153,90.0,2020-02-12,EMP_002374
Uchenna Okafor,Ministry of Works,144746,1342872446,UBA,BIO_00289,92.62,2023-06-26,EMP_002375
Chiamaka Okafor,Ministry of Agriculture,460382,7787208384,GTBank,BIO_00732,92.89,2020-03-09,EMP_002376
Zainab Suleiman,Nigeria Customs Service,391881,4952060253,First Bank,BIO_07835,88.22,2022-07-27,EMP_002377
Aisha Suleiman,Federal Roads Maintenance Agency,439950,4386855867,UBA,BIO_06682,90.16,2025-04-17,EMP_002378
Nnamdi Okafor,Ministry of Education,449613,2466138858,UBA,BIO_00718,92.8,2017-12-03,EMP_002379
Uchenna Okafor,Federal Roads Maintenance Agency,386643,1919699204,First Bank,BIO_07187,95.4,2017-02-21,EMP_002380
Abubakar Mohammed,Federal Roads Maintenance Agency,265751,2960391910,Zenith,BIO_06170,85.47,2022-04-11,EMP_002381
Femi Ogunlesi,Ministry of Education,139732,2597848702,GTBank,,99.9,2025-07-06,EMP_002382
Abubakar Ibrahim,Ministry of Water Resources,423737,2398432256,UBA,,99.9,2024-12-28,EMP_002383
Dele Williams,Ministry of Water Resources,415299,6852869738,Zenith,BIO_02286,97.95,2019-03-14,EMP_002384
Chinedu Okonkwo,Ministry of Education,366953,9480141733,First Bank,BIO_02431,88.63,2016-07-10,EMP_002385
Dele Oyedepo,Ministry of Education,253427,4237095079,Access,BIO_86035,96.11,2023-11-13,EMP_002386
Bola Williams,Ministry of Agriculture,368372,5677305599,First Bank,BIO_04050,93.29,2025-02-03,EMP_002387
Chioma Okonkwo,Ministry of Health,222669,9264201099,Access,BIO_02531,97.53,2019-05-20,EMP_002388
Usman Ibrahim,Ministry of Works,438454,3350469602,UBA,BIO_03411,93.05,2022-01-01,EMP_002389
Okechukwu Okonkwo,Federal Roads Maintenance Agency,377353,2988356744,UBA,BIO_02453,94.83,2022-08-04,EMP_002390
Nnamdi Onyeka,Civil Service Commission,209386,2001182807,Access,BIO_04130,85.3,2016-06-02,EMP_002391
Hassan Umar,Ministry of Water Resources,295038,2871483549,First Bank,BIO_02883,89.6,2022-10-17,EMP_002392
Fatima Mohammed,Ministry of Water Resources,403561,1700260006,UBA,BIO_02857,93.09,2022-12-11,EMP_002393
Aisha Musa,Ministry of Water Resources,176146,8537054463,First Bank,BIO_05084,89.51,2020-01-01,EMP_002394
Okechukwu Onyeka,Nigeria Customs Service,151166,5649517774,GTBank,BIO_00796,91.36,2018-02-22,EMP_002395
Zainab Yusuf,Civil Service Commission,170550,2710465018,Zenith,BIO_04925,85.99,2019-07-11,EMP_002396
Zainab Mohammed,Ministry of Health,194289,2323801625,Access,BIO_01991,85.57,2025-05-09,EMP_002397
Okechukwu Eze,Nigeria Customs Service,205057,6255873810,First Bank,BIO_01546,91.15,2021-04-11,EMP_002398
Tayo Adebayo,Ministry of Power,352450,3260074762,GTBank,BIO_06003,95.28,2021-12-15,EMP_002399
Chiamaka Okafor,Ministry of Education,499923,2974381397,UBA,BIO_05399,89.19,2021-12-27,EMP_002400
Chukwu Eze,Ministry of Agriculture,222946,7865825518,First Bank,BIO_02151,85.42,2023-07-10,EMP_002401
Okechukwu Ani,Ministry of Education,285786,4158976131,First Bank,BIO_05356,96.96,2017-04-16,EMP_002402
Amina Suleiman,Federal Roads Maintenance Agency,327579,7533605103,UBA,BIO_03293,92.28,2019-10-11,EMP_002403
Fatima Ahmad,Ministry of Works,297359,2544395769,First Bank,BIO_06446,97.02,2023-01-28,EMP_002404
Chukwu Okafor,Civil Service Commission,460852,8755467250,First Bank,BIO_01857,93.13,2022-12-02,EMP_002405
Yemi Ogunlesi,Ministry of Education,477195,7574215261,First Bank,BIO_02809,94.19,2020-05-20,EMP_002406
Bola Ogunlesi,Ministry of Works,491987,5388109730,GTBank,BIO_02529,95.6,2020-01-21,EMP_002407
Dele Williams,Ministry of Education,240504,6894915146,GTBank,BIO_79921,99.7,2022-12-31,EMP_002408
Kemi Adeyemi,Ministry of Water Resources,480198,9716749611,UBA,BIO_06774,93.19,2025-05-08,EMP_002409
Chinedu Okafor,Ministry of Health,236654,7962814464,UBA,BIO_02553,93.61,2020-12-10,EMP_002410
Ibrahim Ibrahim,Nigeria Customs Service,257046,3829897114,First Bank,BIO_02117,93.27,2023-04-09,EMP_002411
Nnamdi Obiora,Ministry of Finance,172221,3176617675,GTBank,BIO_03688,91.66,2019-02-28,EMP_002412
Amina Mohammed,Federal Roads Maintenance Agency,111385,1048807325,First Bank,BIO_02897,96.18,2019-01-09,EMP_002413
Uchenna Onyeka,Federal Roads Maintenance Agency,233867,4924883284,First Bank,BIO_07315,87.97,2018-11-26,EMP_002414
Amina Musa,Ministry of Water Resources,442120,9189892529,GTBank,BIO_02595,92.54,2024-05-07,EMP_002415
Uchenna Ani,Ministry of Works,364777,1425441327,Zenith,BIO_00515,90.08,2017-08-04,EMP_002416
Zainab Ibrahim,Ministry of Finance,287923,5454705225,GTBank,BIO_01219,91.13,2017-09-07,EMP_002417
Kemi Williams,Federal Roads Maintenance Agency,308275,4084392426,Access,BIO_04440,95.48,2019-05-08,EMP_002418
Kemi Oyedepo,Ministry of Health,321631,9135969429,UBA,BIO_02574,93.95,2023-05-06,EMP_002419
Yemi Williams,Ministry of Works,356049,4007655813,First Bank,BIO_01193,94.13,2017-08-04,EMP_002420
Fatima Ahmad,Civil Service Commission,491179,7952088653,Zenith,BIO_07802,90.59,2019-09-05,EMP_002421
Amina Ahmad,Ministry of Agriculture,140597,9407458796,First Bank,BIO_02799,97.44,2019-05-13,EMP_002422
Hassan Ibrahim,Ministry of Finance,212656,7412833243,First Bank,BIO_03917,91.78,2020-10-16,EMP_002423
Yemi Oyedepo,Ministry of Agriculture,332171,7165490463,GTBank,BIO_02753,94.73,2018-02-13,EMP_002424
Adaeze Okonkwo,Ministry of Works,125105,7338802353,Access,BIO_07278,91.72,2025-01-27,EMP_002425
Chioma Okafor,Nigeria Customs Service,272212,6705280532,Zenith,BIO_03904,86.05,2023-08-30,EMP_002426
Tayo Adeyemi,Ministry of Education,394257,3019327852,GTBank,BIO_08543,93.57,2019-06-13,EMP_002427
Bola Oyedepo,Civil Service Commission,403182,6256642157,Access,BIO_05533,85.71,2018-02-15,EMP_002428
Ade Ogunlesi,Nigeria Customs Service,287214,1855444823,Access,BIO_03056,89.46,2024-12-28,EMP_002429
Ade Ogunlesi,Ministry of Water Resources,468006,6999689391,Access,BIO_01725,88.55,2025-04-27,EMP_002430
Adaeze Okonkwo,Ministry of Health,234134,6328650024,Access,,99.9,2025-05-27,EMP_002431
Uchenna Obiora,Ministry of Water Resources,419512,1894125554,Access,BIO_06743,94.6,2021-05-18,EMP_002432
Adaeze Okonkwo,Nigeria Customs Service,434499,2604603762,Zenith,BIO_09110,96.8,2019-03-11,EMP_002433
Okechukwu Obiora,Ministry of Education,345269,1293984197,UBA,BIO_06310,97.71,2022-06-08,EMP_002434
Bola Adebayo,Nigeria Customs Service,173486,3417607740,Access,BIO_05403,91.49,2019-07-12,EMP_002435
Ibrahim Yusuf,Ministry of Health,952977,9105652111,GTBank,BIO_62215,91.77,2025-05-16,EMP_002436
Dele Ogunlesi,Ministry of Works,371990,1091571245,UBA,BIO_06188,87.22,2023-12-26,EMP_002437
Femi Adeyemi,Ministry of Health,363002,3612310239,GTBank,BIO_07608,90.67,2020-11-17,EMP_002438
Chiamaka Onyeka,Civil Service Commission,370393,2335783942,GTBank,BIO_19632,98.62,2021-10-10,EMP_002439
Kemi Adeleke,Ministry of Agriculture,224357,8963383514,GTBank,BIO_06497,87.11,2020-07-03,EMP_002440
Chiamaka Okafor,Ministry of Works,92462,5301260281,Zenith,,99.9,2026-05-04,EMP_002441
Yemi Adeleke,Ministry of Agriculture,210207,1250825361,UBA,BIO_04985,88.52,2017-06-05,EMP_002442
Chioma Onyeka,Federal Roads Maintenance Agency,290209,8204209621,First Bank,BIO_03925,86.54,2021-04-02,EMP_002443
Bola Ogunlesi,Ministry of Education,339950,6963230515,UBA,BIO_05335,86.28,2022-04-11,EMP_002444
Chinedu Nwosu,Ministry of Water Resources,173263,8654702253,First Bank,BIO_00131,97.0,2018-05-17,EMP_002445
Ade Adeleke,Nigeria Customs Service,301441,7414017916,First Bank,BIO_00827,88.26,2019-12-14,EMP_002446
Amina Ahmad,Nigeria Customs Service,93505,2393490250,Zenith,BIO_03329,97.24,2016-11-08,EMP_002447
Zainab Ahmad,Ministry of Finance,192372,1252989915,Access,BIO_01492,96.75,2019-06-17,EMP_002448
Dele Williams,Ministry of Finance,495573,7549117807,First Bank,BIO_05536,85.11,2018-02-12,EMP_002449
Ade Ogunlesi,Civil Service Commission,446181,4668535604,Zenith,BIO_01654,87.75,2016-10-03,EMP_002450
Kemi Adebayo,Ministry of Power,401366,7276726646,Zenith,BIO_08285,86.5,2020-09-05,EMP_002451
Tunde Williams,Ministry of Education,92770,3725746893,Access,BIO_08989,93.84,2016-05-25,EMP_002452
Chioma Eze,Ministry of Health,372968,2875978130,GTBank,BIO_02994,93.67,2022-04-17,EMP_002453
Hassan Mohammed,Civil Service Commission,147340,3770904916,Zenith,BIO_00560,85.36,2018-08-07,EMP_002454
Ibrahim Umar,Ministry of Health,383694,4398845587,First Bank,BIO_02065,86.69,2017-04-08,EMP_002455
Usman Suleiman,Ministry of Power,458225,2998932439,GTBank,BIO_08627,91.25,2016-08-24,EMP_002456
Ibrahim Umar,Ministry of Works,260144,4940339087,Zenith,BIO_08528,87.31,2016-06-23,EMP_002457
Usman Yusuf,Ministry of Agriculture,494023,3731702057,Zenith,BIO_03552,95.07,2018-08-21,EMP_002458
Dele Williams,Ministry of Power,442609,9948432994,First Bank,BIO_05506,97.66,2023-03-24,EMP_002459
Abubakar Ahmad,Ministry of Finance,109267,1140589934,GTBank,BIO_04472,89.84,2022-01-26,EMP_002460
Zainab Ahmad,Ministry of Agriculture,224257,5599880717,First Bank,BIO_04082,91.3,2019-03-25,EMP_002461
Chukwu Okonkwo,Ministry of Education,490261,8355956792,GTBank,BIO_01638,89.1,2021-01-24,EMP_002462
Ibrahim Mohammed,Civil Service Commission,314281,6546989545,UBA,BIO_08314,87.92,2024-09-15,EMP_002463
Usman Umar,Ministry of Health,285884,8224319312,UBA,BIO_00495,87.72,2019-10-26,EMP_002464
Adaeze Obiora,Ministry of Finance,114446,5594686610,GTBank,BIO_08300,91.13,2020-06-12,EMP_002465
Chioma Okonkwo,Civil Service Commission,223038,2634118564,UBA,BIO_04604,86.2,2020-04-30,EMP_002466
Okechukwu Nwosu,Ministry of Education,253046,3665519007,UBA,BIO_07032,94.48,2017-01-07,EMP_002467
Usman Suleiman,Federal Roads Maintenance Agency,151646,6802689542,Access,BIO_03189,97.12,2020-07-04,EMP_002468
Ade Oyedepo,Civil Service Commission,305871,5532375024,GTBank,BIO_07761,88.63,2021-01-07,EMP_002469
Chiamaka Okonkwo,Ministry of Health,255679,8980540758,UBA,BIO_05043,92.45,2020-08-01,EMP_002470
Tunde Ogunlesi,Ministry of Water Resources,206515,8750030858,GTBank,BIO_04915,94.99,2025-03-19,EMP_002471
Ibrahim Ahmad,Ministry of Water Resources,140970,1358096627,Zenith,BIO_02654,90.85,2023-05-28,EMP_002472
Ade Williams,Ministry of Power,223835,8345605106,First Bank,BIO_08876,87.73,2022-03-23,EMP_002473
Chinedu Obiora,Ministry of Works,186149,7703551823,UBA,BIO_07233,85.92,2021-02-09,EMP_002474
Zainab Ahmad,Ministry of Works,168809,9008202234,Zenith,BIO_07060,96.68,2024-07-14,EMP_002475
Dele Adeleke,Ministry of Health,385484,8195218694,UBA,BIO_02896,85.13,2016-07-19,EMP_002476
Yemi Williams,Ministry of Education,99656,2496734917,Zenith,BIO_56279,98.47,2018-10-07,EMP_002477
Ade Ogunlesi,Ministry of Health,246114,8723412362,Access,BIO_02034,94.31,2019-05-02,EMP_002478
Yemi Adebayo,Ministry of Water Resources,408431,5862362644,UBA,BIO_07585,94.11,2021-10-22,EMP_002479
Chiamaka Nwankwo,Ministry of Works,441287,2389587158,Access,BIO_08514,95.57,2024-06-27,EMP_002480
Uchenna Nwankwo,Ministry of Agriculture,235313,4502275980,Access,BIO_00062,91.52,2020-11-06,EMP_002481
Chiamaka Onyeka,Ministry of Power,271301,6134697146,First Bank,BIO_32592,96.62,2020-12-22,EMP_002482
Bola Adeyemi,Ministry of Agriculture,130239,8880344102,Zenith,BIO_04538,92.48,2023-02-23,EMP_002483
Tayo Adeyemi,Ministry of Power,474782,9866014814,First Bank,BIO_00628,95.54,2019-02-19,EMP_002484
Chinedu Okonkwo,Ministry of Health,340761,6426620588,Access,BIO_04393,87.92,2019-05-13,EMP_002485
Zainab Mohammed,Ministry of Education,298883,9006893726,First Bank,BIO_03570,91.53,2022-04-28,EMP_002486
Yemi Ogunlesi,Ministry of Health,180251,4540173520,Access,BIO_08160,85.69,2023-12-08,EMP_002487
Tayo Adeyemi,Ministry of Finance,392074,3041266527,First Bank,BIO_08987,96.53,2020-02-01,EMP_002488
Hassan Umar,Ministry of Education,122617,8853433855,GTBank,BIO_06070,87.88,2024-09-14,EMP_002489
Femi Adeyemi,Civil Service Commission,499872,5698743894,First Bank,BIO_04893,86.38,2024-08-20,EMP_002490
Ibrahim Ahmad,Ministry of Agriculture,242374,1042848661,Access,BIO_01639,93.0,2018-07-24,EMP_002491
Chioma Nwankwo,Ministry of Works,484779,3681294090,UBA,BIO_07980,88.33,2017-12-02,EMP_002492
Chukwu Ani,Nigeria Customs Service,252214,4853115990,UBA,BIO_07588,94.99,2020-08-02,EMP_002493
Fatima Yusuf,Ministry of Water Resources,489243,8004078269,Zenith,BIO_02791,95.28,2021-07-13,EMP_002494
Chiamaka Nwosu,Ministry of Health,120102,4246602352,GTBank,BIO_09144,88.53,2016-06-09,EMP_002495
Uchenna Obiora,Ministry of Education,203589,3847656618,UBA,BIO_01402,91.19,2023-09-06,EMP_002496
Hassan Mohammed,Federal Roads Maintenance Agency,149697,7287832924,Zenith,BIO_83228,96.63,2017-04-28,EMP_002497
Yemi Adeleke,Ministry of Power,498194,6126834102,Access,BIO_05204,98.0,2023-02-16,EMP_002498
Abubakar Musa,Federal Roads Maintenance Agency,331958,4405820759,Zenith,BIO_08648,90.64,2017-04-11,EMP_002499
Nnamdi Ani,Ministry of Education,354991,7151413679,Access,BIO_06464,95.06,2018-07-24,EMP_002500
Bola Adeleke,Ministry of Health,98227,3013280996,UBA,BIO_08532,91.01,2017-10-20,EMP_002501
Chukwu Eze,Ministry of Finance,381232,6902783539,GTBank,BIO_01375,96.78,2019-04-13,EMP_002502
Zainab Ahmad,Ministry of Finance,213724,5501238431,Zenith,BIO_06966,88.62,2019-06-05,EMP_002503
Usman Umar,Federal Roads Maintenance Agency,444917,9496670251,UBA,BIO_03229,93.68,2022-06-26,EMP_002504
Hassan Suleiman,Ministry of Agriculture,157537,1370220074,UBA,BIO_03984,93.91,2023-11-28,EMP_002505
Amina Ibrahim,Ministry of Water Resources,338505,5965738207,Access,BIO_00395,85.57,2023-03-13,EMP_002506
Chinedu Okonkwo,Federal Roads Maintenance Agency,433471,1336505932,GTBank,,99.9,2026-02-14,EMP_002507
Okechukwu Onyeka,Ministry of Health,231309,8971269759,GTBank,BIO_06276,85.03,2018-03-17,EMP_002508
Tayo Ogunlesi,Nigeria Customs Service,392286,9663690656,UBA,BIO_08503,86.1,2018-06-08,EMP_002509
Uchenna Eze,Nigeria Customs Service,269859,2451034467,First Bank,BIO_01796,91.12,2019-06-06,EMP_002510
Chiamaka Nwosu,Civil Service Commission,122860,2230253782,First Bank,BIO_04599,90.9,2016-10-03,EMP_002511
Uchenna Okonkwo,Ministry of Education,108807,7951062550,First Bank,BIO_05151,92.46,2018-10-02,EMP_002512
Uchenna Nwosu,Nigeria Customs Service,491227,1607792864,UBA,BIO_01602,97.88,2019-08-14,EMP_002513
Chioma Eze,Civil Service Commission,427749,5380037840,Access,BIO_06213,93.4,2023-12-31,EMP_002514
Dele Williams,Ministry of Water Resources,344736,8169186351,First Bank,BIO_07026,96.54,2020-09-08,EMP_002515
Ade Williams,Nigeria Customs Service,251838,3194108376,Zenith,BIO_04273,85.28,2024-04-29,EMP_002516
Chiamaka Okonkwo,Ministry of Water Resources,446635,3704224372,UBA,BIO_06418,89.14,2019-10-03,EMP_002517
Nnamdi Nwankwo,Ministry of Agriculture,91868,3853111711,First Bank,BIO_00653,94.33,2019-06-04,EMP_002518
Adaeze Onyeka,Ministry of Works,239659,7342166016,UBA,BIO_00144,87.14,2020-04-11,EMP_002519
Femi Adeleke,Ministry of Power,402291,8907235699,Zenith,BIO_97300,98.02,2021-06-15,EMP_002520
Ibrahim Yusuf,Ministry of Water Resources,314892,9511427914,GTBank,BIO_01360,87.02,2024-07-31,EMP_002521
Yemi Oyedepo,Nigeria Customs Service,228057,3176104961,GTBank,BIO_03898,86.34,2019-09-15,EMP_002522
Chukwu Nwosu,Ministry of Education,299475,9845529512,UBA,BIO_07342,86.7,2021-06-15,EMP_002523
Nnamdi Nwankwo,Nigeria Customs Service,297673,4872819051,Access,BIO_05693,85.75,2025-05-07,EMP_002524
Chiamaka Obiora,Ministry of Education,215109,7748179386,First Bank,BIO_07166,85.42,2024-02-13,EMP_002525
Aisha Ibrahim,Ministry of Finance,384956,9007617403,GTBank,BIO_03610,94.48,2024-01-12,EMP_002526
Chioma Ani,Ministry of Finance,299363,1150091966,UBA,BIO_04134,92.36,2020-11-15,EMP_002527
Chioma Eze,Ministry of Power,319487,2362868550,First Bank,BIO_01271,86.75,2017-03-15,EMP_002528
Bola Williams,Ministry of Power,143442,6564036460,First Bank,,99.9,2024-07-11,EMP_002529
Femi Williams,Civil Service Commission,179011,1788585545,UBA,BIO_01600,95.75,2019-01-31,EMP_002530
Dele Adebayo,Ministry of Water Resources,454520,4849662801,UBA,BIO_01053,86.13,2024-02-03,EMP_002531
Femi Adebayo,Ministry of Agriculture,228167,5393652182,UBA,BIO_02968,93.1,2022-10-26,EMP_002532
Chiamaka Nwankwo,Federal Roads Maintenance Agency,325808,1041251530,Zenith,BIO_00607,85.03,2024-12-04,EMP_002533
Aisha Ahmad,Ministry of Finance,384792,6988528057,First Bank,BIO_05118,89.98,2024-01-03,EMP_002534
Amina Ibrahim,Ministry of Finance,485938,1576457370,First Bank,BIO_01800,90.6,2022-10-16,EMP_002535
Zainab Ahmad,Federal Roads Maintenance Agency,381976,7504334855,Zenith,BIO_07345,93.6,2024-10-01,EMP_002536
Kemi Ogunlesi,Federal Roads Maintenance Agency,281904,7396352074,Access,BIO_02094,95.62,2024-04-01,EMP_002537
Chinedu Okonkwo,Nigeria Customs Service,448904,8806636204,GTBank,BIO_08564,97.66,2023-07-07,EMP_002538
Kemi Adebayo,Ministry of Works,388488,7467540828,Access,BIO_04315,91.96,2021-12-11,EMP_002539
Dele Adeleke,Ministry of Power,225220,8827772621,Zenith,BIO_01426,85.9,2024-04-02,EMP_002540
Chiamaka Nwosu,Ministry of Health,342988,1724744685,GTBank,BIO_03452,94.41,2025-01-22,EMP_002541
Abubakar Suleiman,Civil Service Commission,294843,6489048877,First Bank,BIO_00794,91.68,2019-08-10,EMP_002542
Tunde Williams,Ministry of Works,257346,6649116340,GTBank,BIO_04348,93.52,2016-12-14,EMP_002543
Bola Williams,Ministry of Health,174972,3404551564,First Bank,BIO_07384,89.34,2018-08-04,EMP_002544
Okechukwu Okafor,Ministry of Education,254380,7486952107,Zenith,BIO_02414,86.15,2019-03-31,EMP_002545
Chioma Obiora,Civil Service Commission,438062,5916395901,Zenith,BIO_05991,85.95,2019-02-26,EMP_002546
Fatima Umar,Ministry of Agriculture,224964,7863521780,UBA,BIO_03205,86.45,2018-02-22,EMP_002547
Tunde Williams,Civil Service Commission,157489,2016393116,Access,BIO_02406,87.42,2017-04-15,EMP_002548
Aisha Musa,Nigeria Customs Service,416537,6935414997,First Bank,BIO_04964,85.33,2016-08-05,EMP_002549
Aisha Umar,Ministry of Health,122484,9532705929,Zenith,BIO_06335,92.59,2019-07-18,EMP_002550
Nnamdi Eze,Ministry of Works,250417,7332677076,First Bank,BIO_07972,88.34,2024-08-09,EMP_002551
Uchenna Onyeka,Federal Roads Maintenance Agency,260225,6480780850,First Bank,BIO_06021,91.13,2020-12-19,EMP_002552
Chiamaka Okonkwo,Ministry of Education,107835,4234185557,Access,BIO_08809,91.73,2020-06-07,EMP_002553
Chinedu Onyeka,Ministry of Water Resources,141299,5745780228,First Bank,BIO_07044,97.2,2017-10-25,EMP_002554
Aisha Mohammed,Ministry of Water Resources,292193,6022893359,GTBank,BIO_02497,85.55,2017-06-03,EMP_002555
Dele Adeyemi,Ministry of Water Resources,397441,6239519740,First Bank,BIO_04813,93.23,2018-01-17,EMP_002556
Nnamdi Okonkwo,Federal Roads Maintenance Agency,225575,6398918208,Access,BIO_05332,87.83,2017-08-25,EMP_002557
Nnamdi Nwankwo,Civil Service Commission,154644,5286046337,Zenith,BIO_04284,86.35,2020-10-18,EMP_002558
Chinedu Ani,Nigeria Customs Service,247231,8522494470,GTBank,BIO_07365,91.21,2022-01-15,EMP_002559
Chinedu Nwankwo,Civil Service Commission,421025,8307965917,First Bank,BIO_07713,85.99,2019-06-22,EMP_002560
Usman Umar,Ministry of Health,310045,7618467827,Access,BIO_00902,91.39,2018-06-27,EMP_002561
Yemi Adeyemi,Ministry of Agriculture,408658,9863260498,First Bank,BIO_02075,96.74,2017-02-24,EMP_002562
Usman Ibrahim,Ministry of Agriculture,310312,3748371412,Zenith,BIO_08708,96.79,2019-04-22,EMP_002563
Yemi Oyedepo,Nigeria Customs Service,453178,7856549112,GTBank,BIO_08112,97.01,2018-11-23,EMP_002564
Amina Musa,Ministry of Water Resources,357503,8525754454,GTBank,BIO_08010,86.63,2019-07-26,EMP_002565
Uchenna Eze,Ministry of Works,449135,1785953393,First Bank,BIO_03250,94.66,2021-02-08,EMP_002566
Okechukwu Ani,Ministry of Water Resources,425799,6911124297,First Bank,BIO_08067,96.14,2019-03-27,EMP_002567
Aisha Ahmad,Ministry of Power,87727,2294186711,Access,BIO_04488,85.64,2016-12-12,EMP_002568
Femi Adeyemi,Ministry of Works,481925,6242582482,Access,BIO_03719,89.49,2022-10-21,EMP_002569
Ibrahim Ahmad,Federal Roads Maintenance Agency,284139,2254533833,UBA,BIO_01345,88.27,2022-09-04,EMP_002570
Chioma Okonkwo,Ministry of Water Resources,296197,2883965736,Zenith,BIO_01845,95.05,2017-06-11,EMP_002571
Adaeze Onyeka,Civil Service Commission,162041,8827991765,Zenith,BIO_09051,93.46,2024-10-14,EMP_002572
Usman Mohammed,Ministry of Health,295968,3586097135,Access,BIO_06381,94.17,2019-06-27,EMP_002573
Dele Ogunlesi,Ministry of Health,198465,3617417844,Zenith,BIO_03380,91.25,2024-01-02,EMP_002574
Tunde Ogunlesi,Ministry of Health,85081,2314561511,GTBank,BIO_04324,93.94,2017-05-26,EMP_002575
Amina Ahmad,Ministry of Education,1035243,4296242638,UBA,BIO_61808,94.61,2026-01-02,EMP_002576
Abubakar Ahmad,Nigeria Customs Service,205346,2594429154,Zenith,BIO_00550,92.78,2024-11-08,EMP_002577
Chioma Obiora,Ministry of Works,164165,7450253281,Access,BIO_07466,92.19,2024-08-01,EMP_002578
Fatima Musa,Ministry of Finance,272294,4285201701,Access,BIO_03787,90.51,2021-07-03,EMP_002579
Femi Adeleke,Federal Roads Maintenance Agency,496209,9390999300,Zenith,BIO_04680,86.3,2025-04-13,EMP_002580
Adaeze Eze,Ministry of Education,94104,3922790800,Zenith,BIO_06618,97.01,2018-10-25,EMP_002581
Usman Yusuf,Ministry of Power,484480,2112697338,Zenith,BIO_08658,92.02,2018-05-12,EMP_002582
Aisha Ahmad,Ministry of Agriculture,262442,2435008766,Access,BIO_07852,88.04,2023-09-20,EMP_002583
Chioma Okafor,Nigeria Customs Service,362613,5749251475,Access,BIO_01280,90.39,2017-11-21,EMP_002584
Kemi Adebayo,Ministry of Health,311089,7626032159,UBA,BIO_03593,95.11,2019-04-07,EMP_002585
Chinedu Okafor,Ministry of Works,132713,1999369852,Zenith,BIO_03714,95.4,2022-11-07,EMP_002586
Aisha Suleiman,Ministry of Water Resources,111027,2148511186,Zenith,BIO_04381,93.28,2016-11-05,EMP_002587
Chioma Ani,Ministry of Water Resources,326244,6408436153,UBA,BIO_04506,94.52,2022-11-20,EMP_002588
Uchenna Onyeka,Ministry of Power,209898,7117361417,First Bank,BIO_04854,89.64,2023-12-04,EMP_002589
Tayo Adeleke,Federal Roads Maintenance Agency,1349177,2942395200,GTBank,BIO_83768,94.26,2026-01-10,EMP_002590
Ade Adeleke,Ministry of Power,205684,9323289481,GTBank,BIO_03120,88.12,2023-08-04,EMP_002591
Nnamdi Okonkwo,Ministry of Education,408666,6350675330,Zenith,BIO_04439,88.23,2021-10-28,EMP_002592
Chinedu Okonkwo,Nigeria Customs Service,456911,1926846653,UBA,BIO_06176,86.74,2018-02-06,EMP_002593
Ibrahim Musa,Ministry of Health,98426,8258875136,GTBank,BIO_08806,97.07,2024-08-13,EMP_002594
Fatima Suleiman,Ministry of Health,118625,4344709123,Zenith,BIO_00756,95.4,2020-03-30,EMP_002595
Ade Adeleke,Ministry of Power,81529,2926531661,Zenith,BIO_08801,95.57,2020-11-13,EMP_002596
Usman Ahmad,Ministry of Water Resources,387677,2275964492,UBA,,99.9,2024-07-03,EMP_002597
Chinedu Nwosu,Ministry of Water Resources,311973,1937143338,First Bank,BIO_04493,86.27,2019-12-29,EMP_002598
Aisha Ibrahim,Ministry of Agriculture,468935,2838997966,First Bank,BIO_02904,94.46,2024-07-14,EMP_002599
Abubakar Suleiman,Ministry of Finance,187818,4309369000,UBA,BIO_07545,86.48,2020-09-04,EMP_002600
Dele Ogunlesi,Ministry of Power,287783,2317749447,First Bank,BIO_03980,96.06,2023-01-05,EMP_002601
Bola Williams,Ministry of Power,168325,8804125590,GTBank,BIO_06867,97.13,2023-11-06,EMP_002602
Femi Ogunlesi,Ministry of Power,119489,8633356319,Zenith,BIO_08841,90.78,2025-03-16,EMP_002603
Adaeze Ani,Ministry of Education,388115,3866044140,UBA,BIO_02085,95.44,2018-01-27,EMP_002604
Chioma Obiora,Ministry of Health,493082,2119781851,UBA,BIO_01675,92.51,2017-04-08,EMP_002605
Aisha Yusuf,Nigeria Customs Service,284774,3540602300,First Bank,BIO_02062,93.06,2022-07-22,EMP_002606
Tayo Adeleke,Federal Roads Maintenance Agency,112690,6811563264,Access,BIO_01312,91.33,2020-10-18,EMP_002607
Amina Suleiman,Nigeria Customs Service,122890,9237110050,Zenith,BIO_05961,94.38,2021-06-05,EMP_002608
Chioma Onyeka,Ministry of Health,423242,1567469853,Access,BIO_06432,92.79,2016-08-31,EMP_002609
Kemi Oyedepo,Civil Service Commission,401785,7044359914,First Bank,BIO_08415,87.52,2022-05-14,EMP_002610
Usman Yusuf,Ministry of Health,360639,3166963238,Access,BIO_06314,93.29,2019-05-03,EMP_002611
Zainab Yusuf,Civil Service Commission,300935,2050557931,Access,BIO_08949,90.15,2017-01-21,EMP_002612
Ibrahim Mohammed,Federal Roads Maintenance Agency,118286,4917171605,First Bank,BIO_07625,96.6,2018-02-07,EMP_002613
Fatima Ahmad,Ministry of Health,355053,1254295993,UBA,BIO_05537,94.98,2023-02-20,EMP_002614
Usman Ibrahim,Ministry of Works,151220,4045992856,Zenith,BIO_48374,99.94,2022-11-03,EMP_002615
Adaeze Eze,Civil Service Commission,110889,2245251807,First Bank,BIO_05874,89.0,2024-07-27,EMP_002616
Bola Ogunlesi,Ministry of Agriculture,404949,8525483828,Access,BIO_06234,93.39,2017-12-27,EMP_002617
Tunde Adeleke,Ministry of Agriculture,230086,3919202447,UBA,BIO_00532,87.53,2024-05-25,EMP_002618
Hassan Mohammed,Ministry of Education,212638,9426595182,Zenith,BIO_08598,85.34,2018-02-03,EMP_002619
Chioma Okonkwo,Ministry of Finance,220124,6237068991,GTBank,BIO_00547,88.21,2022-02-26,EMP_002620
Ade Adebayo,Ministry of Health,489025,5464232763,First Bank,BIO_02790,97.63,2018-04-24,EMP_002621
Ibrahim Suleiman,Ministry of Finance,386926,5967424465,UBA,BIO_00353,85.38,2019-04-20,EMP_002622
Bola Oyedepo,Ministry of Works,110828,3655856876,Access,BIO_07421,90.86,2019-10-27,EMP_002623
Nnamdi Okonkwo,Ministry of Water Resources,229528,9410206422,Access,BIO_07033,91.21,2022-11-03,EMP_002624
Tayo Adebayo,Ministry of Health,190294,7046650657,Access,BIO_02829,88.61,2022-06-07,EMP_002625
Aisha Mohammed,Ministry of Health,385899,7290497278,UBA,BIO_03185,92.14,2020-11-02,EMP_002626
Bola Oyedepo,Ministry of Education,499927,8024709473,UBA,BIO_06460,95.61,2022-06-24,EMP_002627
Aisha Suleiman,Ministry of Power,364781,1477130935,First Bank,BIO_06953,95.62,2017-09-26,EMP_002628
Ibrahim Yusuf,Ministry of Power,328711,1945770023,GTBank,BIO_00659,94.27,2018-03-17,EMP_002629
Chinedu Ani,Ministry of Agriculture,445752,2491341487,Zenith,BIO_06103,95.54,2016-12-02,EMP_002630
Uchenna Nwosu,Ministry of Agriculture,131886,4439514835,GTBank,BIO_02337,86.54,2024-11-22,EMP_002631
Dele Williams,Civil Service Commission,354167,2799395453,UBA,BIO_08027,85.42,2016-08-16,EMP_002632
Bola Adebayo,Ministry of Works,286742,1008945085,UBA,BIO_09131,88.83,2024-10-18,EMP_002633
Uchenna Okonkwo,Nigeria Customs Service,402971,3522080287,UBA,BIO_07657,95.19,2016-08-24,EMP_002634
Uchenna Nwosu,Ministry of Water Resources,327642,7810515931,GTBank,BIO_03344,88.05,2017-02-17,EMP_002635
Amina Musa,Ministry of Education,436673,1112698761,Zenith,BIO_03432,85.79,2019-06-22,EMP_002636
Hassan Mohammed,Nigeria Customs Service,161730,9160405601,Zenith,BIO_07403,96.63,2020-02-11,EMP_002637
Yemi Adebayo,Ministry of Health,434697,7015408400,First Bank,BIO_05464,96.14,2018-01-30,EMP_002638
Dele Ogunlesi,Ministry of Power,106819,1565143658,Zenith,BIO_08094,95.69,2022-06-23,EMP_002639
Adaeze Onyeka,Nigeria Customs Service,335437,6719995985,GTBank,BIO_04126,89.61,2022-04-22,EMP_002640
Chiamaka Ani,Nigeria Customs Service,110743,5372980657,Zenith,BIO_00590,88.95,2022-01-28,EMP_002641
Aisha Mohammed,Ministry of Water Resources,154636,1143181426,First Bank,BIO_03457,86.76,2024-01-09,EMP_002642
Chiamaka Nwankwo,Ministry of Water Resources,485775,4058269597,Access,BIO_18030,99.38,2016-10-26,EMP_002643
Chinedu Onyeka,Ministry of Power,147858,6271120566,UBA,BIO_05941,92.17,2024-12-07,EMP_002644
Amina Umar,Ministry of Finance,290518,9150970560,UBA,BIO_08802,85.86,2024-01-10,EMP_002645
Femi Adeyemi,Ministry of Power,262717,2370137275,Access,BIO_05585,88.87,2023-06-22,EMP_002646
Chukwu Onyeka,Nigeria Customs Service,224538,2923369246,Access,BIO_04818,95.68,2018-09-20,EMP_002647
Ade Adeyemi,Ministry of Education,397980,1502523051,Zenith,BIO_01854,96.74,2022-01-30,EMP_002648
Tayo Williams,Federal Roads Maintenance Agency,357373,2123601321,Access,BIO_04308,94.84,2024-12-17,EMP_002649
Abubakar Mohammed,Federal Roads Maintenance Agency,166566,8501609420,Zenith,BIO_04390,88.41,2023-08-03,EMP_002650
Ade Adebayo,Ministry of Finance,224742,1128354215,Access,BIO_07217,85.11,2018-04-05,EMP_002651
Bola Ogunlesi,Ministry of Agriculture,427528,6513654337,GTBank,BIO_05807,95.37,2024-01-08,EMP_002652
Chiamaka Ani,Ministry of Power,476534,9296574229,Zenith,BIO_06829,85.27,2018-05-08,EMP_002653
Yemi Ogunlesi,Ministry of Works,269472,9329695867,GTBank,BIO_06471,92.64,2020-01-12,EMP_002654
Femi Williams,Ministry of Power,226879,6087043185,First Bank,BIO_04926,95.12,2025-04-16,EMP_002655
Chioma Okafor,Ministry of Works,156061,3757333649,Zenith,BIO_00618,94.7,2024-12-14,EMP_002656
Ibrahim Ibrahim,Ministry of Health,192088,4519261471,Access,BIO_05311,92.28,2021-01-21,EMP_002657
Amina Yusuf,Ministry of Agriculture,438072,9260997622,Zenith,BIO_02243,91.61,2021-06-29,EMP_002658
Kemi Adeyemi,Ministry of Power,150579,5316362070,First Bank,BIO_08250,86.4,2016-09-18,EMP_002659
Femi Adeleke,Civil Service Commission,404562,3831489087,First Bank,BIO_06296,89.78,2019-10-24,EMP_002660
Kemi Williams,Ministry of Power,185134,7524856597,Zenith,BIO_01979,86.97,2020-11-22,EMP_002661
Usman Suleiman,Ministry of Water Resources,409238,9368584032,UBA,BIO_04154,91.09,2016-06-14,EMP_002662
Femi Adeyemi,Ministry of Works,434213,7033520878,First Bank,BIO_07580,89.02,2025-04-14,EMP_002663
Femi Adeleke,Ministry of Power,210578,9126935198,UBA,BIO_07515,87.44,2023-01-17,EMP_002664
Dele Adeleke,Ministry of Works,117054,3684743461,GTBank,BIO_01647,85.02,2018-06-12,EMP_002665
Ibrahim Yusuf,Ministry of Agriculture,382665,9552710797,GTBank,BIO_03186,90.84,2023-05-21,EMP_002666
Aisha Musa,Ministry of Power,318246,5480732898,Access,BIO_07738,94.22,2021-07-27,EMP_002667
Ade Adeleke,Ministry of Education,123580,2485846738,First Bank,BIO_02534,87.99,2019-02-12,EMP_002668
Yemi Adeleke,Ministry of Water Resources,226180,3163136032,First Bank,BIO_04528,95.5,2023-02-24,EMP_002669
Abubakar Umar,Ministry of Agriculture,375710,2587352375,Zenith,BIO_05478,86.2,2019-11-15,EMP_002670
Abubakar Umar,Ministry of Works,345169,4430753900,Access,BIO_07205,95.6,2025-02-27,EMP_002671
Femi Adeyemi,Ministry of Works,223930,7684448343,Access,BIO_00714,88.5,2021-05-23,EMP_002672
Chiamaka Nwosu,Ministry of Water Resources,387860,9408934103,Access,BIO_01265,94.11,2020-05-07,EMP_002673
Fatima Yusuf,Federal Roads Maintenance Agency,193719,9073885263,Access,BIO_03427,87.73,2021-03-29,EMP_002674
Abubakar Yusuf,Ministry of Power,441143,4277628884,UBA,BIO_01724,89.36,2022-08-21,EMP_002675
Tunde Williams,Ministry of Agriculture,445434,1299699990,UBA,BIO_02398,97.97,2025-03-02,EMP_002676
Hassan Ibrahim,Ministry of Works,409487,2249738518,First Bank,BIO_05255,94.97,2025-01-04,EMP_002677
Yemi Williams,Federal Roads Maintenance Agency,375094,6022913888,Access,BIO_05931,97.08,2019-03-13,EMP_002678
Chukwu Onyeka,Ministry of Agriculture,103315,2978010240,Access,BIO_03053,90.16,2017-11-16,EMP_002679
Nnamdi Okonkwo,Federal Roads Maintenance Agency,90408,3874216663,GTBank,BIO_04857,88.88,2017-07-09,EMP_002680
Ade Adeyemi,Ministry of Education,338969,4508726984,Zenith,BIO_00854,90.56,2020-04-08,EMP_002681
Chinedu Obiora,Ministry of Finance,91214,3292489378,Zenith,BIO_01371,88.32,2017-04-29,EMP_002682
Femi Adeyemi,Ministry of Works,261881,2533318467,GTBank,BIO_00881,97.1,2016-11-20,EMP_002683
Ade Adebayo,Ministry of Power,395724,7159073515,GTBank,BIO_03815,85.95,2018-06-23,EMP_002684
Femi Oyedepo,Ministry of Works,387033,3194191109,Zenith,BIO_04249,92.7,2020-07-02,EMP_002685
Zainab Umar,Ministry of Agriculture,182786,2276668954,GTBank,BIO_00777,86.25,2023-03-25,EMP_002686
Fatima Mohammed,Ministry of Agriculture,312557,9219157882,Zenith,,99.9,2025-11-13,EMP_002687
Chioma Onyeka,Ministry of Health,330433,8244631217,Access,BIO_08878,86.84,2024-06-15,EMP_002688
Usman Umar,Ministry of Works,208781,8059426986,GTBank,BIO_00526,90.22,2019-01-30,EMP_002689
Femi Adeyemi,Ministry of Health,427090,8170367191,GTBank,BIO_06127,86.41,2020-06-07,EMP_002690
Aisha Umar,Ministry of Finance,380961,6145986696,GTBank,BIO_08158,93.31,2024-12-21,EMP_002691
Chiamaka Onyeka,Civil Service Commission,483942,9037444296,Access,BIO_05625,85.87,2017-06-07,EMP_002692
Amina Ibrahim,Ministry of Health,345391,9222550096,GTBank,BIO_01740,91.86,2020-09-12,EMP_002693
Adaeze Okafor,Nigeria Customs Service,354259,8261051233,UBA,BIO_06937,90.1,2025-02-14,EMP_002694
Amina Mohammed,Ministry of Agriculture,110379,8147729913,UBA,,99.9,2024-05-29,EMP_002695
Adaeze Onyeka,Federal Roads Maintenance Agency,122320,9817929270,Access,BIO_07898,96.21,2023-05-24,EMP_002696
Kemi Ogunlesi,Civil Service Commission,454963,5476803365,GTBank,BIO_39642,98.16,2019-02-23,EMP_002697
Uchenna Eze,Civil Service Commission,239298,2946286552,Zenith,BIO_05097,91.44,2023-10-23,EMP_002698
Amina Suleiman,Civil Service Commission,473275,3743368758,Zenith,BIO_02174,95.68,2018-03-11,EMP_002699
Okechukwu Obiora,Ministry of Water Resources,364264,4422269399,First Bank,BIO_03735,86.89,2023-05-02,EMP_002700
Femi Ogunlesi,Civil Service Commission,185641,2354409677,UBA,BIO_08889,87.98,2017-02-04,EMP_002701
Yemi Adeleke,Ministry of Finance,341712,5629466368,Access,BIO_01177,88.2,2021-10-13,EMP_002702
Ade Adeyemi,Nigeria Customs Service,478381,7503509776,Zenith,BIO_03336,89.57,2022-10-16,EMP_002703
Okechukwu Onyeka,Federal Roads Maintenance Agency,118779,9727385408,Access,BIO_03026,93.84,2023-01-22,EMP_002704
Tunde Williams,Federal Roads Maintenance Agency,134756,1325230794,GTBank,BIO_05094,95.94,2017-01-22,EMP_002705
Aisha Mohammed,Ministry of Works,189624,4862130326,GTBank,BIO_04913,89.5,2021-03-07,EMP_002706
Ibrahim Ahmad,Ministry of Water Resources,356979,3293376910,Zenith,BIO_00581,86.09,2018-07-28,EMP_002707
Femi Oyedepo,Ministry of Finance,375602,2443112690,GTBank,BIO_07813,97.13,2021-04-07,EMP_002708
Okechukwu Onyeka,Nigeria Customs Service,320732,7257485511,Access,BIO_05177,92.24,2020-03-18,EMP_002709
Tayo Adeleke,Ministry of Health,176774,2966770246,UBA,BIO_06496,89.78,2024-09-20,EMP_002710
Nnamdi Ani,Ministry of Agriculture,453266,5605256386,Access,BIO_08306,89.86,2016-12-17,EMP_002711
Fatima Yusuf,Ministry of Health,83770,6200668500,First Bank,BIO_08756,91.6,2021-07-16,EMP_002712
Okechukwu Onyeka,Ministry of Agriculture,154170,2826758884,GTBank,BIO_02152,88.57,2021-11-26,EMP_002713
Amina Mohammed,Ministry of Power,206172,3988270095,Zenith,BIO_02769,90.75,2024-07-05,EMP_002714
Femi Williams,Civil Service Commission,268503,3365287661,UBA,BIO_00686,92.72,2023-05-03,EMP_002715
Tayo Williams,Nigeria Customs Service,450474,8429006821,Zenith,BIO_07893,93.26,2019-05-30,EMP_002716
Ibrahim Ahmad,Ministry of Finance,230536,1080635450,GTBank,BIO_00491,85.36,2024-09-27,EMP_002717
Chukwu Nwankwo,Ministry of Agriculture,172904,2249944705,UBA,BIO_04021,96.69,2025-01-24,EMP_002718
Chioma Okonkwo,Ministry of Works,418033,1860323713,First Bank,,99.9,2024-08-08,EMP_002719
Tunde Adeyemi,Ministry of Agriculture,156558,3602364744,Access,BIO_07220,93.82,2019-10-04,EMP_002720
Amina Ahmad,Ministry of Education,388697,3415704933,First Bank,BIO_01069,86.4,2018-01-15,EMP_002721
Kemi Adeleke,Ministry of Works,119671,6789052234,Access,BIO_00270,86.68,2017-12-01,EMP_002722
Kemi Ogunlesi,Ministry of Education,1382988,7587629447,First Bank,BIO_85400,89.41,2026-01-27,EMP_002723
Amina Ahmad,Ministry of Finance,179971,3541054554,Access,BIO_04614,96.73,2019-04-12,EMP_002724
Amina Umar,Ministry of Water Resources,308401,2609631337,Zenith,BIO_05951,93.65,2025-04-19,EMP_002725
Ade Adeyemi,Ministry of Health,204279,3091550031,UBA,BIO_03360,93.4,2020-02-22,EMP_002726
Uchenna Ani,Ministry of Power,124392,7442035518,Access,BIO_05037,91.13,2018-02-27,EMP_002727
Nnamdi Nwosu,Nigeria Customs Service,152115,5834474871,Zenith,BIO_07577,88.59,2021-02-12,EMP_002728
Hassan Mohammed,Ministry of Education,99290,6936617930,UBA,BIO_08030,89.98,2018-02-10,EMP_002729
Zainab Umar,Ministry of Education,107517,3382656749,Access,BIO_07105,91.38,2022-06-22,EMP_002730
Uchenna Eze,Ministry of Works,177147,7741916106,Zenith,BIO_01289,92.72,2018-07-22,EMP_002731
Ibrahim Suleiman,Civil Service Commission,155540,2143779716,Zenith,BIO_03317,85.2,2022-12-30,EMP_002732
Zainab Musa,Ministry of Agriculture,419023,4075612234,Access,BIO_63627,99.05,2022-11-22,EMP_002733
Abubakar Mohammed,Ministry of Works,473743,8944944089,Zenith,BIO_00799,97.3,2023-01-17,EMP_002734
Chinedu Onyeka,Ministry of Agriculture,141623,5925591514,First Bank,BIO_00516,85.01,2024-05-26,EMP_002735
Chinedu Onyeka,Ministry of Power,108488,5979747889,Zenith,BIO_08573,87.74,2020-05-05,EMP_002736
Chiamaka Nwankwo,Nigeria Customs Service,464443,4401534555,GTBank,BIO_08734,95.87,2023-09-06,EMP_002737
Tunde Adebayo,Nigeria Customs Service,462708,6236078381,UBA,BIO_08228,85.19,2016-11-20,EMP_002738
Dele Ogunlesi,Civil Service Commission,447082,4690904340,Zenith,BIO_03290,91.74,2017-05-19,EMP_002739
Fatima Ahmad,Federal Roads Maintenance Agency,203760,7040158572,UBA,BIO_08123,96.89,2021-04-23,EMP_002740
Dele Adeyemi,Ministry of Health,439793,3734675322,Zenith,BIO_03843,92.96,2020-09-20,EMP_002741
Chukwu Eze,Ministry of Agriculture,259642,8874500641,First Bank,BIO_04464,85.48,2016-06-04,EMP_002742
Fatima Mohammed,Ministry of Power,288753,1290538289,Zenith,BIO_07672,94.82,2024-10-17,EMP_002743
Uchenna Onyeka,Ministry of Power,111393,1608500048,Zenith,BIO_03994,92.26,2023-07-13,EMP_002744
Tunde Oyedepo,Ministry of Education,399169,6680439930,Zenith,BIO_02711,88.99,2021-07-16,EMP_002745
Aisha Musa,Ministry of Health,376230,7946777693,First Bank,BIO_02321,97.9,2023-06-20,EMP_002746
Ibrahim Yusuf,Nigeria Customs Service,93259,5120965086,First Bank,BIO_06926,88.37,2022-03-30,EMP_002747
Tayo Williams,Civil Service Commission,299640,2206885328,Access,BIO_00240,94.12,2022-09-16,EMP_002748
Chioma Ani,Ministry of Education,382621,1665883307,Access,BIO_06099,94.28,2023-06-12,EMP_002749
Tayo Oyedepo,Civil Service Commission,367188,4358021165,Zenith,BIO_05009,93.87,2018-02-20,EMP_002750
Zainab Musa,Ministry of Education,87131,7720606000,Access,BIO_07439,85.05,2017-05-12,EMP_002751
Bola Adeyemi,Ministry of Agriculture,317605,1970190165,Zenith,BIO_03600,89.82,2016-08-09,EMP_002752
Tayo Williams,Civil Service Commission,323073,8192282844,GTBank,BIO_02805,94.51,2019-10-23,EMP_002753
Chiamaka Nwosu,Nigeria Customs Service,461129,9212153890,UBA,BIO_03171,87.13,2024-04-13,EMP_002754
Tunde Adebayo,Ministry of Agriculture,290948,9804268539,UBA,BIO_01694,91.83,2022-04-15,EMP_002755
Yemi Williams,Nigeria Customs Service,173126,1917570068,Zenith,BIO_07912,89.31,2021-02-06,EMP_002756
Aisha Ibrahim,Nigeria Customs Service,466524,2828391147,UBA,BIO_04898,89.14,2023-05-24,EMP_002757
Chioma Onyeka,Ministry of Power,442569,2051362086,UBA,BIO_02283,92.15,2016-10-27,EMP_002758
Usman Umar,Ministry of Works,113122,7448094069,UBA,BIO_08943,87.97,2016-12-31,EMP_002759
Dele Ogunlesi,Ministry of Agriculture,1400148,8468434245,Zenith,BIO_76689,88.78,2026-01-31,EMP_002760
Chinedu Nwosu,Civil Service Commission,108433,3320364017,Access,BIO_06729,95.72,2019-04-24,EMP_002761
Nnamdi Nwankwo,Ministry of Agriculture,472450,8982229086,GTBank,BIO_00201,85.65,2021-01-30,EMP_002762
Abubakar Umar,Ministry of Agriculture,233369,3626205095,First Bank,,99.9,2025-06-27,EMP_002763
Nnamdi Ani,Ministry of Works,229539,3030049626,Access,BIO_05226,94.01,2024-12-10,EMP_002764
Femi Ogunlesi,Ministry of Works,102822,2786218368,Access,BIO_02322,91.14,2020-12-01,EMP_002765
Femi Oyedepo,Ministry of Education,145365,2579366170,Zenith,BIO_06529,93.31,2021-08-02,EMP_002766
Nnamdi Nwosu,Ministry of Health,88378,3105032785,Zenith,BIO_08258,89.57,2023-05-14,EMP_002767
Yemi Adebayo,Ministry of Agriculture,88861,5654354184,UBA,BIO_03289,96.86,2017-08-30,EMP_002768
Ade Williams,Nigeria Customs Service,402335,7041298583,GTBank,BIO_07534,97.76,2018-01-27,EMP_002769
Yemi Adebayo,Federal Roads Maintenance Agency,314159,6600742075,GTBank,BIO_03655,94.5,2022-08-13,EMP_002770
Aisha Musa,Ministry of Agriculture,199569,9194401750,Zenith,BIO_05079,85.89,2019-08-01,EMP_002771
Okechukwu Okonkwo,Ministry of Power,422824,9260076341,UBA,BIO_08916,94.86,2019-01-19,EMP_002772
Ade Williams,Federal Roads Maintenance Agency,193683,1243489817,UBA,BIO_06473,91.59,2019-05-01,EMP_002773
Nnamdi Eze,Ministry of Works,408463,9941733472,First Bank,BIO_03331,88.66,2022-09-09,EMP_002774
Dele Adeyemi,Ministry of Works,303967,2461463086,Zenith,BIO_02090,93.32,2023-03-18,EMP_002775
Uchenna Ani,Federal Roads Maintenance Agency,445572,2137201466,GTBank,BIO_08666,97.61,2025-04-15,EMP_002776
Adaeze Nwankwo,Nigeria Customs Service,277678,1537549886,First Bank,BIO_04397,86.33,2023-10-08,EMP_002777
Amina Yusuf,Civil Service Commission,251295,4720527210,Zenith,BIO_04266,94.8,2016-05-18,EMP_002778
Ade Adeleke,Ministry of Education,357883,3033238506,GTBank,,99.9,2025-05-14,EMP_002779
Tayo Oyedepo,Ministry of Water Resources,178583,5363958315,GTBank,BIO_07393,96.13,2018-11-01,EMP_002780
Yemi Adeleke,Ministry of Works,386427,4149238501,Zenith,BIO_04536,96.11,2023-11-28,EMP_002781
Amina Yusuf,Civil Service Commission,158748,9870663535,First Bank,BIO_04674,85.26,2020-05-01,EMP_002782
Zainab Yusuf,Ministry of Agriculture,260135,9369895562,Access,BIO_05474,93.13,2023-03-06,EMP_002783
Abubakar Umar,Ministry of Health,209559,3031898064,GTBank,BIO_05921,92.61,2018-10-31,EMP_002784
Zainab Yusuf,Civil Service Commission,328610,6768655783,Zenith,BIO_00677,88.75,2023-08-29,EMP_002785
Uchenna Okonkwo,Ministry of Works,279843,3016912960,First Bank,BIO_06153,90.69,2017-05-23,EMP_002786
Ibrahim Ibrahim,Ministry of Water Resources,203708,4576151328,First Bank,BIO_04844,96.72,2020-09-16,EMP_002787
Abubakar Mohammed,Ministry of Power,443531,1776549290,Zenith,BIO_02257,87.84,2020-02-07,EMP_002788
Chioma Okonkwo,Ministry of Power,492831,7890834530,Access,BIO_05976,96.28,2018-02-03,EMP_002789
Chioma Nwosu,Ministry of Finance,300958,8986095723,GTBank,,99.9,2024-08-01,EMP_002790
Zainab Ahmad,Ministry of Education,467799,6499053153,Access,BIO_00318,97.43,2021-09-16,EMP_002791
Dele Ogunlesi,Federal Roads Maintenance Agency,455277,1186512199,Access,BIO_08883,91.79,2017-08-06,EMP_002792
Nnamdi Nwankwo,Ministry of Power,120271,1445074752,Access,BIO_03150,90.35,2019-05-04,EMP_002793
Chukwu Obiora,Ministry of Health,313852,6777430223,Zenith,BIO_08517,87.96,2024-04-30,EMP_002794
Nnamdi Okafor,Federal Roads Maintenance Agency,471400,8427120011,UBA,BIO_01646,97.0,2017-12-23,EMP_002795
Ibrahim Ahmad,Ministry of Health,88789,8191107746,UBA,BIO_00575,96.39,2024-10-23,EMP_002796
Hassan Musa,Ministry of Works,398292,1218425657,Zenith,BIO_06075,85.0,2021-10-22,EMP_002797
Fatima Yusuf,Ministry of Power,254135,1314917415,GTBank,BIO_20034,98.45,2020-07-04,EMP_002798
Aisha Umar,Civil Service Commission,496742,6987702612,Zenith,BIO_02107,90.38,2024-11-06,EMP_002799
Yemi Adeleke,Federal Roads Maintenance Agency,130017,2436719293,Access,BIO_05610,85.67,2016-05-20,EMP_002800
Okechukwu Nwosu,Ministry of Works,347516,6971477858,Access,BIO_05948,97.23,2021-11-27,EMP_002801
Zainab Mohammed,Ministry of Power,365109,5156780423,Zenith,BIO_01321,96.26,2023-07-03,EMP_002802
Uchenna Okafor,Ministry of Agriculture,115200,2126889927,GTBank,BIO_00630,86.41,2023-02-24,EMP_002803
Dele Adeleke,Ministry of Health,427344,4029186773,Access,BIO_02889,85.34,2019-01-10,EMP_002804
Dele Adeyemi,Ministry of Power,498525,8879940515,UBA,BIO_08787,86.97,2023-08-22,EMP_002805
Hassan Yusuf,Ministry of Water Resources,324222,8246351321,UBA,BIO_02998,97.58,2021-12-30,EMP_002806
Aisha Umar,Ministry of Agriculture,333164,4904739698,GTBank,BIO_00565,85.45,2020-03-25,EMP_002807
Okechukwu Onyeka,Nigeria Customs Service,198395,8485169968,Zenith,BIO_08059,89.02,2024-05-25,EMP_002808
Amina Mohammed,Ministry of Power,107502,8641459260,Access,BIO_08262,97.58,2021-03-07,EMP_002809
Hassan Umar,Ministry of Works,184285,8683662686,First Bank,BIO_04162,92.65,2025-04-30,EMP_002810
Ibrahim Suleiman,Federal Roads Maintenance Agency,274626,2948105005,GTBank,BIO_03443,97.54,2021-05-10,EMP_002811
Aisha Umar,Ministry of Health,494351,6344324159,GTBank,BIO_08251,92.03,2020-03-21,EMP_002812
Okechukwu Eze,Ministry of Agriculture,1491112,4815048634,Zenith,BIO_71055,92.56,2025-08-27,EMP_002813
Chioma Obiora,Ministry of Water Resources,272155,2503488323,Zenith,BIO_01296,97.36,2018-12-24,EMP_002814
Amina Yusuf,Ministry of Education,372794,7958768726,First Bank,BIO_02433,89.61,2022-05-22,EMP_002815
Bola Ogunlesi,Ministry of Power,304234,5467600634,Access,BIO_03024,85.31,2021-01-30,EMP_002816
Fatima Yusuf,Ministry of Works,166512,9832512383,UBA,BIO_05972,93.06,2024-11-14,EMP_002817
Adaeze Eze,Nigeria Customs Service,477772,2327396060,GTBank,BIO_02748,93.64,2020-05-09,EMP_002818
Chinedu Ani,Civil Service Commission,148011,3848741510,Access,BIO_08784,87.7,2017-06-20,EMP_002819
Uchenna Nwankwo,Ministry of Education,487243,3700868760,UBA,BIO_03137,96.29,2016-11-15,EMP_002820
Hassan Suleiman,Ministry of Finance,125627,5376259069,First Bank,BIO_03280,90.0,2023-09-06,EMP_002821
Ade Williams,Civil Service Commission,96970,2583348042,Zenith,BIO_05092,91.83,2020-04-13,EMP_002822
Yemi Oyedepo,Nigeria Customs Service,357803,8116814741,Zenith,BIO_01827,90.07,2019-04-05,EMP_002823
Femi Williams,Ministry of Agriculture,185864,8836300431,First Bank,BIO_09056,87.43,2019-05-26,EMP_002824
Abubakar Mohammed,Ministry of Works,493756,6907839845,First Bank,BIO_06716,97.42,2023-03-28,EMP_002825
Kemi Adeleke,Federal Roads Maintenance Agency,127120,5947147590,Access,BIO_07140,96.16,2021-03-30,EMP_002826
Usman Musa,Federal Roads Maintenance Agency,96284,3613285533,GTBank,BIO_09114,86.88,2019-01-17,EMP_002827
Amina Umar,Ministry of Finance,144031,7055747484,GTBank,BIO_03820,85.29,2021-07-29,EMP_002828
Tunde Adebayo,Ministry of Finance,202382,5225296217,GTBank,BIO_03046,96.3,2017-03-21,EMP_002829
Zainab Yusuf,Ministry of Works,384508,5936730747,UBA,BIO_05832,94.86,2024-05-30,EMP_002830
Aisha Mohammed,Civil Service Commission,102740,6013677393,First Bank,BIO_08297,90.97,2018-11-22,EMP_002831
Ibrahim Suleiman,Ministry of Health,101318,7256792665,GTBank,BIO_05185,87.28,2021-08-11,EMP_002832
Fatima Yusuf,Ministry of Water Resources,280589,5925389681,GTBank,BIO_00730,91.76,2022-05-13,EMP_002833
Ibrahim Suleiman,Civil Service Commission,210213,3632128003,Access,BIO_06924,85.14,2018-11-08,EMP_002834
Dele Adeyemi,Ministry of Agriculture,283207,8970409227,UBA,BIO_05137,97.08,2025-04-02,EMP_002835
Tayo Oyedepo,Nigeria Customs Service,276483,3112632773,UBA,BIO_09103,94.58,2023-03-10,EMP_002836
Chinedu Nwankwo,Ministry of Agriculture,445712,4401301148,GTBank,BIO_00763,93.9,2018-09-04,EMP_002837
Hassan Ibrahim,Ministry of Power,120812,1361310859,Access,BIO_01690,85.69,2017-04-16,EMP_002838
Tunde Adeyemi,Civil Service Commission,424638,6119074440,Zenith,BIO_03349,91.57,2021-03-05,EMP_002839
Bola Ogunlesi,Ministry of Power,137871,2160010386,Access,BIO_04491,91.93,2024-02-27,EMP_002840
Tunde Adeleke,Ministry of Works,161873,2876543883,Access,BIO_00541,94.55,2021-02-17,EMP_002841
Kemi Oyedepo,Nigeria Customs Service,472795,4801908044,Zenith,BIO_07203,94.42,2021-02-01,EMP_002842
Dele Williams,Nigeria Customs Service,117840,3793749586,GTBank,BIO_07323,92.01,2022-07-29,EMP_002843
Abubakar Yusuf,Federal Roads Maintenance Agency,462876,1327829370,Access,BIO_01017,88.43,2021-04-13,EMP_002844
Uchenna Nwankwo,Ministry of Works,96281,6526955462,GTBank,BIO_02700,87.18,2024-08-22,EMP_002845
Aisha Suleiman,Federal Roads Maintenance Agency,312278,1303395506,Access,BIO_03911,96.8,2023-07-28,EMP_002846
Chioma Onyeka,Ministry of Health,469641,2576022330,Access,BIO_20034,98.29,2022-04-29,EMP_002847
Uchenna Eze,Federal Roads Maintenance Agency,490770,4834071388,UBA,BIO_00067,91.91,2018-06-24,EMP_002848
Chiamaka Onyeka,Civil Service Commission,416189,4178675984,Zenith,BIO_59648,99.16,2024-11-14,EMP_002849
Chiamaka Ani,Ministry of Agriculture,253963,2023942759,GTBank,BIO_08541,96.39,2019-05-21,EMP_002850
Ibrahim Suleiman,Ministry of Agriculture,382529,1371574167,Zenith,BIO_07418,89.5,2016-08-09,EMP_002851
Yemi Oyedepo,Ministry of Power,212707,2792429843,Zenith,BIO_00830,93.66,2025-02-08,EMP_002852
Chiamaka Ani,Civil Service Commission,440536,9552872939,Zenith,BIO_06740,95.46,2018-01-01,EMP_002853
Chukwu Nwankwo,Ministry of Water Resources,298884,3278661580,GTBank,BIO_06839,93.48,2020-07-26,EMP_002854
Nnamdi Obiora,Ministry of Works,314035,7319692946,GTBank,BIO_02436,95.35,2019-07-19,EMP_002855
Chioma Nwankwo,Ministry of Finance,254252,8162443137,Access,BIO_08162,85.42,2022-08-20,EMP_002856
Ade Ogunlesi,Ministry of Health,194908,1945000176,GTBank,BIO_07165,94.58,2017-10-20,EMP_002857
Nnamdi Onyeka,Ministry of Education,325135,5069606317,UBA,BIO_07788,85.15,2021-09-28,EMP_002858
Chinedu Nwosu,Ministry of Finance,105566,9878462131,GTBank,BIO_06320,96.14,2021-01-25,EMP_002859
Hassan Yusuf,Ministry of Power,410352,4128475581,Zenith,BIO_02429,86.66,2023-10-31,EMP_002860
Tunde Adeleke,Ministry of Works,323856,4180105975,GTBank,BIO_08811,89.24,2025-04-02,EMP_002861
Zainab Ibrahim,Civil Service Commission,271897,4881150821,Access,BIO_05953,91.21,2021-06-21,EMP_002862
Ade Williams,Nigeria Customs Service,431519,6641396590,Access,BIO_68235,96.4,2022-02-12,EMP_002863
Uchenna Okonkwo,Federal Roads Maintenance Agency,372464,2195989035,Zenith,BIO_02859,89.54,2023-08-26,EMP_002864
Usman Yusuf,Federal Roads Maintenance Agency,490508,9976116343,GTBank,BIO_07340,94.71,2019-07-23,EMP_002865
Yemi Adebayo,Federal Roads Maintenance Agency,119044,6498021119,GTBank,BIO_05607,94.57,2018-11-20,EMP_002866
Zainab Suleiman,Ministry of Works,189794,1134219710,First Bank,BIO_00410,93.35,2025-04-27,EMP_002867
Fatima Umar,Ministry of Finance,254922,3603319529,Zenith,BIO_03513,86.21,2022-11-25,EMP_002868
Bola Adeyemi,Civil Service Commission,311131,4323881836,Zenith,BIO_05395,97.52,2020-09-07,EMP_002869
Femi Ogunlesi,Civil Service Commission,279983,2289891150,UBA,BIO_06145,86.01,2020-11-25,EMP_002870
Ade Adeyemi,Ministry of Water Resources,456875,4625137537,GTBank,BIO_08972,94.71,2016-08-26,EMP_002871
Zainab Mohammed,Ministry of Water Resources,221716,5041105545,UBA,BIO_00823,90.8,2022-05-29,EMP_002872
Ibrahim Ibrahim,Ministry of Agriculture,167107,1382211234,Zenith,BIO_02923,95.65,2022-02-20,EMP_002873
Chiamaka Obiora,Ministry of Education,129211,9700827843,Access,BIO_06808,96.62,2023-07-19,EMP_002874
Zainab Yusuf,Civil Service Commission,296033,5711939369,Zenith,BIO_07153,95.23,2020-08-05,EMP_002875
Adaeze Okonkwo,Federal Roads Maintenance Agency,305609,8670177317,UBA,BIO_06737,85.92,2021-02-06,EMP_002876
Bola Adeleke,Federal Roads Maintenance Agency,377294,8790456163,UBA,BIO_05011,89.27,2016-07-01,EMP_002877
Kemi Adeyemi,Ministry of Agriculture,139043,9927989792,GTBank,BIO_01780,96.68,2019-10-22,EMP_002878
Aisha Umar,Ministry of Agriculture,195154,7552105100,GTBank,BIO_05938,91.24,2018-02-05,EMP_002879
Dele Adeleke,Ministry of Finance,433668,1167884089,Access,BIO_06800,94.53,2016-07-23,EMP_002880
Okechukwu Okafor,Ministry of Education,466816,6540245512,GTBank,BIO_08081,93.13,2024-04-15,EMP_002881
Yemi Adeleke,Ministry of Agriculture,97065,8047147987,UBA,BIO_05788,96.31,2025-04-01,EMP_002882
Hassan Mohammed,Ministry of Finance,243796,1268187769,UBA,BIO_00658,94.31,2020-02-29,EMP_002883
Ibrahim Suleiman,Civil Service Commission,479064,5406487183,UBA,BIO_03473,97.88,2018-01-12,EMP_002884
Ade Adebayo,Ministry of Finance,117243,7096421966,First Bank,BIO_00032,94.83,2016-12-09,EMP_002885
Fatima Mohammed,Ministry of Health,183952,5555128858,GTBank,BIO_07366,88.05,2023-02-24,EMP_002886
Fatima Umar,Ministry of Education,418761,3234615752,Access,BIO_06794,87.11,2017-07-31,EMP_002887
Yemi Adeyemi,Civil Service Commission,206145,9311517425,GTBank,BIO_02219,89.09,2023-09-15,EMP_002888
Bola Adeyemi,Ministry of Health,114176,2176585845,UBA,BIO_02950,93.39,2022-08-22,EMP_002889
Amina Mohammed,Civil Service Commission,237565,3247050574,Access,BIO_05513,89.49,2020-01-04,EMP_002890
Aisha Ahmad,Civil Service Commission,171398,5137974125,GTBank,BIO_01629,90.1,2022-09-26,EMP_002891
Uchenna Okafor,Ministry of Water Resources,250834,5020325309,GTBank,BIO_02167,89.99,2023-03-12,EMP_002892
Nnamdi Nwankwo,Ministry of Works,301479,8396996138,UBA,BIO_05942,93.26,2023-07-24,EMP_002893
Chukwu Nwosu,Ministry of Finance,94726,1649622908,GTBank,BIO_07556,89.53,2017-05-12,EMP_002894
Usman Yusuf,Ministry of Education,327612,4204638243,Access,BIO_05515,97.71,2021-07-10,EMP_002895
Usman Suleiman,Ministry of Finance,288923,2841684195,Zenith,BIO_09052,97.94,2022-09-23,EMP_002896
Amina Umar,Ministry of Agriculture,402820,6750774252,UBA,BIO_04413,92.18,2017-05-24,EMP_002897
Chioma Ani,Ministry of Works,424890,8147387588,GTBank,BIO_05651,86.26,2019-05-11,EMP_002898
Kemi Adebayo,Federal Roads Maintenance Agency,96344,9064590653,GTBank,BIO_07656,95.83,2018-07-31,EMP_002899
Zainab Umar,Ministry of Water Resources,200317,7007941692,GTBank,BIO_03044,95.08,2021-03-30,EMP_002900
Abubakar Mohammed,Ministry of Agriculture,101640,9889870606,UBA,BIO_07906,87.74,2021-10-06,EMP_002901
Chukwu Okonkwo,Ministry of Health,373458,7203698420,UBA,BIO_06222,91.09,2021-07-28,EMP_002902
Amina Umar,Ministry of Education,204145,3191146747,Zenith,BIO_02582,88.37,2020-11-28,EMP_002903
Zainab Suleiman,Civil Service Commission,206504,3776835846,Access,BIO_08132,95.46,2017-05-31,EMP_002904
Tunde Williams,Ministry of Agriculture,444628,1213669855,Access,BIO_06171,94.24,2023-08-22,EMP_002905
Uchenna Nwosu,Ministry of Health,458594,3879628498,First Bank,BIO_08462,91.28,2018-08-12,EMP_002906
Amina Yusuf,Ministry of Works,429247,4670129117,UBA,BIO_05471,87.98,2019-01-19,EMP_002907
Tayo Williams,Ministry of Health,124113,9329631729,GTBank,BIO_00982,94.81,2024-07-21,EMP_002908
Kemi Adebayo,Ministry of Water Resources,187092,8951166564,UBA,BIO_07447,87.25,2020-01-28,EMP_002909
Yemi Adeyemi,Ministry of Health,216253,3677989512,Access,BIO_06963,94.69,2018-04-28,EMP_002910
Aisha Musa,Ministry of Power,389680,2169055478,UBA,BIO_03510,86.92,2021-10-26,EMP_002911
Kemi Adebayo,Nigeria Customs Service,320953,3315171287,Access,BIO_07753,85.65,2021-05-12,EMP_002912
Dele Adebayo,Ministry of Finance,303585,9778056272,UBA,BIO_04904,87.08,2023-04-04,EMP_002913
Nnamdi Nwankwo,Ministry of Education,213415,8354717317,UBA,BIO_08912,86.27,2022-08-29,EMP_002914
Okechukwu Nwankwo,Ministry of Finance,285751,4021579361,Zenith,BIO_06723,90.46,2024-08-17,EMP_002915
Usman Suleiman,Federal Roads Maintenance Agency,353188,2552893197,Access,BIO_04254,87.62,2016-08-09,EMP_002916
Yemi Adebayo,Ministry of Finance,230298,7391291785,Access,BIO_02079,91.6,2020-09-28,EMP_002917
Aisha Ahmad,Ministry of Works,242446,8411207340,GTBank,BIO_00236,94.34,2016-07-30,EMP_002918
Chioma Okonkwo,Ministry of Health,305530,4200872905,Access,BIO_08830,94.94,2017-04-30,EMP_002919
Uchenna Ani,Ministry of Finance,489720,7488442420,GTBank,BIO_05394,93.95,2019-03-26,EMP_002920
Chinedu Eze,Ministry of Power,455375,4583453637,UBA,BIO_08691,93.54,2018-09-26,EMP_002921
Ade Oyedepo,Federal Roads Maintenance Agency,370644,4225854677,GTBank,BIO_00983,92.8,2018-01-21,EMP_002922
Abubakar Mohammed,Nigeria Customs Service,295175,8095935282,GTBank,BIO_04140,91.59,2021-10-19,EMP_002923
Hassan Musa,Ministry of Agriculture,334448,2258996459,Zenith,BIO_06214,97.89,2022-04-01,EMP_002924
Hassan Yusuf,Ministry of Finance,94137,6700616799,Zenith,BIO_03997,97.45,2024-12-22,EMP_002925
Kemi Adeyemi,Ministry of Finance,220603,7026588508,First Bank,BIO_08650,89.68,2023-09-24,EMP_002926
Adaeze Nwosu,Federal Roads Maintenance Agency,485758,7995428139,First Bank,BIO_06718,95.37,2018-06-28,EMP_002927
Fatima Ahmad,Ministry of Finance,347347,8952366856,First Bank,BIO_00303,88.01,2020-05-13,EMP_002928
Usman Suleiman,Ministry of Health,303125,1990362873,UBA,BIO_08548,96.53,2017-04-11,EMP_002929
Chinedu Onyeka,Civil Service Commission,346884,5397917336,Access,BIO_03243,85.13,2018-11-07,EMP_002930
Fatima Ahmad,Ministry of Health,106204,2015839778,UBA,BIO_03214,85.61,2021-08-13,EMP_002931
Nnamdi Obiora,Federal Roads Maintenance Agency,131586,1791232969,Zenith,BIO_07391,97.28,2021-04-27,EMP_002932
Ibrahim Ahmad,Ministry of Finance,137830,8653797618,GTBank,BIO_08349,89.61,2022-10-29,EMP_002933
Tunde Adeyemi,Ministry of Finance,179301,9003959344,Zenith,BIO_05754,95.98,2016-10-09,EMP_002934
Chiamaka Onyeka,Ministry of Health,185001,1130998825,UBA,BIO_00786,97.82,2021-03-30,EMP_002935
Yemi Adebayo,Ministry of Water Resources,87476,6338275302,First Bank,BIO_04110,87.04,2023-10-30,EMP_002936
Chiamaka Okonkwo,Ministry of Works,232965,7878225063,GTBank,BIO_06087,92.35,2020-06-07,EMP_002937
Fatima Mohammed,Ministry of Power,320230,6307718086,Access,BIO_01899,86.65,2020-09-11,EMP_002938
Zainab Mohammed,Ministry of Works,218795,9007121462,GTBank,BIO_00956,88.59,2021-03-06,EMP_002939
Uchenna Nwankwo,Nigeria Customs Service,443697,5318810272,GTBank,BIO_06988,87.26,2024-01-24,EMP_002940
Okechukwu Eze,Ministry of Agriculture,294144,4632426870,First Bank,BIO_07293,95.87,2020-11-07,EMP_002941
Usman Mohammed,Nigeria Customs Service,250086,7975157488,GTBank,BIO_04907,87.41,2024-10-02,EMP_002942
Chinedu Eze,Federal Roads Maintenance Agency,478992,1137351452,Zenith,BIO_00645,94.06,2018-11-14,EMP_002943
Usman Ahmad,Nigeria Customs Service,473841,9356689166,Zenith,BIO_02345,90.36,2017-10-31,EMP_002944
Uchenna Obiora,Ministry of Education,280314,5469490136,UBA,,99.9,2024-11-17,EMP_002945
Kemi Williams,Nigeria Customs Service,244828,2144769040,GTBank,,99.9,2026-04-28,EMP_002946
Dele Oyedepo,Ministry of Health,264600,6617045740,UBA,BIO_06317,87.66,2017-03-24,EMP_002947
Abubakar Ahmad,Ministry of Agriculture,303971,1263848153,GTBank,BIO_05070,90.65,2022-09-22,EMP_002948
Abubakar Yusuf,Ministry of Finance,267781,7979655076,GTBank,BIO_06048,94.11,2024-02-24,EMP_002949
Chiamaka Obiora,Ministry of Education,105816,3136296370,GTBank,BIO_08860,88.75,2020-05-07,EMP_002950
Abubakar Umar,Ministry of Health,334122,9637206722,First Bank,BIO_08424,96.69,2017-01-02,EMP_002951
Nnamdi Nwankwo,Federal Roads Maintenance Agency,329408,4188253051,GTBank,BIO_03151,87.52,2019-07-22,EMP_002952
Dele Adebayo,Civil Service Commission,343870,2722883470,Zenith,BIO_09082,89.02,2020-01-25,EMP_002953
Kemi Adeyemi,Ministry of Finance,99910,3460275359,First Bank,BIO_05774,94.18,2022-02-08,EMP_002954
Chiamaka Okonkwo,Ministry of Finance,234405,6124013943,UBA,BIO_07155,93.1,2022-02-09,EMP_002955
Fatima Mohammed,Nigeria Customs Service,240240,6797377442,First Bank,BIO_04309,91.69,2018-11-22,EMP_002956
Chukwu Obiora,Federal Roads Maintenance Agency,82225,8645590536,Zenith,BIO_04271,94.06,2017-01-03,EMP_002957
Aisha Ahmad,Civil Service Commission,163002,2858169982,GTBank,BIO_02426,88.54,2019-02-14,EMP_002958
Abubakar Yusuf,Civil Service Commission,100626,8355741083,Access,BIO_01309,86.86,2022-05-17,EMP_002959
Tayo Oyedepo,Ministry of Education,330234,7371034761,Access,BIO_06413,97.96,2024-05-22,EMP_002960
Bola Adeyemi,Civil Service Commission,167236,4661584038,GTBank,BIO_07923,93.07,2025-01-22,EMP_002961
Usman Ibrahim,Ministry of Power,387853,6906666184,Access,BIO_04889,96.34,2017-10-27,EMP_002962
Dele Adeleke,Civil Service Commission,441199,7736730899,First Bank,BIO_06345,92.11,2021-06-19,EMP_002963
Adaeze Ani,Ministry of Finance,90190,2512269281,First Bank,BIO_08389,85.4,2016-09-23,EMP_002964
Chiamaka Nwankwo,Ministry of Agriculture,260397,1641581545,First Bank,BIO_07119,92.48,2023-10-09,EMP_002965
Fatima Yusuf,Ministry of Works,353321,3188482757,First Bank,BIO_01585,87.62,2023-03-02,EMP_002966
Ibrahim Mohammed,Ministry of Education,439710,2496734917,Zenith,BIO_17548,99.83,2024-01-15,EMP_002967
Bola Ogunlesi,Ministry of Health,141461,2611755660,UBA,BIO_02707,93.86,2017-12-03,EMP_002968
Uchenna Onyeka,Ministry of Works,250919,4045992856,Zenith,BIO_67812,99.76,2024-07-07,EMP_002969
Kemi Ogunlesi,Ministry of Agriculture,499961,2414108261,Zenith,BIO_08516,94.85,2019-08-28,EMP_002970
Chioma Nwosu,Ministry of Education,206200,7267065685,Access,BIO_08900,85.0,2023-08-30,EMP_002971
Chioma Nwosu,Ministry of Finance,484476,3513244989,First Bank,BIO_02478,95.59,2019-09-04,EMP_002972
Uchenna Ani,Ministry of Finance,455683,3734242101,Zenith,BIO_00712,89.55,2024-07-30,EMP_002973
Abubakar Umar,Federal Roads Maintenance Agency,394403,5452796455,UBA,BIO_04187,88.57,2021-05-09,EMP_002974
Dele Adebayo,Ministry of Agriculture,449625,6620420272,UBA,,99.9,2024-11-26,EMP_002975
Dele Ogunlesi,Federal Roads Maintenance Agency,487463,5969156691,GTBank,BIO_00928,91.49,2016-12-26,EMP_002976
Femi Adeyemi,Nigeria Customs Service,85673,7099920518,First Bank,BIO_01852,96.74,2019-05-02,EMP_002977
Ade Adebayo,Ministry of Health,356988,3939211329,Access,BIO_06037,94.82,2017-02-08,EMP_002978
Bola Adeleke,Ministry of Education,365653,6088174167,GTBank,BIO_08868,86.43,2023-09-23,EMP_002979
Femi Williams,Ministry of Education,488034,8835108734,Zenith,BIO_05056,96.53,2016-07-10,EMP_002980
Usman Suleiman,Nigeria Customs Service,282204,4489692207,Access,BIO_04816,92.92,2017-04-22,EMP_002981
Femi Adeyemi,Ministry of Finance,1494533,7249906404,GTBank,BIO_15692,96.22,2025-10-06,EMP_002982
Fatima Suleiman,Ministry of Education,323615,2965184027,Access,BIO_01644,93.61,2022-01-07,EMP_002983
Bola Adeleke,Ministry of Finance,200583,2003135158,GTBank,BIO_03931,91.25,2016-09-27,EMP_002984
Bola Ogunlesi,Federal Roads Maintenance Agency,470847,7824152281,First Bank,,99.9,2026-03-17,EMP_002985
Nnamdi Ani,Ministry of Finance,204822,3621442416,Zenith,BIO_02792,93.39,2019-02-04,EMP_002986
Aisha Musa,Ministry of Education,488402,5181553761,GTBank,BIO_02112,93.47,2020-09-26,EMP_002987
Chiamaka Okonkwo,Ministry of Agriculture,420700,3325724153,Zenith,BIO_08381,92.47,2020-01-29,EMP_002988
Tunde Oyedepo,Nigeria Customs Service,439646,2068630273,GTBank,BIO_06453,86.83,2024-01-22,EMP_002989
Femi Adeleke,Ministry of Education,332880,3285585176,GTBank,BIO_08821,93.18,2016-06-06,EMP_002990
Abubakar Ibrahim,Ministry of Works,216672,7999221809,First Bank,BIO_03762,97.9,2021-03-15,EMP_002991
Chinedu Onyeka,Federal Roads Maintenance Agency,250470,3137130096,Access,BIO_84971,98.21,2021-04-20,EMP_002992
Tunde Adebayo,Ministry of Agriculture,275801,9053109986,UBA,BIO_03878,85.03,2016-08-23,EMP_002993
Uchenna Obiora,Civil Service Commission,115158,2374376956,UBA,BIO_04312,90.28,2021-01-16,EMP_002994
Dele Ogunlesi,Ministry of Education,444588,8170144232,First Bank,BIO_02382,86.91,2018-02-17,EMP_002995
Zainab Ahmad,Nigeria Customs Service,417577,6171017156,UBA,BIO_07541,90.22,2018-01-27,EMP_002996
Aisha Ibrahim,Civil Service Commission,422167,5929934519,Access,BIO_06454,90.96,2024-11-30,EMP_002997
Adaeze Nwosu,Ministry of Power,220330,3402774665,First Bank,BIO_08671,90.15,2016-06-23,EMP_002998
Chukwu Obiora,Federal Roads Maintenance Agency,241359,5651438809,UBA,BIO_06285,92.58,2024-07-02,EMP_002999
Tunde Adeleke,Federal Roads Maintenance Agency,499576,4172355251,GTBank,BIO_07124,90.98,2023-09-08,EMP_003000
Ibrahim Mohammed,Federal Roads Maintenance Agency,274842,7304613589,Zenith,BIO_07648,92.86,2022-10-10,EMP_003001
Femi Adeleke,Ministry of Finance,300383,7986530158,First Bank,BIO_08913,91.57,2025-01-01,EMP_003002
Ibrahim Musa,Ministry of Health,312791,4447457964,Zenith,BIO_04004,94.75,2020-11-08,EMP_003003
Aisha Umar,Ministry of Power,250558,4213575366,First Bank,BIO_08851,90.09,2019-02-14,EMP_003004
Aisha Suleiman,Federal Roads Maintenance Agency,489091,3553691106,Zenith,BIO_94498,98.65,2020-03-30,EMP_003005
Fatima Musa,Ministry of Education,425787,2934132869,Zenith,BIO_00893,95.62,2020-11-01,EMP_003006
Chinedu Eze,Ministry of Education,470238,9994082325,GTBank,BIO_00559,85.55,2020-08-01,EMP_003007
Chinedu Ani,Ministry of Water Resources,1360103,8481822628,Zenith,BIO_16902,96.37,2026-03-24,EMP_003008
Zainab Yusuf,Ministry of Health,92006,1735296846,GTBank,,99.9,2026-01-28,EMP_003009
Chioma Okafor,Ministry of Water Resources,186769,5002559766,Zenith,BIO_07716,88.76,2017-03-26,EMP_003010
Chukwu Okonkwo,Ministry of Health,479954,1477574387,Zenith,BIO_02369,95.84,2024-11-13,EMP_003011
Tayo Adeleke,Ministry of Works,458575,6565185516,Zenith,BIO_03073,86.21,2017-12-14,EMP_003012
Adaeze Nwosu,Ministry of Education,165447,6225586458,Zenith,BIO_08116,93.88,2022-03-24,EMP_003013
Chukwu Nwankwo,Civil Service Commission,333366,9841023878,Zenith,BIO_01158,89.82,2017-10-29,EMP_003014
Dele Williams,Ministry of Education,425319,1164831533,Zenith,BIO_99195,98.92,2025-01-14,EMP_003015
Nnamdi Onyeka,Ministry of Finance,485464,6511524507,GTBank,BIO_08269,93.01,2024-07-11,EMP_003016
Dele Adeyemi,Civil Service Commission,228186,1453335501,Access,BIO_05045,90.58,2018-04-26,EMP_003017
Usman Ahmad,Ministry of Finance,165977,2061979445,First Bank,BIO_05668,93.73,2024-01-17,EMP_003018
Yemi Oyedepo,Ministry of Power,163941,7992496202,UBA,BIO_03721,94.89,2020-08-27,EMP_003019
Nnamdi Okafor,Nigeria Customs Service,447631,9244379110,First Bank,BIO_06518,87.9,2022-06-25,EMP_003020
Dele Adebayo,Ministry of Agriculture,418516,4055363130,UBA,BIO_02880,87.14,2021-09-06,EMP_003021
Zainab Mohammed,Ministry of Power,248772,4772032725,First Bank,BIO_06832,85.75,2016-12-10,EMP_003022
Chinedu Okafor,Ministry of Power,487436,9547815371,Access,BIO_07918,87.26,2018-11-04,EMP_003023
Usman Yusuf,Nigeria Customs Service,391948,3206681401,First Bank,BIO_04505,92.63,2016-09-11,EMP_003024
Tunde Williams,Civil Service Commission,81712,4794820701,First Bank,BIO_05858,97.6,2021-08-14,EMP_003025
Chukwu Okonkwo,Federal Roads Maintenance Agency,366917,3991918108,GTBank,BIO_04851,90.52,2017-11-08,EMP_003026
Aisha Yusuf,Ministry of Finance,494700,1333453305,UBA,BIO_01693,92.31,2019-01-12,EMP_003027
Aisha Yusuf,Civil Service Commission,113035,8356190339,First Bank,BIO_05588,95.16,2022-08-17,EMP_003028
Dele Ogunlesi,Federal Roads Maintenance Agency,155838,8025649386,GTBank,BIO_02949,96.63,2017-08-28,EMP_003029
Chinedu Okafor,Civil Service Commission,298573,7130169098,GTBank,BIO_01004,96.13,2016-09-15,EMP_003030
Abubakar Suleiman,Ministry of Health,322021,3958791419,GTBank,BIO_03507,90.6,2023-11-17,EMP_003031
Dele Ogunlesi,Federal Roads Maintenance Agency,153682,2908349668,GTBank,BIO_04764,95.72,2020-04-18,EMP_003032
Chukwu Nwankwo,Ministry of Health,257503,1934775819,Zenith,BIO_05560,87.26,2021-01-04,EMP_003033
Hassan Umar,Ministry of Agriculture,176572,5491841523,GTBank,BIO_06324,97.1,2024-12-07,EMP_003034
Yemi Adeleke,Civil Service Commission,346691,4178675984,Zenith,BIO_29600,99.52,2024-03-09,EMP_003035
Chiamaka Okafor,Ministry of Power,214842,5600048686,GTBank,BIO_01580,97.04,2018-09-17,EMP_003036
Kemi Adebayo,Ministry of Education,204297,2620757864,Zenith,BIO_05652,94.97,2016-06-11,EMP_003037
Amina Yusuf,Ministry of Works,341679,6036135655,Access,BIO_08719,96.31,2022-01-03,EMP_003038
Hassan Suleiman,Federal Roads Maintenance Agency,434015,4607589152,First Bank,BIO_66339,96.89,2017-01-08,EMP_003039
Usman Yusuf,Ministry of Education,85237,6591899942,Access,BIO_52881,96.39,2020-06-26,EMP_003040
Tayo Adeyemi,Ministry of Water Resources,304799,1413267172,Zenith,BIO_08504,87.96,2021-02-26,EMP_003041
Chiamaka Nwosu,Ministry of Power,230255,5339871555,Access,BIO_03792,91.77,2024-04-05,EMP_003042
Okechukwu Okafor,Ministry of Finance,440312,2911021746,GTBank,BIO_04189,91.02,2017-07-13,EMP_003043
Ibrahim Yusuf,Nigeria Customs Service,496725,2249636364,Access,BIO_00824,94.55,2020-05-21,EMP_003044
Femi Oyedepo,Ministry of Water Resources,299668,6969337726,GTBank,BIO_07520,87.97,2019-01-20,EMP_003045
Chiamaka Nwosu,Nigeria Customs Service,126252,3989783255,Zenith,BIO_02618,87.84,2024-03-03,EMP_003046
Adaeze Obiora,Ministry of Agriculture,499869,5020215482,UBA,BIO_04966,89.53,2016-07-09,EMP_003047
Chukwu Okonkwo,Ministry of Education,101328,8060701772,Access,BIO_45946,96.44,2020-05-16,EMP_003048
Chioma Onyeka,Ministry of Works,358147,4424158167,Zenith,BIO_01900,93.83,2024-10-21,EMP_003049
Tunde Adebayo,Ministry of Water Resources,287931,7033011598,UBA,BIO_01844,90.49,2020-12-08,EMP_003050
Chiamaka Okonkwo,Ministry of Finance,272582,1644879927,UBA,BIO_06688,92.14,2019-03-08,EMP_003051
Tayo Adeleke,Ministry of Education,481938,2056182387,First Bank,BIO_00968,91.04,2024-11-09,EMP_003052
Chukwu Okafor,Ministry of Education,472943,8746890388,UBA,BIO_05348,90.24,2016-09-19,EMP_003053
Femi Oyedepo,Federal Roads Maintenance Agency,180672,8747066878,First Bank,BIO_04446,89.65,2024-02-29,EMP_003054
Femi Williams,Ministry of Water Resources,470369,7522170302,GTBank,BIO_09033,89.24,2021-05-15,EMP_003055
Uchenna Ani,Ministry of Power,459047,2174785858,Access,BIO_05039,88.82,2024-01-04,EMP_003056
Fatima Mohammed,Ministry of Education,357196,8445111016,UBA,BIO_04357,88.2,2017-07-28,EMP_003057
Femi Adeyemi,Federal Roads Maintenance Agency,484991,3068600167,Zenith,BIO_01000,89.93,2023-11-07,EMP_003058
Chukwu Nwosu,Federal Roads Maintenance Agency,496767,9490767863,Zenith,BIO_02312,86.38,2019-04-17,EMP_003059
Tunde Williams,Nigeria Customs Service,433789,7338195671,Access,,99.9,2024-09-09,EMP_003060
Tayo Oyedepo,Ministry of Finance,1431392,6664805063,Access,BIO_53258,96.42,2026-01-29,EMP_003061
Chinedu Okafor,Ministry of Water Resources,402731,2568734462,GTBank,BIO_06643,95.85,2025-03-03,EMP_003062
Kemi Adebayo,Ministry of Health,383780,7345280215,First Bank,BIO_01995,89.81,2017-09-13,EMP_003063
Kemi Adeyemi,Ministry of Finance,81416,4190077160,GTBank,BIO_69930,97.77,2019-08-15,EMP_003064
Amina Yusuf,Ministry of Works,406356,8291396471,UBA,BIO_00298,91.78,2022-10-16,EMP_003065
Kemi Williams,Ministry of Agriculture,420147,3868530726,UBA,BIO_03246,85.61,2019-03-26,EMP_003066
Amina Mohammed,Ministry of Water Resources,235144,1069783981,UBA,BIO_02978,91.02,2017-11-21,EMP_003067
Kemi Ogunlesi,Nigeria Customs Service,327012,7357459162,Access,BIO_01284,97.61,2019-07-17,EMP_003068
Tunde Ogunlesi,Ministry of Water Resources,379237,4729648127,First Bank,BIO_01873,86.41,2018-07-03,EMP_003069
Dele Adeyemi,Ministry of Education,235924,9175599435,GTBank,BIO_08480,91.23,2016-10-22,EMP_003070
Chiamaka Okafor,Ministry of Finance,190723,3028660276,Access,BIO_08344,95.32,2016-07-15,EMP_003071
Kemi Williams,Ministry of Agriculture,337537,3776196965,GTBank,BIO_02149,87.16,2023-09-22,EMP_003072
Okechukwu Ani,Ministry of Health,108309,7581198229,First Bank,BIO_06881,97.85,2025-04-25,EMP_003073
Ade Ogunlesi,Federal Roads Maintenance Agency,429471,1390121530,UBA,BIO_07666,96.59,2022-02-18,EMP_003074
Uchenna Okafor,Federal Roads Maintenance Agency,403122,7432963801,GTBank,BIO_08000,93.36,2021-08-06,EMP_003075
Amina Mohammed,Ministry of Education,430595,2940104674,Access,BIO_04846,92.81,2019-01-16,EMP_003076
Usman Suleiman,Ministry of Health,95289,2757801260,UBA,BIO_08429,89.42,2025-04-08,EMP_003077
Yemi Oyedepo,Federal Roads Maintenance Agency,436067,6393970193,Access,BIO_06587,86.27,2023-01-10,EMP_003078
Kemi Adeleke,Nigeria Customs Service,226300,9794427547,UBA,BIO_00918,88.87,2020-05-22,EMP_003079
Bola Adebayo,Nigeria Customs Service,369430,6523071462,First Bank,,99.9,2024-06-01,EMP_003080
Yemi Adeleke,Ministry of Water Resources,184478,8701158182,Zenith,BIO_01795,94.87,2019-03-06,EMP_003081
Adaeze Nwosu,Civil Service Commission,207202,2560634691,First Bank,BIO_03175,92.27,2020-11-06,EMP_003082
Fatima Umar,Federal Roads Maintenance Agency,278742,9159735213,Zenith,,99.9,2025-10-25,EMP_003083
Chinedu Eze,Federal Roads Maintenance Agency,86067,4103061260,Zenith,BIO_01599,91.68,2022-11-20,EMP_003084
Bola Ogunlesi,Ministry of Health,312648,2307956151,Zenith,BIO_66067,98.08,2018-01-27,EMP_003085
Hassan Ibrahim,Ministry of Works,369247,1055929886,Access,BIO_04676,90.85,2018-10-27,EMP_003086
Adaeze Okonkwo,Ministry of Works,365705,1597344699,GTBank,BIO_03274,97.31,2018-11-12,EMP_003087
Okechukwu Nwankwo,Ministry of Water Resources,385600,2966712366,Zenith,BIO_03588,95.92,2021-07-03,EMP_003088
Tayo Williams,Civil Service Commission,490475,4825911211,First Bank,BIO_06250,92.2,2016-09-17,EMP_003089
Nnamdi Obiora,Ministry of Power,413591,5703642838,UBA,BIO_01761,90.69,2024-04-21,EMP_003090
Femi Adebayo,Ministry of Power,301794,1697449579,Zenith,BIO_08512,94.78,2022-06-03,EMP_003091
Aisha Yusuf,Ministry of Health,336515,7749694580,Access,BIO_01539,94.0,2016-09-29,EMP_003092
Nnamdi Okafor,Nigeria Customs Service,950872,5034936793,UBA,BIO_16808,89.24,2026-03-27,EMP_003093
Chioma Okafor,Civil Service Commission,463151,4797646625,First Bank,BIO_03478,97.79,2018-05-03,EMP_003094
Dele Adeyemi,Civil Service Commission,371247,8699091916,UBA,BIO_04934,89.59,2022-12-20,EMP_003095
Ibrahim Yusuf,Ministry of Power,487224,8837034587,Zenith,BIO_06777,86.79,2022-08-18,EMP_003096
Chioma Okafor,Ministry of Health,89822,1381106578,GTBank,BIO_06838,85.4,2024-10-20,EMP_003097
Chioma Nwankwo,Nigeria Customs Service,273467,2337536074,Access,BIO_00209,97.14,2020-06-21,EMP_003098
Adaeze Okafor,Ministry of Works,393588,4855839711,GTBank,BIO_07327,91.5,2021-01-09,EMP_003099
Ade Williams,Nigeria Customs Service,260679,4877363016,Zenith,BIO_07779,91.69,2016-10-24,EMP_003100
Adaeze Eze,Civil Service Commission,113729,7038884581,First Bank,BIO_05573,87.13,2018-02-16,EMP_003101
Okechukwu Ani,Ministry of Water Resources,433749,1575513782,Zenith,BIO_01213,88.08,2024-12-20,EMP_003102
Okechukwu Eze,Nigeria Customs Service,250868,1587927263,Zenith,BIO_40880,99.27,2020-06-22,EMP_003103
Hassan Ibrahim,Ministry of Finance,177522,5506565864,UBA,BIO_04573,94.66,2022-02-15,EMP_003104
Uchenna Eze,Ministry of Health,423155,5886530917,First Bank,BIO_06904,85.42,2020-05-12,EMP_003105
Adaeze Eze,Civil Service Commission,187212,2252868401,Access,BIO_01085,94.56,2018-10-06,EMP_003106
Tayo Adeleke,Nigeria Customs Service,336357,5082975489,GTBank,BIO_05640,87.87,2023-10-30,EMP_003107
Hassan Mohammed,Ministry of Finance,378934,1284206449,Zenith,BIO_00113,89.11,2020-08-01,EMP_003108
Nnamdi Nwankwo,Nigeria Customs Service,261405,9645817259,GTBank,BIO_06117,94.37,2024-06-28,EMP_003109
Chiamaka Onyeka,Civil Service Commission,123208,7659271567,First Bank,BIO_00101,85.36,2023-10-15,EMP_003110
Ade Adeyemi,Ministry of Agriculture,87502,1135515921,GTBank,BIO_05390,91.66,2018-06-08,EMP_003111
Usman Ahmad,Ministry of Agriculture,428386,3011548350,Access,BIO_09145,95.32,2023-09-11,EMP_003112
Chukwu Onyeka,Ministry of Health,458969,8546596354,GTBank,BIO_05139,85.91,2021-05-03,EMP_003113
Nnamdi Eze,Ministry of Works,416071,6623080475,GTBank,BIO_03051,90.57,2019-11-03,EMP_003114
Femi Adebayo,Ministry of Finance,201631,5002679242,Zenith,BIO_08768,96.66,2024-09-27,EMP_003115
Hassan Ahmad,Ministry of Water Resources,422572,3856965791,UBA,BIO_04946,89.19,2024-02-26,EMP_003116
Chinedu Eze,Ministry of Education,241060,9266362378,Zenith,BIO_08749,86.77,2016-06-01,EMP_003117
Kemi Adeleke,Ministry of Works,245374,4032246586,Access,BIO_04938,88.55,2023-11-24,EMP_003118
Hassan Umar,Ministry of Works,459632,2609163838,First Bank,BIO_08981,89.99,2017-01-03,EMP_003119
Adaeze Ani,Ministry of Education,91411,1947138860,Access,BIO_08829,85.47,2019-01-30,EMP_003120
Tayo Adebayo,Nigeria Customs Service,396617,7300650980,Zenith,BIO_08599,93.19,2018-03-08,EMP_003121
Chioma Nwankwo,Ministry of Finance,457862,7716537701,GTBank,BIO_01127,94.42,2025-01-06,EMP_003122
Yemi Adeyemi,Ministry of Finance,369783,6236057124,First Bank,BIO_06033,85.2,2018-08-20,EMP_003123
Chinedu Obiora,Ministry of Water Resources,300975,8450837713,Zenith,BIO_02720,85.98,2020-01-16,EMP_003124
Yemi Adeyemi,Federal Roads Maintenance Agency,411320,7452884827,GTBank,BIO_47367,98.76,2022-02-22,EMP_003125
Ade Ogunlesi,Ministry of Finance,492078,9405612905,Access,BIO_06983,94.93,2023-04-03,EMP_003126
Chinedu Ani,Ministry of Education,163105,4390091176,First Bank,BIO_03183,89.44,2025-01-26,EMP_003127
Abubakar Ibrahim,Ministry of Agriculture,91174,5878134228,Access,,99.9,2025-02-05,EMP_003128
Fatima Yusuf,Civil Service Commission,484240,1419283173,Zenith,BIO_00311,96.84,2022-09-08,EMP_003129
Chiamaka Okonkwo,Civil Service Commission,110386,7904829950,UBA,BIO_01210,92.37,2018-06-24,EMP_003130
Adaeze Okafor,Ministry of Health,282576,4873834285,GTBank,BIO_00105,91.0,2023-03-31,EMP_003131
Chinedu Eze,Ministry of Education,327520,9473551371,First Bank,BIO_01842,94.36,2025-02-13,EMP_003132
Femi Adebayo,Ministry of Power,133704,4856147034,GTBank,BIO_07773,90.93,2022-01-27,EMP_003133
Chiamaka Ani,Ministry of Education,411095,2603158237,Access,BIO_01070,94.24,2021-12-28,EMP_003134
Abubakar Umar,Ministry of Water Resources,263586,1137797199,Access,BIO_08246,96.16,2016-08-01,EMP_003135
Chioma Onyeka,Ministry of Water Resources,220855,9176391426,Zenith,BIO_01441,94.41,2018-05-06,EMP_003136
Aisha Mohammed,Ministry of Finance,254181,9982386903,First Bank,BIO_04232,89.48,2024-09-03,EMP_003137
Hassan Suleiman,Ministry of Health,177674,5917415123,UBA,BIO_04113,91.71,2016-10-20,EMP_003138
Kemi Adebayo,Ministry of Water Resources,282638,1912650491,First Bank,BIO_06228,91.46,2018-09-13,EMP_003139
Tayo Ogunlesi,Ministry of Power,199079,6298159247,GTBank,BIO_02114,86.63,2023-02-21,EMP_003140
Aisha Mohammed,Nigeria Customs Service,484544,7979270991,First Bank,BIO_03707,93.64,2024-04-17,EMP_003141
Tayo Ogunlesi,Ministry of Education,471974,3106955190,GTBank,BIO_05128,95.76,2021-12-25,EMP_003142
Uchenna Ani,Ministry of Agriculture,207332,8973059091,UBA,BIO_00264,96.0,2025-01-16,EMP_003143
Ade Adeyemi,Ministry of Finance,486385,9703355224,First Bank,BIO_03840,93.71,2020-04-01,EMP_003144
Hassan Umar,Ministry of Education,158867,8674179812,First Bank,BIO_02608,97.85,2020-08-26,EMP_003145
Ade Ogunlesi,Ministry of Health,129240,3495315674,First Bank,BIO_01366,94.12,2016-12-02,EMP_003146
Chioma Okonkwo,Ministry of Power,348578,9819076284,Access,BIO_03726,87.56,2024-12-30,EMP_003147
Uchenna Ani,Civil Service Commission,494742,5979672210,UBA,BIO_06426,86.08,2020-11-26,EMP_003148
Amina Suleiman,Ministry of Power,423832,8645746512,Zenith,BIO_05854,93.9,2022-08-03,EMP_003149
Chioma Okonkwo,Federal Roads Maintenance Agency,118761,3787981201,UBA,BIO_00284,95.15,2020-09-22,EMP_003150
Nnamdi Onyeka,Ministry of Education,372908,2651746779,Zenith,BIO_00268,89.02,2021-02-04,EMP_003151
Femi Adebayo,Ministry of Agriculture,313123,2583214757,Access,BIO_08425,85.92,2021-08-07,EMP_003152
Fatima Musa,Civil Service Commission,160319,7814280987,Access,BIO_08715,96.84,2024-12-22,EMP_003153
Tunde Ogunlesi,Ministry of Health,223654,2512633979,Access,BIO_03465,85.78,2020-04-16,EMP_003154
Uchenna Onyeka,Ministry of Finance,110444,3169045932,Zenith,BIO_07847,97.66,2018-05-10,EMP_003155
Abubakar Ahmad,Ministry of Water Resources,458088,1456299823,First Bank,BIO_04103,90.0,2018-12-08,EMP_003156
Uchenna Onyeka,Nigeria Customs Service,387120,4195075511,First Bank,BIO_08105,97.92,2023-12-23,EMP_003157
Bola Adeleke,Ministry of Agriculture,203457,9152459691,GTBank,BIO_02559,95.26,2019-02-26,EMP_003158
Usman Suleiman,Ministry of Power,444859,7552789799,Zenith,BIO_04373,91.04,2016-10-18,EMP_003159
Nnamdi Obiora,Ministry of Health,464023,2282448113,UBA,BIO_07514,92.91,2024-02-11,EMP_003160
Adaeze Onyeka,Ministry of Education,430341,1449454741,UBA,BIO_07125,89.15,2024-02-01,EMP_003161
Yemi Adeleke,Ministry of Finance,382711,7527613846,GTBank,BIO_02682,95.71,2020-07-09,EMP_003162
Dele Ogunlesi,Ministry of Finance,112027,1333026109,GTBank,BIO_08846,91.6,2017-11-13,EMP_003163
Abubakar Ahmad,Ministry of Finance,252361,8476811966,UBA,BIO_07570,97.75,2017-06-07,EMP_003164
Femi Adeyemi,Ministry of Agriculture,152958,5365302403,First Bank,BIO_01520,93.13,2024-11-06,EMP_003165
Bola Adeleke,Federal Roads Maintenance Agency,188754,7593289885,Zenith,BIO_01701,91.63,2020-04-05,EMP_003166
Bola Williams,Ministry of Finance,452886,4290077981,First Bank,BIO_03768,96.93,2024-09-04,EMP_003167
Chioma Eze,Ministry of Power,345853,7539472752,First Bank,BIO_00035,87.18,2024-11-08,EMP_003168
Fatima Yusuf,Ministry of Finance,379185,7575939601,Zenith,BIO_07180,87.11,2021-08-05,EMP_003169
Tunde Williams,Federal Roads Maintenance Agency,154714,3363209925,GTBank,BIO_09016,92.65,2020-06-21,EMP_003170
Ade Adeleke,Ministry of Agriculture,102480,6530225203,First Bank,BIO_00068,88.12,2018-06-06,EMP_003171
Adaeze Eze,Civil Service Commission,256177,3474194876,UBA,BIO_05638,90.53,2022-09-06,EMP_003172
Yemi Adebayo,Ministry of Education,364860,3726958122,First Bank,BIO_09012,91.22,2018-04-12,EMP_003173
Chinedu Nwankwo,Ministry of Water Resources,354885,4620414307,UBA,BIO_04277,96.72,2019-11-21,EMP_003174
Bola Oyedepo,Civil Service Commission,400839,6811935956,First Bank,BIO_04480,89.51,2019-04-06,EMP_003175
Nnamdi Okonkwo,Ministry of Power,355964,9416721130,First Bank,BIO_01051,93.13,2020-08-19,EMP_003176
Chioma Onyeka,Ministry of Finance,83592,9677800034,GTBank,BIO_06805,88.47,2020-05-05,EMP_003177
Abubakar Umar,Ministry of Finance,437512,1677542841,UBA,BIO_02837,85.43,2020-09-06,EMP_003178
Yemi Adeleke,Ministry of Works,285662,6191394785,First Bank,BIO_03054,92.91,2016-10-26,EMP_003179
Tunde Adeleke,Ministry of Education,394149,8813051139,First Bank,BIO_06493,94.23,2020-08-08,EMP_003180
Dele Adebayo,Ministry of Finance,174241,1782297903,UBA,BIO_08359,96.0,2018-09-04,EMP_003181
Chioma Nwosu,Ministry of Agriculture,175820,1284133042,Zenith,,99.9,2025-03-16,EMP_003182
Tayo Ogunlesi,Ministry of Health,316899,2880014813,UBA,,99.9,2025-01-13,EMP_003183
Okechukwu Okonkwo,Ministry of Power,280013,7910675611,Zenith,BIO_03559,91.89,2024-11-07,EMP_003184
Abubakar Ibrahim,Ministry of Power,351738,9935193944,GTBank,,99.9,2024-10-26,EMP_003185
Ibrahim Mohammed,Ministry of Health,320283,3934244706,First Bank,BIO_02554,97.14,2023-12-12,EMP_003186
Tayo Adebayo,Nigeria Customs Service,147325,2564150305,Zenith,BIO_05190,95.7,2021-08-08,EMP_003187
Tunde Oyedepo,Ministry of Health,392363,3253421337,Zenith,BIO_08223,87.47,2020-08-17,EMP_003188
Aisha Ahmad,Ministry of Health,358423,7382132308,First Bank,BIO_08014,97.57,2025-03-19,EMP_003189
Chukwu Okonkwo,Nigeria Customs Service,416710,6556451585,Zenith,BIO_00961,92.11,2019-11-22,EMP_003190
Dele Adeyemi,Ministry of Education,438379,7193358830,GTBank,BIO_06412,86.03,2018-03-29,EMP_003191
Okechukwu Eze,Ministry of Power,395900,4267613229,Zenith,BIO_07294,85.68,2017-08-01,EMP_003192
Uchenna Ani,Ministry of Water Resources,203037,6165077573,Zenith,BIO_06744,91.39,2023-10-14,EMP_003193
Chukwu Onyeka,Nigeria Customs Service,262002,9502571209,UBA,BIO_07984,95.53,2019-09-05,EMP_003194
Adaeze Okonkwo,Civil Service Commission,332912,1372725121,GTBank,BIO_84971,97.67,2017-07-26,EMP_003195
Chioma Nwosu,Ministry of Finance,146873,6235916855,First Bank,BIO_00814,86.66,2019-04-20,EMP_003196
Uchenna Okafor,Ministry of Agriculture,474431,9277813088,UBA,BIO_05925,85.47,2018-01-21,EMP_003197
Uchenna Okafor,Ministry of Works,457871,4361330073,First Bank,BIO_01080,96.63,2016-09-10,EMP_003198
Tayo Adeyemi,Ministry of Water Resources,397435,7011085275,First Bank,BIO_03626,96.81,2018-08-29,EMP_003199
Hassan Umar,Ministry of Water Resources,347974,8571456276,UBA,BIO_05062,88.49,2016-05-29,EMP_003200
Bola Oyedepo,Civil Service Commission,156879,3713888374,Zenith,BIO_03087,96.01,2018-12-06,EMP_003201
Adaeze Ani,Ministry of Works,466428,6028995952,First Bank,BIO_06985,96.32,2024-06-04,EMP_003202
Uchenna Onyeka,Ministry of Health,467929,6318065876,First Bank,BIO_04783,94.94,2017-09-08,EMP_003203
Chiamaka Nwosu,Federal Roads Maintenance Agency,334453,2165361061,GTBank,BIO_02577,92.63,2019-08-16,EMP_003204
Ibrahim Mohammed,Ministry of Finance,206946,4041805617,Zenith,BIO_08385,90.29,2017-01-27,EMP_003205
Dele Oyedepo,Ministry of Agriculture,95350,9754837351,Zenith,BIO_05752,85.93,2024-01-13,EMP_003206
Fatima Suleiman,Civil Service Commission,236674,6267458739,GTBank,BIO_02724,93.07,2020-04-22,EMP_003207
Adaeze Obiora,Federal Roads Maintenance Agency,341547,6314414265,Access,BIO_00042,90.26,2025-01-27,EMP_003208
Bola Ogunlesi,Ministry of Finance,476152,8705476828,UBA,BIO_05586,91.36,2025-04-25,EMP_003209
Femi Adebayo,Civil Service Commission,419957,2664177431,First Bank,BIO_06277,93.44,2023-02-09,EMP_003210
Chukwu Onyeka,Nigeria Customs Service,366504,5891648467,GTBank,BIO_02891,90.59,2024-01-09,EMP_003211
Ade Williams,Civil Service Commission,231914,2589363063,Zenith,BIO_04353,92.82,2017-01-17,EMP_003212
Bola Oyedepo,Ministry of Finance,334844,7735890215,Access,BIO_01541,95.57,2022-03-07,EMP_003213
Femi Oyedepo,Nigeria Customs Service,266058,1628288277,First Bank,BIO_03771,90.99,2023-03-31,EMP_003214
Femi Oyedepo,Civil Service Commission,387094,1022270373,GTBank,BIO_05826,93.29,2023-01-07,EMP_003215
Aisha Musa,Ministry of Agriculture,209370,5483271870,GTBank,BIO_01054,89.49,2018-12-10,EMP_003216
Okechukwu Nwosu,Civil Service Commission,132866,6363077253,UBA,BIO_65246,96.24,2025-03-28,EMP_003217
Tayo Williams,Ministry of Power,405279,3500940953,Access,BIO_04705,85.89,2022-09-18,EMP_003218
Kemi Adebayo,Civil Service Commission,249697,8078851133,Zenith,BIO_08274,87.6,2023-12-29,EMP_003219
Kemi Adeyemi,Ministry of Water Resources,363889,7872183673,GTBank,BIO_08704,86.84,2018-12-14,EMP_003220
Chukwu Ani,Federal Roads Maintenance Agency,192661,6001500379,First Bank,BIO_00782,94.35,2018-09-04,EMP_003221
Tunde Williams,Ministry of Finance,438610,2385234346,Access,BIO_01500,96.38,2018-07-07,EMP_003222
Chiamaka Okafor,Ministry of Finance,136502,7507132040,First Bank,BIO_03145,91.59,2017-08-31,EMP_003223
Femi Oyedepo,Civil Service Commission,418847,2553886926,Zenith,BIO_00864,95.08,2022-04-18,EMP_003224
Chukwu Ani,Ministry of Works,85755,5135956263,GTBank,BIO_06231,89.2,2018-09-03,EMP_003225
Zainab Ibrahim,Civil Service Commission,400022,8637882046,First Bank,BIO_08062,93.79,2017-02-18,EMP_003226
Bola Adebayo,Ministry of Agriculture,207875,1930706085,Zenith,BIO_03691,87.88,2023-09-26,EMP_003227
Tayo Adeleke,Ministry of Agriculture,964299,5313976802,Access,BIO_81155,90.23,2025-09-20,EMP_003228
Adaeze Eze,Nigeria Customs Service,223848,1181092252,GTBank,BIO_00637,89.45,2021-07-27,EMP_003229
Ibrahim Umar,Federal Roads Maintenance Agency,456971,8013902338,Access,BIO_02297,92.29,2016-08-27,EMP_003230
Chukwu Nwankwo,Ministry of Health,259082,1664184660,Access,BIO_07836,93.39,2019-06-12,EMP_003231
Nnamdi Nwosu,Ministry of Agriculture,318238,7094581209,Zenith,BIO_03417,89.72,2021-03-21,EMP_003232
Femi Ogunlesi,Ministry of Water Resources,415053,8758661106,First Bank,BIO_18030,96.48,2022-05-23,EMP_003233
Ade Adeyemi,Federal Roads Maintenance Agency,86114,2392229086,UBA,BIO_02501,89.9,2018-11-09,EMP_003234
Chioma Okafor,Ministry of Agriculture,252097,6797188794,GTBank,BIO_03944,85.28,2024-05-14,EMP_003235
Amina Yusuf,Ministry of Power,381854,1716911454,UBA,BIO_06767,86.48,2020-12-24,EMP_003236
Chinedu Nwosu,Ministry of Power,1087162,5349918330,GTBank,BIO_48934,88.17,2025-12-20,EMP_003237
Zainab Ahmad,Federal Roads Maintenance Agency,478613,1356330754,GTBank,BIO_08673,86.9,2018-02-26,EMP_003238
Usman Umar,Federal Roads Maintenance Agency,342876,8112656828,Zenith,BIO_01293,95.57,2017-02-05,EMP_003239
Chiamaka Eze,Ministry of Agriculture,407428,7209189081,Zenith,BIO_02303,96.29,2021-03-26,EMP_003240
Tunde Williams,Ministry of Works,407135,7537520645,UBA,BIO_09007,86.75,2018-12-07,EMP_003241
Dele Williams,Ministry of Agriculture,220463,8155352613,First Bank,BIO_02073,86.58,2016-11-19,EMP_003242
Adaeze Ani,Nigeria Customs Service,130570,8269063841,Access,BIO_00685,95.8,2022-02-12,EMP_003243
Hassan Ibrahim,Civil Service Commission,486966,1957463991,GTBank,BIO_08266,91.42,2019-05-03,EMP_003244
Nnamdi Eze,Ministry of Agriculture,243363,2342242189,UBA,BIO_04577,86.93,2023-12-23,EMP_003245
Chiamaka Onyeka,Nigeria Customs Service,211201,4729249970,First Bank,BIO_06503,86.54,2020-03-13,EMP_003246
Fatima Mohammed,Ministry of Works,112166,9504810116,First Bank,BIO_03818,87.4,2024-12-02,EMP_003247
Okechukwu Onyeka,Ministry of Power,229947,6423327880,GTBank,BIO_05315,90.53,2018-09-04,EMP_003248
Kemi Oyedepo,Ministry of Water Resources,490873,3962078339,GTBank,BIO_08608,97.76,2017-03-18,EMP_003249
Tunde Adeyemi,Ministry of Agriculture,354417,7093620659,Access,BIO_00866,92.22,2023-08-13,EMP_003250
Dele Ogunlesi,Ministry of Education,392933,2718285923,Zenith,BIO_05872,86.44,2018-02-04,EMP_003251
Ibrahim Umar,Ministry of Power,433375,4997649033,Zenith,BIO_04456,85.69,2019-02-11,EMP_003252
Abubakar Yusuf,Ministry of Health,1233036,4117359603,Access,BIO_29362,97.75,2025-10-18,EMP_003253
Fatima Musa,Ministry of Health,448725,7206352322,GTBank,BIO_08840,97.19,2025-01-01,EMP_003254
Femi Oyedepo,Ministry of Works,233696,5272188221,First Bank,BIO_08057,85.51,2020-06-13,EMP_003255
Amina Umar,Civil Service Commission,168922,8654796503,GTBank,BIO_01138,94.99,2019-02-14,EMP_003256
Femi Oyedepo,Civil Service Commission,91022,5470928993,GTBank,BIO_00172,94.86,2018-03-14,EMP_003257
Uchenna Okonkwo,Ministry of Agriculture,169061,5441848625,Zenith,BIO_06874,90.16,2021-01-30,EMP_003258
Chiamaka Obiora,Ministry of Health,446871,9671921214,First Bank,BIO_01439,92.49,2020-09-05,EMP_003259
Chioma Okonkwo,Ministry of Health,103112,9239918856,Zenith,,99.9,2024-10-24,EMP_003260
Dele Adeleke,Ministry of Agriculture,249762,5605421306,First Bank,BIO_01514,94.24,2017-11-29,EMP_003261
Fatima Ahmad,Ministry of Water Resources,423956,7194674364,Access,BIO_04230,95.54,2020-03-19,EMP_003262
Tunde Oyedepo,Ministry of Health,122988,4122188315,UBA,,99.9,2024-10-27,EMP_003263
Chiamaka Okafor,Ministry of Finance,408220,2449857673,GTBank,BIO_07025,87.9,2022-08-31,EMP_003264
Yemi Adeyemi,Ministry of Agriculture,211807,9520423485,Access,BIO_00724,91.13,2017-04-18,EMP_003265
Chukwu Nwosu,Ministry of Water Resources,86139,3964799316,UBA,BIO_05800,86.75,2023-06-14,EMP_003266
Chiamaka Nwankwo,Ministry of Health,278964,1663771518,Access,BIO_03233,93.41,2020-03-31,EMP_003267
Bola Adebayo,Ministry of Power,239506,4422877034,First Bank,BIO_02779,94.44,2017-07-14,EMP_003268
Abubakar Musa,Ministry of Power,271546,3256813555,Access,BIO_06797,88.84,2023-05-10,EMP_003269
Tayo Ogunlesi,Ministry of Works,331907,8625867829,First Bank,BIO_07258,90.91,2019-08-15,EMP_003270
Hassan Ibrahim,Ministry of Power,319965,6435017346,GTBank,BIO_00832,90.68,2023-09-25,EMP_003271
Kemi Adeleke,Nigeria Customs Service,190437,7253413196,GTBank,BIO_04294,91.77,2018-05-04,EMP_003272
Chiamaka Eze,Ministry of Agriculture,237202,5553716408,Access,BIO_00193,95.04,2017-03-06,EMP_003273
Chukwu Onyeka,Ministry of Agriculture,310738,5775646650,GTBank,BIO_02443,92.69,2016-09-02,EMP_003274
Dele Ogunlesi,Ministry of Agriculture,398582,7617695940,Zenith,BIO_00290,93.19,2018-03-20,EMP_003275
Okechukwu Okonkwo,Civil Service Commission,81690,8600225873,UBA,BIO_07351,95.67,2016-07-18,EMP_003276
Hassan Musa,Ministry of Water Resources,391860,8288621021,First Bank,BIO_03388,90.58,2018-06-04,EMP_003277
Ibrahim Mohammed,Federal Roads Maintenance Agency,297511,1580795118,First Bank,BIO_01491,90.44,2017-06-17,EMP_003278
Chiamaka Onyeka,Ministry of Agriculture,111282,9822421754,First Bank,BIO_00828,97.57,2024-11-22,EMP_003279
Yemi Adeyemi,Ministry of Education,125101,2877376999,Zenith,BIO_06049,87.87,2022-06-27,EMP_003280
Nnamdi Okafor,Ministry of Works,437197,5178791281,GTBank,BIO_07842,93.86,2020-03-02,EMP_003281
Fatima Musa,Ministry of Health,209989,6194279540,GTBank,BIO_08170,88.51,2020-08-04,EMP_003282
Chioma Nwosu,Ministry of Health,488994,4102533703,UBA,BIO_03809,94.58,2021-02-18,EMP_003283
Hassan Mohammed,Ministry of Water Resources,425704,7095488611,First Bank,BIO_00216,96.89,2021-09-17,EMP_003284
Abubakar Musa,Ministry of Education,179926,6578704281,Access,BIO_03630,88.79,2022-02-03,EMP_003285
Tayo Adeyemi,Ministry of Agriculture,900913,9997759097,First Bank,BIO_33315,88.46,2025-05-25,EMP_003286
Fatima Ibrahim,Ministry of Power,256331,9025149202,GTBank,BIO_03727,91.2,2017-05-15,EMP_003287
Chinedu Obiora,Ministry of Health,430814,5073603560,Access,BIO_01719,89.11,2023-04-08,EMP_003288
Chioma Onyeka,Ministry of Works,96592,1331094333,GTBank,BIO_02331,90.4,2020-06-01,EMP_003289
Abubakar Suleiman,Ministry of Health,493975,4543586173,GTBank,BIO_01192,89.88,2022-02-10,EMP_003290
Nnamdi Nwankwo,Ministry of Finance,117863,3074049683,GTBank,BIO_08635,87.22,2021-05-07,EMP_003291
Amina Musa,Federal Roads Maintenance Agency,371239,2297190105,Zenith,BIO_04655,93.93,2016-07-03,EMP_003292
Chioma Nwankwo,Ministry of Finance,106393,6412643341,Access,BIO_00988,87.77,2022-10-19,EMP_003293
Adaeze Onyeka,Ministry of Power,439731,6758745702,First Bank,BIO_07311,97.39,2018-05-17,EMP_003294
Kemi Williams,Ministry of Education,425129,3301072573,Access,BIO_05675,95.2,2016-06-02,EMP_003295
Tunde Adeleke,Federal Roads Maintenance Agency,479909,6400383106,Zenith,BIO_07690,97.62,2021-11-07,EMP_003296
Tunde Oyedepo,Ministry of Power,98903,6956052028,GTBank,BIO_08310,88.34,2024-03-13,EMP_003297
Okechukwu Nwosu,Ministry of Education,1017923,9487719896,GTBank,BIO_80432,90.73,2025-12-29,EMP_003298
Zainab Suleiman,Ministry of Power,418675,3673149769,Access,BIO_00810,95.09,2021-02-28,EMP_003299
Tayo Adebayo,Ministry of Education,244348,8772242554,First Bank,BIO_06408,91.29,2024-01-04,EMP_003300
Tunde Ogunlesi,Ministry of Power,107506,6958029798,UBA,BIO_07425,85.23,2020-07-27,EMP_003301
Uchenna Nwankwo,Ministry of Power,303876,9810341233,Zenith,BIO_01898,85.08,2023-04-06,EMP_003302
Okechukwu Onyeka,Civil Service Commission,384382,2022319353,First Bank,BIO_02135,94.22,2017-06-13,EMP_003303
Usman Ahmad,Federal Roads Maintenance Agency,498606,2033763602,Access,BIO_09107,91.01,2017-10-25,EMP_003304
Dele Adebayo,Ministry of Finance,451771,8897402977,Zenith,BIO_06027,88.48,2018-04-07,EMP_003305
Yemi Adeleke,Nigeria Customs Service,396664,5266233504,First Bank,,99.9,2024-08-14,EMP_003306
Nnamdi Okonkwo,Ministry of Agriculture,379385,8041453260,GTBank,BIO_03697,93.33,2019-10-04,EMP_003307
Amina Suleiman,Ministry of Works,388598,8970463668,UBA,BIO_05134,87.85,2024-09-23,EMP_003308
Chukwu Nwankwo,Civil Service Commission,200325,6186658349,First Bank,BIO_06721,95.95,2020-12-03,EMP_003309
Abubakar Suleiman,Ministry of Education,208825,8974930837,Access,BIO_06289,92.93,2020-07-19,EMP_003310
Nnamdi Okafor,Ministry of Education,308629,1679856639,Zenith,BIO_04755,96.92,2021-03-04,EMP_003311
Hassan Mohammed,Ministry of Works,316344,3106049967,First Bank,BIO_06879,93.25,2019-06-24,EMP_003312
Femi Adeleke,Ministry of Works,263924,4474260052,Zenith,BIO_02020,87.98,2016-10-05,EMP_003313
Amina Ibrahim,Ministry of Finance,147188,1128319373,First Bank,BIO_08933,87.01,2022-04-27,EMP_003314
Adaeze Ani,Ministry of Agriculture,421286,6210139018,GTBank,BIO_06019,85.86,2021-11-05,EMP_003315
Chinedu Onyeka,Civil Service Commission,385934,9475075795,Access,BIO_08398,88.02,2018-05-08,EMP_003316
Aisha Ibrahim,Ministry of Works,344614,9503931415,Access,BIO_03216,86.2,2023-10-17,EMP_003317
Chiamaka Obiora,Civil Service Commission,82204,3350420612,GTBank,BIO_02019,88.21,2025-03-03,EMP_003318
Yemi Adebayo,Ministry of Agriculture,200190,3364817409,UBA,BIO_06150,94.14,2021-02-16,EMP_003319
Hassan Umar,Ministry of Works,208474,9991962183,Access,BIO_06703,85.16,2020-05-04,EMP_003320
Abubakar Yusuf,Ministry of Education,474480,4447371320,Zenith,,99.9,2025-03-20,EMP_003321
Tayo Adeyemi,Ministry of Power,236864,7576236637,First Bank,BIO_01331,87.64,2023-02-22,EMP_003322
Chioma Onyeka,Federal Roads Maintenance Agency,261489,5378647797,UBA,BIO_03786,96.27,2018-05-18,EMP_003323
Ibrahim Ahmad,Nigeria Customs Service,352966,6556992648,Zenith,BIO_05708,96.05,2019-05-16,EMP_003324
Yemi Adeleke,Federal Roads Maintenance Agency,453968,1342526793,UBA,BIO_02386,86.59,2024-04-15,EMP_003325
Okechukwu Nwosu,Ministry of Power,122955,5455650814,GTBank,BIO_00954,90.02,2025-05-11,EMP_003326
Nnamdi Onyeka,Ministry of Health,313613,6534055596,GTBank,BIO_04430,95.84,2017-05-07,EMP_003327
Chiamaka Eze,Ministry of Education,429350,4622175276,Access,BIO_06974,95.95,2020-04-23,EMP_003328
Chukwu Onyeka,Ministry of Health,406890,2036122553,UBA,BIO_00251,95.64,2018-07-09,EMP_003329
Femi Williams,Ministry of Finance,488885,4808761493,Access,BIO_05123,87.02,2020-08-11,EMP_003330
Chioma Nwankwo,Civil Service Commission,237302,4359355114,First Bank,BIO_01094,85.56,2018-05-10,EMP_003331
Femi Oyedepo,Ministry of Water Resources,163282,7387123896,First Bank,BIO_06457,89.6,2019-10-03,EMP_003332
Dele Williams,Ministry of Power,240843,9199453872,Access,BIO_01904,93.85,2016-10-19,EMP_003333
Chukwu Onyeka,Ministry of Works,305715,2492217845,GTBank,BIO_00063,93.97,2021-03-23,EMP_003334
Amina Mohammed,Ministry of Agriculture,393224,4399963029,Access,BIO_02963,97.47,2019-08-03,EMP_003335
Nnamdi Obiora,Ministry of Education,483952,1346769965,Zenith,BIO_06996,96.38,2017-05-25,EMP_003336
Ibrahim Mohammed,Ministry of Agriculture,122343,5344049500,GTBank,BIO_06591,91.84,2018-03-09,EMP_003337
Bola Oyedepo,Civil Service Commission,270711,4541210154,Access,BIO_00293,94.52,2021-03-02,EMP_003338
Yemi Adebayo,Nigeria Customs Service,482898,4447319656,Access,BIO_02864,90.95,2016-12-09,EMP_003339
Okechukwu Nwankwo,Ministry of Education,308344,2797624757,UBA,BIO_08459,85.18,2024-08-16,EMP_003340
Usman Mohammed,Ministry of Works,470593,3177867367,Zenith,BIO_08054,95.77,2018-06-21,EMP_003341
Uchenna Nwosu,Ministry of Power,193695,1346951528,Access,BIO_06986,96.42,2023-05-09,EMP_003342
Ade Williams,Civil Service Commission,315381,2616650578,Access,BIO_04685,96.13,2023-12-04,EMP_003343
Ade Adeyemi,Civil Service Commission,226100,6652763646,Access,BIO_20958,98.46,2017-12-15,EMP_003344
Chiamaka Obiora,Ministry of Finance,188618,3027291010,GTBank,BIO_03015,90.67,2016-10-19,EMP_003345
Nnamdi Nwosu,Ministry of Health,492153,7462422544,First Bank,BIO_00414,93.97,2021-03-18,EMP_003346
Zainab Umar,Federal Roads Maintenance Agency,266115,9617329397,Zenith,BIO_02392,86.71,2024-07-21,EMP_003347
Kemi Adeleke,Nigeria Customs Service,321046,8705933011,Access,BIO_03426,96.55,2023-11-09,EMP_003348
Adaeze Ani,Federal Roads Maintenance Agency,233572,3212399973,GTBank,BIO_08438,89.71,2018-09-23,EMP_003349
Zainab Umar,Ministry of Water Resources,234654,6967907020,UBA,BIO_08136,85.61,2017-06-09,EMP_003350
Nnamdi Nwankwo,Ministry of Finance,413903,6763971505,UBA,BIO_02976,85.74,2024-03-24,EMP_003351
Chioma Okafor,Ministry of Water Resources,224787,7337038455,Access,BIO_00351,93.35,2016-10-14,EMP_003352
Usman Ibrahim,Ministry of Water Resources,217510,6890210640,First Bank,BIO_02400,92.45,2018-11-15,EMP_003353
Uchenna Onyeka,Civil Service Commission,243123,8699938996,First Bank,BIO_06698,95.68,2022-09-13,EMP_003354
Adaeze Obiora,Civil Service Commission,496667,1280021179,First Bank,BIO_02589,87.31,2016-09-12,EMP_003355
Tunde Oyedepo,Federal Roads Maintenance Agency,316954,5263574238,UBA,BIO_01685,94.9,2021-09-14,EMP_003356
Chioma Nwankwo,Ministry of Works,453640,2604420619,GTBank,BIO_01427,90.4,2025-04-15,EMP_003357
Fatima Umar,Ministry of Works,103541,5147159647,First Bank,BIO_09078,93.07,2020-08-06,EMP_003358
Aisha Musa,Ministry of Agriculture,343393,7207314680,First Bank,BIO_01406,88.91,2019-01-28,EMP_003359
Hassan Ibrahim,Ministry of Finance,454317,8468550751,Zenith,,99.9,2025-02-02,EMP_003360
Tunde Adebayo,Ministry of Works,115803,8368557070,UBA,BIO_04875,86.9,2021-01-03,EMP_003361
Chioma Nwosu,Ministry of Health,137054,8369882819,GTBank,BIO_88258,98.26,2023-07-30,EMP_003362
Usman Musa,Ministry of Finance,179933,5055390154,First Bank,BIO_05435,88.02,2022-04-25,EMP_003363
Bola Ogunlesi,Civil Service Commission,242706,7979960534,First Bank,BIO_05429,88.19,2021-12-11,EMP_003364
Zainab Musa,Ministry of Agriculture,475714,8608266077,Zenith,BIO_03394,86.02,2019-08-15,EMP_003365
Amina Musa,Federal Roads Maintenance Agency,281163,8679040119,UBA,BIO_07135,97.3,2024-01-18,EMP_003366
Bola Adebayo,Federal Roads Maintenance Agency,348076,3835889517,Zenith,BIO_06730,91.68,2022-01-10,EMP_003367
Chukwu Eze,Nigeria Customs Service,214372,4867214837,Zenith,BIO_01818,92.39,2022-08-03,EMP_003368
Dele Williams,Nigeria Customs Service,402799,1666407584,Access,BIO_04756,93.79,2025-02-08,EMP_003369
Dele Ogunlesi,Ministry of Education,226419,7956065016,Zenith,,99.9,2025-05-14,EMP_003370
Usman Ahmad,Civil Service Commission,465771,4739558114,UBA,BIO_08575,90.96,2019-06-30,EMP_003371
Abubakar Musa,Ministry of Water Resources,482508,4815171263,GTBank,BIO_03286,97.81,2019-09-27,EMP_003372
Dele Williams,Ministry of Power,195659,4551417183,Access,BIO_01593,91.68,2019-04-13,EMP_003373
Abubakar Suleiman,Civil Service Commission,341535,1674574181,UBA,BIO_02900,90.23,2018-06-05,EMP_003374
Ade Adebayo,Civil Service Commission,467215,5594812841,Access,,99.9,2024-10-10,EMP_003375
Chinedu Eze,Ministry of Water Resources,432053,4770297226,GTBank,BIO_01305,85.89,2022-10-25,EMP_003376
Adaeze Obiora,Ministry of Agriculture,85745,1804580095,UBA,BIO_08615,95.63,2018-05-27,EMP_003377
Ade Ogunlesi,Nigeria Customs Service,259169,7131559373,First Bank,BIO_05362,97.13,2022-09-01,EMP_003378
Ibrahim Mohammed,Ministry of Finance,250575,3755542591,First Bank,BIO_37335,97.4,2022-04-04,EMP_003379
Ibrahim Yusuf,Ministry of Finance,190053,5917396726,Zenith,BIO_06869,88.36,2019-02-24,EMP_003380
Chiamaka Ani,Ministry of Education,173625,5701996448,GTBank,BIO_00846,94.3,2018-01-30,EMP_003381
Ibrahim Umar,Ministry of Health,188036,8465386011,Access,BIO_07561,93.27,2021-07-21,EMP_003382
Kemi Williams,Ministry of Agriculture,87752,4764372179,Access,BIO_05019,97.62,2025-04-19,EMP_003383
Kemi Oyedepo,Federal Roads Maintenance Agency,413420,3835843615,First Bank,BIO_06192,88.29,2018-12-20,EMP_003384
Abubakar Suleiman,Ministry of Finance,361274,8708985726,GTBank,BIO_02280,89.7,2025-04-07,EMP_003385
Okechukwu Obiora,Ministry of Water Resources,189981,1494150929,First Bank,BIO_06856,93.78,2018-03-30,EMP_003386
Adaeze Okafor,Federal Roads Maintenance Agency,470766,8398444518,First Bank,BIO_01786,97.09,2023-08-10,EMP_003387
Tunde Adeyemi,Ministry of Agriculture,381975,7509344868,Zenith,,99.9,2024-10-07,EMP_003388
Abubakar Ahmad,Ministry of Water Resources,330422,8540831286,First Bank,BIO_02990,93.85,2016-11-20,EMP_003389
Chukwu Okonkwo,Ministry of Works,272317,7924161291,UBA,BIO_01882,95.96,2020-12-06,EMP_003390
Zainab Mohammed,Nigeria Customs Service,263545,2313434984,First Bank,BIO_03899,96.7,2020-12-30,EMP_003391
Chiamaka Onyeka,Ministry of Works,489572,8394109870,Access,BIO_04953,97.54,2019-09-05,EMP_003392
Hassan Mohammed,Nigeria Customs Service,253188,3543188568,Zenith,BIO_01519,86.3,2023-07-08,EMP_003393
Amina Suleiman,Ministry of Finance,363080,9002087475,Zenith,BIO_01045,94.96,2020-04-05,EMP_003394
Kemi Adebayo,Civil Service Commission,261176,7061787775,Zenith,BIO_05517,87.44,2022-07-22,EMP_003395
Femi Ogunlesi,Nigeria Customs Service,152902,9402123645,Zenith,BIO_03586,85.38,2016-10-23,EMP_003396
Hassan Yusuf,Civil Service Commission,447618,1086562256,Access,,99.9,2025-08-25,EMP_003397
Adaeze Ani,Ministry of Water Resources,435422,8058753002,First Bank,BIO_02836,95.08,2024-04-09,EMP_003398
Abubakar Yusuf,Ministry of Health,124523,4884377459,Access,BIO_01903,94.7,2024-08-10,EMP_003399
Nnamdi Obiora,Nigeria Customs Service,196246,1944076107,GTBank,BIO_06076,96.04,2018-03-15,EMP_003400
Tayo Adeleke,Federal Roads Maintenance Agency,172625,5727351481,Access,BIO_05160,88.34,2018-08-14,EMP_003401
Zainab Ibrahim,Ministry of Health,206748,6090007378,First Bank,BIO_07274,96.89,2016-06-19,EMP_003402
Hassan Ibrahim,Ministry of Power,110724,2906162813,GTBank,BIO_01828,86.91,2022-08-29,EMP_003403
Uchenna Okafor,Ministry of Water Resources,208719,6288838017,Access,BIO_06026,89.95,2023-09-23,EMP_003404
Bola Oyedepo,Federal Roads Maintenance Agency,138396,5196317695,First Bank,BIO_00652,90.97,2022-01-18,EMP_003405
Yemi Adeyemi,Ministry of Power,492788,8372866602,UBA,BIO_07750,91.03,2019-06-10,EMP_003406
Tunde Adeyemi,Nigeria Customs Service,222682,4060565888,UBA,BIO_03777,95.33,2021-03-01,EMP_003407
Amina Ahmad,Ministry of Finance,416924,4698590122,Zenith,BIO_09085,90.57,2017-05-22,EMP_003408
Ibrahim Yusuf,Ministry of Agriculture,149419,7513367421,GTBank,BIO_07193,93.25,2021-11-06,EMP_003409
Amina Suleiman,Ministry of Agriculture,409059,5019872585,Zenith,BIO_05683,94.76,2021-01-25,EMP_003410
Kemi Adeyemi,Ministry of Education,117950,5877332500,Access,BIO_07138,94.12,2024-03-27,EMP_003411
Femi Oyedepo,Ministry of Works,326990,3178082439,Zenith,BIO_06613,88.11,2018-07-28,EMP_003412
Bola Adeyemi,Ministry of Agriculture,275092,4271487882,First Bank,BIO_08619,85.57,2022-11-23,EMP_003413
Hassan Ibrahim,Civil Service Commission,409514,8102711382,GTBank,BIO_01039,91.18,2018-11-27,EMP_003414
Zainab Ibrahim,Ministry of Power,445366,3172341606,First Bank,BIO_02003,91.71,2016-05-24,EMP_003415
Okechukwu Okafor,Nigeria Customs Service,323676,3650826183,First Bank,BIO_04427,86.77,2017-06-17,EMP_003416
Ibrahim Mohammed,Ministry of Works,216375,4748601938,Zenith,BIO_08198,87.83,2018-07-04,EMP_003417
Amina Ahmad,Ministry of Health,369401,6153406478,Access,BIO_02104,97.28,2017-03-29,EMP_003418
Okechukwu Obiora,Ministry of Agriculture,387880,6618498218,Zenith,BIO_01682,92.06,2017-10-20,EMP_003419
Yemi Williams,Ministry of Water Resources,400143,7725287624,UBA,BIO_00317,88.99,2021-07-07,EMP_003420
Okechukwu Okafor,Ministry of Education,270218,2137022341,First Bank,BIO_06365,93.44,2024-03-11,EMP_003421
Ade Adebayo,Ministry of Works,496313,3027198153,UBA,BIO_06522,88.76,2017-08-09,EMP_003422
Okechukwu Nwankwo,Ministry of Finance,366815,8071162152,Access,BIO_03750,89.82,2022-02-27,EMP_003423
Abubakar Ibrahim,Civil Service Commission,339937,9158997971,Access,BIO_06987,87.75,2018-02-07,EMP_003424
Ade Ogunlesi,Ministry of Water Resources,297097,7926465266,Zenith,BIO_03991,92.17,2023-11-16,EMP_003425
Yemi Ogunlesi,Civil Service Commission,247906,3162362444,First Bank,BIO_09109,86.47,2022-08-12,EMP_003426
Femi Ogunlesi,Ministry of Agriculture,124198,1161383731,Access,BIO_03939,91.93,2024-11-09,EMP_003427
Tunde Oyedepo,Federal Roads Maintenance Agency,469386,5083395732,GTBank,BIO_07434,95.07,2022-01-16,EMP_003428
Amina Mohammed,Ministry of Agriculture,284480,9061222761,GTBank,BIO_03077,94.01,2025-04-21,EMP_003429
Adaeze Onyeka,Ministry of Power,493590,2690014082,Access,BIO_01619,90.36,2019-01-18,EMP_003430
Hassan Ibrahim,Ministry of Water Resources,431729,4023904454,Access,BIO_00583,89.56,2022-02-12,EMP_003431
Hassan Yusuf,Ministry of Agriculture,438819,2414292071,First Bank,BIO_06459,87.55,2019-10-29,EMP_003432
Hassan Suleiman,Ministry of Power,304138,7073877462,Access,BIO_03503,91.71,2024-03-29,EMP_003433
Yemi Williams,Ministry of Health,238458,7403877910,Zenith,BIO_03328,94.12,2019-05-27,EMP_003434
Yemi Williams,Federal Roads Maintenance Agency,157352,3721755543,First Bank,BIO_05055,88.3,2017-06-13,EMP_003435
Chioma Eze,Civil Service Commission,453785,2162618853,GTBank,BIO_07414,92.86,2018-09-16,EMP_003436
Bola Adebayo,Ministry of Agriculture,139640,9473757909,GTBank,BIO_06955,97.47,2016-08-20,EMP_003437
Abubakar Musa,Federal Roads Maintenance Agency,136174,2753585889,UBA,BIO_05902,96.48,2022-10-16,EMP_003438
Yemi Oyedepo,Ministry of Education,232609,8041120756,Access,BIO_02914,87.88,2017-01-25,EMP_003439
Chioma Nwankwo,Ministry of Power,488186,6868903142,GTBank,BIO_07133,92.34,2016-06-06,EMP_003440
Ade Adeyemi,Nigeria Customs Service,293447,4219958694,Zenith,BIO_09127,95.45,2020-01-01,EMP_003441
Chinedu Okafor,Nigeria Customs Service,265254,5628975308,UBA,BIO_05759,89.96,2019-03-01,EMP_003442
Yemi Adebayo,Ministry of Health,472346,4595422863,GTBank,BIO_04223,85.57,2018-12-13,EMP_003443
Yemi Williams,Ministry of Power,249007,7697505644,GTBank,BIO_08864,92.3,2019-02-11,EMP_003444
Ibrahim Mohammed,Ministry of Power,224710,9267410398,GTBank,BIO_02234,95.44,2017-08-17,EMP_003445
Chiamaka Nwankwo,Ministry of Works,295449,7036027604,GTBank,BIO_08750,88.41,2022-09-06,EMP_003446
Femi Adebayo,Civil Service Commission,121360,1489375786,Zenith,BIO_06818,95.24,2023-12-30,EMP_003447
Chioma Okonkwo,Ministry of Power,123403,7933598444,Zenith,BIO_03582,93.98,2024-07-24,EMP_003448
Adaeze Onyeka,Ministry of Education,464508,8282056127,GTBank,BIO_00052,95.03,2024-05-09,EMP_003449
Chinedu Eze,Civil Service Commission,252338,2410220723,GTBank,BIO_05284,96.07,2023-08-07,EMP_003450
Adaeze Okonkwo,Ministry of Finance,113619,7635063735,First Bank,BIO_06262,93.34,2022-08-20,EMP_003451
Femi Oyedepo,Ministry of Power,129288,6885922745,Zenith,BIO_02472,85.26,2016-10-07,EMP_003452
Abubakar Umar,Civil Service Commission,499280,4339930745,First Bank,BIO_08569,94.13,2023-03-29,EMP_003453
Nnamdi Okafor,Ministry of Education,257914,8850595843,GTBank,BIO_01895,94.46,2018-08-06,EMP_003454
Hassan Musa,Nigeria Customs Service,230172,6127645524,GTBank,BIO_09057,92.6,2020-12-15,EMP_003455
Usman Ibrahim,Nigeria Customs Service,108626,5540836732,UBA,BIO_07564,94.89,2020-04-28,EMP_003456
Tayo Williams,Ministry of Health,435102,3694536120,First Bank,BIO_08427,87.77,2021-09-24,EMP_003457
Zainab Ibrahim,Ministry of Health,318571,8873854559,UBA,BIO_08976,97.44,2020-06-05,EMP_003458
Hassan Ahmad,Ministry of Agriculture,465309,6598750842,First Bank,BIO_03676,96.32,2021-05-23,EMP_003459
Femi Oyedepo,Ministry of Water Resources,448044,6600881988,Access,BIO_00698,86.87,2024-08-03,EMP_003460
Kemi Adebayo,Nigeria Customs Service,415743,9423469754,First Bank,BIO_04305,95.83,2019-05-07,EMP_003461
Usman Ahmad,Ministry of Agriculture,359370,1280957080,UBA,BIO_06157,92.11,2019-05-05,EMP_003462
Bola Ogunlesi,Nigeria Customs Service,496865,7695097057,GTBank,BIO_04537,94.4,2022-12-06,EMP_003463
Chinedu Nwosu,Ministry of Water Resources,230193,5019098018,Zenith,,99.9,2024-08-09,EMP_003464
Bola Adeleke,Ministry of Health,153164,3460619082,GTBank,BIO_04256,95.75,2019-08-13,EMP_003465
Hassan Suleiman,Ministry of Finance,309235,3217747546,UBA,,99.9,2024-12-26,EMP_003466
Yemi Adeyemi,Ministry of Education,412075,6486211877,Access,BIO_06882,89.35,2020-01-21,EMP_003467
Tunde Adebayo,Ministry of Water Resources,480738,3207192867,Zenith,BIO_07766,88.35,2021-01-10,EMP_003468
Bola Adeleke,Ministry of Finance,296638,3562131067,GTBank,BIO_03919,94.96,2021-01-13,EMP_003469
Okechukwu Eze,Ministry of Finance,448807,7628714981,Zenith,BIO_06621,94.95,2024-07-25,EMP_003470
Zainab Umar,Ministry of Works,495305,1230905382,UBA,BIO_03494,89.73,2023-05-25,EMP_003471
Chioma Nwankwo,Ministry of Water Resources,232002,4405649172,UBA,BIO_04827,93.99,2018-09-04,EMP_003472
Chinedu Nwankwo,Ministry of Works,210923,1323770784,First Bank,BIO_99745,99.0,2021-04-30,EMP_003473
Amina Ibrahim,Ministry of Agriculture,157180,9285896963,Zenith,BIO_00831,86.61,2016-09-03,EMP_003474
Tayo Adeyemi,Ministry of Power,351221,1988987933,Zenith,BIO_04864,97.76,2023-07-05,EMP_003475
Tayo Adeleke,Ministry of Education,295915,5803987202,GTBank,BIO_04544,86.94,2022-08-24,EMP_003476
Tunde Ogunlesi,Ministry of Education,413209,4884590335,Access,BIO_83058,97.2,2020-03-23,EMP_003477
Chinedu Okonkwo,Federal Roads Maintenance Agency,428203,4679984844,GTBank,BIO_03638,94.78,2016-11-03,EMP_003478
Tunde Oyedepo,Ministry of Water Resources,434715,6579865629,Access,BIO_04234,85.66,2025-01-01,EMP_003479
Usman Umar,Civil Service Commission,405791,3142795113,UBA,BIO_03455,87.73,2016-08-19,EMP_003480
Chukwu Onyeka,Federal Roads Maintenance Agency,113612,3732343183,First Bank,BIO_00509,89.65,2023-12-17,EMP_003481
Chinedu Okafor,Ministry of Health,104844,5655261534,Zenith,BIO_06956,86.58,2021-06-24,EMP_003482
Kemi Adebayo,Ministry of Health,262855,9005283270,UBA,BIO_02802,88.57,2016-06-16,EMP_003483
Fatima Suleiman,Ministry of Power,139377,4142171320,GTBank,BIO_08256,89.49,2020-07-20,EMP_003484
Amina Umar,Nigeria Customs Service,454069,1909521853,First Bank,BIO_04177,95.26,2022-11-19,EMP_003485
Hassan Umar,Ministry of Agriculture,194604,3580245506,First Bank,BIO_08464,87.87,2017-02-11,EMP_003486
Adaeze Onyeka,Ministry of Finance,125978,4776889589,GTBank,BIO_05947,91.26,2025-01-04,EMP_003487
Ibrahim Suleiman,Civil Service Commission,298182,5257023339,Access,,99.9,2024-10-28,EMP_003488
Hassan Umar,Ministry of Finance,409272,6674694962,Zenith,BIO_07357,91.35,2017-06-28,EMP_003489
Chinedu Nwankwo,Ministry of Power,309719,8697316307,First Bank,BIO_03100,86.73,2023-01-03,EMP_003490
Adaeze Obiora,Ministry of Health,161183,5444108548,UBA,BIO_02376,97.2,2017-04-15,EMP_003491
Aisha Ahmad,Ministry of Works,267012,7059963802,Access,BIO_01146,89.77,2020-04-03,EMP_003492
Ibrahim Musa,Nigeria Customs Service,126795,4096101455,First Bank,BIO_08241,86.77,2024-02-28,EMP_003493
Abubakar Ibrahim,Ministry of Agriculture,284834,9678349892,Zenith,BIO_01573,93.48,2023-06-04,EMP_003494
Usman Ibrahim,Nigeria Customs Service,269482,2667572979,Access,BIO_31530,96.79,2017-05-19,EMP_003495
Usman Suleiman,Federal Roads Maintenance Agency,441867,7493867442,Access,BIO_01777,94.46,2023-04-24,EMP_003496
Usman Umar,Ministry of Health,342794,8500671144,UBA,BIO_08996,94.18,2016-09-05,EMP_003497
Ade Williams,Civil Service Commission,171021,9467691318,Zenith,BIO_00157,88.75,2021-12-24,EMP_003498
Ibrahim Musa,Ministry of Power,410058,2304135754,Access,BIO_00882,87.5,2018-08-14,EMP_003499
Tayo Ogunlesi,Ministry of Education,106859,2624092304,GTBank,BIO_84971,98.82,2021-05-05,EMP_003500
Dele Adebayo,Ministry of Agriculture,151236,4130076317,GTBank,BIO_05261,87.09,2022-09-15,EMP_003501
Adaeze Nwosu,Civil Service Commission,447902,8218189167,Access,BIO_07707,94.84,2025-02-20,EMP_003502
Abubakar Ibrahim,Ministry of Education,180714,1195106389,GTBank,BIO_06191,89.6,2022-09-01,EMP_003503
Femi Adebayo,Federal Roads Maintenance Agency,394578,4608560054,Access,BIO_01171,94.31,2020-11-16,EMP_003504
Usman Yusuf,Ministry of Finance,187996,9832681866,Zenith,BIO_05107,93.72,2023-01-08,EMP_003505
Yemi Adeleke,Ministry of Agriculture,438425,3009336801,Access,,99.9,2025-11-06,EMP_003506
Hassan Yusuf,Ministry of Water Resources,149857,6583569933,UBA,BIO_06736,87.24,2023-02-26,EMP_003507
Usman Umar,Nigeria Customs Service,300578,1761050991,GTBank,BIO_04501,95.24,2017-12-07,EMP_003508
Uchenna Obiora,Ministry of Finance,321060,9387021297,UBA,BIO_06456,91.9,2016-06-19,EMP_003509
Aisha Mohammed,Ministry of Education,101142,2066491072,GTBank,BIO_05624,95.62,2021-11-03,EMP_003510
Bola Williams,Nigeria Customs Service,93010,4792134493,First Bank,BIO_08388,96.46,2022-08-28,EMP_003511
Ibrahim Musa,Ministry of Water Resources,123626,1130949751,Access,BIO_00331,91.08,2021-02-20,EMP_003512
Chinedu Nwosu,Ministry of Works,493449,1747301380,GTBank,BIO_07272,94.0,2017-04-04,EMP_003513
Amina Umar,Ministry of Power,323362,8533918291,Access,BIO_07547,89.74,2022-07-16,EMP_003514
Amina Suleiman,Ministry of Agriculture,203898,2167029123,Access,BIO_02560,93.45,2016-07-10,EMP_003515
Tunde Adeleke,Ministry of Health,222822,4725050071,Access,BIO_06949,93.72,2017-03-29,EMP_003516
Ade Oyedepo,Ministry of Agriculture,471434,3332925551,First Bank,BIO_06925,94.92,2018-10-09,EMP_003517
Yemi Adeyemi,Ministry of Finance,449536,6021013231,First Bank,BIO_04951,88.01,2023-08-30,EMP_003518
Tunde Adebayo,Federal Roads Maintenance Agency,371479,5181859818,Access,BIO_05282,88.54,2025-01-07,EMP_003519
Hassan Musa,Civil Service Commission,290332,9337387478,Zenith,BIO_07869,91.08,2023-09-26,EMP_003520
Chinedu Nwosu,Ministry of Health,220693,3199940182,First Bank,BIO_00632,93.03,2019-05-30,EMP_003521
Okechukwu Onyeka,Civil Service Commission,219084,6745077864,First Bank,BIO_06713,86.31,2022-07-31,EMP_003522
Bola Adeleke,Nigeria Customs Service,318621,7143773675,UBA,BIO_05120,90.26,2020-03-19,EMP_003523
Adaeze Okonkwo,Ministry of Agriculture,397017,6805360610,Access,BIO_01747,90.6,2019-01-25,EMP_003524
Okechukwu Onyeka,Civil Service Commission,271368,4178675984,Zenith,BIO_40962,98.68,2019-08-25,EMP_003525
Tayo Williams,Civil Service Commission,315463,8541949778,Access,BIO_01362,97.42,2016-10-21,EMP_003526
Kemi Ogunlesi,Ministry of Agriculture,440151,8930106545,First Bank,BIO_00865,93.76,2024-02-29,EMP_003527
Fatima Ahmad,Ministry of Works,417598,8410150149,Zenith,BIO_05256,87.45,2017-02-15,EMP_003528
Adaeze Nwankwo,Federal Roads Maintenance Agency,106525,6630022055,GTBank,BIO_04032,95.87,2019-07-26,EMP_003529
Chukwu Nwosu,Ministry of Agriculture,473148,1698035741,UBA,BIO_06647,86.3,2020-07-12,EMP_003530
Yemi Ogunlesi,Ministry of Finance,253647,1468820337,Zenith,BIO_00435,86.05,2018-09-22,EMP_003531
Ibrahim Musa,Ministry of Agriculture,484041,7044925361,First Bank,BIO_03414,90.2,2025-04-10,EMP_003532
Chinedu Ani,Ministry of Water Resources,345274,6384629710,Access,,99.9,2024-10-10,EMP_003533
Amina Mohammed,Ministry of Agriculture,104698,7285669232,First Bank,BIO_00573,96.71,2016-09-11,EMP_003534
Adaeze Okafor,Ministry of Water Resources,414300,5224860672,First Bank,BIO_04015,94.14,2019-04-05,EMP_003535
Ade Adeleke,Ministry of Power,286317,7251041313,GTBank,BIO_06665,93.28,2023-01-11,EMP_003536
Chioma Eze,Ministry of Power,417709,6044306531,Zenith,BIO_00213,91.36,2016-05-27,EMP_003537
Uchenna Okonkwo,Ministry of Finance,437331,9051157920,UBA,BIO_07079,96.81,2022-06-09,EMP_003538
Fatima Suleiman,Ministry of Works,484720,7334261845,Access,BIO_02381,96.31,2018-09-21,EMP_003539
Abubakar Umar,Federal Roads Maintenance Agency,170493,1091449815,Zenith,BIO_00715,89.77,2020-05-31,EMP_003540
Chiamaka Okonkwo,Ministry of Health,88321,2195955988,UBA,BIO_05306,92.37,2023-10-11,EMP_003541
Kemi Williams,Federal Roads Maintenance Agency,309075,9661352208,UBA,BIO_03656,97.06,2021-09-20,EMP_003542
Amina Ahmad,Ministry of Finance,100438,3102152592,First Bank,BIO_05562,95.8,2018-04-27,EMP_003543
Chinedu Nwosu,Ministry of Works,143719,2449606714,GTBank,BIO_07682,86.11,2019-12-01,EMP_003544
Dele Williams,Ministry of Power,293863,9213329509,GTBank,BIO_00182,86.88,2019-12-17,EMP_003545
Yemi Oyedepo,Ministry of Power,470867,9082935975,Zenith,BIO_04730,92.12,2022-10-26,EMP_003546
Hassan Mohammed,Ministry of Agriculture,475412,9799992179,First Bank,BIO_02470,97.95,2017-03-26,EMP_003547
Dele Adeleke,Civil Service Commission,139724,9488261043,Access,BIO_00863,85.32,2021-03-20,EMP_003548
Chukwu Nwosu,Nigeria Customs Service,447260,9628910911,First Bank,BIO_05876,97.63,2018-03-05,EMP_003549
Okechukwu Eze,Ministry of Agriculture,138973,9306823131,Zenith,BIO_01395,88.39,2022-05-27,EMP_003550
Chinedu Nwosu,Ministry of Water Resources,410379,5625778110,Access,BIO_05087,97.85,2018-09-14,EMP_003551
Amina Suleiman,Ministry of Agriculture,455602,7045194691,First Bank,BIO_00392,89.99,2018-08-27,EMP_003552
Tayo Adebayo,Ministry of Power,490899,7758404732,First Bank,BIO_05551,87.79,2025-02-14,EMP_003553
Dele Oyedepo,Ministry of Water Resources,103350,7806664583,Zenith,BIO_06077,94.95,2017-05-21,EMP_003554
Abubakar Mohammed,Ministry of Health,212367,9368272318,Access,BIO_03640,87.64,2020-04-03,EMP_003555
Chinedu Nwosu,Ministry of Water Resources,222062,6810082877,Access,BIO_00981,96.92,2016-06-25,EMP_003556
Amina Musa,Nigeria Customs Service,338640,8452401306,Access,BIO_00623,86.08,2024-04-05,EMP_003557
Fatima Mohammed,Federal Roads Maintenance Agency,135594,8968579933,First Bank,BIO_04283,87.95,2017-04-23,EMP_003558
Kemi Oyedepo,Civil Service Commission,179444,9166507758,UBA,BIO_05159,92.0,2022-07-12,EMP_003559
Ade Adeyemi,Federal Roads Maintenance Agency,163197,2734688573,First Bank,BIO_08771,92.0,2023-01-05,EMP_003560
Usman Musa,Civil Service Commission,302536,5671368248,UBA,BIO_05102,86.94,2019-09-13,EMP_003561
Adaeze Okonkwo,Federal Roads Maintenance Agency,216048,6880459234,UBA,BIO_07255,87.49,2025-03-01,EMP_003562
Abubakar Umar,Ministry of Agriculture,415918,2253981026,GTBank,BIO_06553,93.11,2021-03-22,EMP_003563
Bola Oyedepo,Ministry of Education,268786,9156052651,Access,BIO_01093,87.58,2023-12-14,EMP_003564
Hassan Ahmad,Ministry of Power,158719,6722237794,First Bank,BIO_05852,97.47,2023-01-12,EMP_003565
Dele Williams,Ministry of Health,138610,5055351183,GTBank,,99.9,2025-02-15,EMP_003566
Ibrahim Suleiman,Federal Roads Maintenance Agency,151822,1020475643,Zenith,BIO_04886,93.46,2020-10-04,EMP_003567
Chioma Obiora,Civil Service Commission,174174,8703439041,GTBank,BIO_03045,95.17,2019-01-15,EMP_003568
Chiamaka Eze,Ministry of Power,109440,6753157880,GTBank,BIO_07662,89.6,2018-10-14,EMP_003569
Hassan Umar,Nigeria Customs Service,346754,4162603331,GTBank,BIO_03277,93.61,2021-03-22,EMP_003570
Uchenna Eze,Ministry of Education,262318,6599426414,GTBank,BIO_02601,95.16,2024-08-03,EMP_003571
Usman Suleiman,Ministry of Works,245268,5553018797,GTBank,BIO_03323,87.25,2024-03-13,EMP_003572
Chinedu Onyeka,Ministry of Works,335073,3627641698,Access,BIO_07967,89.34,2022-03-22,EMP_003573
Okechukwu Nwosu,Ministry of Power,476678,6338926162,Zenith,BIO_01288,90.03,2021-07-11,EMP_003574
Tayo Ogunlesi,Ministry of Water Resources,437991,5589975299,Zenith,BIO_05460,92.76,2019-01-03,EMP_003575
Ibrahim Musa,Ministry of Education,237788,5337685462,GTBank,BIO_03517,90.61,2017-04-07,EMP_003576
Uchenna Ani,Ministry of Power,428717,8634076208,Access,BIO_08038,92.93,2020-01-19,EMP_003577
Ade Adeyemi,Nigeria Customs Service,428517,7093632508,UBA,BIO_00601,95.84,2018-12-17,EMP_003578
Ibrahim Ibrahim,Ministry of Health,242711,4431833824,Access,BIO_05281,97.54,2023-03-27,EMP_003579
Adaeze Obiora,Ministry of Health,346419,3477011210,Zenith,BIO_02528,95.57,2021-01-29,EMP_003580
Chiamaka Nwankwo,Ministry of Power,202550,6008821071,GTBank,BIO_03946,93.24,2019-08-24,EMP_003581
Kemi Williams,Civil Service Commission,214095,7719115751,First Bank,BIO_05618,88.7,2020-02-10,EMP_003582
Abubakar Ahmad,Ministry of Works,365874,8220350009,First Bank,BIO_09089,93.56,2018-12-23,EMP_003583
Okechukwu Nwosu,Ministry of Education,101078,9514437013,GTBank,,99.9,2025-11-02,EMP_003584
Chioma Nwankwo,Federal Roads Maintenance Agency,292096,7333868254,UBA,BIO_07759,96.89,2021-03-01,EMP_003585
Chioma Nwosu,Ministry of Education,239547,2485805370,UBA,BIO_03846,94.91,2020-01-27,EMP_003586
Uchenna Obiora,Federal Roads Maintenance Agency,1336992,9706455854,Access,BIO_10303,89.25,2026-04-04,EMP_003587
Chiamaka Ani,Nigeria Customs Service,467807,6276228976,Access,BIO_04007,85.83,2017-01-19,EMP_003588
Zainab Musa,Ministry of Works,169419,5619164311,UBA,BIO_03737,92.03,2024-10-01,EMP_003589
Okechukwu Okafor,Ministry of Water Resources,433007,7325169318,First Bank,BIO_01824,90.87,2019-11-12,EMP_003590
Nnamdi Onyeka,Federal Roads Maintenance Agency,395778,6669053346,Access,BIO_03530,91.92,2021-01-30,EMP_003591
Nnamdi Eze,Ministry of Health,420970,6118783227,Zenith,BIO_06338,93.11,2022-11-22,EMP_003592
Adaeze Eze,Federal Roads Maintenance Agency,234999,5484832315,Access,BIO_08468,93.93,2024-10-16,EMP_003593
Okechukwu Onyeka,Ministry of Works,118498,5831085669,Zenith,BIO_01664,85.38,2019-03-25,EMP_003594
Femi Adeleke,Ministry of Power,183002,4597061310,Zenith,BIO_05678,87.18,2019-08-17,EMP_003595
Tunde Williams,Ministry of Education,131928,3484477245,Zenith,BIO_01553,88.21,2021-02-01,EMP_003596
Amina Umar,Ministry of Education,140564,3298369798,UBA,BIO_07221,93.81,2019-10-09,EMP_003597
Hassan Musa,Nigeria Customs Service,86264,4353603907,Access,BIO_04941,89.3,2020-01-18,EMP_003598
Chinedu Onyeka,Federal Roads Maintenance Agency,460326,7309430897,First Bank,BIO_00397,97.55,2023-07-13,EMP_003599
Nnamdi Nwankwo,Nigeria Customs Service,219794,1734765083,UBA,BIO_06092,94.35,2022-01-27,EMP_003600
Yemi Adeleke,Ministry of Power,343876,4135443006,UBA,BIO_03013,91.29,2024-01-04,EMP_003601
Chinedu Nwankwo,Ministry of Finance,375228,2584291939,GTBank,BIO_05920,97.24,2020-05-24,EMP_003602
Tayo Ogunlesi,Ministry of Health,437967,3691015474,Zenith,BIO_00754,94.04,2020-02-19,EMP_003603
Ibrahim Musa,Ministry of Agriculture,350258,8845040245,Zenith,BIO_07338,91.13,2017-10-30,EMP_003604
Chukwu Eze,Federal Roads Maintenance Agency,410390,1470576368,UBA,BIO_03609,85.02,2022-11-09,EMP_003605
Chiamaka Onyeka,Civil Service Commission,249736,9191753059,Access,BIO_03485,94.56,2017-11-18,EMP_003606
Chioma Obiora,Ministry of Finance,155071,8749120218,GTBank,BIO_03563,94.57,2023-05-16,EMP_003607
Chukwu Nwosu,Nigeria Customs Service,142024,3041412715,Access,BIO_03458,92.1,2020-05-11,EMP_003608
Dele Oyedepo,Ministry of Health,382528,2042901691,UBA,BIO_07430,92.56,2020-02-20,EMP_003609
Usman Mohammed,Nigeria Customs Service,105802,7244933152,GTBank,BIO_00171,88.68,2016-11-02,EMP_003610
Kemi Oyedepo,Ministry of Works,156790,8723395709,GTBank,BIO_02731,97.94,2017-08-18,EMP_003611
Tayo Adeyemi,Federal Roads Maintenance Agency,480477,1341288683,GTBank,BIO_03884,88.74,2016-08-05,EMP_003612
Adaeze Nwankwo,Ministry of Education,126126,5905755561,Access,BIO_08924,86.13,2024-03-09,EMP_003613
Bola Adeleke,Civil Service Commission,495679,3788779225,GTBank,BIO_00749,88.88,2017-01-06,EMP_003614
Yemi Ogunlesi,Ministry of Water Resources,209210,8645655233,First Bank,BIO_08247,92.9,2016-11-02,EMP_003615
Dele Williams,Ministry of Health,469357,7512647392,GTBank,BIO_06849,89.92,2022-06-05,EMP_003616
Tunde Adeyemi,Nigeria Customs Service,144767,2255586348,Zenith,BIO_03249,91.66,2021-09-01,EMP_003617
Tunde Adeyemi,Ministry of Power,390791,3624604483,Access,BIO_02421,95.32,2022-11-25,EMP_003618
Okechukwu Ani,Ministry of Works,185383,4215624767,First Bank,BIO_03318,96.05,2016-07-09,EMP_003619
Yemi Ogunlesi,Ministry of Agriculture,111047,3087954102,Zenith,BIO_03176,95.63,2016-09-18,EMP_003620
Uchenna Nwosu,Ministry of Power,305785,1173677550,Access,BIO_09104,95.53,2025-03-03,EMP_003621
Zainab Mohammed,Nigeria Customs Service,241982,3165554038,Zenith,BIO_08428,87.88,2020-01-30,EMP_003622
Zainab Suleiman,Ministry of Water Resources,499003,5938528756,Access,BIO_00427,87.9,2023-11-13,EMP_003623
Adaeze Ani,Ministry of Education,182199,5736166302,Access,BIO_00984,89.52,2017-01-07,EMP_003624
Dele Adeyemi,Ministry of Water Resources,462998,9900680216,Zenith,,99.9,2024-09-19,EMP_003625
Bola Adeleke,Ministry of Finance,280372,5361979951,Zenith,BIO_03425,85.69,2018-06-13,EMP_003626
Aisha Suleiman,Ministry of Health,184792,7431811372,Zenith,BIO_00094,86.57,2020-01-21,EMP_003627
Kemi Adeleke,Nigeria Customs Service,158395,5847233727,Zenith,BIO_02278,90.81,2021-05-10,EMP_003628
Chukwu Nwosu,Ministry of Education,416537,2496734917,Zenith,BIO_71764,98.98,2018-01-30,EMP_003629
Fatima Ahmad,Ministry of Health,340292,3120385620,UBA,BIO_08378,90.65,2016-09-29,EMP_003630
Uchenna Nwankwo,Ministry of Finance,307963,7357062615,First Bank,BIO_04901,92.14,2021-04-17,EMP_003631
Usman Musa,Ministry of Education,427541,4583503402,Zenith,BIO_05987,97.29,2024-02-27,EMP_003632
Aisha Yusuf,Ministry of Power,281799,2564638330,UBA,BIO_03146,94.76,2021-01-27,EMP_003633
Yemi Williams,Ministry of Power,365447,2413891522,GTBank,BIO_08610,93.76,2020-03-21,EMP_003634
Hassan Mohammed,Nigeria Customs Service,423482,6841102599,Zenith,BIO_01343,93.14,2025-04-06,EMP_003635
Adaeze Onyeka,Civil Service Commission,422144,7130508416,First Bank,BIO_08795,91.25,2019-12-30,EMP_003636
Chinedu Ani,Ministry of Health,261816,1432703990,UBA,BIO_05909,91.77,2018-08-12,EMP_003637
Okechukwu Ani,Ministry of Agriculture,87195,4230784402,Access,BIO_02881,90.76,2018-04-18,EMP_003638
Adaeze Okonkwo,Civil Service Commission,359030,2701093256,First Bank,BIO_00849,86.34,2019-02-13,EMP_003639
Aisha Musa,Federal Roads Maintenance Agency,144152,6342180229,Access,BIO_08449,97.83,2021-11-17,EMP_003640
Kemi Adeyemi,Ministry of Works,478564,5840976219,Access,BIO_09098,91.43,2023-05-14,EMP_003641
Ade Adeleke,Ministry of Agriculture,90766,4456830123,GTBank,BIO_07554,92.01,2016-10-17,EMP_003642
Okechukwu Ani,Ministry of Power,443758,5428618766,First Bank,BIO_08469,91.09,2020-12-02,EMP_003643
Amina Umar,Ministry of Health,222788,7256019854,Zenith,BIO_02265,85.78,2021-10-31,EMP_003644
Fatima Ahmad,Ministry of Power,273630,6937867223,GTBank,BIO_00363,94.72,2023-11-02,EMP_003645
Abubakar Umar,Ministry of Works,407468,8342084905,Access,BIO_08999,97.33,2021-09-21,EMP_003646
Zainab Suleiman,Nigeria Customs Service,448550,1456064674,First Bank,BIO_06280,93.1,2017-12-09,EMP_003647
Adaeze Okafor,Ministry of Water Resources,317748,1409467953,Access,BIO_06841,88.52,2016-08-11,EMP_003648
Ibrahim Ibrahim,Ministry of Works,363509,8235065425,UBA,BIO_07686,92.28,2021-01-11,EMP_003649
Tunde Adeleke,Civil Service Commission,344637,2144615359,GTBank,BIO_00140,90.05,2018-06-03,EMP_003650
Tunde Adebayo,Ministry of Education,227622,2069826659,UBA,BIO_08871,97.7,2025-02-05,EMP_003651
Zainab Umar,Ministry of Agriculture,280815,8717692717,Zenith,BIO_08869,94.58,2016-10-08,EMP_003652
Fatima Musa,Ministry of Water Resources,320610,2848319067,UBA,BIO_01437,85.91,2018-04-02,EMP_003653
Nnamdi Obiora,Ministry of Agriculture,478118,7517600019,First Bank,BIO_06678,92.8,2024-04-11,EMP_003654
Dele Adeleke,Federal Roads Maintenance Agency,347105,5113556323,GTBank,BIO_00350,92.21,2018-12-22,EMP_003655
Adaeze Obiora,Federal Roads Maintenance Agency,1040283,1870587851,Access,BIO_45049,95.47,2026-04-15,EMP_003656
Aisha Suleiman,Ministry of Finance,461984,7943943636,Access,BIO_08243,91.48,2023-05-30,EMP_003657
Dele Adeleke,Ministry of Water Resources,437873,3248329232,First Bank,,99.9,2024-06-27,EMP_003658
Chiamaka Nwankwo,Ministry of Health,172624,1534240694,UBA,BIO_09122,87.51,2021-10-14,EMP_003659
Chiamaka Nwosu,Ministry of Water Resources,330621,7531228973,First Bank,BIO_00800,93.66,2019-01-28,EMP_003660
Okechukwu Onyeka,Federal Roads Maintenance Agency,432571,7253773680,Zenith,BIO_02834,92.52,2025-04-15,EMP_003661
Tunde Williams,Ministry of Education,311154,2937969223,Access,BIO_03742,96.19,2016-08-20,EMP_003662
Chioma Okonkwo,Nigeria Customs Service,225024,5496659872,Access,BIO_02903,92.96,2024-05-16,EMP_003663
Zainab Mohammed,Civil Service Commission,442615,5282675113,Zenith,BIO_05946,90.01,2022-11-18,EMP_003664
Ibrahim Musa,Ministry of Agriculture,420721,9920184400,Access,BIO_02948,89.94,2023-10-20,EMP_003665
Usman Ibrahim,Federal Roads Maintenance Agency,406969,5523627771,Zenith,BIO_09049,88.85,2017-06-28,EMP_003666
Abubakar Ibrahim,Ministry of Health,478515,4422299951,Zenith,BIO_00642,88.22,2018-02-02,EMP_003667
Uchenna Eze,Federal Roads Maintenance Agency,280904,2355193804,UBA,BIO_01754,87.79,2017-10-30,EMP_003668
Femi Williams,Ministry of Finance,362006,9680832198,Access,BIO_00237,97.35,2018-12-10,EMP_003669
Yemi Williams,Civil Service Commission,160763,1690085442,Zenith,BIO_22875,96.12,2020-08-06,EMP_003670
Kemi Adeleke,Ministry of Agriculture,271936,8850377074,UBA,BIO_03515,89.96,2016-06-23,EMP_003671
Chioma Nwankwo,Ministry of Finance,367644,9933934300,First Bank,BIO_07516,92.54,2020-03-26,EMP_003672
Abubakar Suleiman,Nigeria Customs Service,247737,8905889052,UBA,BIO_00531,86.69,2016-05-19,EMP_003673
Dele Adeyemi,Nigeria Customs Service,125558,8712368294,First Bank,BIO_07540,96.93,2018-11-28,EMP_003674
Nnamdi Nwosu,Ministry of Agriculture,125407,3118365148,Zenith,BIO_04479,88.48,2023-03-11,EMP_003675
Okechukwu Nwankwo,Ministry of Power,495979,4688951192,GTBank,BIO_05308,92.15,2022-05-31,EMP_003676
Yemi Adeyemi,Ministry of Water Resources,390104,1372645805,Access,BIO_06366,95.82,2021-03-22,EMP_003677
Tayo Adeyemi,Ministry of Education,335389,1235512320,UBA,BIO_08622,96.72,2016-12-03,EMP_003678
Abubakar Ahmad,Civil Service Commission,102345,4363478607,Access,BIO_03339,92.85,2022-05-16,EMP_003679
Femi Adeyemi,Ministry of Agriculture,232154,2304910324,First Bank,BIO_07114,96.08,2023-09-20,EMP_003680
Aisha Musa,Ministry of Health,412453,3541863259,Zenith,BIO_06543,85.72,2020-02-17,EMP_003681
Tunde Adebayo,Ministry of Education,442685,4879382543,UBA,BIO_03270,86.93,2024-12-18,EMP_003682
Uchenna Okonkwo,Ministry of Agriculture,313990,5117006885,UBA,BIO_04979,88.62,2021-01-03,EMP_003683
Femi Adeyemi,Ministry of Works,185799,5842748646,GTBank,BIO_03126,91.69,2019-10-01,EMP_003684
Kemi Ogunlesi,Ministry of Water Resources,473575,7576296062,UBA,BIO_02463,86.3,2024-08-09,EMP_003685
Aisha Umar,Federal Roads Maintenance Agency,304946,4446090074,GTBank,BIO_03875,95.25,2016-11-05,EMP_003686
Uchenna Nwosu,Nigeria Customs Service,458083,4915783209,Zenith,BIO_04114,90.61,2022-11-08,EMP_003687
Femi Williams,Ministry of Water Resources,208585,7897408737,Zenith,BIO_06823,87.99,2019-05-27,EMP_003688
Ade Oyedepo,Ministry of Education,423175,6322482568,First Bank,BIO_01273,89.42,2025-05-08,EMP_003689
Chioma Onyeka,Nigeria Customs Service,91597,5662167010,GTBank,BIO_01215,85.91,2025-03-26,EMP_003690
Usman Ahmad,Ministry of Health,216688,1858236336,Access,BIO_01577,97.29,2021-10-22,EMP_003691
Ade Adeyemi,Ministry of Education,165648,9925230917,First Bank,BIO_02318,97.77,2017-03-29,EMP_003692
Fatima Mohammed,Ministry of Agriculture,178047,9805753495,UBA,BIO_06964,96.19,2023-08-27,EMP_003693
Nnamdi Onyeka,Ministry of Water Resources,432547,4323533113,Access,BIO_01156,95.17,2020-07-11,EMP_003694
Zainab Yusuf,Ministry of Finance,333348,1161695352,GTBank,BIO_07815,95.77,2017-11-22,EMP_003695
Chukwu Obiora,Ministry of Power,271233,4788102087,Zenith,BIO_30319,98.29,2024-07-19,EMP_003696
Femi Oyedepo,Ministry of Agriculture,437058,6932836801,Zenith,BIO_08952,89.28,2019-03-09,EMP_003697
Zainab Musa,Ministry of Power,485715,6921199403,GTBank,BIO_02996,92.0,2018-06-05,EMP_003698
Ibrahim Umar,Ministry of Water Resources,417824,2652005233,Access,BIO_01560,86.18,2024-10-08,EMP_003699
Yemi Oyedepo,Ministry of Health,339078,5829106425,GTBank,BIO_04776,88.31,2016-06-22,EMP_003700
Chukwu Okonkwo,Civil Service Commission,489846,5328770259,UBA,BIO_00731,86.12,2020-10-09,EMP_003701
Abubakar Yusuf,Ministry of Water Resources,327098,7608490342,First Bank,BIO_02911,93.61,2023-06-10,EMP_003702
Zainab Ibrahim,Ministry of Education,453271,4668253095,UBA,BIO_00935,93.49,2025-03-28,EMP_003703
Ade Ogunlesi,Ministry of Health,306485,5967412673,UBA,,99.9,2025-11-03,EMP_003704
Bola Adebayo,Ministry of Health,186015,7662856470,UBA,BIO_03019,86.56,2022-08-27,EMP_003705
Amina Yusuf,Ministry of Power,101438,9290440120,GTBank,BIO_33328,98.85,2021-04-03,EMP_003706
Tunde Adeyemi,Ministry of Water Resources,219115,1599779165,Access,BIO_08153,95.79,2021-04-12,EMP_003707
Usman Suleiman,Nigeria Customs Service,187931,8745494756,Access,BIO_06450,90.86,2019-11-29,EMP_003708
Aisha Yusuf,Ministry of Power,177470,8408800852,UBA,BIO_00469,90.82,2019-06-01,EMP_003709
Adaeze Eze,Federal Roads Maintenance Agency,253932,9155787099,Access,BIO_07646,90.09,2023-01-10,EMP_003710
Aisha Musa,Nigeria Customs Service,392665,7268098325,UBA,BIO_01453,91.37,2016-11-12,EMP_003711
Chiamaka Okonkwo,Ministry of Works,187991,4045992856,Zenith,BIO_27776,98.02,2019-07-22,EMP_003712
Usman Yusuf,Ministry of Health,327044,2347864192,Access,BIO_06877,97.39,2022-04-17,EMP_003713
Kemi Williams,Ministry of Health,419261,5978867053,GTBank,BIO_00156,93.84,2020-12-09,EMP_003714
Tayo Adeyemi,Ministry of Agriculture,449616,2848401399,UBA,BIO_05656,87.47,2024-08-14,EMP_003715
Chiamaka Obiora,Ministry of Works,398597,3075003978,UBA,BIO_06938,90.08,2021-11-15,EMP_003716
Ibrahim Musa,Nigeria Customs Service,241595,7025254001,Zenith,BIO_00815,89.98,2022-03-17,EMP_003717
Chukwu Obiora,Ministry of Health,337228,3812305292,UBA,BIO_00883,93.64,2022-11-24,EMP_003718
Zainab Musa,Ministry of Power,372131,8406289735,Zenith,BIO_04028,90.83,2018-11-14,EMP_003719
Usman Ahmad,Ministry of Power,168457,5055807534,First Bank,BIO_07095,89.75,2024-06-26,EMP_003720
Chinedu Nwosu,Ministry of Power,371296,1324547520,Access,BIO_03497,97.31,2016-06-21,EMP_003721
Nnamdi Nwankwo,Ministry of Finance,168098,3816576019,Zenith,BIO_06142,86.7,2016-06-19,EMP_003722
Abubakar Ahmad,Federal Roads Maintenance Agency,450866,6055018823,UBA,BIO_01117,89.86,2025-01-31,EMP_003723
Tunde Adebayo,Ministry of Education,333895,8254179153,First Bank,BIO_06946,91.22,2020-04-19,EMP_003724
Chukwu Okafor,Ministry of Education,212645,2773268713,Zenith,BIO_06998,93.8,2020-09-17,EMP_003725
Bola Oyedepo,Ministry of Education,368311,1332358440,Access,BIO_03031,88.2,2018-10-16,EMP_003726
Fatima Mohammed,Ministry of Power,249972,6082495655,UBA,BIO_04100,94.05,2021-06-20,EMP_003727
Ade Adeleke,Ministry of Water Resources,455403,7795337290,Access,BIO_00301,91.57,2021-11-27,EMP_003728
Aisha Umar,Ministry of Health,295487,3730372957,First Bank,BIO_00871,94.51,2016-08-21,EMP_003729
Zainab Musa,Ministry of Finance,184276,9691934596,Zenith,BIO_07567,91.71,2022-06-14,EMP_003730
Chukwu Onyeka,Nigeria Customs Service,402150,1735156699,UBA,BIO_07101,96.74,2023-10-09,EMP_003731
Chinedu Nwosu,Ministry of Agriculture,487252,7657585164,GTBank,BIO_01377,96.18,2023-08-02,EMP_003732
Adaeze Ani,Ministry of Works,122533,7417301188,Zenith,BIO_05757,94.38,2017-03-31,EMP_003733
Ade Adeyemi,Ministry of Agriculture,139863,9831116107,First Bank,BIO_01230,97.7,2020-09-14,EMP_003734
Tunde Adebayo,Nigeria Customs Service,347553,5117876188,First Bank,BIO_08268,87.08,2021-10-29,EMP_003735
Chinedu Okafor,Ministry of Agriculture,440665,8347282398,GTBank,BIO_08024,96.37,2025-05-09,EMP_003736
Amina Yusuf,Civil Service Commission,366431,7407071268,First Bank,BIO_02755,85.03,2023-08-28,EMP_003737
Adaeze Okonkwo,Ministry of Agriculture,463291,1323211775,First Bank,BIO_06014,96.33,2023-12-13,EMP_003738
Yemi Adeleke,Nigeria Customs Service,145050,8451275637,UBA,BIO_02269,94.12,2023-02-12,EMP_003739
Hassan Musa,Civil Service Commission,170261,5862272316,UBA,BIO_01027,85.07,2016-10-06,EMP_003740
Chinedu Nwosu,Federal Roads Maintenance Agency,181454,4014962686,UBA,BIO_09095,90.63,2022-08-20,EMP_003741
Ade Oyedepo,Ministry of Works,409428,5902239617,Zenith,BIO_86849,96.65,2024-12-11,EMP_003742
Ibrahim Umar,Civil Service Commission,177718,6325287954,Zenith,BIO_03502,91.95,2020-12-19,EMP_003743
Zainab Yusuf,Ministry of Works,305428,5685491392,First Bank,BIO_08694,97.88,2017-09-23,EMP_003744
Bola Oyedepo,Ministry of Health,243979,3595088063,First Bank,BIO_08519,88.01,2019-12-06,EMP_003745
Chioma Okonkwo,Ministry of Education,149947,8944752018,First Bank,BIO_07593,94.95,2016-07-13,EMP_003746
Kemi Ogunlesi,Ministry of Education,135189,6761379096,Access,BIO_04675,95.03,2025-03-12,EMP_003747
Uchenna Eze,Ministry of Finance,227209,8078893606,Access,BIO_00899,88.04,2017-02-02,EMP_003748
Okechukwu Ani,Nigeria Customs Service,371165,3473823587,GTBank,BIO_05605,96.92,2020-10-10,EMP_003749
Fatima Ibrahim,Ministry of Health,1320802,3705275822,First Bank,BIO_59133,90.65,2025-10-02,EMP_003750
Tayo Adeyemi,Federal Roads Maintenance Agency,447971,6620075633,Access,BIO_00890,92.98,2023-08-15,EMP_003751
Chinedu Onyeka,Ministry of Education,343585,4443596329,Zenith,BIO_05466,97.83,2017-12-07,EMP_003752
Zainab Umar,Federal Roads Maintenance Agency,368078,5104809753,First Bank,BIO_07810,94.84,2017-10-18,EMP_003753
Uchenna Eze,Ministry of Water Resources,98948,2914474127,GTBank,BIO_04583,96.82,2016-09-25,EMP_003754
Okechukwu Onyeka,Nigeria Customs Service,348022,1397605092,Access,BIO_02178,89.44,2020-01-16,EMP_003755
Zainab Umar,Ministry of Water Resources,286346,2569896056,Zenith,,99.9,2025-12-02,EMP_003756
Chiamaka Obiora,Ministry of Finance,183605,2324263157,First Bank,BIO_03958,96.64,2021-08-26,EMP_003757
Bola Oyedepo,Ministry of Power,81286,1077296981,First Bank,BIO_01507,97.0,2025-03-08,EMP_003758
Chukwu Ani,Ministry of Agriculture,218311,5591788922,GTBank,BIO_01079,85.09,2016-08-23,EMP_003759
Tunde Adeleke,Ministry of Works,431184,7763571421,GTBank,BIO_04681,91.5,2018-04-27,EMP_003760
Uchenna Onyeka,Ministry of Finance,262761,2255929161,GTBank,BIO_01953,90.26,2016-05-16,EMP_003761
Zainab Yusuf,Ministry of Finance,108407,5340820440,Zenith,BIO_08653,92.81,2019-03-22,EMP_003762
Chukwu Nwosu,Ministry of Finance,134254,3434159620,Access,BIO_03337,93.06,2019-09-27,EMP_003763
Kemi Adeleke,Ministry of Health,175725,4221670627,Zenith,BIO_04949,89.42,2017-08-24,EMP_003764
Yemi Adeyemi,Ministry of Works,438265,2224531075,UBA,BIO_01049,95.85,2017-02-15,EMP_003765
Usman Mohammed,Ministry of Health,119268,7241765308,Zenith,BIO_03993,87.14,2018-02-24,EMP_003766
Zainab Ibrahim,Ministry of Works,81035,8787832890,Zenith,BIO_02210,93.26,2016-11-12,EMP_003767
Ade Ogunlesi,Ministry of Health,352652,6202833244,GTBank,BIO_07927,89.04,2023-02-19,EMP_003768
Chinedu Onyeka,Ministry of Agriculture,346290,4103161614,Zenith,BIO_04041,94.09,2021-04-04,EMP_003769
Yemi Adeyemi,Ministry of Education,151479,2496734917,Zenith,BIO_54633,98.02,2017-07-31,EMP_003770
Chiamaka Eze,Ministry of Water Resources,924316,7114485586,First Bank,BIO_80931,94.38,2025-09-19,EMP_003771
Tayo Williams,Ministry of Finance,162120,9427854714,Access,BIO_07102,95.13,2019-03-29,EMP_003772
Kemi Adeleke,Civil Service Commission,145513,4260054884,Access,BIO_07130,91.9,2018-05-11,EMP_003773
Hassan Mohammed,Ministry of Works,473660,2292100278,First Bank,BIO_06781,95.89,2017-06-28,EMP_003774
Femi Williams,Ministry of Health,296951,1047945526,UBA,BIO_06509,85.29,2022-02-21,EMP_003775
Abubakar Yusuf,Ministry of Health,330113,1265831390,UBA,BIO_03567,96.35,2022-10-04,EMP_003776
Chinedu Nwankwo,Ministry of Water Resources,397796,2336929983,Access,BIO_08365,89.76,2020-08-16,EMP_003777
Zainab Musa,Ministry of Works,178008,5433487818,Access,BIO_04980,97.96,2021-08-27,EMP_003778
Bola Ogunlesi,Ministry of Power,398012,3104139292,UBA,BIO_05847,93.09,2023-09-06,EMP_003779
Bola Oyedepo,Federal Roads Maintenance Agency,325927,6781364448,First Bank,BIO_08146,85.85,2024-01-17,EMP_003780
Chiamaka Nwankwo,Federal Roads Maintenance Agency,1265676,1524545143,UBA,BIO_45871,97.41,2026-04-06,EMP_003781
Chinedu Ani,Ministry of Water Resources,258615,8877078836,Access,BIO_05252,94.42,2022-07-09,EMP_003782
Hassan Mohammed,Ministry of Power,263661,6586578394,Zenith,BIO_06586,91.78,2021-09-25,EMP_003783
Nnamdi Obiora,Civil Service Commission,275450,9198385573,Access,BIO_31398,98.23,2020-02-24,EMP_003784
Aisha Yusuf,Nigeria Customs Service,346218,6731559062,First Bank,BIO_03372,91.94,2024-09-24,EMP_003785
Adaeze Okafor,Ministry of Works,338418,2773045087,Access,BIO_01101,86.92,2023-08-17,EMP_003786
Chinedu Nwankwo,Ministry of Works,480762,3058540979,GTBank,BIO_07445,95.09,2020-03-23,EMP_003787
Tayo Williams,Ministry of Health,421611,2759775100,UBA,BIO_08019,94.31,2021-02-28,EMP_003788
Chukwu Onyeka,Federal Roads Maintenance Agency,347401,3789518872,First Bank,BIO_08435,88.53,2017-05-12,EMP_003789
Chukwu Okafor,Ministry of Health,304028,3969057549,Access,BIO_01633,95.37,2016-10-02,EMP_003790
Aisha Mohammed,Nigeria Customs Service,435192,1727826645,Zenith,BIO_07030,97.14,2024-02-05,EMP_003791
Abubakar Ahmad,Civil Service Commission,138519,9423523944,Zenith,BIO_83228,98.45,2023-04-21,EMP_003792
Tunde Ogunlesi,Ministry of Finance,363844,1455535987,UBA,BIO_05080,86.17,2017-01-12,EMP_003793
Ade Adeleke,Ministry of Health,215065,3496306630,Access,BIO_08042,97.66,2022-04-09,EMP_003794
Dele Adebayo,Ministry of Works,246559,7426442203,First Bank,BIO_00809,96.63,2016-07-04,EMP_003795
Hassan Suleiman,Ministry of Works,371025,8135140763,Zenith,BIO_07017,94.5,2021-01-20,EMP_003796
Femi Oyedepo,Ministry of Finance,263132,6274119990,Zenith,BIO_00700,91.97,2025-04-28,EMP_003797
Tunde Williams,Ministry of Agriculture,226553,7838468811,Zenith,BIO_00340,94.82,2019-03-07,EMP_003798
Tayo Williams,Ministry of Works,91844,7945332943,GTBank,BIO_08788,89.8,2016-05-14,EMP_003799
Adaeze Nwosu,Ministry of Education,159462,6363682183,UBA,BIO_04338,93.33,2019-12-05,EMP_003800
Ibrahim Yusuf,Ministry of Finance,295223,6602512285,UBA,BIO_00913,95.0,2022-07-23,EMP_003801
Ibrahim Umar,Nigeria Customs Service,483305,8789521474,First Bank,BIO_02973,89.81,2021-02-20,EMP_003802
Chukwu Ani,Ministry of Education,336668,4489540928,Zenith,BIO_07116,90.5,2020-04-15,EMP_003803
Aisha Umar,Federal Roads Maintenance Agency,258603,7126295684,UBA,BIO_05051,92.93,2022-07-29,EMP_003804
Zainab Yusuf,Ministry of Works,292127,7120458605,UBA,BIO_09113,93.46,2022-05-17,EMP_003805
Chioma Obiora,Ministry of Health,279712,8413172501,GTBank,BIO_07441,92.61,2022-02-10,EMP_003806
Kemi Ogunlesi,Ministry of Power,425754,8342754983,First Bank,BIO_02220,97.15,2020-07-10,EMP_003807
Dele Adebayo,Civil Service Commission,303480,2287844952,First Bank,BIO_05093,90.44,2023-07-16,EMP_003808
Chinedu Okonkwo,Federal Roads Maintenance Agency,85029,6562112775,UBA,BIO_02814,93.2,2021-08-02,EMP_003809
Dele Ogunlesi,Ministry of Health,224646,4239906278,GTBank,BIO_05240,91.39,2022-04-19,EMP_003810
Usman Umar,Ministry of Water Resources,94332,4585611966,Access,BIO_01082,86.76,2021-05-25,EMP_003811
Yemi Ogunlesi,Ministry of Education,433722,7419960661,Access,BIO_05615,87.46,2018-05-10,EMP_003812
Chinedu Ani,Ministry of Water Resources,365538,9168339802,Zenith,BIO_02498,91.22,2017-11-26,EMP_003813
Amina Ahmad,Ministry of Health,424128,1715224947,First Bank,BIO_73000,97.73,2017-09-22,EMP_003814
Ade Ogunlesi,Ministry of Finance,391915,4232742603,Access,BIO_02869,97.53,2022-05-29,EMP_003815
Hassan Suleiman,Ministry of Health,341206,7977997097,Access,BIO_02244,89.69,2022-09-05,EMP_003816
Chukwu Ani,Federal Roads Maintenance Agency,328680,9443662539,Zenith,BIO_02523,96.39,2017-09-06,EMP_003817
Okechukwu Ani,Ministry of Education,404094,6073261984,Zenith,BIO_06905,86.42,2017-05-24,EMP_003818
Yemi Williams,Ministry of Education,186618,6876076183,GTBank,BIO_05401,92.74,2020-07-10,EMP_003819
Okechukwu Okafor,Ministry of Education,169561,1124010148,GTBank,BIO_09044,95.6,2024-02-19,EMP_003820
Tunde Adeleke,Ministry of Works,127633,3011798084,First Bank,BIO_06275,92.56,2023-10-30,EMP_003821
Chinedu Okafor,Ministry of Finance,315594,4484961849,Access,BIO_05744,87.48,2020-08-21,EMP_003822
Chukwu Nwosu,Ministry of Finance,141827,9183863058,Access,BIO_09102,89.31,2016-07-11,EMP_003823
Usman Umar,Ministry of Finance,327175,2469345696,First Bank,BIO_04496,91.58,2022-10-08,EMP_003824
Chioma Ani,Ministry of Water Resources,91108,1144132004,Access,BIO_00334,97.23,2017-08-10,EMP_003825
Yemi Williams,Ministry of Water Resources,423754,2344686316,Access,BIO_06326,96.39,2017-11-22,EMP_003826
Ibrahim Yusuf,Ministry of Health,303009,8852113442,Zenith,BIO_05186,90.06,2019-10-12,EMP_003827
Kemi Oyedepo,Federal Roads Maintenance Agency,146423,5504921823,UBA,BIO_02774,89.36,2021-08-24,EMP_003828
Tayo Oyedepo,Ministry of Health,418835,1185598173,GTBank,BIO_08875,90.38,2018-03-15,EMP_003829
Fatima Mohammed,Ministry of Education,480568,4757556651,First Bank,BIO_03923,96.87,2018-05-03,EMP_003830
Aisha Yusuf,Ministry of Health,498779,6423909936,GTBank,BIO_02444,97.19,2023-03-05,EMP_003831
Usman Yusuf,Federal Roads Maintenance Agency,288164,1625195336,First Bank,BIO_01448,85.08,2018-07-07,EMP_003832
Tunde Williams,Civil Service Commission,186864,5226194038,UBA,BIO_07213,90.93,2021-04-01,EMP_003833
Fatima Ibrahim,Ministry of Power,424352,9106609166,Access,BIO_01114,95.91,2024-08-09,EMP_003834
Okechukwu Onyeka,Civil Service Commission,386003,3669495720,First Bank,BIO_02188,91.9,2018-05-29,EMP_003835
Kemi Williams,Ministry of Water Resources,170965,6214446042,UBA,BIO_00687,88.82,2018-06-03,EMP_003836
Abubakar Ibrahim,Ministry of Health,203314,4834286999,Access,BIO_00188,89.02,2024-12-30,EMP_003837
Chiamaka Okafor,Ministry of Works,282763,5735169436,GTBank,BIO_02562,87.13,2016-06-11,EMP_003838
Ade Adebayo,Civil Service Commission,392387,6529353058,Access,BIO_03174,89.73,2019-12-24,EMP_003839
Amina Umar,Ministry of Finance,453219,4616412954,Zenith,BIO_07983,97.96,2017-09-12,EMP_003840
Kemi Williams,Ministry of Agriculture,131089,9517077778,Zenith,BIO_05454,90.9,2018-06-15,EMP_003841
Hassan Ahmad,Ministry of Works,457776,4787271590,First Bank,BIO_08139,93.91,2016-09-09,EMP_003842
Femi Adeyemi,Ministry of Education,189058,4969132939,Zenith,BIO_03986,92.16,2020-03-14,EMP_003843
Amina Mohammed,Federal Roads Maintenance Agency,496914,2601115240,UBA,BIO_08903,97.75,2019-06-14,EMP_003844
Chukwu Onyeka,Ministry of Power,227295,6023349063,Access,BIO_06267,85.36,2023-02-04,EMP_003845
Tayo Oyedepo,Nigeria Customs Service,241048,2435989460,First Bank,BIO_01610,85.35,2022-11-30,EMP_003846
Abubakar Ibrahim,Ministry of Health,489911,7118659704,First Bank,BIO_04022,94.18,2023-03-21,EMP_003847
Fatima Yusuf,Ministry of Health,433453,2454442995,First Bank,BIO_05307,89.48,2025-03-11,EMP_003848
Hassan Ahmad,Nigeria Customs Service,143730,5005906911,UBA,BIO_09133,86.23,2019-08-16,EMP_003849
Adaeze Onyeka,Ministry of Education,356802,9620940971,Access,BIO_07281,92.59,2018-12-05,EMP_003850
Ibrahim Suleiman,Civil Service Commission,153608,3436886828,First Bank,BIO_05238,87.54,2018-01-20,EMP_003851
Chioma Ani,Ministry of Water Resources,169116,3703413819,Zenith,BIO_06846,90.5,2017-03-18,EMP_003852
Bola Adebayo,Ministry of Education,444837,2103022155,Zenith,BIO_03025,92.66,2024-11-29,EMP_003853
Chioma Eze,Civil Service Commission,450474,8110988600,GTBank,BIO_06945,94.64,2020-10-28,EMP_003854
Amina Ahmad,Ministry of Power,408207,2261591732,Zenith,BIO_05082,89.27,2017-02-16,EMP_003855
Aisha Ahmad,Federal Roads Maintenance Agency,259304,8997753510,First Bank,BIO_08071,88.05,2021-04-30,EMP_003856
Aisha Ahmad,Ministry of Works,181172,6972679951,Access,BIO_06902,86.14,2017-01-31,EMP_003857
Adaeze Onyeka,Nigeria Customs Service,293938,2426341721,GTBank,BIO_02170,92.01,2017-07-04,EMP_003858
Yemi Ogunlesi,Ministry of Health,428188,6002190033,First Bank,BIO_09034,89.97,2025-03-02,EMP_003859
Chioma Okafor,Ministry of Education,149835,5310203320,Access,BIO_02960,90.0,2023-02-13,EMP_003860
Adaeze Onyeka,Ministry of Health,180734,5612863540,Zenith,BIO_05799,88.83,2016-10-02,EMP_003861
Ibrahim Umar,Federal Roads Maintenance Agency,174109,6054984220,Zenith,BIO_00584,88.66,2023-04-05,EMP_003862
Okechukwu Nwosu,Nigeria Customs Service,344225,4735524858,Zenith,BIO_00520,95.99,2021-02-22,EMP_003863
Fatima Umar,Civil Service Commission,304342,1653299009,GTBank,BIO_06423,93.91,2022-04-03,EMP_003864
Usman Yusuf,Ministry of Finance,251406,6829220561,UBA,BIO_09022,94.39,2016-11-02,EMP_003865
Tunde Ogunlesi,Ministry of Education,224777,1374121061,First Bank,BIO_03646,87.24,2022-12-01,EMP_003866
Chioma Nwankwo,Federal Roads Maintenance Agency,464752,4446647485,UBA,BIO_05309,97.1,2022-11-28,EMP_003867
Chiamaka Obiora,Civil Service Commission,147841,8171233544,First Bank,BIO_04262,90.08,2022-08-14,EMP_003868
Ade Oyedepo,Ministry of Education,244894,9585920845,UBA,,99.9,2024-09-05,EMP_003869
Okechukwu Eze,Federal Roads Maintenance Agency,82382,3754292532,UBA,BIO_03598,85.63,2024-03-28,EMP_003870
Adaeze Okafor,Ministry of Health,281964,5388873161,Zenith,BIO_06340,90.72,2017-11-24,EMP_003871
Chioma Nwosu,Ministry of Finance,411545,4786882811,Access,BIO_08120,91.49,2024-12-22,EMP_003872
Kemi Williams,Nigeria Customs Service,329535,3550371733,GTBank,BIO_08728,92.48,2024-09-23,EMP_003873
Yemi Adeleke,Ministry of Education,293534,3856999747,Access,BIO_06709,89.73,2017-06-03,EMP_003874
Chiamaka Nwankwo,Ministry of Works,87570,7680316263,Zenith,BIO_43795,99.72,2022-10-13,EMP_003875
Amina Mohammed,Ministry of Agriculture,249724,4231065808,Access,BIO_05614,93.26,2022-01-22,EMP_003876
Usman Mohammed,Ministry of Works,384501,4956679195,Access,BIO_04295,93.45,2019-07-13,EMP_003877
Kemi Adeleke,Civil Service Commission,138307,7830147336,First Bank,BIO_00907,88.62,2023-08-02,EMP_003878
Dele Adeleke,Civil Service Commission,426064,1662063319,UBA,BIO_02518,96.59,2024-11-09,EMP_003879
Adaeze Okafor,Ministry of Finance,317612,8124996516,Access,BIO_00608,89.34,2019-07-03,EMP_003880
Ade Adeyemi,Federal Roads Maintenance Agency,285893,7569545021,GTBank,BIO_07854,92.1,2018-02-22,EMP_003881
Femi Adeyemi,Ministry of Water Resources,185980,2472897587,Access,BIO_03838,93.87,2024-05-13,EMP_003882
Dele Adeyemi,Ministry of Education,336650,1164831533,Zenith,BIO_35529,98.72,2022-12-15,EMP_003883
Uchenna Nwosu,Ministry of Education,409096,1458014083,Zenith,BIO_02691,87.95,2017-06-25,EMP_003884
Chukwu Ani,Federal Roads Maintenance Agency,404480,9033180445,GTBank,BIO_02038,93.72,2020-04-25,EMP_003885
Chinedu Eze,Ministry of Agriculture,477659,5203744388,Access,BIO_02155,89.21,2024-08-25,EMP_003886
Uchenna Nwankwo,Ministry of Finance,83192,1682750739,GTBank,BIO_00738,94.32,2021-06-13,EMP_003887
Hassan Ahmad,Ministry of Water Resources,315440,8448523564,UBA,BIO_01695,94.44,2019-10-14,EMP_003888
Uchenna Nwosu,Civil Service Commission,226792,7336458755,GTBank,BIO_04074,88.37,2023-11-26,EMP_003889
Okechukwu Obiora,Ministry of Health,139597,8811660627,First Bank,BIO_07833,86.05,2023-12-19,EMP_003890
Yemi Adeleke,Ministry of Works,117819,6852363926,GTBank,BIO_08552,90.67,2020-09-20,EMP_003891
Nnamdi Nwosu,Ministry of Education,295975,3062164325,First Bank,BIO_04166,89.38,2017-01-26,EMP_003892
Tayo Adeleke,Nigeria Customs Service,295381,2513377971,Zenith,BIO_00606,87.69,2019-02-17,EMP_003893
Bola Ogunlesi,Ministry of Agriculture,498300,4538146460,UBA,BIO_07957,90.98,2022-11-08,EMP_003894
Ibrahim Ahmad,Ministry of Agriculture,376098,9444391591,GTBank,BIO_50245,96.11,2016-12-03,EMP_003895
Ade Adebayo,Ministry of Education,273596,3385461419,Access,BIO_04831,86.84,2021-05-09,EMP_003896
Dele Ogunlesi,Ministry of Works,114848,1699848513,Access,BIO_05559,92.94,2018-07-03,EMP_003897
Femi Adebayo,Ministry of Finance,157059,2481847857,Zenith,BIO_03947,87.28,2023-05-23,EMP_003898
Usman Suleiman,Federal Roads Maintenance Agency,112239,9379657450,GTBank,BIO_03906,97.24,2019-05-10,EMP_003899
Ibrahim Mohammed,Ministry of Power,82765,9294088406,Access,BIO_27134,98.89,2022-09-10,EMP_003900
Kemi Oyedepo,Civil Service Commission,494992,4183998418,UBA,BIO_08971,86.07,2024-09-22,EMP_003901
Tayo Adebayo,Ministry of Power,282002,3351770992,UBA,BIO_01990,85.77,2021-07-02,EMP_003902
Chukwu Ani,Ministry of Power,328447,6854966004,GTBank,BIO_08753,88.98,2022-08-15,EMP_003903
Femi Ogunlesi,Ministry of Education,441569,8239399777,First Bank,BIO_00644,96.09,2023-11-12,EMP_003904
Chioma Onyeka,Ministry of Education,263690,3762192708,Zenith,BIO_03407,91.53,2019-02-07,EMP_003905
Chioma Onyeka,Ministry of Health,342205,2209768397,Zenith,BIO_02203,93.93,2024-11-14,EMP_003906
Tayo Ogunlesi,Ministry of Water Resources,379060,6701812193,First Bank,BIO_04632,92.02,2018-08-09,EMP_003907
Tunde Ogunlesi,Ministry of Agriculture,323465,9654160281,UBA,BIO_05943,85.95,2019-01-23,EMP_003908
Aisha Musa,Civil Service Commission,97501,1636594929,GTBank,BIO_05767,86.74,2023-10-19,EMP_003909
Usman Mohammed,Ministry of Water Resources,284770,2096542245,First Bank,BIO_01470,95.37,2023-06-25,EMP_003910
Chinedu Nwankwo,Ministry of Agriculture,176010,3210222415,First Bank,BIO_03767,94.14,2017-02-19,EMP_003911
Nnamdi Nwankwo,Ministry of Power,164115,4599821675,First Bank,BIO_07557,96.37,2019-03-30,EMP_003912
Okechukwu Okafor,Ministry of Health,273850,3916112571,Access,BIO_01327,89.59,2023-04-16,EMP_003913
Yemi Adeleke,Nigeria Customs Service,236777,7327353933,Access,BIO_04434,92.44,2018-03-01,EMP_003914
Adaeze Nwankwo,Federal Roads Maintenance Agency,405563,2838459426,UBA,BIO_06122,95.05,2023-03-22,EMP_003915
Abubakar Musa,Ministry of Water Resources,218632,2113101337,UBA,BIO_08957,86.06,2019-10-16,EMP_003916
Okechukwu Nwosu,Ministry of Health,461142,3560626170,Access,BIO_00014,92.48,2019-03-17,EMP_003917
Kemi Oyedepo,Civil Service Commission,119780,5644773012,GTBank,,99.9,2025-11-30,EMP_003918
Usman Yusuf,Ministry of Power,1010206,2292185224,Zenith,BIO_71469,91.98,2025-10-26,EMP_003919
Tayo Ogunlesi,Civil Service Commission,410229,4178675984,Zenith,BIO_28857,98.74,2022-10-30,EMP_003920
Dele Adeleke,Ministry of Health,162120,7455133778,Access,BIO_03909,95.9,2023-02-10,EMP_003921
Adaeze Onyeka,Ministry of Works,101551,5167968188,Access,BIO_00080,90.84,2021-02-17,EMP_003922
Chukwu Obiora,Ministry of Works,207542,9425441328,UBA,BIO_08177,96.07,2017-02-07,EMP_003923
Bola Adebayo,Ministry of Water Resources,465120,9434942172,UBA,BIO_08828,88.52,2018-03-10,EMP_003924
Dele Adebayo,Ministry of Health,316720,3195651916,Access,BIO_08470,89.96,2019-01-14,EMP_003925
Kemi Oyedepo,Federal Roads Maintenance Agency,433299,2821784480,Zenith,BIO_07234,94.77,2024-07-09,EMP_003926
Chinedu Okafor,Ministry of Health,169232,3045584247,Access,BIO_02267,95.25,2018-01-17,EMP_003927
Uchenna Nwankwo,Ministry of Finance,365176,6285311829,Access,BIO_02213,91.84,2016-09-16,EMP_003928
Ade Williams,Ministry of Water Resources,344334,6391237829,Zenith,BIO_03555,85.6,2022-10-07,EMP_003929
Tayo Ogunlesi,Ministry of Finance,461259,4800681296,Zenith,BIO_08394,96.29,2021-11-22,EMP_003930
Tayo Adeleke,Ministry of Works,133138,5862141485,Zenith,BIO_29262,98.23,2024-01-14,EMP_003931
Ade Williams,Civil Service Commission,144783,7864656218,GTBank,BIO_03664,88.38,2018-01-25,EMP_003932
Amina Ibrahim,Ministry of Water Resources,322133,5472799874,Zenith,BIO_04098,95.8,2024-06-25,EMP_003933
Adaeze Okafor,Ministry of Works,1219879,1082969116,First Bank,BIO_38315,86.12,2026-03-27,EMP_003934
Abubakar Suleiman,Federal Roads Maintenance Agency,473480,1629524430,Access,BIO_01367,96.56,2018-05-03,EMP_003935
Aisha Umar,Ministry of Water Resources,320317,7997579564,First Bank,BIO_00177,89.47,2023-03-08,EMP_003936
Femi Williams,Ministry of Water Resources,450101,3439229882,Zenith,BIO_05212,85.39,2024-12-03,EMP_003937
Tayo Ogunlesi,Nigeria Customs Service,87155,3695246695,UBA,BIO_02252,91.68,2019-09-04,EMP_003938
Chiamaka Okonkwo,Ministry of Agriculture,277819,8525671632,GTBank,BIO_05191,97.15,2016-06-21,EMP_003939
Adaeze Ani,Nigeria Customs Service,192591,5854875377,UBA,BIO_06520,90.06,2017-06-20,EMP_003940
Nnamdi Eze,Federal Roads Maintenance Agency,232381,7716630604,Zenith,BIO_00267,93.61,2019-09-03,EMP_003941
Zainab Yusuf,Ministry of Education,220308,5426940619,Access,BIO_06783,89.78,2024-11-10,EMP_003942
Abubakar Mohammed,Federal Roads Maintenance Agency,492590,5891462005,GTBank,BIO_05149,92.74,2025-01-04,EMP_003943
Tayo Williams,Ministry of Agriculture,226124,6849894965,Access,BIO_08167,87.85,2024-07-05,EMP_003944
Yemi Williams,Ministry of Power,122175,8554978331,Access,BIO_05915,89.67,2024-03-22,EMP_003945
Femi Adeleke,Ministry of Power,212437,9435864444,UBA,BIO_03581,86.76,2022-07-20,EMP_003946
Fatima Yusuf,Civil Service Commission,488424,4055762713,GTBank,BIO_04275,96.12,2024-12-17,EMP_003947
Tunde Adeleke,Ministry of Health,471649,8167747392,UBA,BIO_05663,89.16,2022-04-30,EMP_003948
Nnamdi Nwosu,Federal Roads Maintenance Agency,384319,7335921385,Access,BIO_04442,85.42,2019-12-27,EMP_003949
Tayo Adebayo,Nigeria Customs Service,419110,8003034561,UBA,BIO_01759,90.62,2024-01-23,EMP_003950
Amina Yusuf,Ministry of Health,99606,5908990746,Access,BIO_07555,95.21,2022-07-27,EMP_003951
Uchenna Nwankwo,Ministry of Works,215727,9906007271,Zenith,BIO_04861,90.9,2016-09-01,EMP_003952
Tayo Adeleke,Ministry of Water Resources,312577,5755191183,Zenith,BIO_08242,97.81,2022-06-23,EMP_003953
Chinedu Eze,Ministry of Water Resources,461375,8740647214,GTBank,BIO_00759,86.16,2023-03-30,EMP_003954
Bola Williams,Ministry of Power,424968,1816786946,Zenith,BIO_07004,92.96,2025-01-08,EMP_003955
Adaeze Nwankwo,Federal Roads Maintenance Agency,321356,2335677208,GTBank,BIO_07518,91.81,2016-12-14,EMP_003956
Okechukwu Eze,Ministry of Power,353658,7347327806,Access,BIO_08477,97.62,2019-10-21,EMP_003957
Yemi Adeyemi,Ministry of Finance,123958,4335233450,Access,BIO_08779,85.03,2019-02-15,EMP_003958
Femi Adebayo,Ministry of Finance,450473,7085051424,First Bank,BIO_08764,86.6,2022-02-17,EMP_003959
Abubakar Ahmad,Civil Service Commission,332377,5434681001,UBA,BIO_06967,85.42,2022-03-08,EMP_003960
Abubakar Ahmad,Nigeria Customs Service,284398,2091895029,Zenith,BIO_08637,90.9,2017-10-06,EMP_003961
Ibrahim Mohammed,Nigeria Customs Service,372447,3491181746,GTBank,BIO_03059,92.68,2024-05-30,EMP_003962
Chinedu Okonkwo,Nigeria Customs Service,84120,2315102011,Zenith,BIO_07035,85.43,2016-05-20,EMP_003963
Ibrahim Ibrahim,Nigeria Customs Service,240589,8922557302,GTBank,BIO_02403,87.17,2023-07-30,EMP_003964
Aisha Suleiman,Nigeria Customs Service,222181,1958852286,First Bank,BIO_01015,85.63,2020-01-08,EMP_003965
Chioma Eze,Ministry of Health,166000,2270266013,UBA,BIO_01952,91.01,2023-11-11,EMP_003966
Adaeze Okonkwo,Nigeria Customs Service,253806,2685468694,Zenith,BIO_00020,92.55,2018-12-30,EMP_003967
Chinedu Okonkwo,Ministry of Works,370219,5923597500,First Bank,BIO_07933,86.61,2022-08-09,EMP_003968
Femi Williams,Federal Roads Maintenance Agency,106552,5221650176,GTBank,BIO_08847,96.37,2019-09-01,EMP_003969
Adaeze Okafor,Ministry of Agriculture,417676,7834547811,UBA,BIO_05111,92.6,2023-07-22,EMP_003970
Yemi Adeyemi,Ministry of Works,126408,4326711180,First Bank,BIO_04677,92.81,2016-08-12,EMP_003971
Zainab Suleiman,Ministry of Education,169839,1835937628,GTBank,BIO_03937,92.3,2019-10-23,EMP_003972
Bola Ogunlesi,Ministry of Power,492611,2621284645,UBA,BIO_05689,89.53,2023-05-02,EMP_003973
Okechukwu Obiora,Civil Service Commission,93843,5831756880,GTBank,,99.9,2024-07-25,EMP_003974
Usman Suleiman,Ministry of Education,374995,8875652412,UBA,BIO_06246,97.57,2018-10-10,EMP_003975
Amina Mohammed,Ministry of Power,489568,4060830020,Zenith,BIO_00084,92.11,2017-10-06,EMP_003976
Femi Adebayo,Ministry of Power,249989,2369721316,First Bank,BIO_01419,95.85,2019-07-28,EMP_003977
Dele Adebayo,Ministry of Power,274360,5043985036,Zenith,BIO_03488,95.24,2022-08-24,EMP_003978
Amina Mohammed,Ministry of Water Resources,429099,3628336166,Zenith,BIO_01495,90.7,2023-09-02,EMP_003979
Bola Ogunlesi,Ministry of Finance,341083,6478853719,First Bank,BIO_00775,93.35,2020-08-12,EMP_003980
Aisha Suleiman,Ministry of Health,283774,7925339157,Zenith,BIO_00548,94.57,2017-08-01,EMP_003981
Hassan Umar,Ministry of Health,234627,2705913082,Zenith,BIO_03074,87.88,2023-10-17,EMP_003982
Uchenna Eze,Ministry of Power,494219,2200641411,Zenith,BIO_05072,88.08,2018-03-09,EMP_003983
Fatima Ahmad,Ministry of Power,410075,9874593746,Zenith,BIO_04328,89.38,2022-06-28,EMP_003984
Chioma Eze,Federal Roads Maintenance Agency,202155,7142533967,UBA,BIO_05219,88.4,2022-10-24,EMP_003985
Aisha Umar,Ministry of Agriculture,137875,1593970896,First Bank,BIO_05389,97.73,2018-07-12,EMP_003986
Chiamaka Okonkwo,Civil Service Commission,190165,1382244431,First Bank,BIO_00670,96.08,2021-04-08,EMP_003987
Amina Yusuf,Ministry of Health,127013,6698589929,UBA,,99.9,2024-09-19,EMP_003988
Yemi Ogunlesi,Ministry of Water Resources,383534,5044279013,GTBank,BIO_02706,86.63,2020-07-11,EMP_003989
Tayo Adebayo,Federal Roads Maintenance Agency,92500,2348699917,UBA,BIO_06954,96.2,2016-07-30,EMP_003990
Usman Suleiman,Ministry of Works,218510,4171356189,GTBank,BIO_04646,85.91,2024-09-12,EMP_003991
Femi Oyedepo,Nigeria Customs Service,317431,5305990795,Access,BIO_03400,92.54,2018-06-04,EMP_003992
Tunde Adebayo,Ministry of Agriculture,126623,7598327363,Zenith,BIO_02510,87.94,2023-04-05,EMP_003993
Tunde Adeyemi,Federal Roads Maintenance Agency,410012,9409958953,Zenith,BIO_05490,92.27,2022-12-18,EMP_003994
Ade Williams,Ministry of Health,417345,4506814724,Zenith,BIO_01975,91.92,2023-10-07,EMP_003995
Ade Adeyemi,Ministry of Agriculture,139767,8267393517,UBA,BIO_01834,91.5,2021-11-11,EMP_003996
Adaeze Obiora,Ministry of Agriculture,293734,8649181872,Zenith,BIO_07579,94.39,2021-01-31,EMP_003997
Kemi Adeleke,Ministry of Finance,202783,6970514386,GTBank,BIO_07020,89.08,2019-06-27,EMP_003998
Chioma Nwosu,Ministry of Power,192055,5887329817,Zenith,BIO_03518,85.75,2017-10-20,EMP_003999
Kemi Adebayo,Ministry of Works,461063,2987528081,GTBank,BIO_00295,97.12,2022-07-22,EMP_004000
Tayo Adebayo,Ministry of Education,343750,8797616393,Zenith,BIO_02521,88.56,2020-12-10,EMP_004001
Bola Adeleke,Nigeria Customs Service,131196,8600161124,First Bank,BIO_07876,96.61,2016-06-10,EMP_004002
Chukwu Okafor,Ministry of Power,429273,8457774495,Access,BIO_02787,88.07,2023-11-18,EMP_004003
Yemi Adeleke,Ministry of Works,248629,9615782005,UBA,BIO_03715,92.34,2023-07-10,EMP_004004
Kemi Williams,Ministry of Works,190481,1739497110,Access,BIO_06694,89.06,2018-01-22,EMP_004005
Okechukwu Obiora,Ministry of Power,352616,3330589107,UBA,BIO_06973,97.82,2019-10-19,EMP_004006
Usman Suleiman,Ministry of Education,356422,6447325681,GTBank,BIO_02709,89.91,2018-04-10,EMP_004007
Okechukwu Onyeka,Ministry of Health,466818,7163383638,Zenith,BIO_03316,92.72,2022-01-09,EMP_004008
Dele Oyedepo,Ministry of Health,354206,9752873821,First Bank,BIO_01022,95.81,2023-06-26,EMP_004009
Dele Williams,Ministry of Power,439940,8907235699,Zenith,BIO_91725,98.76,2023-03-01,EMP_004010
Adaeze Nwosu,Ministry of Agriculture,310370,8549875056,UBA,BIO_03355,92.2,2019-03-03,EMP_004011
Chinedu Nwankwo,Federal Roads Maintenance Agency,465091,9259516343,First Bank,BIO_01199,85.23,2024-06-04,EMP_004012
Okechukwu Eze,Ministry of Power,479774,5499527970,GTBank,BIO_08129,92.86,2016-06-21,EMP_004013
Fatima Mohammed,Ministry of Health,346508,2059012023,GTBank,BIO_00448,97.34,2021-05-09,EMP_004014
Adaeze Ani,Federal Roads Maintenance Agency,334716,5742780535,Access,BIO_07563,90.32,2019-08-04,EMP_004015
Nnamdi Okonkwo,Ministry of Agriculture,293494,2576285670,Zenith,BIO_02372,95.9,2017-05-12,EMP_004016
Aisha Umar,Ministry of Finance,490610,9634821323,UBA,BIO_01774,91.85,2022-05-01,EMP_004017
Chinedu Nwankwo,Ministry of Health,260131,8768488511,First Bank,BIO_04451,91.54,2023-06-14,EMP_004018
Usman Ibrahim,Nigeria Customs Service,87038,4328106820,Zenith,BIO_03424,87.09,2023-04-19,EMP_004019
Amina Mohammed,Ministry of Power,469870,8941383285,GTBank,BIO_05412,92.59,2021-11-08,EMP_004020
Dele Oyedepo,Ministry of Finance,249341,2798440015,GTBank,BIO_06843,94.63,2017-08-19,EMP_004021
Tayo Adeleke,Ministry of Works,302207,6943095164,First Bank,BIO_07279,96.66,2022-01-16,EMP_004022
Chukwu Okafor,Ministry of Health,159010,6219081249,Access,BIO_06628,89.78,2018-05-29,EMP_004023
Chinedu Eze,Nigeria Customs Service,83841,9309491291,First Bank,BIO_08566,85.94,2024-09-16,EMP_004024
Chioma Eze,Civil Service Commission,171962,7616072935,Zenith,BIO_03833,85.34,2017-01-21,EMP_004025
Uchenna Eze,Ministry of Power,232517,9701744150,Zenith,BIO_04016,96.78,2019-06-04,EMP_004026
Kemi Adeleke,Nigeria Customs Service,497652,7132636297,GTBank,BIO_04054,97.45,2022-10-17,EMP_004027
Chiamaka Okonkwo,Nigeria Customs Service,175779,3429353104,UBA,BIO_02012,92.46,2020-02-08,EMP_004028
Bola Adeleke,Ministry of Works,226164,3341920259,First Bank,BIO_04585,95.39,2019-02-05,EMP_004029
Bola Oyedepo,Ministry of Works,266037,9868694829,Access,BIO_04872,88.04,2020-09-21,EMP_004030
Fatima Suleiman,Ministry of Agriculture,88110,5060657012,UBA,BIO_04777,97.91,2020-05-20,EMP_004031
Tayo Adeyemi,Nigeria Customs Service,368640,5318893153,Zenith,BIO_09000,87.81,2020-08-09,EMP_004032
Femi Williams,Ministry of Agriculture,379031,2141821643,Access,BIO_06251,94.49,2023-03-19,EMP_004033
Ade Adeyemi,Ministry of Power,479224,7377522799,UBA,BIO_05022,89.27,2024-06-01,EMP_004034
Zainab Mohammed,Ministry of Education,263496,9798590619,First Bank,BIO_02192,94.01,2019-08-22,EMP_004035
Aisha Yusuf,Federal Roads Maintenance Agency,102956,3884652419,Zenith,BIO_06524,86.35,2020-07-19,EMP_004036
Chiamaka Okafor,Ministry of Finance,465813,4684875221,GTBank,BIO_05493,85.76,2020-04-14,EMP_004037
Hassan Umar,Ministry of Agriculture,453928,8366356663,GTBank,BIO_08203,90.6,2016-07-24,EMP_004038
Femi Williams,Civil Service Commission,147408,3868213660,GTBank,BIO_05101,96.02,2018-06-11,EMP_004039
Aisha Ibrahim,Civil Service Commission,380810,8038975741,Access,BIO_08345,92.97,2018-05-24,EMP_004040
Fatima Yusuf,Ministry of Education,456985,6437501754,Zenith,BIO_03977,85.05,2020-08-31,EMP_004041
Ibrahim Ibrahim,Ministry of Power,453710,9680079363,Zenith,BIO_02515,95.23,2022-06-03,EMP_004042
Chioma Okafor,Federal Roads Maintenance Agency,274013,4100905791,Access,BIO_05090,87.04,2025-01-24,EMP_004043
Abubakar Mohammed,Ministry of Water Resources,406576,2781007484,First Bank,BIO_02719,87.41,2018-12-13,EMP_004044
Zainab Musa,Nigeria Customs Service,443714,1230478881,First Bank,BIO_08654,95.31,2025-01-07,EMP_004045
Aisha Mohammed,Ministry of Health,268774,1133010164,First Bank,BIO_03163,89.45,2020-07-14,EMP_004046
Femi Adebayo,Ministry of Finance,291627,4717467943,GTBank,BIO_07827,85.03,2019-05-17,EMP_004047
Yemi Oyedepo,Ministry of Education,286838,2496734917,Zenith,BIO_34161,99.12,2016-12-27,EMP_004048
Yemi Adebayo,Ministry of Agriculture,329186,2951435174,Access,BIO_05265,96.87,2023-06-27,EMP_004049
Amina Umar,Ministry of Health,195603,5105079526,Zenith,BIO_01391,92.3,2017-06-27,EMP_004050
Okechukwu Onyeka,Ministry of Works,362944,5992994834,Zenith,BIO_03091,92.15,2019-01-10,EMP_004051
Usman Umar,Ministry of Power,233243,9393707843,Access,BIO_06939,87.53,2023-01-17,EMP_004052
Ibrahim Yusuf,Nigeria Customs Service,174431,4584807382,First Bank,BIO_03322,91.47,2017-08-19,EMP_004053
Hassan Yusuf,Ministry of Water Resources,146441,1348511861,GTBank,BIO_02082,91.99,2019-08-19,EMP_004054
Hassan Yusuf,Ministry of Works,357593,4663426080,GTBank,BIO_00153,96.31,2021-03-22,EMP_004055
Okechukwu Nwosu,Ministry of Water Resources,352162,4258594373,Zenith,BIO_05825,88.24,2025-01-01,EMP_004056
Zainab Mohammed,Ministry of Finance,463393,6838202250,GTBank,BIO_02917,90.64,2021-11-05,EMP_004057
Yemi Adebayo,Ministry of Agriculture,427952,6857462619,GTBank,BIO_07242,95.19,2017-05-03,EMP_004058
Yemi Adeleke,Ministry of Power,304472,4871399397,UBA,BIO_22526,97.49,2017-01-07,EMP_004059
Bola Ogunlesi,Nigeria Customs Service,280520,8118020388,Access,BIO_06363,88.97,2019-02-11,EMP_004060
Zainab Ahmad,Ministry of Works,125255,3225699878,UBA,BIO_00603,92.55,2022-02-21,EMP_004061
Fatima Ibrahim,Ministry of Works,266808,4200746894,Zenith,BIO_01262,89.85,2023-01-23,EMP_004062
Dele Oyedepo,Ministry of Works,400807,6205955155,UBA,BIO_08126,93.83,2018-11-12,EMP_004063
Uchenna Nwankwo,Ministry of Health,94928,5209504083,GTBank,BIO_03599,92.43,2019-10-15,EMP_004064
Okechukwu Okafor,Ministry of Finance,274946,8457639387,Access,BIO_06409,94.82,2025-01-04,EMP_004065
Abubakar Ibrahim,Ministry of Agriculture,105147,5560887037,Access,BIO_01789,92.71,2018-05-17,EMP_004066
Kemi Williams,Federal Roads Maintenance Agency,297417,6377589967,First Bank,BIO_01669,88.6,2022-12-24,EMP_004067
Uchenna Okafor,Federal Roads Maintenance Agency,335357,5290892807,First Bank,BIO_08758,87.48,2018-04-03,EMP_004068
Fatima Suleiman,Ministry of Agriculture,352840,5146096382,Access,BIO_07211,87.14,2016-12-09,EMP_004069
Abubakar Suleiman,Civil Service Commission,253842,6201337950,UBA,BIO_01042,89.24,2018-06-05,EMP_004070
Tayo Adeleke,Ministry of Works,471998,2553036241,GTBank,BIO_06163,95.97,2019-05-16,EMP_004071
Hassan Yusuf,Ministry of Water Resources,495354,2000322311,UBA,BIO_03333,91.09,2020-04-19,EMP_004072
Yemi Adebayo,Ministry of Education,428685,1164831533,Zenith,BIO_15236,98.94,2019-02-17,EMP_004073
Chioma Obiora,Ministry of Agriculture,347897,7504821181,First Bank,,99.9,2026-02-22,EMP_004074
Zainab Ibrahim,Nigeria Customs Service,266617,6815508138,Access,BIO_00185,95.28,2021-06-01,EMP_004075
Amina Umar,Ministry of Water Resources,223034,6379137342,First Bank,BIO_05438,97.86,2018-09-17,EMP_004076
Chinedu Okonkwo,Ministry of Health,252709,1942420357,First Bank,BIO_01247,91.74,2024-11-12,EMP_004077
Okechukwu Ani,Ministry of Water Resources,392407,6690170376,Zenith,BIO_01929,90.3,2017-04-23,EMP_004078
Ade Oyedepo,Ministry of Education,100580,8972240174,Access,BIO_07256,92.45,2019-06-26,EMP_004079
Chioma Onyeka,Ministry of Health,369528,1294296941,First Bank,BIO_07653,89.04,2023-02-23,EMP_004080
Zainab Suleiman,Ministry of Finance,433158,2651941988,UBA,BIO_08475,86.89,2023-08-02,EMP_004081
Ibrahim Musa,Ministry of Finance,304865,7153304516,Zenith,BIO_06135,87.97,2023-11-04,EMP_004082
Tayo Adeyemi,Ministry of Water Resources,332182,8089825681,First Bank,BIO_08911,89.15,2016-07-26,EMP_004083
Kemi Oyedepo,Ministry of Water Resources,445002,4517458906,UBA,BIO_01471,89.98,2021-05-30,EMP_004084
Yemi Williams,Ministry of Finance,106930,6941471141,UBA,BIO_09060,93.56,2017-03-13,EMP_004085
Okechukwu Okonkwo,Nigeria Customs Service,472876,8514025285,Access,BIO_04671,87.17,2016-08-10,EMP_004086
Femi Ogunlesi,Ministry of Works,338263,4101286294,Access,BIO_02138,86.37,2018-12-20,EMP_004087
Femi Adeyemi,Ministry of Education,374138,1082739399,Access,BIO_07575,91.28,2017-06-28,EMP_004088
Uchenna Obiora,Ministry of Health,108468,4649866060,UBA,BIO_06702,95.4,2016-09-26,EMP_004089
Zainab Musa,Ministry of Agriculture,378274,8432200566,Zenith,BIO_00170,88.55,2023-02-24,EMP_004090
Usman Musa,Ministry of Agriculture,192187,8412402369,Zenith,BIO_03069,92.09,2021-04-28,EMP_004091
Abubakar Suleiman,Ministry of Finance,332888,2696027567,Zenith,BIO_08659,87.03,2021-11-18,EMP_004092
Abubakar Suleiman,Federal Roads Maintenance Agency,457623,6269188714,Access,BIO_01354,93.23,2023-11-30,EMP_004093
Dele Adebayo,Ministry of Health,435100,9945723848,Zenith,BIO_04663,87.12,2017-10-05,EMP_004094
Amina Umar,Ministry of Education,93721,5260009700,Access,BIO_03801,97.14,2017-08-21,EMP_004095
Uchenna Obiora,Civil Service Commission,390496,8296436795,UBA,BIO_00534,96.35,2019-10-15,EMP_004096
Dele Ogunlesi,Civil Service Commission,394052,7254984480,Access,BIO_02026,85.17,2020-05-06,EMP_004097
Kemi Williams,Ministry of Health,84016,7479835829,Access,BIO_08966,95.04,2016-07-05,EMP_004098
Zainab Mohammed,Federal Roads Maintenance Agency,258499,6079649537,GTBank,BIO_04778,96.95,2016-10-17,EMP_004099
Abubakar Yusuf,Federal Roads Maintenance Agency,423946,3893218700,Zenith,BIO_04352,85.26,2021-06-12,EMP_004100
Yemi Oyedepo,Ministry of Education,82941,9779999213,GTBank,BIO_07861,85.49,2017-11-22,EMP_004101
Dele Ogunlesi,Nigeria Customs Service,311722,6937399697,Zenith,BIO_08069,92.88,2017-02-05,EMP_004102
Chioma Okafor,Federal Roads Maintenance Agency,474613,4753126876,GTBank,BIO_00187,95.86,2023-05-17,EMP_004103
Dele Adeleke,Ministry of Agriculture,432397,1861525190,UBA,BIO_06557,86.18,2018-10-18,EMP_004104
Bola Adebayo,Ministry of Finance,117949,4966811641,Zenith,BIO_05197,95.74,2022-05-11,EMP_004105
Chiamaka Okonkwo,Civil Service Commission,360354,1080822063,First Bank,BIO_02988,91.07,2024-06-12,EMP_004106
Amina Mohammed,Ministry of Water Resources,444686,2039625196,First Bank,BIO_08571,94.65,2025-03-04,EMP_004107
Yemi Oyedepo,Nigeria Customs Service,213398,2719004971,First Bank,BIO_03601,89.29,2021-12-21,EMP_004108
Uchenna Obiora,Ministry of Water Resources,361500,7664457305,Zenith,BIO_06258,89.06,2021-05-31,EMP_004109
Aisha Ahmad,Civil Service Commission,283456,1928246616,UBA,BIO_00643,85.35,2021-11-15,EMP_004110
Adaeze Eze,Ministry of Water Resources,442689,1890372120,Zenith,BIO_07683,88.54,2021-08-27,EMP_004111
Bola Adeyemi,Nigeria Customs Service,282450,2533843797,Zenith,BIO_03327,91.54,2019-12-26,EMP_004112
Ade Adeleke,Ministry of Works,260882,4639235418,UBA,BIO_07235,87.92,2018-05-31,EMP_004113
Femi Adeleke,Ministry of Education,263148,7426509419,Zenith,BIO_06759,97.31,2025-04-20,EMP_004114
Fatima Ahmad,Ministry of Power,190747,7931814510,UBA,BIO_04694,90.71,2021-09-02,EMP_004115
Zainab Mohammed,Ministry of Education,208676,3930703750,GTBank,BIO_18673,97.01,2022-04-21,EMP_004116
Chukwu Nwosu,Ministry of Power,102802,2170080357,UBA,BIO_03864,88.03,2017-02-17,EMP_004117
Femi Oyedepo,Nigeria Customs Service,187997,6011502068,Zenith,BIO_02741,86.78,2017-10-13,EMP_004118
Usman Suleiman,Ministry of Agriculture,490964,6178244793,Access,BIO_04107,91.84,2025-02-14,EMP_004119
Amina Ahmad,Ministry of Education,347516,1123369211,Access,BIO_07975,89.13,2025-01-29,EMP_004120
Bola Adebayo,Ministry of Power,94709,5148055365,GTBank,BIO_07642,96.4,2019-02-28,EMP_004121
Dele Adeyemi,Ministry of Health,166419,7389914808,Zenith,BIO_02583,95.01,2020-06-19,EMP_004122
Chiamaka Okonkwo,Ministry of Works,263888,8087160480,First Bank,BIO_04826,88.38,2021-12-10,EMP_004123
Yemi Ogunlesi,Ministry of Power,154526,9803623124,Zenith,BIO_06064,93.24,2016-05-30,EMP_004124
Tayo Adeleke,Nigeria Customs Service,126968,4068828733,Access,,99.9,2026-01-05,EMP_004125
Amina Mohammed,Federal Roads Maintenance Agency,239797,5614429644,GTBank,BIO_05145,90.73,2024-01-05,EMP_004126
Hassan Ibrahim,Nigeria Customs Service,307215,1643745039,Access,BIO_02565,95.24,2021-06-16,EMP_004127
Amina Musa,Ministry of Finance,290768,7076291728,Zenith,BIO_02202,95.45,2017-09-30,EMP_004128
Dele Adeleke,Ministry of Power,191942,1999324177,Access,BIO_07925,90.04,2017-11-10,EMP_004129
Zainab Suleiman,Ministry of Power,489892,8187229883,Access,BIO_02898,93.0,2025-04-24,EMP_004130
Chioma Okonkwo,Nigeria Customs Service,252417,5812956910,Zenith,BIO_05817,90.31,2018-04-10,EMP_004131
Hassan Ibrahim,Ministry of Finance,123567,8072805627,Zenith,BIO_01848,95.99,2024-09-03,EMP_004132
Adaeze Obiora,Ministry of Agriculture,379035,8938989017,Access,BIO_02679,97.28,2024-09-13,EMP_004133
Bola Oyedepo,Ministry of Education,316823,4938454116,UBA,BIO_08905,89.01,2021-08-19,EMP_004134
Aisha Umar,Ministry of Power,492418,6743390860,Zenith,BIO_02119,87.1,2017-08-25,EMP_004135
Tayo Oyedepo,Ministry of Works,348737,5164613953,UBA,BIO_04218,90.99,2024-04-04,EMP_004136
Fatima Umar,Ministry of Finance,178559,5204922272,UBA,BIO_08560,88.2,2019-05-29,EMP_004137
Usman Yusuf,Ministry of Health,97162,2773328908,Zenith,BIO_03235,96.45,2020-01-08,EMP_004138
Chioma Nwankwo,Ministry of Water Resources,306135,8985687016,GTBank,BIO_03466,93.65,2017-09-24,EMP_004139
Kemi Ogunlesi,Ministry of Health,228121,2507474685,Zenith,BIO_05749,89.49,2019-12-08,EMP_004140
Tunde Adeleke,Federal Roads Maintenance Agency,244352,9652372068,UBA,BIO_00250,91.07,2022-01-29,EMP_004141
Abubakar Yusuf,Ministry of Works,133357,4045992856,Zenith,BIO_49924,98.46,2020-11-29,EMP_004142
Tunde Ogunlesi,Nigeria Customs Service,473696,8247213251,Zenith,BIO_08033,93.28,2022-03-15,EMP_004143
Abubakar Mohammed,Federal Roads Maintenance Agency,420297,9468824286,Zenith,BIO_08973,95.07,2018-05-22,EMP_004144
Chioma Obiora,Ministry of Works,101354,4909363601,Zenith,BIO_00544,95.35,2022-06-26,EMP_004145
Ade Ogunlesi,Ministry of Health,297983,7756231355,Zenith,BIO_01737,93.52,2021-12-01,EMP_004146
Tunde Adeyemi,Civil Service Commission,93837,6510429024,Zenith,BIO_08165,96.82,2021-01-18,EMP_004147
Dele Oyedepo,Ministry of Education,401642,9499959758,First Bank,BIO_01961,94.49,2019-08-08,EMP_004148
Nnamdi Eze,Ministry of Agriculture,85808,8595275846,Zenith,BIO_07693,92.91,2021-05-28,EMP_004149
Dele Adebayo,Ministry of Education,437198,3835796190,Access,BIO_01460,85.46,2019-11-06,EMP_004150
Ade Adebayo,Ministry of Health,279910,6033918017,GTBank,BIO_02354,91.9,2016-12-16,EMP_004151
Zainab Musa,Ministry of Finance,192344,4964277014,First Bank,BIO_02742,90.11,2025-03-11,EMP_004152
Tayo Adeleke,Ministry of Education,396473,2286997283,Access,,99.9,2026-02-13,EMP_004153
Yemi Adeyemi,Ministry of Finance,120122,7296352473,GTBank,BIO_02051,88.22,2018-06-03,EMP_004154
Ade Adeleke,Nigeria Customs Service,81908,5106922315,Access,BIO_07791,97.21,2023-09-13,EMP_004155
Usman Musa,Ministry of Agriculture,222890,2457948737,UBA,BIO_00640,88.96,2022-02-07,EMP_004156
Chiamaka Nwosu,Ministry of Power,335602,9199736191,Zenith,BIO_01699,89.32,2020-12-04,EMP_004157
Usman Yusuf,Ministry of Education,384965,4505988214,GTBank,BIO_03500,91.42,2021-11-17,EMP_004158
Bola Oyedepo,Ministry of Health,210498,5056168327,GTBank,BIO_02860,91.17,2017-01-24,EMP_004159
Yemi Adeyemi,Federal Roads Maintenance Agency,177412,9327950617,Zenith,BIO_07431,96.91,2017-02-16,EMP_004160
Kemi Oyedepo,Federal Roads Maintenance Agency,259142,8497123062,Access,BIO_01909,85.59,2024-07-26,EMP_004161
Bola Adeleke,Ministry of Education,279257,3137380542,Zenith,BIO_01382,91.05,2019-04-01,EMP_004162
Yemi Adeleke,Ministry of Power,113978,8649070016,Access,BIO_01556,96.31,2017-01-18,EMP_004163
Amina Mohammed,Ministry of Works,345978,4911286196,First Bank,BIO_02231,95.93,2017-12-16,EMP_004164
Uchenna Nwosu,Ministry of Finance,377293,3247591474,Access,BIO_01708,97.89,2023-03-21,EMP_004165
Aisha Ahmad,Ministry of Education,391339,1050281357,Access,BIO_04409,85.41,2020-12-19,EMP_004166
Chioma Nwankwo,Ministry of Health,124581,9483324987,UBA,BIO_09030,87.5,2020-11-13,EMP_004167
Bola Adeleke,Ministry of Works,293672,2607282028,First Bank,,99.9,2026-03-18,EMP_004168
Kemi Adeyemi,Ministry of Power,113303,5874830004,Zenith,BIO_02519,86.21,2021-01-06,EMP_004169
Chinedu Nwosu,Ministry of Agriculture,492792,4844869935,GTBank,BIO_08142,91.86,2023-09-11,EMP_004170
Tayo Adebayo,Ministry of Agriculture,175227,6328666906,UBA,BIO_05494,94.86,2017-11-21,EMP_004171
Adaeze Okafor,Ministry of Finance,131597,1330702943,Access,BIO_07663,97.18,2018-05-21,EMP_004172
Chioma Okafor,Ministry of Power,406765,9958424392,First Bank,,99.9,2026-02-09,EMP_004173
Chinedu Okafor,Ministry of Agriculture,408218,9515763707,Access,BIO_02675,85.32,2024-08-09,EMP_004174
Ibrahim Ahmad,Federal Roads Maintenance Agency,431466,1234265822,Zenith,BIO_02600,89.62,2023-09-20,EMP_004175
Nnamdi Obiora,Ministry of Education,152455,2843670005,UBA,,99.9,2025-09-04,EMP_004176
Tayo Adeleke,Federal Roads Maintenance Agency,253439,1619927500,First Bank,BIO_05377,94.03,2017-03-21,EMP_004177
Yemi Williams,Ministry of Works,282070,3355741246,Access,BIO_02620,85.06,2024-08-17,EMP_004178
Nnamdi Obiora,Ministry of Finance,436709,4286744809,Access,BIO_98609,98.28,2019-11-29,EMP_004179
Usman Ahmad,Nigeria Customs Service,406021,2400131326,GTBank,BIO_00483,89.76,2021-03-06,EMP_004180
Tunde Adebayo,Civil Service Commission,186827,6946400154,Zenith,BIO_01843,96.09,2021-10-23,EMP_004181
Chukwu Nwankwo,Ministry of Power,343389,8740323257,UBA,BIO_00797,91.59,2024-09-15,EMP_004182
Tayo Williams,Civil Service Commission,149435,4222905149,First Bank,BIO_00990,95.13,2022-01-19,EMP_004183
Chukwu Okonkwo,Ministry of Education,130831,7207985100,First Bank,BIO_03061,91.64,2020-07-02,EMP_004184
Femi Ogunlesi,Nigeria Customs Service,123046,2166824522,First Bank,BIO_01071,95.58,2016-11-21,EMP_004185
Yemi Adeyemi,Nigeria Customs Service,181911,5949550357,UBA,BIO_05489,90.23,2022-05-27,EMP_004186
Abubakar Ibrahim,Ministry of Agriculture,426780,8648656269,GTBank,BIO_01353,87.0,2024-09-15,EMP_004187
Nnamdi Onyeka,Federal Roads Maintenance Agency,187439,1557056787,First Bank,BIO_08379,89.29,2019-07-12,EMP_004188
Nnamdi Okonkwo,Ministry of Works,266475,4412075407,GTBank,BIO_27508,96.79,2017-08-23,EMP_004189
Amina Ibrahim,Ministry of Finance,291001,7452276323,Zenith,BIO_02237,97.22,2017-12-28,EMP_004190
Yemi Adeleke,Nigeria Customs Service,259112,8706613938,Access,BIO_06403,90.05,2024-10-23,EMP_004191
Chioma Nwankwo,Ministry of Agriculture,214434,6900576052,Access,BIO_06238,92.66,2017-10-13,EMP_004192
Hassan Mohammed,Ministry of Education,236561,9400747504,UBA,BIO_02407,92.86,2020-06-30,EMP_004193
Chukwu Eze,Ministry of Finance,114172,3345586358,UBA,BIO_00744,91.0,2025-03-21,EMP_004194
Kemi Adebayo,Civil Service Commission,219482,8751562693,First Bank,,99.9,2026-03-13,EMP_004195
Chukwu Obiora,Ministry of Agriculture,80892,4159904027,First Bank,BIO_08737,95.23,2025-03-25,EMP_004196
Bola Oyedepo,Ministry of Power,363697,7462972517,First Bank,BIO_04917,85.26,2018-01-20,EMP_004197
Kemi Adeyemi,Federal Roads Maintenance Agency,210405,5938342304,Zenith,BIO_99241,98.02,2018-07-12,EMP_004198
Hassan Umar,Ministry of Agriculture,360055,9273485201,First Bank,BIO_01846,89.42,2025-04-01,EMP_004199
Chinedu Onyeka,Ministry of Education,452156,6910691531,Zenith,BIO_07916,92.46,2024-10-18,EMP_004200
Ibrahim Musa,Ministry of Health,478344,4208034957,GTBank,BIO_00736,88.83,2021-12-20,EMP_004201
Nnamdi Nwosu,Ministry of Education,298338,2794965745,UBA,BIO_08775,91.44,2023-07-17,EMP_004202
Uchenna Obiora,Ministry of Agriculture,363843,8359150524,Access,BIO_06921,93.58,2021-12-13,EMP_004203
Okechukwu Onyeka,Ministry of Power,1497716,3129997058,First Bank,BIO_65675,90.81,2025-08-31,EMP_004204
Femi Ogunlesi,Nigeria Customs Service,928980,7144616059,First Bank,BIO_66072,93.41,2025-06-14,EMP_004205
Fatima Musa,Ministry of Power,484210,5463289372,Access,BIO_06197,87.37,2021-04-15,EMP_004206
Uchenna Onyeka,Ministry of Agriculture,264627,8807703049,GTBank,BIO_00702,86.36,2024-01-05,EMP_004207
Yemi Adebayo,Ministry of Finance,433458,8354862042,Access,BIO_00957,92.76,2021-04-05,EMP_004208
Nnamdi Okafor,Ministry of Power,265489,5649413981,UBA,BIO_03224,88.44,2018-08-22,EMP_004209
Ade Adebayo,Federal Roads Maintenance Agency,290908,1209522446,UBA,BIO_07675,87.27,2017-09-27,EMP_004210
Nnamdi Ani,Ministry of Agriculture,155737,1465448720,Access,BIO_06845,91.63,2021-06-03,EMP_004211
Chioma Nwosu,Ministry of Water Resources,236122,4171189089,First Bank,BIO_04231,86.03,2024-09-16,EMP_004212
Abubakar Suleiman,Nigeria Customs Service,255384,3335773333,Access,BIO_01320,87.09,2016-09-22,EMP_004213
Chiamaka Obiora,Ministry of Education,86360,3643971303,UBA,BIO_01394,91.21,2020-06-13,EMP_004214
Hassan Umar,Ministry of Health,408496,8666424778,GTBank,BIO_02890,87.05,2018-02-04,EMP_004215
Zainab Mohammed,Ministry of Health,198747,5237131643,Zenith,BIO_00973,85.47,2017-10-10,EMP_004216
Tunde Adeyemi,Ministry of Agriculture,186609,1442772893,GTBank,BIO_08510,86.16,2021-12-09,EMP_004217
Femi Adebayo,Ministry of Health,496842,8968708531,UBA,BIO_00359,87.71,2020-09-02,EMP_004218
Yemi Adebayo,Civil Service Commission,327551,4641468713,GTBank,BIO_08616,94.32,2023-11-21,EMP_004219
Aisha Musa,Ministry of Agriculture,236868,6609283949,First Bank,BIO_04947,95.2,2018-02-13,EMP_004220
Kemi Adeleke,Ministry of Health,265786,5086169435,Zenith,,99.9,2025-06-22,EMP_004221
Usman Suleiman,Nigeria Customs Service,337088,4497283242,Access,BIO_02479,89.47,2022-01-03,EMP_004222
Hassan Mohammed,Ministry of Works,349879,4153886743,Zenith,BIO_01184,89.94,2017-11-11,EMP_004223
Nnamdi Eze,Ministry of Education,352137,1397082039,First Bank,BIO_00136,87.45,2024-01-09,EMP_004224
Hassan Suleiman,Ministry of Power,123880,8537615051,Zenith,BIO_00224,91.85,2024-01-04,EMP_004225
Usman Mohammed,Civil Service Commission,177796,1414785951,GTBank,BIO_06969,89.3,2016-10-07,EMP_004226
Chinedu Onyeka,Federal Roads Maintenance Agency,276270,8153487033,Zenith,BIO_02821,92.54,2022-11-24,EMP_004227
Chinedu Obiora,Ministry of Agriculture,405071,6208382940,UBA,BIO_06129,92.85,2020-07-06,EMP_004228
Adaeze Ani,Ministry of Agriculture,401574,3163825163,GTBank,BIO_04259,95.1,2019-06-14,EMP_004229
Nnamdi Nwankwo,Nigeria Customs Service,985423,9980421318,Zenith,BIO_39552,85.56,2025-10-31,EMP_004230
Tunde Adebayo,Nigeria Customs Service,174551,5396187434,Zenith,BIO_02552,88.02,2024-09-08,EMP_004231
Ade Adebayo,Ministry of Agriculture,241572,6310626018,Zenith,BIO_01029,89.4,2021-06-23,EMP_004232
Hassan Suleiman,Civil Service Commission,128247,8690156588,UBA,BIO_05720,92.39,2019-06-02,EMP_004233
Zainab Umar,Ministry of Agriculture,81935,1054729109,UBA,BIO_05336,94.33,2021-10-21,EMP_004234
Kemi Adeyemi,Ministry of Agriculture,1066661,5725273334,GTBank,BIO_30106,89.41,2025-07-18,EMP_004235
Ade Williams,Ministry of Power,170272,9946341115,GTBank,BIO_00053,91.78,2024-08-10,EMP_004236
Kemi Adeyemi,Ministry of Finance,324625,4421589383,Access,BIO_02796,94.4,2017-11-16,EMP_004237
Nnamdi Eze,Ministry of Works,177479,5515340086,First Bank,BIO_04478,95.44,2022-11-23,EMP_004238
Zainab Ahmad,Ministry of Health,138840,1045962389,GTBank,BIO_03444,89.72,2019-07-15,EMP_004239
Aisha Suleiman,Ministry of Power,224647,2260428795,UBA,BIO_06011,97.04,2024-12-21,EMP_004240
Yemi Oyedepo,Ministry of Works,489201,6855777788,Zenith,BIO_01766,97.14,2020-07-21,EMP_004241
Bola Ogunlesi,Ministry of Works,286533,3645530754,UBA,BIO_05253,96.86,2022-03-05,EMP_004242
Chiamaka Okonkwo,Ministry of Finance,167138,2071544071,Zenith,BIO_01920,86.08,2022-03-30,EMP_004243
Kemi Adeyemi,Civil Service Commission,240152,9802527911,First Bank,,99.9,2024-09-27,EMP_004244
Adaeze Nwosu,Ministry of Finance,430962,5213219251,UBA,BIO_66067,96.28,2022-05-20,EMP_004245
Femi Oyedepo,Nigeria Customs Service,330055,5000050638,Zenith,BIO_04034,96.31,2020-06-28,EMP_004246
Chioma Nwankwo,Ministry of Education,490902,7268523321,GTBank,BIO_02242,95.04,2017-03-11,EMP_004247
Usman Yusuf,Nigeria Customs Service,198333,7254467393,First Bank,BIO_06892,85.39,2023-08-01,EMP_004248
Usman Ahmad,Nigeria Customs Service,200747,8601330291,GTBank,BIO_00036,92.57,2018-12-30,EMP_004249
Ade Adeleke,Ministry of Water Resources,313901,4174628449,First Bank,BIO_03309,95.6,2017-02-14,EMP_004250
Fatima Umar,Ministry of Works,391343,7264388150,GTBank,BIO_04368,88.48,2018-10-29,EMP_004251
Chinedu Okafor,Ministry of Finance,213494,4809596801,First Bank,BIO_05811,90.69,2019-07-30,EMP_004252
Tayo Ogunlesi,Ministry of Works,140184,8255867658,GTBank,BIO_05784,90.88,2022-09-13,EMP_004253
Yemi Adeleke,Ministry of Water Resources,460032,6284086107,Access,BIO_07954,92.12,2025-03-03,EMP_004254
Chioma Eze,Ministry of Works,383079,1581623762,First Bank,BIO_00539,93.11,2017-02-26,EMP_004255
Femi Williams,Ministry of Agriculture,223315,4738621676,Access,BIO_02520,94.16,2024-01-19,EMP_004256
Usman Yusuf,Ministry of Agriculture,381732,8366660100,Zenith,BIO_07360,92.61,2021-08-13,EMP_004257
Chiamaka Eze,Ministry of Education,415536,4964000867,First Bank,BIO_08626,93.61,2018-09-23,EMP_004258
Bola Adebayo,Ministry of Education,410625,9888721673,GTBank,BIO_08962,94.58,2023-04-30,EMP_004259
Ibrahim Musa,Nigeria Customs Service,416047,8594304529,GTBank,BIO_04423,85.1,2023-11-15,EMP_004260
Kemi Oyedepo,Ministry of Finance,404555,6523364460,First Bank,BIO_07571,97.2,2017-11-08,EMP_004261
Amina Musa,Nigeria Customs Service,240222,7212750625,Zenith,BIO_09019,95.26,2023-04-02,EMP_004262
Fatima Umar,Ministry of Education,95659,9644824587,GTBank,BIO_03660,94.99,2023-06-24,EMP_004263
Kemi Adeyemi,Ministry of Water Resources,239102,5200588142,Access,BIO_04044,87.85,2021-07-24,EMP_004264
Fatima Mohammed,Federal Roads Maintenance Agency,92496,6001379334,UBA,BIO_05104,87.54,2017-01-26,EMP_004265
Abubakar Musa,Nigeria Customs Service,245282,7789324923,Zenith,BIO_06631,89.35,2021-05-10,EMP_004266
Chinedu Onyeka,Ministry of Education,416612,3880459154,Zenith,BIO_01074,87.47,2020-07-20,EMP_004267
Chukwu Okonkwo,Ministry of Power,451729,8425237587,First Bank,BIO_01307,96.72,2020-09-02,EMP_004268
Aisha Suleiman,Ministry of Finance,108436,6149717300,GTBank,BIO_03308,97.15,2022-04-21,EMP_004269
Aisha Yusuf,Nigeria Customs Service,113056,3025133954,Zenith,BIO_04691,88.44,2023-08-20,EMP_004270
Okechukwu Ani,Nigeria Customs Service,178212,9370149461,Zenith,BIO_03712,86.75,2023-11-12,EMP_004271
Hassan Musa,Ministry of Health,201318,2857566460,First Bank,BIO_02157,95.19,2017-08-01,EMP_004272
Ibrahim Ibrahim,Ministry of Finance,89715,1990047327,Access,BIO_00485,97.94,2020-05-20,EMP_004273
Femi Adeleke,Civil Service Commission,413950,7783269536,Access,BIO_07668,90.39,2019-03-27,EMP_004274
Fatima Musa,Civil Service Commission,423508,7212628815,GTBank,BIO_06287,88.07,2024-06-15,EMP_004275
Aisha Suleiman,Ministry of Finance,312069,1107540713,UBA,BIO_04394,96.01,2016-11-04,EMP_004276
Chiamaka Nwankwo,Ministry of Agriculture,270706,7867594113,Access,BIO_05353,94.34,2020-05-05,EMP_004277
Okechukwu Okafor,Ministry of Works,83557,7309380807,Access,BIO_02413,88.57,2023-01-12,EMP_004278
Uchenna Nwankwo,Ministry of Education,278446,4541026333,First Bank,BIO_02986,96.22,2021-03-22,EMP_004279
Fatima Mohammed,Civil Service Commission,363266,7372118945,Zenith,BIO_06105,88.02,2024-01-15,EMP_004280
Chukwu Nwankwo,Ministry of Water Resources,241496,3656693816,Zenith,BIO_06024,86.83,2019-01-04,EMP_004281
Fatima Yusuf,Ministry of Water Resources,192957,1934834076,UBA,BIO_04400,86.55,2024-05-10,EMP_004282
Yemi Adeleke,Ministry of Water Resources,453911,9274992005,UBA,BIO_07831,91.48,2019-10-16,EMP_004283
Chiamaka Obiora,Federal Roads Maintenance Agency,197230,7434927558,GTBank,BIO_02804,90.11,2020-05-25,EMP_004284
Yemi Williams,Ministry of Works,279814,8521788404,Zenith,BIO_07969,91.14,2022-02-12,EMP_004285
Okechukwu Obiora,Ministry of Power,379795,5622133528,UBA,BIO_03554,87.95,2024-06-21,EMP_004286
Usman Mohammed,Ministry of Works,316713,1879683488,UBA,BIO_00867,92.41,2019-12-05,EMP_004287
Fatima Mohammed,Ministry of Education,359650,8572459080,First Bank,BIO_05047,92.59,2018-10-03,EMP_004288
Aisha Yusuf,Ministry of Finance,355449,9496924771,First Bank,BIO_07085,87.24,2018-12-07,EMP_004289
Fatima Umar,Ministry of Water Resources,206102,4806748434,Access,BIO_08583,88.53,2017-06-30,EMP_004290
Zainab Ibrahim,Nigeria Customs Service,130147,7797859569,First Bank,BIO_20250,97.49,2018-05-19,EMP_004291
Dele Adeleke,Ministry of Education,109108,1156784679,Zenith,BIO_00070,95.29,2016-06-07,EMP_004292
Chioma Okafor,Ministry of Education,392468,3360635141,Zenith,BIO_07799,87.98,2017-05-24,EMP_004293
Dele Ogunlesi,Ministry of Education,155238,7090814922,UBA,BIO_02597,96.11,2022-05-24,EMP_004294
Chioma Okafor,Civil Service Commission,450088,6700185452,Access,BIO_02293,97.55,2018-05-22,EMP_004295
Okechukwu Okonkwo,Ministry of Water Resources,278018,8189136134,Access,BIO_05794,93.81,2020-02-15,EMP_004296
Chioma Eze,Civil Service Commission,151140,8249220786,UBA,,99.9,2025-01-21,EMP_004297
Adaeze Obiora,Ministry of Agriculture,103788,3523144034,Access,BIO_00432,86.52,2019-12-23,EMP_004298
Dele Oyedepo,Federal Roads Maintenance Agency,93573,4030497138,Zenith,BIO_03536,91.17,2019-03-18,EMP_004299
Ade Williams,Ministry of Finance,424677,4395641575,Access,BIO_01642,97.86,2024-04-11,EMP_004300
Nnamdi Onyeka,Ministry of Finance,321928,9410208628,Access,BIO_01181,85.96,2017-04-14,EMP_004301
Ade Oyedepo,Ministry of Education,263843,7118546436,GTBank,BIO_01721,97.51,2025-02-21,EMP_004302
Fatima Umar,Federal Roads Maintenance Agency,193630,1992915127,UBA,BIO_08025,88.25,2018-07-18,EMP_004303
Chiamaka Okafor,Ministry of Water Resources,419029,6082198785,Zenith,BIO_03927,93.26,2021-12-23,EMP_004304
Uchenna Okafor,Ministry of Power,326575,5799475524,GTBank,BIO_27508,96.56,2018-10-23,EMP_004305
Uchenna Okafor,Ministry of Finance,251846,5102306589,Access,BIO_00282,95.68,2021-08-06,EMP_004306
Zainab Umar,Civil Service Commission,456540,3616738190,GTBank,BIO_05714,86.78,2016-08-11,EMP_004307
Femi Williams,Nigeria Customs Service,298186,8650242927,First Bank,BIO_00115,96.19,2017-12-23,EMP_004308
Ibrahim Umar,Ministry of Power,388558,7798078109,GTBank,BIO_04405,90.82,2016-11-21,EMP_004309
Adaeze Okonkwo,Ministry of Water Resources,177300,8488265510,First Bank,BIO_06691,93.93,2017-11-12,EMP_004310
Nnamdi Onyeka,Ministry of Works,226850,8471587851,UBA,BIO_06455,95.08,2020-02-20,EMP_004311
Tunde Ogunlesi,Ministry of Agriculture,95338,9948514472,UBA,BIO_06168,85.21,2022-04-06,EMP_004312
Uchenna Obiora,Ministry of Agriculture,431531,9780774250,First Bank,,99.9,2024-10-31,EMP_004313
Adaeze Onyeka,Ministry of Finance,148625,8546825795,Zenith,BIO_21742,98.32,2019-08-27,EMP_004314
Uchenna Okafor,Ministry of Works,165262,3930384935,UBA,BIO_05015,94.83,2022-05-03,EMP_004315
Aisha Yusuf,Ministry of Agriculture,174122,6127114241,UBA,BIO_00343,92.64,2022-01-16,EMP_004316
Aisha Umar,Ministry of Agriculture,214223,2122231537,Zenith,BIO_06891,95.6,2025-04-18,EMP_004317
Usman Yusuf,Ministry of Agriculture,215082,5174928331,UBA,BIO_07634,90.65,2020-05-24,EMP_004318
Yemi Williams,Ministry of Finance,255554,4100256419,First Bank,BIO_00322,96.59,2024-12-16,EMP_004319
Tunde Adebayo,Ministry of Health,432217,8224287480,GTBank,BIO_00479,88.57,2017-09-30,EMP_004320
Amina Ibrahim,Ministry of Works,377942,4184974776,UBA,,99.9,2024-12-04,EMP_004321
Dele Ogunlesi,Federal Roads Maintenance Agency,182995,6070528228,First Bank,BIO_00377,85.34,2017-04-03,EMP_004322
Amina Ahmad,Ministry of Works,104510,6348656729,Access,BIO_04474,92.15,2024-11-12,EMP_004323
Femi Ogunlesi,Civil Service Commission,296885,1348085272,UBA,BIO_08181,95.56,2023-02-10,EMP_004324
Adaeze Okonkwo,Nigeria Customs Service,467371,6522408943,UBA,BIO_04865,96.56,2017-08-10,EMP_004325
Femi Adeleke,Nigeria Customs Service,328432,2465142124,Access,BIO_07502,88.01,2024-10-09,EMP_004326
Femi Adebayo,Nigeria Customs Service,458048,9753757144,Zenith,BIO_05031,91.09,2021-03-04,EMP_004327
Fatima Suleiman,Civil Service Commission,263063,5203501833,UBA,BIO_02863,94.92,2016-07-18,EMP_004328
Aisha Mohammed,Federal Roads Maintenance Agency,161333,4526517525,First Bank,BIO_05322,96.94,2017-03-03,EMP_004329
Uchenna Nwosu,Ministry of Finance,353258,1880205560,UBA,BIO_06662,92.07,2023-10-14,EMP_004330
Nnamdi Okonkwo,Ministry of Health,367930,6404879292,GTBank,BIO_04803,91.74,2018-06-10,EMP_004331
Chinedu Nwosu,Ministry of Power,352457,3449538360,UBA,BIO_08487,92.32,2019-05-09,EMP_004332
Usman Mohammed,Ministry of Water Resources,382231,7999095361,UBA,BIO_00013,94.94,2019-12-28,EMP_004333
Fatima Umar,Ministry of Agriculture,189703,2969087564,Zenith,BIO_05496,90.52,2022-11-23,EMP_004334
Ibrahim Musa,Federal Roads Maintenance Agency,414940,4643880554,Zenith,BIO_01943,89.04,2020-09-03,EMP_004335
Aisha Suleiman,Civil Service Commission,80102,4896454276,Access,BIO_01769,87.69,2019-11-10,EMP_004336
Nnamdi Eze,Ministry of Education,224566,5138547741,GTBank,BIO_07037,94.53,2019-11-01,EMP_004337
Chioma Nwankwo,Ministry of Finance,120797,5707651365,UBA,BIO_00940,87.58,2018-03-07,EMP_004338
Dele Williams,Ministry of Water Resources,353342,9796723294,First Bank,BIO_03255,92.08,2016-10-26,EMP_004339
Chioma Onyeka,Federal Roads Maintenance Agency,491776,4188447984,First Bank,BIO_01434,88.31,2017-06-09,EMP_004340
Chioma Eze,Ministry of Education,410754,2305646622,UBA,BIO_05691,92.18,2020-05-31,EMP_004341
Usman Umar,Ministry of Finance,212545,3035370974,GTBank,BIO_07612,90.47,2022-05-21,EMP_004342
Amina Mohammed,Civil Service Commission,463651,4564785192,First Bank,BIO_04848,97.73,2017-08-23,EMP_004343
Dele Ogunlesi,Ministry of Works,299473,1870914593,Zenith,BIO_06958,90.39,2024-02-05,EMP_004344
Femi Williams,Ministry of Education,452349,2557032955,GTBank,BIO_03001,85.37,2020-08-05,EMP_004345
Chukwu Eze,Ministry of Health,355417,3481784501,First Bank,BIO_00484,93.25,2017-07-11,EMP_004346
Chioma Nwankwo,Civil Service Commission,190923,5001207632,Zenith,BIO_08040,91.97,2021-07-04,EMP_004347
Femi Adebayo,Ministry of Works,233771,6513373941,Zenith,BIO_60166,99.85,2022-06-23,EMP_004348
Okechukwu Obiora,Ministry of Water Resources,328242,4771795753,Zenith,BIO_05003,85.23,2017-09-04,EMP_004349
Femi Ogunlesi,Ministry of Education,289287,2496734917,Zenith,BIO_43368,98.88,2017-01-22,EMP_004350
Okechukwu Nwankwo,Ministry of Works,191469,4382540287,Zenith,BIO_02250,97.13,2020-08-17,EMP_004351
Abubakar Yusuf,Ministry of Education,312017,2496734917,Zenith,BIO_79863,98.67,2020-09-13,EMP_004352
Nnamdi Ani,Ministry of Power,205703,8590337774,GTBank,BIO_07084,93.95,2024-02-06,EMP_004353
Okechukwu Eze,Ministry of Health,388925,2020264730,GTBank,BIO_08244,97.16,2021-09-11,EMP_004354
Tunde Adebayo,Ministry of Power,325138,2202245137,GTBank,BIO_03724,92.73,2020-07-22,EMP_004355
Zainab Ibrahim,Civil Service Commission,371112,9045557905,UBA,BIO_01326,93.03,2016-06-04,EMP_004356
Kemi Williams,Nigeria Customs Service,360671,3477519204,Zenith,BIO_48806,96.39,2016-07-20,EMP_004357
Adaeze Okafor,Ministry of Health,1108249,1347484890,GTBank,BIO_52251,91.52,2025-10-07,EMP_004358
Okechukwu Onyeka,Nigeria Customs Service,148829,6883561227,GTBank,BIO_02946,91.45,2023-02-12,EMP_004359
Ade Adeyemi,Ministry of Agriculture,264375,6159009753,Zenith,BIO_05977,97.48,2018-11-19,EMP_004360
Uchenna Okafor,Ministry of Water Resources,244837,2080658873,GTBank,BIO_02509,94.03,2017-12-21,EMP_004361
Ade Adeyemi,Ministry of Water Resources,134771,5279243276,UBA,BIO_07282,87.33,2024-01-25,EMP_004362
Adaeze Nwosu,Ministry of Health,209518,8253319277,Zenith,BIO_00680,91.76,2024-06-27,EMP_004363
Fatima Yusuf,Ministry of Works,408824,1117895176,Access,BIO_04055,93.92,2020-07-13,EMP_004364
Usman Ibrahim,Ministry of Finance,266596,9529493280,GTBank,BIO_04297,91.1,2017-08-13,EMP_004365
Femi Oyedepo,Ministry of Education,209350,9409102506,GTBank,BIO_06243,97.51,2025-02-16,EMP_004366
Hassan Musa,Ministry of Water Resources,85375,6113670241,Access,BIO_03226,94.05,2023-06-03,EMP_004367
Chinedu Nwosu,Ministry of Health,190163,3774433202,Zenith,BIO_01456,97.63,2020-08-07,EMP_004368
Yemi Ogunlesi,Ministry of Finance,430963,7895941743,UBA,BIO_04550,86.01,2020-07-22,EMP_004369
Tunde Adeleke,Federal Roads Maintenance Agency,396499,1731201015,Access,BIO_03844,91.1,2017-09-22,EMP_004370
Uchenna Eze,Ministry of Education,140574,4199613826,Zenith,BIO_08640,97.03,2023-10-21,EMP_004371
Chukwu Nwankwo,Ministry of Health,260069,8144037526,UBA,BIO_04422,86.43,2022-08-15,EMP_004372
Yemi Williams,Ministry of Works,330688,6564169688,UBA,BIO_07521,91.69,2018-06-18,EMP_004373
Amina Yusuf,Nigeria Customs Service,495325,9691544988,Zenith,BIO_02673,97.95,2017-02-04,EMP_004374
Zainab Ahmad,Ministry of Education,160982,1992922922,UBA,BIO_02693,85.94,2017-02-06,EMP_004375
Femi Adeyemi,Ministry of Education,150061,7323931482,Access,BIO_07111,93.1,2025-04-09,EMP_004376
Uchenna Onyeka,Ministry of Agriculture,165312,9883122845,Access,BIO_05417,96.09,2017-07-03,EMP_004377
Okechukwu Eze,Federal Roads Maintenance Agency,198323,3848162445,First Bank,BIO_00519,86.75,2017-03-17,EMP_004378
Chioma Onyeka,Civil Service Commission,270333,5871961530,GTBank,BIO_06547,95.42,2018-12-07,EMP_004379
Zainab Yusuf,Ministry of Health,147726,4111557104,GTBank,BIO_02260,86.57,2020-05-23,EMP_004380
Usman Umar,Ministry of Power,282681,4030005216,Access,BIO_04635,92.4,2023-08-17,EMP_004381
Chioma Onyeka,Ministry of Power,148889,2308177535,Zenith,BIO_01308,91.96,2019-03-31,EMP_004382
Tayo Adeleke,Ministry of Finance,155473,1732868112,First Bank,BIO_06683,88.81,2025-01-18,EMP_004383
Kemi Adeyemi,Ministry of Agriculture,226580,3141076109,GTBank,BIO_08986,88.39,2022-01-02,EMP_004384
Femi Williams,Ministry of Power,414794,3702537907,Zenith,BIO_02661,87.18,2022-07-20,EMP_004385
Chioma Okafor,Civil Service Commission,126166,6542353139,Access,BIO_07745,90.86,2016-06-09,EMP_004386
Chiamaka Okonkwo,Nigeria Customs Service,496818,5262529241,Zenith,BIO_85189,98.26,2016-06-16,EMP_004387
Chiamaka Nwankwo,Ministry of Water Resources,128201,9477494895,First Bank,BIO_03953,92.91,2016-07-03,EMP_004388
Ibrahim Musa,Ministry of Power,497531,4170485454,First Bank,BIO_03211,94.62,2022-12-25,EMP_004389
Ade Ogunlesi,Civil Service Commission,184842,7458948487,Zenith,BIO_05721,92.25,2025-04-03,EMP_004390
Aisha Suleiman,Ministry of Education,196009,7270074739,Access,BIO_01661,96.3,2024-03-28,EMP_004391
Chinedu Ani,Ministry of Health,302726,1563533247,First Bank,BIO_08395,97.21,2023-05-25,EMP_004392
Zainab Mohammed,Ministry of Health,419119,2290053503,UBA,BIO_08083,97.41,2017-01-29,EMP_004393
Adaeze Ani,Ministry of Education,154741,9759982221,Zenith,BIO_00248,86.79,2024-02-12,EMP_004394
Adaeze Obiora,Civil Service Commission,220357,9274990467,Zenith,BIO_07890,91.86,2020-10-30,EMP_004395
Adaeze Okonkwo,Ministry of Power,483153,2882990644,UBA,BIO_04716,86.9,2022-03-05,EMP_004396
Chinedu Nwosu,Ministry of Agriculture,152803,2999802118,Access,BIO_06268,92.26,2021-05-27,EMP_004397
Yemi Ogunlesi,Ministry of Power,221289,3817685990,Access,BIO_04895,96.35,2022-08-26,EMP_004398
Uchenna Onyeka,Federal Roads Maintenance Agency,124913,7081971021,UBA,BIO_02766,91.91,2019-04-28,EMP_004399
Chiamaka Nwankwo,Federal Roads Maintenance Agency,345711,9116579573,First Bank,BIO_06307,85.2,2023-07-08,EMP_004400
Nnamdi Obiora,Ministry of Water Resources,183432,8082803782,GTBank,BIO_06696,86.62,2023-02-16,EMP_004401
Yemi Adeleke,Ministry of Water Resources,484497,8348282759,Zenith,BIO_02786,85.4,2021-11-20,EMP_004402
Zainab Ahmad,Ministry of Agriculture,110491,2192878661,UBA,BIO_03950,93.22,2025-05-12,EMP_004403
Okechukwu Ani,Ministry of Power,134227,1084782911,Zenith,BIO_01841,88.5,2023-03-31,EMP_004404
Bola Oyedepo,Civil Service Commission,84633,6081122548,Access,BIO_05873,92.62,2018-11-11,EMP_004405
Chukwu Okafor,Ministry of Agriculture,409141,9773557296,UBA,BIO_01276,86.58,2025-02-06,EMP_004406
Ibrahim Ibrahim,Nigeria Customs Service,301288,3764270201,Zenith,,99.9,2024-07-13,EMP_004407
Uchenna Ani,Nigeria Customs Service,143808,2073841936,GTBank,BIO_04239,89.14,2024-10-09,EMP_004408
Ibrahim Musa,Ministry of Health,108918,7969815852,Zenith,BIO_01623,97.19,2025-04-22,EMP_004409
Yemi Adebayo,Ministry of Water Resources,433399,4671659049,First Bank,BIO_08651,94.44,2016-10-13,EMP_004410
Bola Adebayo,Nigeria Customs Service,82217,3590749648,UBA,BIO_60024,97.69,2021-12-08,EMP_004411
Aisha Ibrahim,Ministry of Agriculture,185344,4818870244,UBA,BIO_05071,97.07,2016-08-15,EMP_004412
Uchenna Obiora,Ministry of Works,459455,4460199768,First Bank,BIO_03476,90.08,2019-04-28,EMP_004413
Zainab Mohammed,Civil Service Commission,292913,7677502913,First Bank,BIO_06749,95.34,2016-10-16,EMP_004414
Abubakar Yusuf,Civil Service Commission,430691,8058733432,Zenith,BIO_01607,93.28,2019-06-25,EMP_004415
Fatima Yusuf,Ministry of Education,338221,8600634126,Access,BIO_00165,92.31,2017-11-14,EMP_004416
Femi Oyedepo,Civil Service Commission,473382,2706412351,UBA,BIO_03395,89.29,2023-02-19,EMP_004417
Amina Suleiman,Nigeria Customs Service,361679,1587927263,Zenith,BIO_90535,99.9,2020-05-02,EMP_004418
Uchenna Obiora,Ministry of Water Resources,181690,3277219759,Zenith,BIO_00315,85.85,2020-11-05,EMP_004419
Tayo Adeleke,Ministry of Power,419072,9526874389,Access,BIO_02504,90.5,2021-06-28,EMP_004420
Fatima Suleiman,Ministry of Power,488993,5567409335,GTBank,BIO_05208,95.61,2021-02-04,EMP_004421
Bola Adeyemi,Ministry of Finance,107381,5083426821,First Bank,BIO_04658,86.27,2018-01-11,EMP_004422
Aisha Ahmad,Ministry of Finance,460878,2410019076,Zenith,BIO_07028,87.18,2021-03-24,EMP_004423
Tayo Adebayo,Ministry of Finance,375943,1730361632,GTBank,BIO_03112,97.4,2021-10-17,EMP_004424
Nnamdi Obiora,Ministry of Water Resources,316821,7022050819,Zenith,BIO_03505,89.75,2024-06-02,EMP_004425
Bola Adeyemi,Nigeria Customs Service,344396,3367506583,GTBank,BIO_08271,95.15,2024-09-21,EMP_004426
Tunde Adebayo,Ministry of Agriculture,150235,2869886242,UBA,BIO_07168,97.24,2019-05-26,EMP_004427
Yemi Williams,Federal Roads Maintenance Agency,479002,2632692175,Access,BIO_01808,90.37,2022-10-28,EMP_004428
Yemi Adeleke,Ministry of Water Resources,99401,9611550394,GTBank,BIO_05316,94.62,2018-06-05,EMP_004429
Chiamaka Onyeka,Ministry of Works,340148,1635549072,GTBank,BIO_01597,94.06,2022-11-13,EMP_004430
Femi Adeyemi,Ministry of Finance,485740,9715814582,First Bank,BIO_01752,89.58,2017-10-13,EMP_004431
Hassan Ahmad,Civil Service Commission,452730,7927420742,Access,BIO_08309,88.59,2020-09-26,EMP_004432
Yemi Adeyemi,Ministry of Education,350017,4221755941,Zenith,BIO_02365,94.08,2020-05-12,EMP_004433
Fatima Suleiman,Ministry of Works,273955,4263558542,UBA,BIO_06439,93.76,2024-03-15,EMP_004434
Chioma Okafor,Nigeria Customs Service,349154,1942832942,UBA,BIO_01024,86.63,2017-10-06,EMP_004435
Yemi Oyedepo,Ministry of Works,256130,1692077421,GTBank,BIO_02095,85.71,2020-04-16,EMP_004436
Bola Williams,Federal Roads Maintenance Agency,140930,6025719722,Access,BIO_06570,90.81,2020-10-24,EMP_004437
Tayo Adeleke,Ministry of Power,447401,3585282825,UBA,BIO_00922,96.06,2024-09-08,EMP_004438
Adaeze Nwosu,Ministry of Agriculture,474491,7441975049,UBA,BIO_04787,93.23,2016-12-21,EMP_004439
Adaeze Okonkwo,Ministry of Education,144358,6096824653,Access,BIO_03486,94.37,2018-01-19,EMP_004440
Uchenna Ani,Nigeria Customs Service,103100,1097913366,First Bank,BIO_04090,87.0,2019-07-01,EMP_004441
Nnamdi Nwankwo,Nigeria Customs Service,145974,3751757450,Zenith,BIO_06414,87.89,2017-08-10,EMP_004442
Ibrahim Musa,Ministry of Power,399311,7922533904,First Bank,BIO_09027,91.56,2020-05-11,EMP_004443
Chioma Nwankwo,Ministry of Agriculture,474477,2261778265,Access,BIO_03763,86.73,2025-02-21,EMP_004444
Kemi Adebayo,Ministry of Finance,328699,3435626951,First Bank,BIO_04549,87.55,2021-08-13,EMP_004445
Kemi Oyedepo,Ministry of Health,226559,3029795066,Access,BIO_04615,89.65,2018-10-24,EMP_004446
Chukwu Okonkwo,Ministry of Health,315735,9495936168,UBA,BIO_05632,85.15,2023-10-11,EMP_004447
Kemi Adeleke,Ministry of Education,209918,9666541945,Zenith,BIO_00212,94.93,2023-12-30,EMP_004448
Nnamdi Eze,Ministry of Education,247767,2856433685,Access,BIO_07796,89.26,2018-01-21,EMP_004449
Dele Williams,Ministry of Power,101868,6194982784,Zenith,BIO_08693,97.77,2024-06-03,EMP_004450
Zainab Ibrahim,Ministry of Water Resources,325937,7248482677,First Bank,BIO_78926,96.03,2018-12-14,EMP_004451
Abubakar Mohammed,Ministry of Agriculture,393423,7872843268,UBA,BIO_07676,88.7,2022-08-08,EMP_004452
Adaeze Ani,Ministry of Works,355163,9248784629,First Bank,BIO_04721,93.31,2020-10-25,EMP_004453
Tunde Adeyemi,Federal Roads Maintenance Agency,247061,2130476213,Zenith,BIO_04313,93.3,2021-10-24,EMP_004454
Fatima Yusuf,Civil Service Commission,164120,5814326817,First Bank,BIO_06853,90.86,2024-03-26,EMP_004455
Nnamdi Okonkwo,Ministry of Water Resources,174756,2629282884,GTBank,BIO_00633,92.03,2017-03-20,EMP_004456
Abubakar Yusuf,Ministry of Water Resources,455766,8678940396,Access,BIO_01493,91.52,2016-07-15,EMP_004457
Okechukwu Onyeka,Ministry of Finance,435711,3393377273,Access,BIO_00396,95.2,2022-05-20,EMP_004458
Adaeze Nwosu,Ministry of Education,376521,3856753820,GTBank,BIO_05246,88.09,2021-04-17,EMP_004459
Adaeze Eze,Civil Service Commission,296734,4178675984,Zenith,BIO_36880,98.12,2020-05-24,EMP_004460
Uchenna Nwosu,Ministry of Works,377786,3867431211,UBA,BIO_08221,87.42,2016-10-23,EMP_004461
Usman Ahmad,Federal Roads Maintenance Agency,248203,3553691106,Zenith,BIO_23382,99.27,2021-04-24,EMP_004462
Dele Adeyemi,Ministry of Health,202360,2320590566,UBA,BIO_04973,94.97,2019-12-08,EMP_004463
Chinedu Ani,Federal Roads Maintenance Agency,442522,9132932735,GTBank,BIO_05786,85.02,2017-05-13,EMP_004464
Fatima Suleiman,Ministry of Works,218070,1319220981,First Bank,BIO_06751,90.65,2024-09-30,EMP_004465
Okechukwu Eze,Ministry of Finance,282534,5892594907,First Bank,BIO_07785,88.1,2016-09-04,EMP_004466
Ade Oyedepo,Federal Roads Maintenance Agency,107026,4540151579,Access,BIO_01751,93.95,2016-09-08,EMP_004467
Tayo Adebayo,Nigeria Customs Service,324999,3528180918,Zenith,BIO_02276,90.51,2019-03-24,EMP_004468
Chinedu Nwosu,Ministry of Finance,314535,8808815980,Access,BIO_03260,88.83,2022-04-15,EMP_004469
Dele Adebayo,Ministry of Power,197696,5931456647,Access,BIO_04975,87.2,2022-12-11,EMP_004470
Amina Suleiman,Nigeria Customs Service,397665,9943338518,Access,BIO_06700,92.27,2023-05-01,EMP_004471
Usman Ibrahim,Ministry of Finance,378304,9275565902,First Bank,BIO_02458,94.74,2017-11-02,EMP_004472
Tunde Williams,Civil Service Commission,419703,2002317902,Zenith,BIO_01757,85.11,2019-05-04,EMP_004473
Bola Adeyemi,Ministry of Finance,148948,3218658917,UBA,BIO_08270,93.89,2024-10-24,EMP_004474
Zainab Suleiman,Ministry of Power,249167,9418170794,Access,BIO_05904,92.35,2021-07-08,EMP_004475
Dele Williams,Ministry of Education,189430,7891389413,UBA,BIO_02655,90.58,2017-07-01,EMP_004476
Okechukwu Obiora,Ministry of Education,119750,4515363242,Access,BIO_06487,92.71,2019-05-31,EMP_004477
Tayo Adeleke,Ministry of Health,179526,9248218145,GTBank,BIO_06989,88.76,2021-08-22,EMP_004478
Aisha Ahmad,Ministry of Finance,136226,2675686798,First Bank,BIO_08174,94.33,2021-09-17,EMP_004479
Usman Ahmad,Ministry of Water Resources,144368,7444298174,GTBank,BIO_01129,97.59,2019-10-05,EMP_004480
Okechukwu Nwosu,Civil Service Commission,233695,4452353156,Zenith,BIO_04508,93.06,2022-06-17,EMP_004481
Aisha Ahmad,Ministry of Power,328758,7284047636,Access,BIO_02931,91.27,2020-07-07,EMP_004482
Usman Umar,Civil Service Commission,141536,2871389328,UBA,BIO_03755,93.94,2021-11-23,EMP_004483
Aisha Musa,Civil Service Commission,269120,4178675984,Zenith,BIO_70610,99.99,2019-01-21,EMP_004484
Tunde Adebayo,Nigeria Customs Service,374058,2268381202,First Bank,BIO_02563,96.86,2021-03-27,EMP_004485
Aisha Ahmad,Ministry of Education,203602,2779726410,GTBank,BIO_06225,89.31,2019-07-24,EMP_004486
Amina Suleiman,Ministry of Works,478730,2060254925,UBA,BIO_08707,92.64,2022-09-29,EMP_004487
Femi Ogunlesi,Federal Roads Maintenance Agency,308657,3706781745,Access,BIO_05727,87.55,2022-11-08,EMP_004488
Usman Mohammed,Ministry of Health,169163,7266164461,First Bank,BIO_01009,86.94,2017-05-23,EMP_004489
Tayo Ogunlesi,Ministry of Agriculture,407318,9931060149,First Bank,BIO_07706,85.42,2021-04-24,EMP_004490
Nnamdi Nwosu,Ministry of Works,437862,1657114939,Zenith,BIO_04366,94.32,2018-09-05,EMP_004491
Bola Adebayo,Ministry of Water Resources,353022,2101451451,First Bank,BIO_00159,85.9,2021-10-09,EMP_004492
Hassan Suleiman,Ministry of Agriculture,274985,7886448369,First Bank,BIO_00217,88.55,2017-07-23,EMP_004493
Chinedu Nwankwo,Civil Service Commission,369396,9387754992,Zenith,BIO_05065,88.63,2021-06-28,EMP_004494
Chukwu Ani,Ministry of Agriculture,485032,6867896021,Zenith,BIO_06734,97.92,2025-01-25,EMP_004495
Fatima Ahmad,Civil Service Commission,492764,7739143310,Access,BIO_04503,96.79,2024-06-20,EMP_004496
Aisha Suleiman,Nigeria Customs Service,114067,9672370891,GTBank,BIO_03826,86.54,2024-03-19,EMP_004497
Nnamdi Onyeka,Nigeria Customs Service,452128,5338637581,Zenith,BIO_05152,94.53,2019-06-05,EMP_004498
Adaeze Ani,Ministry of Health,166646,1141945583,GTBank,BIO_04569,86.15,2023-04-16,EMP_004499
Okechukwu Nwosu,Federal Roads Maintenance Agency,389565,3277768606,GTBank,BIO_02245,97.44,2023-11-27,EMP_004500
Tunde Adeyemi,Ministry of Agriculture,396365,6259256213,UBA,BIO_04519,95.71,2019-08-31,EMP_004501
Tayo Adeyemi,Ministry of Power,252522,8345875137,UBA,BIO_05859,90.42,2023-06-22,EMP_004502
Kemi Ogunlesi,Ministry of Health,333185,3487267849,UBA,BIO_02537,93.02,2019-06-22,EMP_004503
Chiamaka Nwankwo,Federal Roads Maintenance Agency,486528,9612141999,Zenith,BIO_06120,85.67,2020-09-29,EMP_004504
Zainab Yusuf,Ministry of Health,350144,5933585219,Zenith,BIO_00457,87.45,2022-01-06,EMP_004505
Uchenna Nwosu,Ministry of Agriculture,94071,2695331323,Zenith,BIO_08988,85.54,2017-09-11,EMP_004506
Ade Ogunlesi,Nigeria Customs Service,118661,6818480522,Access,BIO_04143,93.25,2019-06-26,EMP_004507
Aisha Suleiman,Nigeria Customs Service,236023,8434306584,Zenith,BIO_08090,91.75,2021-09-19,EMP_004508
Bola Adeyemi,Ministry of Water Resources,112596,9744051713,First Bank,BIO_08688,88.81,2016-07-30,EMP_004509
Aisha Ahmad,Ministry of Health,325781,2600729301,Access,BIO_08326,88.75,2019-09-30,EMP_004510
Femi Adebayo,Ministry of Power,220354,3356010465,Access,BIO_09101,87.84,2016-06-24,EMP_004511
Ade Adeyemi,Ministry of Health,432352,7632182754,GTBank,BIO_01811,94.22,2018-12-10,EMP_004512
Hassan Mohammed,Federal Roads Maintenance Agency,152684,5000051723,First Bank,BIO_08870,93.9,2016-06-07,EMP_004513
Chukwu Onyeka,Ministry of Finance,155840,7249782131,GTBank,BIO_00681,86.35,2024-03-04,EMP_004514
Chukwu Obiora,Federal Roads Maintenance Agency,176175,9197653003,First Bank,BIO_08932,91.5,2019-07-14,EMP_004515
Uchenna Obiora,Federal Roads Maintenance Agency,360332,2638520749,First Bank,BIO_04649,85.64,2019-12-02,EMP_004516
Yemi Adeyemi,Nigeria Customs Service,210328,4244575028,GTBank,BIO_08066,88.54,2024-05-14,EMP_004517
Chukwu Nwosu,Ministry of Works,168802,6849730040,Access,BIO_08730,91.29,2024-10-29,EMP_004518
Aisha Ahmad,Civil Service Commission,360387,4178675984,Zenith,BIO_66157,99.16,2018-05-25,EMP_004519
Ade Adebayo,Ministry of Works,159744,7296684424,First Bank,BIO_06478,97.32,2017-05-16,EMP_004520
Amina Ahmad,Nigeria Customs Service,410234,8687676678,GTBank,BIO_04931,85.62,2019-02-18,EMP_004521
Tayo Ogunlesi,Ministry of Agriculture,388637,6212655495,UBA,BIO_06592,97.97,2020-01-20,EMP_004522
Femi Adeyemi,Civil Service Commission,147403,3749353343,UBA,BIO_06765,92.15,2018-11-29,EMP_004523
Dele Williams,Ministry of Education,410353,6860653236,First Bank,BIO_06501,86.03,2022-04-26,EMP_004524
Zainab Yusuf,Ministry of Works,390029,8539626741,GTBank,BIO_00613,94.74,2020-10-18,EMP_004525
Uchenna Obiora,Ministry of Finance,259645,2785665177,UBA,BIO_07872,89.4,2017-02-02,EMP_004526
Femi Williams,Nigeria Customs Service,239862,7729129946,Zenith,BIO_01876,89.42,2019-01-20,EMP_004527
Usman Ibrahim,Civil Service Commission,275050,4878882307,UBA,BIO_02698,95.9,2025-01-21,EMP_004528
Uchenna Ani,Federal Roads Maintenance Agency,498593,7603553164,First Bank,BIO_08106,86.52,2022-11-28,EMP_004529
Chinedu Okonkwo,Federal Roads Maintenance Agency,378001,2856794115,UBA,BIO_04182,97.85,2020-01-03,EMP_004530
Ade Ogunlesi,Ministry of Agriculture,182677,1064437769,Zenith,BIO_07965,91.28,2018-06-23,EMP_004531
Dele Ogunlesi,Ministry of Power,169266,6672665616,Access,BIO_07825,91.28,2019-08-25,EMP_004532
Nnamdi Okafor,Ministry of Power,368312,6299320937,First Bank,BIO_03940,97.6,2025-05-09,EMP_004533
Zainab Ibrahim,Ministry of Finance,208518,8214550017,GTBank,BIO_07970,94.27,2022-11-25,EMP_004534
Ade Adeyemi,Civil Service Commission,399990,6087569529,GTBank,BIO_06260,85.2,2021-06-26,EMP_004535
Ade Adeyemi,Civil Service Commission,169620,2444675654,First Bank,BIO_00320,93.51,2023-04-17,EMP_004536
Tayo Oyedepo,Ministry of Works,215099,8664269731,GTBank,BIO_06031,94.1,2025-01-16,EMP_004537
Chioma Nwosu,Ministry of Works,139987,6540377961,UBA,BIO_04525,93.5,2016-09-11,EMP_004538
Tayo Ogunlesi,Nigeria Customs Service,381170,9971346099,Access,BIO_08738,97.01,2019-05-23,EMP_004539
Adaeze Okafor,Ministry of Power,105731,6024998787,GTBank,BIO_06532,87.08,2024-10-18,EMP_004540
Dele Williams,Ministry of Finance,259553,3027740919,First Bank,,99.9,2026-01-06,EMP_004541
Kemi Williams,Ministry of Power,182455,5682089090,GTBank,BIO_04843,87.81,2018-10-30,EMP_004542
Tunde Adebayo,Ministry of Agriculture,192213,1528299296,UBA,BIO_08507,93.15,2021-08-22,EMP_004543
Dele Adebayo,Ministry of Water Resources,274690,4170680862,Zenith,BIO_02588,94.07,2023-01-10,EMP_004544
Chinedu Okafor,Civil Service Commission,195630,2340014749,GTBank,BIO_01806,96.38,2021-08-10,EMP_004545
Tayo Oyedepo,Ministry of Water Resources,98378,7548074362,Zenith,BIO_03512,97.67,2025-02-19,EMP_004546
Nnamdi Nwosu,Ministry of Agriculture,304510,2006098343,GTBank,BIO_05643,94.97,2018-07-10,EMP_004547
Femi Adeyemi,Ministry of Health,108029,1436711244,First Bank,BIO_06833,93.42,2021-07-03,EMP_004548
Uchenna Nwankwo,Nigeria Customs Service,292890,7507823899,Access,BIO_06368,97.24,2025-01-14,EMP_004549
Abubakar Musa,Federal Roads Maintenance Agency,82959,6526484740,First Bank,BIO_03119,94.91,2016-11-01,EMP_004550
Bola Ogunlesi,Ministry of Power,103332,5693738521,Zenith,BIO_03017,96.99,2018-01-09,EMP_004551
Dele Williams,Nigeria Customs Service,184062,1018250245,UBA,BIO_07208,89.06,2019-01-13,EMP_004552
Aisha Yusuf,Ministry of Water Resources,261387,9050193288,UBA,BIO_00048,90.36,2018-06-23,EMP_004553
Usman Ibrahim,Ministry of Health,481668,9877401707,Zenith,BIO_08822,92.65,2021-07-19,EMP_004554
Dele Adeyemi,Ministry of Health,200053,4215628596,GTBank,BIO_08277,86.06,2018-09-30,EMP_004555
Usman Mohammed,Ministry of Works,193656,4358705312,First Bank,BIO_08409,93.43,2019-03-23,EMP_004556
Amina Umar,Nigeria Customs Service,355886,5703366196,GTBank,BIO_03886,88.4,2020-04-24,EMP_004557
Femi Williams,Ministry of Agriculture,405907,4959297158,Access,BIO_87821,98.26,2023-10-16,EMP_004558
Amina Yusuf,Ministry of Education,311251,7971383470,First Bank,BIO_00598,95.37,2017-10-02,EMP_004559
Adaeze Ani,Ministry of Agriculture,370545,7038511107,Zenith,BIO_00530,88.65,2022-07-20,EMP_004560
Nnamdi Okafor,Ministry of Power,491592,7653676244,UBA,BIO_04494,87.89,2016-06-09,EMP_004561
Fatima Mohammed,Ministry of Works,187725,6573407142,Access,,99.9,2024-08-14,EMP_004562
Ibrahim Ibrahim,Ministry of Power,103505,6023008464,Zenith,BIO_87821,99.33,2017-06-21,EMP_004563
Chiamaka Nwosu,Civil Service Commission,274590,3345912636,Zenith,BIO_09126,95.12,2019-01-12,EMP_004564
Nnamdi Eze,Ministry of Education,341435,2170540688,First Bank,BIO_02355,86.63,2018-07-24,EMP_004565
Chiamaka Nwosu,Ministry of Water Resources,193833,8981793379,Access,BIO_07986,85.77,2023-08-26,EMP_004566
Ade Ogunlesi,Ministry of Works,226686,7391985030,GTBank,BIO_04531,96.48,2019-05-20,EMP_004567
Ade Adeyemi,Ministry of Finance,312564,6250372560,UBA,BIO_06844,91.09,2019-10-29,EMP_004568
Abubakar Mohammed,Federal Roads Maintenance Agency,395062,4610942139,Zenith,BIO_01115,92.29,2023-01-06,EMP_004569
Okechukwu Okonkwo,Ministry of Health,103996,6724243868,Access,BIO_09136,95.1,2021-04-02,EMP_004570
Tunde Ogunlesi,Ministry of Education,204085,8708424014,First Bank,BIO_06097,86.36,2022-11-17,EMP_004571
Yemi Adeyemi,Ministry of Finance,427181,1797364535,Zenith,BIO_02077,86.94,2021-02-09,EMP_004572
Usman Musa,Civil Service Commission,222925,4178675984,Zenith,BIO_22690,99.06,2019-09-25,EMP_004573
Chukwu Ani,Federal Roads Maintenance Agency,230555,6578828630,GTBank,BIO_03816,89.95,2023-05-13,EMP_004574
Dele Ogunlesi,Federal Roads Maintenance Agency,436922,4686959267,First Bank,BIO_05259,89.09,2017-09-12,EMP_004575
Aisha Ahmad,Ministry of Water Resources,275475,7664431413,First Bank,BIO_01126,97.18,2023-04-25,EMP_004576
Ade Adebayo,Ministry of Water Resources,408793,4138340249,First Bank,BIO_06177,91.42,2023-06-15,EMP_004577
Zainab Umar,Ministry of Finance,448952,8470933970,Zenith,BIO_07433,95.97,2019-08-12,EMP_004578
Ade Adeleke,Ministry of Power,411333,5935432271,UBA,BIO_02846,91.65,2023-08-13,EMP_004579
Ibrahim Ahmad,Ministry of Education,301430,6080329792,First Bank,BIO_02248,93.97,2021-11-13,EMP_004580
Bola Williams,Ministry of Agriculture,342939,2166285786,Access,BIO_02830,93.75,2020-03-22,EMP_004581
Aisha Ahmad,Ministry of Finance,123873,6782909338,UBA,BIO_05244,86.09,2023-05-27,EMP_004582
Tayo Adeleke,Ministry of Education,426125,5882403866,First Bank,BIO_02326,96.03,2019-05-20,EMP_004583
Fatima Yusuf,Nigeria Customs Service,294391,6143097042,UBA,BIO_08444,93.33,2021-03-02,EMP_004584
Bola Adeleke,Civil Service Commission,417617,3822028306,GTBank,BIO_00044,94.17,2016-09-16,EMP_004585
Tayo Ogunlesi,Ministry of Power,423222,5877505009,GTBank,BIO_08476,85.69,2023-06-24,EMP_004586
Nnamdi Onyeka,Ministry of Water Resources,224292,2251136235,Zenith,BIO_02778,96.7,2020-06-22,EMP_004587
Okechukwu Onyeka,Ministry of Education,263926,4868389192,GTBank,BIO_05956,90.0,2021-02-13,EMP_004588
Kemi Williams,Civil Service Commission,463639,3488717487,First Bank,BIO_06563,95.93,2022-04-14,EMP_004589
Femi Oyedepo,Ministry of Finance,189451,1795857694,Access,BIO_07875,93.99,2021-10-18,EMP_004590
Nnamdi Nwosu,Ministry of Works,344690,5726083648,Access,BIO_01294,93.49,2022-09-24,EMP_004591
Tayo Adeyemi,Civil Service Commission,235021,9105023300,Access,BIO_07164,95.68,2018-09-10,EMP_004592
Uchenna Ani,Ministry of Health,168875,2284216203,UBA,BIO_06441,95.0,2018-10-10,EMP_004593
Chukwu Okonkwo,Ministry of Water Resources,414257,3173166867,Access,BIO_03358,89.05,2019-10-15,EMP_004594
Aisha Suleiman,Nigeria Customs Service,479123,4266550919,First Bank,BIO_07720,90.66,2022-04-16,EMP_004595
Tunde Oyedepo,Ministry of Water Resources,116203,8435172841,First Bank,BIO_04181,85.47,2018-08-19,EMP_004596
Okechukwu Eze,Ministry of Water Resources,292543,7323704390,First Bank,BIO_07232,97.99,2016-08-23,EMP_004597
Ibrahim Ahmad,Ministry of Water Resources,124214,4779222094,First Bank,BIO_04214,93.9,2023-10-01,EMP_004598
Fatima Ahmad,Federal Roads Maintenance Agency,185882,1237284193,UBA,BIO_06758,97.56,2019-02-28,EMP_004599
Yemi Adebayo,Ministry of Power,129484,1576832588,First Bank,BIO_08293,97.33,2020-02-16,EMP_004600
Ade Adeleke,Ministry of Power,449525,6174627794,Zenith,BIO_05612,86.68,2018-01-25,EMP_004601
Ade Adeleke,Ministry of Agriculture,425909,7587878228,UBA,BIO_08347,94.33,2021-08-24,EMP_004602
Tayo Ogunlesi,Ministry of Water Resources,176584,9505007303,Access,BIO_03080,90.32,2018-09-04,EMP_004603
Fatima Suleiman,Ministry of Education,258375,6757903105,First Bank,BIO_06361,97.09,2018-01-18,EMP_004604
Aisha Umar,Ministry of Health,1338870,8211424854,UBA,BIO_41446,89.62,2025-07-20,EMP_004605
Nnamdi Nwosu,Ministry of Education,406961,1591650942,Zenith,BIO_06357,86.53,2018-01-05,EMP_004606
Bola Adeleke,Ministry of Health,102452,8107918144,UBA,BIO_03522,95.34,2024-03-14,EMP_004607
Amina Ibrahim,Ministry of Water Resources,380340,2546372453,UBA,BIO_08318,88.41,2020-02-12,EMP_004608
Chiamaka Nwosu,Ministry of Water Resources,256015,3256373509,Access,BIO_00215,93.78,2024-10-09,EMP_004609
Adaeze Eze,Ministry of Water Resources,266332,5806066060,UBA,BIO_05441,88.2,2021-05-04,EMP_004610
Chiamaka Nwankwo,Ministry of Power,458590,7555421660,First Bank,BIO_01794,90.59,2017-06-14,EMP_004611
Fatima Umar,Nigeria Customs Service,444724,6821351936,Zenith,BIO_03954,88.19,2018-09-10,EMP_004612
Abubakar Suleiman,Ministry of Education,250314,6817830606,GTBank,BIO_27134,99.06,2023-02-09,EMP_004613
Nnamdi Nwankwo,Ministry of Health,93416,4549529613,First Bank,BIO_04626,89.79,2024-12-03,EMP_004614
Uchenna Nwankwo,Ministry of Water Resources,411837,9056674904,UBA,BIO_00985,91.47,2022-05-25,EMP_004615
Adaeze Eze,Federal Roads Maintenance Agency,196836,7599650512,UBA,BIO_08819,94.52,2024-01-03,EMP_004616
Aisha Suleiman,Nigeria Customs Service,157962,9434576659,UBA,BIO_05954,88.03,2024-05-02,EMP_004617
Aisha Ahmad,Ministry of Agriculture,430418,9929098515,Zenith,BIO_07019,97.85,2023-05-26,EMP_004618
Chioma Okafor,Ministry of Finance,149835,5728634667,GTBank,,99.9,2026-03-11,EMP_004619
Amina Musa,Ministry of Water Resources,383474,3592905290,Access,BIO_69964,96.36,2017-04-18,EMP_004620
Tunde Adeleke,Nigeria Customs Service,306528,5010988093,Zenith,BIO_06555,89.21,2023-06-19,EMP_004621
Chiamaka Ani,Ministry of Agriculture,304473,4390131772,GTBank,BIO_07175,97.33,2018-10-11,EMP_004622
Ibrahim Ibrahim,Ministry of Power,102649,8822328936,Access,BIO_07108,87.58,2023-06-23,EMP_004623
Dele Adebayo,Ministry of Water Resources,112497,1863855152,Zenith,BIO_06537,92.2,2017-05-28,EMP_004624
Bola Adeyemi,Ministry of Power,328827,4449380335,UBA,BIO_07326,96.1,2024-12-03,EMP_004625
Bola Adeleke,Ministry of Agriculture,162027,3618136715,GTBank,BIO_04483,91.84,2025-03-15,EMP_004626
Uchenna Okonkwo,Ministry of Agriculture,355012,6330424528,First Bank,BIO_03275,87.19,2021-12-07,EMP_004627
Nnamdi Ani,Ministry of Works,406258,8070323361,Zenith,BIO_06123,95.26,2017-02-26,EMP_004628
Chioma Ani,Ministry of Water Resources,123857,5605809241,Zenith,,99.9,2025-01-10,EMP_004629
Femi Williams,Ministry of Water Resources,98920,9630692478,Zenith,BIO_08826,94.43,2022-12-17,EMP_004630
Dele Adebayo,Federal Roads Maintenance Agency,285674,7955810923,Zenith,BIO_08411,88.82,2019-05-29,EMP_004631
Tunde Adeyemi,Ministry of Health,233636,6669849190,GTBank,BIO_03852,86.6,2022-07-17,EMP_004632
Okechukwu Eze,Ministry of Power,171067,7360196137,Zenith,BIO_06684,88.38,2023-04-16,EMP_004633
Dele Adeleke,Ministry of Agriculture,126385,7429948010,GTBank,BIO_01739,91.8,2018-04-07,EMP_004634
Uchenna Onyeka,Ministry of Power,133088,6492867366,GTBank,,99.9,2025-08-07,EMP_004635
Usman Ahmad,Ministry of Agriculture,464986,6831634800,UBA,BIO_03571,97.39,2021-02-25,EMP_004636
Tunde Williams,Civil Service Commission,368291,7782480394,Access,BIO_05269,95.35,2020-08-21,EMP_004637
Usman Musa,Ministry of Water Resources,475421,2889638038,Zenith,BIO_02638,89.3,2019-03-19,EMP_004638
Zainab Ahmad,Civil Service Commission,270098,6858848304,Zenith,BIO_05919,87.62,2017-12-02,EMP_004639
Chioma Nwankwo,Nigeria Customs Service,471842,9050633927,UBA,BIO_01765,97.09,2018-08-20,EMP_004640
Hassan Umar,Nigeria Customs Service,316017,2766310392,First Bank,BIO_01684,86.87,2021-07-12,EMP_004641
Aisha Mohammed,Ministry of Water Resources,233847,3023756870,GTBank,BIO_00122,92.21,2021-07-29,EMP_004642
Kemi Oyedepo,Nigeria Customs Service,166445,3461629979,GTBank,BIO_02126,90.2,2017-11-08,EMP_004643
Nnamdi Okonkwo,Ministry of Health,192303,3547395634,GTBank,BIO_08786,96.23,2018-08-24,EMP_004644
Amina Musa,Ministry of Agriculture,115575,9834453096,Zenith,BIO_01713,86.48,2020-02-12,EMP_004645
Chinedu Okafor,Ministry of Education,450057,2118812413,Access,BIO_08919,94.46,2018-07-10,EMP_004646
Femi Adeyemi,Ministry of Water Resources,204694,5135218412,Zenith,BIO_05171,90.69,2018-10-03,EMP_004647
Usman Umar,Ministry of Education,409840,6167794289,First Bank,BIO_08993,89.38,2018-09-15,EMP_004648
Aisha Ibrahim,Federal Roads Maintenance Agency,443265,8448127326,Access,BIO_04120,89.56,2023-04-02,EMP_004649
Aisha Umar,Ministry of Health,196610,9668723366,First Bank,BIO_04555,93.15,2021-03-22,EMP_004650
Ade Adebayo,Ministry of Education,413807,6497969950,Zenith,BIO_03533,86.9,2023-07-06,EMP_004651
Nnamdi Okonkwo,Ministry of Education,486450,6786848323,UBA,BIO_08866,97.61,2023-06-23,EMP_004652
Zainab Yusuf,Ministry of Agriculture,400054,1943531675,GTBank,BIO_08767,93.56,2024-04-12,EMP_004653
Amina Ibrahim,Ministry of Power,289506,5695427207,GTBank,BIO_08392,85.47,2023-04-17,EMP_004654
Ibrahim Umar,Ministry of Health,139092,8709216797,UBA,BIO_00186,96.05,2023-04-14,EMP_004655
Zainab Ahmad,Nigeria Customs Service,448451,1587927263,Zenith,BIO_53743,98.95,2019-03-30,EMP_004656
Nnamdi Eze,Federal Roads Maintenance Agency,161764,3638749202,GTBank,BIO_06666,89.76,2019-07-28,EMP_004657
Uchenna Onyeka,Ministry of Finance,134463,1275818878,Zenith,BIO_04345,90.29,2019-02-21,EMP_004658
Okechukwu Nwankwo,Ministry of Finance,460277,7580769057,First Bank,BIO_03320,89.14,2018-07-08,EMP_004659
Okechukwu Onyeka,Ministry of Finance,225126,6535492445,Zenith,BIO_06776,90.37,2020-03-28,EMP_004660
Tayo Adeleke,Civil Service Commission,459971,2328092441,Zenith,BIO_03782,92.32,2021-10-22,EMP_004661
Bola Adeyemi,Ministry of Finance,326409,7437068004,GTBank,BIO_93909,99.84,2021-06-06,EMP_004662
Dele Oyedepo,Federal Roads Maintenance Agency,293364,8019322620,Zenith,BIO_07915,93.07,2020-08-21,EMP_004663
Usman Yusuf,Civil Service Commission,403952,7313749359,UBA,BIO_01648,94.47,2018-03-17,EMP_004664
Hassan Suleiman,Civil Service Commission,290070,6646503889,Access,BIO_03297,94.1,2019-11-18,EMP_004665
Ade Adebayo,Nigeria Customs Service,344526,9626738399,GTBank,BIO_08515,91.94,2022-08-11,EMP_004666
Chukwu Onyeka,Ministry of Power,148236,8891564291,First Bank,BIO_08960,85.07,2017-02-04,EMP_004667
Abubakar Musa,Ministry of Power,476615,5718305437,Zenith,BIO_08207,88.74,2019-06-21,EMP_004668
Bola Oyedepo,Ministry of Works,294712,2371978048,Zenith,,99.9,2024-12-29,EMP_004669
Tayo Adeyemi,Ministry of Works,380864,9819568807,Access,BIO_04153,85.87,2023-12-05,EMP_004670
Kemi Adeyemi,Nigeria Customs Service,246830,3011296263,Access,BIO_86849,98.8,2022-11-18,EMP_004671
Kemi Adeleke,Ministry of Works,361909,5739905130,Access,BIO_04019,92.38,2021-02-14,EMP_004672
Amina Ibrahim,Nigeria Customs Service,394883,7950353744,Zenith,BIO_01330,86.04,2025-02-25,EMP_004673
Hassan Yusuf,Ministry of Water Resources,443693,1886882593,GTBank,BIO_07201,91.55,2018-09-15,EMP_004674
Bola Ogunlesi,Federal Roads Maintenance Agency,138691,4973481660,GTBank,BIO_06646,88.16,2024-01-14,EMP_004675
Abubakar Musa,Ministry of Health,185190,2335222477,First Bank,BIO_01624,87.16,2020-02-19,EMP_004676
Kemi Oyedepo,Ministry of Agriculture,311675,6815343757,GTBank,BIO_01840,89.88,2016-10-15,EMP_004677
Kemi Oyedepo,Nigeria Customs Service,113375,1068840949,Access,BIO_06274,92.82,2024-09-04,EMP_004678
Abubakar Yusuf,Ministry of Power,252829,3805790840,Access,BIO_08287,93.62,2022-03-27,EMP_004679
Uchenna Okonkwo,Ministry of Health,483224,3780977654,Zenith,BIO_05762,90.3,2021-09-17,EMP_004680
Abubakar Ibrahim,Ministry of Works,447999,8359601994,UBA,BIO_06167,86.28,2024-02-11,EMP_004681
Chukwu Okonkwo,Ministry of Education,399353,9265017476,GTBank,BIO_02567,89.09,2018-09-02,EMP_004682
Yemi Ogunlesi,Ministry of Works,282634,5870341836,First Bank,BIO_05257,87.76,2016-06-06,EMP_004683
Zainab Ibrahim,Ministry of Water Resources,115373,8871141577,UBA,BIO_05127,92.08,2024-03-29,EMP_004684
Usman Suleiman,Nigeria Customs Service,192302,2993453758,Access,BIO_08692,92.69,2020-11-11,EMP_004685
Ibrahim Suleiman,Nigeria Customs Service,300413,1610664088,UBA,BIO_02606,93.29,2024-01-24,EMP_004686
Amina Yusuf,Ministry of Agriculture,430987,2120443064,UBA,BIO_05803,88.91,2024-09-15,EMP_004687
Tunde Adeleke,Ministry of Agriculture,273902,5217388264,First Bank,BIO_05809,88.77,2018-04-27,EMP_004688
Femi Adeleke,Ministry of Finance,294477,1160882123,Access,,99.9,2026-04-16,EMP_004689
Hassan Musa,Ministry of Agriculture,363062,5150978926,GTBank,BIO_00636,91.97,2019-02-21,EMP_004690
Okechukwu Nwankwo,Ministry of Agriculture,447052,7714372045,Zenith,BIO_07627,95.54,2018-07-06,EMP_004691
Dele Williams,Ministry of Health,474734,1692022200,GTBank,BIO_04768,88.49,2024-06-18,EMP_004692
Dele Williams,Civil Service Commission,344178,1235128728,Access,BIO_06305,96.33,2022-04-15,EMP_004693
Nnamdi Ani,Ministry of Finance,162202,7327852531,Access,BIO_01877,97.67,2023-07-25,EMP_004694
Chinedu Ani,Ministry of Education,352835,3052740856,First Bank,BIO_04763,89.51,2017-06-20,EMP_004695
Usman Umar,Federal Roads Maintenance Agency,343951,9589060100,Access,BIO_06371,87.81,2019-11-19,EMP_004696
Uchenna Nwosu,Ministry of Agriculture,368404,3399634719,First Bank,BIO_09118,96.64,2018-10-10,EMP_004697
Tunde Oyedepo,Ministry of Water Resources,235385,8514016486,Zenith,BIO_01832,88.79,2023-02-24,EMP_004698
Kemi Adeyemi,Ministry of Health,376707,9829106986,GTBank,BIO_06976,89.0,2025-04-14,EMP_004699
Tunde Oyedepo,Nigeria Customs Service,199690,6437974057,Access,BIO_02305,90.46,2016-07-01,EMP_004700
Dele Adeleke,Federal Roads Maintenance Agency,253241,7403389161,Zenith,BIO_06313,85.02,2024-10-18,EMP_004701
Tunde Williams,Ministry of Education,220921,9565206226,GTBank,BIO_00307,93.11,2025-04-02,EMP_004702
Nnamdi Nwankwo,Ministry of Finance,187884,4642696964,First Bank,BIO_00889,96.85,2024-08-19,EMP_004703
Chinedu Nwosu,Ministry of Power,256012,7774215719,GTBank,BIO_01859,97.78,2023-06-24,EMP_004704
Abubakar Ibrahim,Ministry of Agriculture,230432,7139899604,UBA,BIO_03063,88.04,2022-09-04,EMP_004705
Kemi Adeyemi,Ministry of Health,357816,5367600321,Zenith,BIO_05748,97.52,2024-01-21,EMP_004706
Ibrahim Musa,Ministry of Agriculture,156142,9434603215,GTBank,BIO_07576,87.32,2022-02-16,EMP_004707
Yemi Oyedepo,Ministry of Education,269943,2022034393,Access,BIO_01275,95.79,2019-01-06,EMP_004708
Tunde Adebayo,Ministry of Agriculture,487206,6405199534,First Bank,BIO_06789,88.59,2018-06-21,EMP_004709
Usman Ahmad,Civil Service Commission,197637,8518826832,Access,BIO_04429,87.29,2024-01-04,EMP_004710
Amina Umar,Ministry of Health,1228065,9322303952,Access,BIO_26251,86.54,2026-04-21,EMP_004711
Zainab Ahmad,Ministry of Health,105952,2782010257,GTBank,BIO_06705,97.76,2021-12-01,EMP_004712
Adaeze Eze,Ministry of Health,383865,3753286563,Access,BIO_02641,89.93,2022-03-13,EMP_004713
Adaeze Ani,Ministry of Health,289579,1385978249,UBA,BIO_02387,90.67,2024-03-31,EMP_004714
Chukwu Nwosu,Nigeria Customs Service,287820,3001048723,Access,BIO_06671,87.88,2018-10-31,EMP_004715
Bola Ogunlesi,Ministry of Agriculture,229034,3741669031,UBA,BIO_04168,90.52,2021-05-15,EMP_004716
Zainab Mohammed,Nigeria Customs Service,177158,3454068186,UBA,BIO_04398,95.9,2019-04-21,EMP_004717
Aisha Ahmad,Ministry of Works,156260,8448288051,First Bank,BIO_00257,97.11,2024-01-27,EMP_004718
Abubakar Mohammed,Federal Roads Maintenance Agency,438515,8441638372,First Bank,BIO_05069,96.07,2016-10-03,EMP_004719
Chioma Okonkwo,Ministry of Finance,198522,9517762279,UBA,BIO_05747,95.33,2017-05-08,EMP_004720
Chinedu Ani,Ministry of Works,212467,5963842485,UBA,BIO_04296,86.47,2021-10-03,EMP_004721
Bola Williams,Ministry of Education,343803,4980763214,GTBank,BIO_03804,86.83,2023-11-15,EMP_004722
Tayo Oyedepo,Ministry of Health,180774,2314749799,First Bank,BIO_05179,88.26,2017-01-18,EMP_004723
Chukwu Okonkwo,Ministry of Power,438277,3474094711,UBA,BIO_02468,85.25,2017-10-01,EMP_004724
Chioma Ani,Federal Roads Maintenance Agency,499126,4076776365,GTBank,BIO_01035,94.48,2022-07-16,EMP_004725
Abubakar Musa,Ministry of Education,217161,5329497315,Access,BIO_09010,92.19,2025-04-27,EMP_004726
Ade Adebayo,Ministry of Agriculture,312690,7603053138,UBA,BIO_01451,91.6,2025-04-09,EMP_004727
Uchenna Obiora,Ministry of Finance,411401,3035123872,Zenith,BIO_02246,95.11,2021-03-05,EMP_004728
Usman Ahmad,Ministry of Finance,250276,6417330718,UBA,BIO_01543,87.86,2020-12-03,EMP_004729
Chiamaka Eze,Ministry of Works,92733,6732728635,GTBank,BIO_01989,89.84,2023-06-20,EMP_004730
Kemi Williams,Ministry of Works,126338,2404694920,UBA,BIO_01555,96.54,2023-05-27,EMP_004731
Chioma Okonkwo,Ministry of Works,124622,3966693826,First Bank,BIO_06782,90.76,2017-02-16,EMP_004732
Usman Ibrahim,Ministry of Education,469799,5372353005,Access,BIO_03179,90.94,2017-10-08,EMP_004733
Chiamaka Nwankwo,Ministry of Finance,349002,1374830906,First Bank,BIO_02176,92.82,2022-06-01,EMP_004734
Chinedu Obiora,Ministry of Agriculture,210743,4394282195,GTBank,BIO_09141,92.37,2022-11-01,EMP_004735
Ibrahim Yusuf,Ministry of Water Resources,164127,1153329436,First Bank,BIO_05698,87.19,2017-04-12,EMP_004736
Fatima Mohammed,Ministry of Education,335520,2601095726,Zenith,BIO_08527,93.97,2021-08-27,EMP_004737
Abubakar Mohammed,Ministry of Health,296110,9175778477,First Bank,BIO_05249,94.16,2023-12-02,EMP_004738
Kemi Williams,Civil Service Commission,356864,7187417545,UBA,BIO_02633,88.2,2019-07-13,EMP_004739
Amina Ahmad,Federal Roads Maintenance Agency,352930,1842579006,UBA,BIO_05034,93.34,2022-11-09,EMP_004740
Dele Adeyemi,Civil Service Commission,275089,8394235254,GTBank,BIO_02703,92.92,2022-11-28,EMP_004741
Uchenna Onyeka,Ministry of Health,478543,6097805976,First Bank,BIO_07790,96.87,2022-05-04,EMP_004742
Fatima Yusuf,Ministry of Agriculture,310517,8693517555,Zenith,BIO_85420,97.28,2016-06-21,EMP_004743
Adaeze Nwankwo,Civil Service Commission,432135,5873765114,UBA,BIO_02851,92.72,2017-03-05,EMP_004744
Femi Adebayo,Ministry of Power,181678,8356464376,GTBank,BIO_05291,91.38,2019-05-04,EMP_004745
Zainab Umar,Ministry of Works,410400,3731391184,Zenith,BIO_00915,87.68,2020-07-23,EMP_004746
Zainab Ibrahim,Ministry of Works,272673,4045467327,UBA,BIO_00952,96.09,2016-11-05,EMP_004747
Chioma Eze,Ministry of Works,408313,4045992856,Zenith,BIO_19795,99.76,2016-06-29,EMP_004748
Kemi Ogunlesi,Ministry of Water Resources,412738,6931508252,UBA,BIO_08214,91.18,2016-09-01,EMP_004749
Uchenna Okafor,Nigeria Customs Service,194699,1282897361,UBA,BIO_02945,94.61,2020-04-15,EMP_004750
Tunde Adeyemi,Ministry of Finance,473457,1709699107,Zenith,BIO_05746,92.52,2024-06-29,EMP_004751
Zainab Ahmad,Ministry of Health,439538,1634635239,GTBank,BIO_05617,96.35,2024-04-15,EMP_004752
Dele Williams,Ministry of Agriculture,223887,4278379917,First Bank,BIO_06995,87.83,2017-01-17,EMP_004753
Ade Oyedepo,Ministry of Education,104849,7647528853,First Bank,BIO_05365,94.91,2019-06-30,EMP_004754
Chukwu Ani,Ministry of Agriculture,112413,1344224642,First Bank,BIO_06699,96.71,2025-03-14,EMP_004755
Usman Mohammed,Nigeria Customs Service,164649,7479734285,Access,BIO_08923,86.71,2017-10-29,EMP_004756
Amina Ahmad,Nigeria Customs Service,401866,2244725831,Access,BIO_07089,90.37,2023-07-06,EMP_004757
Yemi Ogunlesi,Ministry of Finance,200614,1423888516,Zenith,BIO_05661,92.38,2019-09-12,EMP_004758
Kemi Oyedepo,Ministry of Water Resources,479731,8307832612,GTBank,BIO_04568,97.96,2021-07-04,EMP_004759
Chinedu Nwankwo,Ministry of Water Resources,479960,5583446489,Zenith,BIO_07670,96.31,2020-05-04,EMP_004760
Okechukwu Onyeka,Civil Service Commission,264243,9929495741,Access,BIO_04289,93.37,2022-11-16,EMP_004761
Fatima Ahmad,Ministry of Power,457766,7008112295,Access,BIO_06640,86.83,2021-07-17,EMP_004762
Tayo Ogunlesi,Ministry of Power,300015,7640021199,Access,BIO_02209,92.0,2021-06-21,EMP_004763
Usman Yusuf,Nigeria Customs Service,378456,7569329658,Zenith,BIO_02262,97.19,2023-09-08,EMP_004764
Chioma Ani,Ministry of Education,133981,1571453015,GTBank,BIO_02364,95.77,2018-03-01,EMP_004765
Nnamdi Onyeka,Ministry of Finance,100227,1865603706,Access,BIO_03915,92.47,2018-06-21,EMP_004766
Usman Yusuf,Ministry of Agriculture,125836,4122127388,UBA,BIO_01746,87.4,2018-03-21,EMP_004767
Ade Adebayo,Ministry of Water Resources,164039,6565401184,Zenith,BIO_03169,88.61,2021-03-04,EMP_004768
Tayo Adeyemi,Federal Roads Maintenance Agency,1405748,1130192796,UBA,BIO_83270,95.31,2025-11-02,EMP_004769
Uchenna Ani,Ministry of Finance,413111,9569662315,Access,BIO_01924,88.33,2023-07-24,EMP_004770
Ade Adeleke,Ministry of Agriculture,233955,3057686059,UBA,BIO_07994,86.62,2020-09-14,EMP_004771
Ade Adeyemi,Civil Service Commission,152031,6652159177,First Bank,BIO_06656,96.63,2021-08-29,EMP_004772
Adaeze Nwankwo,Nigeria Customs Service,258085,2139277489,Access,BIO_07362,94.39,2025-04-18,EMP_004773
Chinedu Ani,Nigeria Customs Service,443924,7720706134,Access,,99.9,2025-11-02,EMP_004774
Okechukwu Okonkwo,Ministry of Education,282433,1148977258,GTBank,BIO_04457,85.72,2023-01-08,EMP_004775
Nnamdi Nwosu,Civil Service Commission,263067,7323775606,First Bank,BIO_00071,91.63,2021-04-03,EMP_004776
Tayo Williams,Ministry of Agriculture,89687,3581566317,First Bank,BIO_08770,91.26,2024-10-17,EMP_004777
Tayo Adeleke,Federal Roads Maintenance Agency,143395,5179907914,Access,BIO_04594,94.14,2021-04-22,EMP_004778
Hassan Umar,Ministry of Water Resources,379010,6795378666,Zenith,BIO_05770,90.25,2018-04-10,EMP_004779
Chiamaka Nwankwo,Ministry of Power,135815,5958114047,Access,BIO_07702,96.4,2020-11-10,EMP_004780
Abubakar Musa,Ministry of Water Resources,86106,5484711422,UBA,BIO_01809,95.8,2021-12-23,EMP_004781
Usman Ahmad,Ministry of Agriculture,136728,2072813741,GTBank,BIO_01100,96.33,2020-05-19,EMP_004782
Bola Williams,Nigeria Customs Service,281964,3804118080,Access,BIO_06806,94.98,2017-05-12,EMP_004783
Uchenna Onyeka,Ministry of Health,425154,4044311756,GTBank,BIO_07023,92.76,2025-04-24,EMP_004784
Usman Ahmad,Ministry of Education,187679,7640664157,First Bank,BIO_02396,95.36,2019-06-10,EMP_004785
Ibrahim Ibrahim,Nigeria Customs Service,497771,1798451907,GTBank,BIO_02544,95.24,2018-09-16,EMP_004786
Uchenna Nwankwo,Federal Roads Maintenance Agency,473853,4575101066,UBA,BIO_08114,87.38,2019-06-07,EMP_004787
Nnamdi Okafor,Civil Service Commission,239517,4178675984,Zenith,BIO_62338,99.53,2023-08-28,EMP_004788
Dele Oyedepo,Ministry of Health,309174,5065172297,First Bank,BIO_06679,92.92,2023-03-04,EMP_004789
Ibrahim Ahmad,Ministry of Power,121786,9770828647,First Bank,BIO_07231,93.96,2021-02-18,EMP_004790
Femi Ogunlesi,Federal Roads Maintenance Agency,244518,4016820684,Zenith,BIO_06617,97.54,2023-01-26,EMP_004791
Bola Williams,Ministry of Health,425645,8436800007,Zenith,BIO_06463,92.17,2024-03-26,EMP_004792
Adaeze Okafor,Civil Service Commission,457467,2615405311,Access,BIO_03612,96.74,2019-06-21,EMP_004793
Zainab Yusuf,Federal Roads Maintenance Agency,253381,7910951547,First Bank,BIO_07252,92.02,2016-11-07,EMP_004794
Okechukwu Okafor,Ministry of Education,87011,9142897169,UBA,BIO_06483,92.2,2016-07-15,EMP_004795
Ade Ogunlesi,Nigeria Customs Service,140176,8917147739,UBA,BIO_08202,85.1,2018-07-17,EMP_004796
Ade Williams,Ministry of Agriculture,161955,7373931136,Zenith,BIO_08890,92.9,2018-07-07,EMP_004797
Abubakar Ahmad,Ministry of Water Resources,472369,8356029104,GTBank,BIO_06193,87.18,2016-12-23,EMP_004798
Femi Adeleke,Ministry of Health,303585,9593125771,GTBank,BIO_01981,94.87,2019-07-12,EMP_004799
Nnamdi Okafor,Ministry of Finance,316402,7163489509,GTBank,BIO_05083,96.19,2023-07-13,EMP_004800
Femi Williams,Nigeria Customs Service,133503,7212628825,Zenith,BIO_08858,88.42,2025-03-13,EMP_004801
Amina Ibrahim,Ministry of Finance,179452,8913878264,Access,BIO_03895,94.65,2024-07-05,EMP_004802
Amina Mohammed,Ministry of Works,136121,2156987791,Access,BIO_06903,92.43,2017-12-29,EMP_004803
Fatima Yusuf,Ministry of Power,187585,6558315173,UBA,BIO_04981,85.88,2017-03-04,EMP_004804
Hassan Ibrahim,Civil Service Commission,282550,3887632612,Zenith,BIO_03658,95.91,2016-09-15,EMP_004805
Dele Adeleke,Nigeria Customs Service,88004,4232974628,UBA,BIO_01932,96.43,2019-09-25,EMP_004806
Hassan Suleiman,Nigeria Customs Service,361947,9137742917,UBA,BIO_06883,90.48,2020-08-14,EMP_004807
Ade Adeyemi,Ministry of Finance,488766,1181394855,Zenith,BIO_07928,88.65,2021-10-12,EMP_004808
Chukwu Ani,Federal Roads Maintenance Agency,115091,3893265861,Access,BIO_07960,88.97,2019-10-21,EMP_004809
Aisha Mohammed,Federal Roads Maintenance Agency,293165,7721951763,Access,BIO_04598,85.73,2018-05-24,EMP_004810
Hassan Umar,Ministry of Education,103574,7865444935,Zenith,BIO_07631,87.8,2023-10-21,EMP_004811
Femi Adeleke,Ministry of Health,186320,3207888446,First Bank,BIO_03060,96.75,2020-02-03,EMP_004812
Okechukwu Eze,Ministry of Works,381465,6467291498,Zenith,BIO_03669,90.85,2018-12-02,EMP_004813
Kemi Adeleke,Ministry of Agriculture,359231,9331611717,Access,BIO_02448,92.43,2020-05-12,EMP_004814
Chinedu Nwankwo,Ministry of Finance,222451,4932624262,UBA,BIO_06405,87.87,2025-01-28,EMP_004815
Zainab Yusuf,Civil Service Commission,268743,1477732175,First Bank,BIO_07747,97.89,2016-09-10,EMP_004816
Chukwu Ani,Civil Service Commission,191413,6843623639,Zenith,BIO_01277,88.17,2020-07-07,EMP_004817
Chukwu Okafor,Ministry of Health,467499,4120080808,Access,BIO_05310,85.82,2022-09-04,EMP_004818
Ibrahim Suleiman,Ministry of Education,262730,3768900871,First Bank,BIO_07473,97.02,2018-09-17,EMP_004819
Kemi Adeyemi,Ministry of Education,487203,9294812412,Access,BIO_01618,94.02,2024-04-17,EMP_004820
Nnamdi Obiora,Ministry of Education,437317,6983263409,Zenith,BIO_08766,88.04,2019-07-31,EMP_004821
Yemi Oyedepo,Civil Service Commission,180707,5477047622,Zenith,BIO_08308,93.99,2023-02-13,EMP_004822
Tayo Adeleke,Nigeria Customs Service,287829,9840508713,First Bank,BIO_01885,90.53,2024-10-26,EMP_004823
Tunde Ogunlesi,Ministry of Agriculture,412433,6285588124,GTBank,BIO_09151,86.09,2017-07-14,EMP_004824
Femi Williams,Ministry of Water Resources,96815,6919936379,UBA,BIO_06685,96.06,2017-10-08,EMP_004825
Dele Adeyemi,Ministry of Works,277057,8186685510,UBA,BIO_03837,94.46,2023-02-18,EMP_004826
Chinedu Obiora,Ministry of Finance,423402,9855056688,Access,BIO_04061,94.44,2023-08-04,EMP_004827
Nnamdi Ani,Ministry of Works,303716,2696346187,GTBank,BIO_01145,87.47,2021-04-18,EMP_004828
Amina Suleiman,Ministry of Finance,124252,4751182147,Access,BIO_00908,85.7,2024-02-22,EMP_004829
Usman Suleiman,Civil Service Commission,285245,1052383292,First Bank,BIO_05132,88.89,2023-11-05,EMP_004830
Zainab Mohammed,Ministry of Power,1161272,1116587284,Zenith,BIO_50447,85.22,2026-01-01,EMP_004831
Chinedu Nwankwo,Federal Roads Maintenance Agency,229046,6167895740,First Bank,BIO_03098,94.49,2019-08-26,EMP_004832
Chioma Nwankwo,Ministry of Agriculture,428093,7565484197,Zenith,BIO_07332,92.13,2025-01-02,EMP_004833
Ade Oyedepo,Ministry of Health,331050,4219054160,UBA,BIO_05010,87.21,2025-01-09,EMP_004834
Chinedu Nwosu,Ministry of Finance,220633,1021441283,GTBank,BIO_03661,86.27,2021-07-17,EMP_004835
Adaeze Nwosu,Ministry of Power,133495,8767803768,Access,BIO_02274,88.1,2018-06-10,EMP_004836
Uchenna Nwankwo,Ministry of Power,146186,8891046388,Access,BIO_07091,90.22,2024-06-21,EMP_004837
Hassan Ahmad,Ministry of Health,497170,7517708558,First Bank,BIO_04282,94.89,2019-01-26,EMP_004838
Adaeze Onyeka,Ministry of Agriculture,121721,7449843127,Zenith,BIO_05049,89.64,2020-05-29,EMP_004839
Uchenna Eze,Ministry of Finance,244606,4287311074,GTBank,BIO_06834,97.71,2021-01-04,EMP_004840
Chiamaka Onyeka,Ministry of Power,81813,9789750232,Access,BIO_07408,86.9,2019-09-07,EMP_004841
Kemi Adebayo,Ministry of Water Resources,378245,9721829300,GTBank,BIO_08895,93.73,2017-02-03,EMP_004842
Amina Suleiman,Ministry of Agriculture,129167,7159665049,First Bank,BIO_05639,97.18,2019-11-09,EMP_004843
Tunde Adeleke,Ministry of Education,190974,8574225669,First Bank,BIO_04193,94.77,2023-10-18,EMP_004844
Ade Williams,Ministry of Water Resources,474714,9567932970,UBA,BIO_00004,85.31,2024-05-17,EMP_004845
Fatima Yusuf,Ministry of Works,423479,6471242194,GTBank,BIO_08930,88.96,2016-10-22,EMP_004846
Okechukwu Okonkwo,Ministry of Education,494366,5638072099,First Bank,BIO_08656,86.9,2018-11-14,EMP_004847
Chiamaka Obiora,Ministry of Finance,180758,7213026644,First Bank,BIO_08064,92.19,2016-08-07,EMP_004848
Nnamdi Nwosu,Civil Service Commission,336546,3247227017,First Bank,BIO_08037,88.3,2022-07-04,EMP_004849
Adaeze Obiora,Federal Roads Maintenance Agency,227614,3350976708,Zenith,BIO_06541,86.02,2025-03-04,EMP_004850
Uchenna Okonkwo,Ministry of Finance,94820,7272645144,GTBank,BIO_04845,96.24,2016-08-31,EMP_004851
Kemi Oyedepo,Nigeria Customs Service,289065,5589527486,First Bank,BIO_00117,96.21,2017-08-07,EMP_004852
Fatima Yusuf,Ministry of Education,291182,2090109081,Access,BIO_08291,92.87,2018-01-12,EMP_004853
Zainab Mohammed,Nigeria Customs Service,81357,4022496886,First Bank,BIO_07478,96.89,2024-07-08,EMP_004854
Uchenna Okafor,Federal Roads Maintenance Agency,183039,2761591068,Zenith,BIO_01643,96.4,2020-08-01,EMP_004855
Yemi Adebayo,Ministry of Works,175311,6219171453,Access,BIO_03300,95.22,2024-07-04,EMP_004856
Usman Suleiman,Ministry of Finance,198681,2366612142,Access,BIO_08121,94.96,2021-03-22,EMP_004857
Tayo Ogunlesi,Ministry of Health,226856,4820756089,Zenith,BIO_08272,94.38,2021-01-06,EMP_004858
Aisha Mohammed,Ministry of Finance,113695,4247788306,Access,BIO_01731,91.95,2024-11-09,EMP_004859
Abubakar Musa,Federal Roads Maintenance Agency,355210,4175995518,First Bank,BIO_03487,93.75,2020-03-25,EMP_004860
Abubakar Suleiman,Ministry of Water Resources,116264,8358186567,UBA,BIO_02461,95.88,2017-05-12,EMP_004861
Chukwu Okafor,Federal Roads Maintenance Agency,495478,5828216632,GTBank,BIO_04686,93.42,2019-07-11,EMP_004862
Dele Adebayo,Ministry of Health,239140,3945031830,First Bank,BIO_01469,93.93,2021-01-31,EMP_004863
Ade Ogunlesi,Civil Service Commission,487138,4178675984,Zenith,BIO_87900,99.02,2018-11-14,EMP_004864
Uchenna Onyeka,Ministry of Finance,498704,7950494896,GTBank,,99.9,2025-11-14,EMP_004865
Yemi Ogunlesi,Ministry of Health,84429,7251178118,Zenith,BIO_05142,94.47,2020-09-22,EMP_004866
Kemi Oyedepo,Ministry of Power,211603,2963271373,First Bank,BIO_00661,89.46,2025-05-01,EMP_004867
Usman Yusuf,Ministry of Education,355441,8663501125,First Bank,BIO_01136,97.51,2021-02-21,EMP_004868
Ade Ogunlesi,Ministry of Works,224609,6584551678,First Bank,BIO_05359,86.97,2024-06-10,EMP_004869
Chinedu Obiora,Ministry of Education,153250,4413111188,First Bank,BIO_05472,94.07,2024-04-26,EMP_004870
Chukwu Nwosu,Ministry of Power,455839,1948875400,Access,BIO_08403,89.94,2016-12-15,EMP_004871
Uchenna Eze,Ministry of Education,260509,9880534660,Zenith,BIO_08800,96.49,2017-11-26,EMP_004872
Ibrahim Mohammed,Ministry of Works,248236,7270360698,Zenith,BIO_09043,86.28,2023-10-29,EMP_004873
Amina Yusuf,Civil Service Commission,1083795,9563894412,UBA,BIO_92576,97.9,2025-07-27,EMP_004874
Yemi Williams,Nigeria Customs Service,337700,1587927263,Zenith,BIO_62617,99.83,2018-08-07,EMP_004875
Zainab Ahmad,Civil Service Commission,382680,8122151076,UBA,BIO_00200,93.68,2017-02-02,EMP_004876
Nnamdi Okafor,Ministry of Health,378552,4615796452,UBA,BIO_01041,89.29,2024-02-02,EMP_004877
Chukwu Okonkwo,Nigeria Customs Service,423055,4767231436,GTBank,BIO_04453,91.26,2016-11-02,EMP_004878
Chiamaka Okonkwo,Ministry of Finance,255975,4283976056,First Bank,BIO_77252,98.53,2020-05-18,EMP_004879
Chinedu Nwosu,Nigeria Customs Service,172370,8467146120,First Bank,BIO_06615,97.43,2019-07-18,EMP_004880
Bola Adeleke,Federal Roads Maintenance Agency,489292,8948321928,Access,BIO_01036,97.64,2022-10-22,EMP_004881
Bola Adebayo,Ministry of Education,222303,6739665815,GTBank,BIO_08717,93.67,2017-02-14,EMP_004882
Tayo Adeyemi,Ministry of Finance,294751,3907197947,Zenith,BIO_05887,87.39,2018-03-21,EMP_004883
Ibrahim Umar,Federal Roads Maintenance Agency,399215,9822874793,Access,BIO_05756,91.58,2024-08-28,EMP_004884
Tayo Adebayo,Civil Service Commission,278771,6479637661,First Bank,BIO_09139,97.6,2019-01-25,EMP_004885
Ade Oyedepo,Ministry of Works,85428,8989585121,Zenith,BIO_05795,97.33,2017-04-07,EMP_004886
Fatima Ibrahim,Ministry of Education,183465,7710173529,GTBank,BIO_06332,86.14,2020-02-15,EMP_004887
Kemi Adeleke,Ministry of Works,275976,6562496027,Access,BIO_09020,93.92,2024-03-09,EMP_004888
Chinedu Nwankwo,Nigeria Customs Service,497810,9969779319,UBA,BIO_03265,86.05,2022-04-27,EMP_004889
Tayo Williams,Ministry of Works,138398,2190913663,Access,BIO_08596,94.3,2021-04-23,EMP_004890
Tunde Adeleke,Ministry of Health,374680,9330808340,Access,BIO_07106,87.02,2018-04-15,EMP_004891
Ibrahim Ibrahim,Nigeria Customs Service,399278,7234352230,First Bank,BIO_04318,93.99,2016-09-23,EMP_004892
Chioma Ani,Nigeria Customs Service,312870,5239890708,First Bank,BIO_08525,87.72,2017-08-20,EMP_004893
Usman Mohammed,Ministry of Water Resources,482836,6822434094,Access,BIO_07729,90.15,2018-02-14,EMP_004894
Abubakar Suleiman,Civil Service Commission,244971,7126955273,First Bank,BIO_01578,88.1,2024-04-19,EMP_004895
Chukwu Nwankwo,Ministry of Works,266629,7762619793,Zenith,BIO_08315,87.57,2020-07-02,EMP_004896
Tayo Ogunlesi,Ministry of Health,277210,3971277716,UBA,BIO_04026,93.55,2021-07-23,EMP_004897
Chukwu Ani,Ministry of Education,203820,2622058301,Access,BIO_09031,87.82,2018-09-03,EMP_004898
Chioma Eze,Ministry of Finance,159756,7046314947,GTBank,BIO_01691,95.89,2018-10-23,EMP_004899
Tunde Adebayo,Civil Service Commission,97125,2888965777,First Bank,BIO_06380,97.22,2019-09-17,EMP_004900
Fatima Yusuf,Nigeria Customs Service,381866,6046378852,First Bank,BIO_02715,95.62,2019-11-01,EMP_004901
Zainab Yusuf,Ministry of Finance,472235,2900303049,UBA,BIO_05836,95.06,2021-03-25,EMP_004902
Amina Mohammed,Ministry of Health,329120,3884002965,UBA,BIO_08150,92.47,2019-05-14,EMP_004903
Chiamaka Okonkwo,Nigeria Customs Service,481288,4771645001,GTBank,BIO_04342,93.37,2022-04-02,EMP_004904
Amina Ahmad,Federal Roads Maintenance Agency,144520,7647441970,GTBank,BIO_00589,86.13,2017-03-15,EMP_004905
Bola Williams,Ministry of Power,389658,4503258664,Zenith,BIO_05824,92.22,2023-12-21,EMP_004906
Okechukwu Nwankwo,Ministry of Health,160065,3734080385,GTBank,BIO_01072,94.92,2017-10-29,EMP_004907
Chioma Nwankwo,Ministry of Agriculture,192278,4756575369,Zenith,BIO_02590,87.79,2020-10-07,EMP_004908
Dele Williams,Nigeria Customs Service,253737,6181363010,First Bank,BIO_08917,85.29,2018-07-16,EMP_004909
Bola Adeleke,Ministry of Finance,201491,2894938162,Access,BIO_07937,91.73,2018-10-27,EMP_004910
Ade Williams,Federal Roads Maintenance Agency,308304,2407428662,UBA,BIO_00104,97.95,2021-01-26,EMP_004911
Fatima Ibrahim,Ministry of Water Resources,124536,6482729391,UBA,BIO_08396,97.45,2023-05-27,EMP_004912
Okechukwu Nwankwo,Federal Roads Maintenance Agency,482676,1595568196,Access,BIO_08533,97.77,2023-09-16,EMP_004913
Amina Ibrahim,Ministry of Health,203484,2509294590,UBA,BIO_06980,90.74,2019-05-03,EMP_004914
Yemi Ogunlesi,Ministry of Health,322623,1796701986,UBA,BIO_08958,89.61,2017-11-25,EMP_004915
Zainab Mohammed,Ministry of Finance,228363,6405622388,Access,BIO_05455,92.09,2024-12-25,EMP_004916
Uchenna Onyeka,Ministry of Works,391211,1172388802,Access,BIO_02122,86.38,2018-02-05,EMP_004917
Yemi Williams,Ministry of Works,102019,9231957150,Access,BIO_06219,97.37,2022-10-06,EMP_004918
Zainab Ibrahim,Ministry of Power,160984,7967217148,First Bank,BIO_03868,97.7,2024-11-18,EMP_004919
Ade Ogunlesi,Ministry of Health,255614,7463036429,GTBank,BIO_00023,89.93,2019-12-10,EMP_004920
Amina Yusuf,Ministry of Works,106628,7176177177,UBA,,99.9,2024-06-09,EMP_004921
Ade Adeleke,Civil Service Commission,368981,9514894686,Zenith,,99.9,2025-09-20,EMP_004922
Uchenna Ani,Ministry of Finance,313674,6669493058,UBA,BIO_00783,87.57,2017-07-29,EMP_004923
Chioma Ani,Ministry of Works,452653,9222774312,Zenith,BIO_06780,88.48,2021-08-11,EMP_004924
Ade Williams,Ministry of Finance,469886,9884821362,GTBank,BIO_00716,87.83,2023-07-29,EMP_004925
Bola Oyedepo,Ministry of Agriculture,403794,4258626898,UBA,BIO_06474,92.25,2016-08-03,EMP_004926
Nnamdi Nwankwo,Ministry of Finance,92018,9361496299,Access,BIO_08961,91.57,2017-01-05,EMP_004927
Femi Adebayo,Ministry of Education,376157,8486221461,Zenith,BIO_01026,95.46,2024-08-26,EMP_004928
Hassan Musa,Ministry of Finance,229401,3698998558,Access,BIO_06494,90.55,2016-07-11,EMP_004929
Adaeze Nwankwo,Nigeria Customs Service,437321,2282769463,Access,BIO_06940,85.67,2024-02-21,EMP_004930
Adaeze Onyeka,Ministry of Finance,296551,2106450079,First Bank,BIO_06609,87.35,2023-10-14,EMP_004931
Ade Oyedepo,Ministry of Finance,406372,5656426849,Access,BIO_06488,96.22,2019-09-12,EMP_004932
Abubakar Ibrahim,Ministry of Education,438377,5199970796,Access,BIO_04280,88.47,2020-06-29,EMP_004933
Chioma Ani,Ministry of Water Resources,474321,4095808799,UBA,BIO_05527,97.08,2017-08-25,EMP_004934
Fatima Yusuf,Ministry of Water Resources,285542,1326236439,GTBank,BIO_01104,95.91,2023-12-13,EMP_004935
Yemi Adeleke,Ministry of Agriculture,113038,7279114612,First Bank,BIO_01381,97.74,2019-03-21,EMP_004936
Adaeze Nwosu,Civil Service Commission,167341,2218410118,GTBank,BIO_04834,97.2,2021-06-11,EMP_004937
Tunde Adeleke,Ministry of Water Resources,192506,3288738318,Zenith,BIO_00888,90.82,2019-01-18,EMP_004938
Chukwu Nwosu,Civil Service Commission,497281,4280297552,GTBank,BIO_07644,92.03,2021-02-25,EMP_004939
Chinedu Okafor,Ministry of Water Resources,393063,9711855238,UBA,BIO_04876,97.32,2024-09-30,EMP_004940
Hassan Suleiman,Ministry of Power,200786,3617519461,Access,BIO_06152,93.96,2019-12-29,EMP_004941
Femi Adeyemi,Ministry of Agriculture,100502,4656428170,Zenith,BIO_07568,95.62,2017-01-24,EMP_004942
Chiamaka Eze,Ministry of Power,201033,3213952806,First Bank,BIO_04593,87.49,2021-03-22,EMP_004943
Uchenna Obiora,Nigeria Customs Service,486966,1977808743,First Bank,BIO_05135,86.29,2021-09-27,EMP_004944
Fatima Yusuf,Ministry of Finance,113395,7196935264,First Bank,BIO_03410,85.78,2020-05-16,EMP_004945
Bola Williams,Civil Service Commission,444526,8692332779,UBA,BIO_06159,91.18,2018-06-29,EMP_004946
Bola Adeyemi,Civil Service Commission,301628,7759559580,Access,BIO_00904,91.37,2022-05-30,EMP_004947
Chinedu Ani,Ministry of Finance,120685,9681595097,Access,BIO_05470,85.59,2017-06-19,EMP_004948
Ibrahim Umar,Civil Service Commission,367067,6209153774,First Bank,BIO_03248,94.62,2023-12-17,EMP_004949
Abubakar Ibrahim,Ministry of Works,198170,9647159281,GTBank,BIO_07042,89.48,2021-05-09,EMP_004950
Zainab Umar,Federal Roads Maintenance Agency,315056,1717488941,First Bank,BIO_03740,91.88,2022-02-19,EMP_004951
Chiamaka Okonkwo,Ministry of Power,245981,9744799696,First Bank,BIO_04360,86.27,2023-07-03,EMP_004952
Ade Adeleke,Civil Service Commission,320886,8517620164,UBA,,99.9,2026-01-06,EMP_004953
Usman Musa,Ministry of Power,344059,1099728358,First Bank,BIO_07665,95.07,2020-04-30,EMP_004954
Okechukwu Obiora,Civil Service Commission,127499,5015797080,GTBank,BIO_00818,91.53,2023-09-06,EMP_004955
Fatima Mohammed,Civil Service Commission,248371,2013969463,Access,BIO_05223,92.02,2022-05-20,EMP_004956
Ibrahim Yusuf,Ministry of Health,492392,1776300966,First Bank,BIO_07237,85.97,2020-12-04,EMP_004957
Amina Ibrahim,Civil Service Commission,304589,6712228631,First Bank,BIO_02678,95.01,2020-10-17,EMP_004958
Usman Umar,Ministry of Agriculture,96810,7050938627,GTBank,BIO_04255,91.58,2021-10-15,EMP_004959
Nnamdi Ani,Ministry of Education,316476,4719931085,Access,BIO_08699,91.68,2021-09-05,EMP_004960
Adaeze Onyeka,Civil Service Commission,282259,6370591676,Zenith,BIO_02440,85.65,2021-07-18,EMP_004961
Hassan Umar,Ministry of Agriculture,195336,8080468736,Access,BIO_02116,95.28,2022-08-09,EMP_004962
Abubakar Mohammed,Ministry of Health,268334,5254271613,UBA,BIO_05731,94.72,2020-08-04,EMP_004963
Dele Adebayo,Nigeria Customs Service,200721,1984524945,UBA,BIO_08781,86.26,2021-11-20,EMP_004964
Yemi Ogunlesi,Ministry of Water Resources,243394,2692544114,UBA,BIO_05304,88.8,2023-01-24,EMP_004965
Chinedu Okafor,Ministry of Works,108084,7875775752,UBA,BIO_04737,91.29,2024-09-15,EMP_004966
Ibrahim Musa,Ministry of Power,497268,7958148642,First Bank,BIO_05780,90.79,2021-01-08,EMP_004967
Usman Ibrahim,Ministry of Health,221113,8023020703,First Bank,BIO_01297,92.34,2019-06-30,EMP_004968
Bola Oyedepo,Civil Service Commission,484297,2198162129,Access,BIO_01410,87.01,2017-07-20,EMP_004969
Ade Williams,Ministry of Power,216120,7477159723,GTBank,BIO_02335,85.31,2018-09-18,EMP_004970
Okechukwu Obiora,Ministry of Water Resources,272304,6211555189,GTBank,BIO_07553,92.27,2022-06-19,EMP_004971
Tayo Oyedepo,Ministry of Agriculture,234312,5181119968,Zenith,BIO_07603,86.49,2021-09-21,EMP_004972
Adaeze Ani,Ministry of Agriculture,80904,8258734984,First Bank,BIO_02615,85.55,2019-05-21,EMP_004973
Tayo Oyedepo,Ministry of Health,103914,2806723188,Access,BIO_19632,97.91,2019-01-21,EMP_004974
Chiamaka Eze,Ministry of Agriculture,284052,1246859124,Access,BIO_00162,94.1,2022-04-03,EMP_004975
Ibrahim Ahmad,Ministry of Water Resources,282232,6398040457,GTBank,BIO_08034,97.17,2023-10-18,EMP_004976
Chukwu Nwosu,Civil Service Commission,234169,8355303014,First Bank,BIO_05622,97.09,2018-10-11,EMP_004977
Aisha Suleiman,Ministry of Works,253182,1836881810,Zenith,BIO_06235,88.45,2021-01-20,EMP_004978
Fatima Ahmad,Ministry of Works,241907,8505781204,Zenith,BIO_02568,91.84,2024-07-23,EMP_004979
Femi Adebayo,Ministry of Power,411479,1408378638,Zenith,BIO_03736,97.96,2021-05-30,EMP_004980
Nnamdi Onyeka,Federal Roads Maintenance Agency,177704,2271355896,GTBank,BIO_06920,93.18,2023-03-17,EMP_004981
Tayo Adebayo,Ministry of Health,348940,1140400470,UBA,BIO_05068,85.18,2021-02-01,EMP_004982
Ibrahim Musa,Ministry of Power,92450,9419774310,UBA,BIO_06731,94.83,2017-12-14,EMP_004983
Aisha Mohammed,Ministry of Agriculture,363118,5173807290,Zenith,BIO_02955,93.22,2023-09-11,EMP_004984
Amina Suleiman,Ministry of Agriculture,171768,6375323123,GTBank,BIO_03419,87.56,2017-09-29,EMP_004985
Yemi Ogunlesi,Ministry of Works,480585,4362102536,GTBank,BIO_00527,90.16,2019-08-30,EMP_004986
Yemi Adebayo,Ministry of Works,166562,8105676552,Access,BIO_04416,87.07,2022-12-02,EMP_004987
Yemi Ogunlesi,Ministry of Agriculture,117422,9348584087,Zenith,BIO_03474,97.9,2020-11-08,EMP_004988
Chiamaka Okonkwo,Ministry of Finance,366159,1402059427,Zenith,BIO_00558,93.6,2018-03-08,EMP_004989
Femi Adebayo,Federal Roads Maintenance Agency,254069,7599382719,Zenith,BIO_02507,91.65,2019-02-18,EMP_004990
Amina Yusuf,Civil Service Commission,134526,6773205014,First Bank,BIO_07512,93.83,2019-05-27,EMP_004991
Uchenna Ani,Federal Roads Maintenance Agency,247388,4445272517,Zenith,BIO_07325,95.89,2023-10-29,EMP_004992
Tayo Oyedepo,Ministry of Works,468101,4755553449,UBA,BIO_05916,86.86,2021-05-16,EMP_004993
Dele Oyedepo,Ministry of Works,326257,3141872251,GTBank,BIO_06121,88.49,2021-01-23,EMP_004994
Amina Ibrahim,Ministry of Finance,309854,4902367428,Zenith,BIO_05793,86.87,2018-09-11,EMP_004995
Chiamaka Okonkwo,Ministry of Education,177661,6364545491,First Bank,,99.9,2025-01-12,EMP_004996
Chioma Nwosu,Civil Service Commission,407946,5275390373,First Bank,BIO_04955,86.57,2021-03-17,EMP_004997
Zainab Suleiman,Nigeria Customs Service,451317,4652552114,Zenith,BIO_04012,85.33,2019-01-16,EMP_004998
Kemi Adeyemi,Ministry of Works,305651,6410500731,First Bank,BIO_03778,90.27,2018-03-28,EMP_004999
Nnamdi Eze,Ministry of Power,1125597,6147217076,First Bank,BIO_28140,97.34,2025-10-08,EMP_005000
Uchenna Okafor,Ministry of Power,441824,8199364778,Access,BIO_08108,89.01,2019-06-03,EMP_005001
Zainab Mohammed,Ministry of Education,244489,8547124087,Access,BIO_09090,91.52,2023-06-19,EMP_005002
Adaeze Nwosu,Ministry of Education,244264,9404917081,GTBank,BIO_01254,96.34,2025-01-26,EMP_005003
Tayo Oyedepo,Ministry of Health,355161,9185521855,UBA,BIO_07942,90.56,2024-07-01,EMP_005004
Chioma Obiora,Ministry of Health,411281,2784329747,Access,BIO_09066,91.13,2018-04-30,EMP_005005
Tayo Adeleke,Civil Service Commission,395256,3100518083,UBA,BIO_07841,85.45,2022-11-06,EMP_005006
Adaeze Nwosu,Ministry of Water Resources,340742,1396275878,Access,BIO_02843,93.49,2019-03-12,EMP_005007
Tunde Adeyemi,Ministry of Finance,150193,5313039146,Zenith,BIO_05648,91.14,2024-08-24,EMP_005008
Ibrahim Musa,Ministry of Finance,288499,5019595315,First Bank,BIO_04199,91.96,2024-03-03,EMP_005009
Fatima Yusuf,Ministry of Education,494637,5745258094,UBA,BIO_00877,93.37,2016-11-09,EMP_005010
Nnamdi Okafor,Ministry of Health,302427,3932607765,First Bank,BIO_06175,85.74,2022-12-31,EMP_005011
Ibrahim Suleiman,Ministry of Health,321129,9755370649,UBA,,99.9,2024-08-10,EMP_005012
Zainab Umar,Civil Service Commission,310038,5443471950,Zenith,BIO_00054,88.45,2019-10-10,EMP_005013
Zainab Ibrahim,Ministry of Agriculture,185095,7729371235,First Bank,BIO_05021,88.23,2023-06-21,EMP_005014
Adaeze Ani,Ministry of Education,201074,7864894228,Access,BIO_11469,97.95,2021-08-12,EMP_005015
Dele Adeyemi,Ministry of Finance,319831,3265500051,Access,BIO_01272,96.93,2024-10-06,EMP_005016
Uchenna Okafor,Ministry of Power,94074,8775920121,Access,BIO_08633,86.25,2017-03-01,EMP_005017
Kemi Adeyemi,Ministry of Agriculture,93854,2657419107,First Bank,BIO_01856,86.83,2023-09-17,EMP_005018
Zainab Ibrahim,Ministry of Finance,213530,8211672892,Access,BIO_08298,89.11,2019-05-15,EMP_005019
Zainab Suleiman,Civil Service Commission,230002,8393916871,First Bank,BIO_00912,92.89,2020-06-03,EMP_005020
Kemi Adeleke,Nigeria Customs Service,286065,4145361109,Zenith,BIO_68235,98.44,2022-12-14,EMP_005021
Fatima Suleiman,Nigeria Customs Service,195099,6586248263,GTBank,BIO_00471,88.3,2019-04-20,EMP_005022
Bola Adeleke,Ministry of Agriculture,218296,7554129313,Zenith,BIO_05254,94.66,2023-10-11,EMP_005023
Dele Adeyemi,Federal Roads Maintenance Agency,1083266,6982399543,Access,BIO_38308,95.67,2025-08-22,EMP_005024
Bola Oyedepo,Ministry of Works,124077,5129000471,First Bank,BIO_08260,86.46,2023-11-01,EMP_005025
Ibrahim Ibrahim,Ministry of Education,261662,8986106661,UBA,BIO_04678,94.37,2020-01-07,EMP_005026
Yemi Adebayo,Nigeria Customs Service,279913,4411980456,GTBank,,99.9,2025-12-07,EMP_005027
Hassan Yusuf,Ministry of Health,157583,2714129462,Zenith,BIO_02314,88.43,2019-04-08,EMP_005028
Adaeze Ani,Civil Service Commission,351123,3459338413,Zenith,BIO_07470,86.94,2016-11-10,EMP_005029
Okechukwu Onyeka,Civil Service Commission,964569,9032767529,UBA,BIO_53088,91.85,2025-09-24,EMP_005030
Amina Umar,Ministry of Water Resources,276125,4592373852,First Bank,BIO_01028,88.04,2022-08-14,EMP_005031
Nnamdi Okonkwo,Federal Roads Maintenance Agency,270441,5304392480,UBA,BIO_05539,85.76,2021-11-05,EMP_005032
Nnamdi Okafor,Nigeria Customs Service,458549,6914180425,First Bank,BIO_08043,92.87,2023-10-30,EMP_005033
Uchenna Obiora,Ministry of Health,94378,6086742174,Zenith,BIO_05406,94.79,2019-02-13,EMP_005034
Hassan Mohammed,Nigeria Customs Service,190375,9089359310,Zenith,BIO_06502,88.81,2023-07-27,EMP_005035
Ibrahim Ahmad,Nigeria Customs Service,158656,5405599626,Zenith,BIO_02159,87.57,2018-06-05,EMP_005036
Usman Musa,Ministry of Water Resources,454465,4030294823,GTBank,BIO_01548,92.52,2023-09-26,EMP_005037
Bola Adebayo,Ministry of Finance,308038,4734403992,Access,BIO_06318,91.14,2021-03-28,EMP_005038
Fatima Yusuf,Federal Roads Maintenance Agency,84009,4903892844,Zenith,BIO_00886,94.21,2018-12-10,EMP_005039
Dele Adeleke,Ministry of Water Resources,195532,3202834611,GTBank,BIO_02328,97.44,2017-09-13,EMP_005040
Ibrahim Ibrahim,Ministry of Education,145374,6537062331,GTBank,BIO_04227,94.23,2018-02-16,EMP_005041
Nnamdi Eze,Ministry of Education,472981,3846824943,First Bank,BIO_64048,97.96,2021-05-31,EMP_005042
Yemi Adeleke,Ministry of Power,171608,5484345198,Access,BIO_04095,90.77,2018-01-04,EMP_005043
Dele Oyedepo,Nigeria Customs Service,156634,9663515460,UBA,BIO_08407,85.88,2023-02-14,EMP_005044
Dele Adeleke,Nigeria Customs Service,446704,3203631802,Access,BIO_07395,89.99,2019-08-24,EMP_005045
Hassan Yusuf,Civil Service Commission,103279,1932215589,GTBank,BIO_04459,87.77,2021-05-12,EMP_005046
Usman Yusuf,Ministry of Water Resources,348812,3977812455,Access,BIO_06081,97.58,2016-07-16,EMP_005047
Okechukwu Okafor,Federal Roads Maintenance Agency,291524,2304267477,GTBank,BIO_01165,94.23,2023-01-21,EMP_005048
Ibrahim Yusuf,Ministry of Finance,107629,4793701038,First Bank,BIO_09143,90.88,2017-10-28,EMP_005049
Adaeze Okafor,Ministry of Education,258700,4724426437,GTBank,BIO_01804,85.01,2022-03-06,EMP_005050
Uchenna Okafor,Ministry of Health,492758,3943710124,Access,BIO_05357,91.82,2019-03-23,EMP_005051
Zainab Suleiman,Federal Roads Maintenance Agency,461214,8808692051,First Bank,BIO_06633,96.93,2017-02-11,EMP_005052
Uchenna Onyeka,Civil Service Commission,482842,6922014373,GTBank,BIO_02959,90.79,2017-10-10,EMP_005053
Chiamaka Onyeka,Ministry of Works,100222,9712780619,UBA,BIO_08643,94.84,2020-04-21,EMP_005054
Chinedu Okonkwo,Civil Service Commission,210477,8300188454,First Bank,BIO_08530,89.21,2018-07-25,EMP_005055
Uchenna Onyeka,Ministry of Education,369038,4125529868,GTBank,BIO_05501,91.74,2020-11-25,EMP_005056
Amina Suleiman,Ministry of Education,390518,1207486421,First Bank,BIO_12918,96.34,2019-09-08,EMP_005057
Amina Umar,Ministry of Works,284626,3534079502,Zenith,BIO_04149,95.81,2017-06-23,EMP_005058
Chinedu Nwosu,Ministry of Power,382218,7293554477,UBA,BIO_02344,85.38,2023-06-24,EMP_005059
Abubakar Mohammed,Ministry of Power,429367,2936882255,GTBank,BIO_04426,94.7,2020-12-13,EMP_005060
Ibrahim Suleiman,Ministry of Education,469325,8956028493,UBA,BIO_00191,91.45,2022-03-27,EMP_005061
Tayo Oyedepo,Ministry of Water Resources,91387,9641535747,UBA,BIO_06263,96.43,2022-05-09,EMP_005062
Nnamdi Nwosu,Ministry of Agriculture,448462,4933987272,UBA,BIO_61322,97.74,2023-04-23,EMP_005063
Chinedu Obiora,Ministry of Education,181961,6030197960,Access,BIO_00079,88.52,2018-07-16,EMP_005064
Tayo Adebayo,Ministry of Education,264151,6875933044,Access,BIO_01209,86.01,2024-06-06,EMP_005065
Uchenna Obiora,Ministry of Finance,488454,7780691890,Access,BIO_05538,87.6,2022-06-29,EMP_005066
Aisha Musa,Nigeria Customs Service,165691,6099165140,GTBank,BIO_45412,97.29,2019-09-08,EMP_005067
Fatima Ahmad,Ministry of Finance,135579,1628130652,Zenith,BIO_02933,88.7,2020-02-21,EMP_005068
Kemi Williams,Ministry of Power,495928,9998299241,UBA,BIO_04772,94.75,2017-08-19,EMP_005069
Chiamaka Okonkwo,Ministry of Finance,97095,6623631275,UBA,BIO_05739,95.72,2017-12-02,EMP_005070
Zainab Suleiman,Ministry of Water Resources,302134,7205640803,Access,BIO_07582,92.53,2016-07-11,EMP_005071
Aisha Ibrahim,Federal Roads Maintenance Agency,135265,5938729348,UBA,BIO_06941,91.9,2017-11-15,EMP_005072
Tayo Adeyemi,Ministry of Health,209366,8907161742,Access,BIO_02571,88.71,2017-05-26,EMP_005073
Zainab Yusuf,Ministry of Power,182569,4788102087,Zenith,BIO_82095,98.75,2019-05-14,EMP_005074
Adaeze Nwosu,Nigeria Customs Service,308480,2825982790,Access,,99.9,2024-11-24,EMP_005075
Chioma Nwosu,Nigeria Customs Service,259139,2872026023,GTBank,BIO_02513,88.56,2021-02-07,EMP_005076
Zainab Ahmad,Ministry of Education,175533,8558123752,First Bank,BIO_09041,88.24,2023-04-17,EMP_005077
Aisha Umar,Ministry of Health,325301,2126508970,Access,BIO_08721,86.73,2017-08-23,EMP_005078
Fatima Ahmad,Ministry of Power,420778,1802210454,UBA,BIO_04806,86.67,2018-08-31,EMP_005079
Uchenna Ani,Ministry of Education,205016,4228996834,UBA,BIO_07436,96.66,2022-04-27,EMP_005080
Okechukwu Obiora,Ministry of Works,322329,6484511825,GTBank,BIO_06420,86.73,2017-03-03,EMP_005081
Femi Oyedepo,Ministry of Health,486384,2300538753,First Bank,BIO_47104,96.47,2018-03-30,EMP_005082
Femi Adeyemi,Civil Service Commission,306917,9239613075,Access,BIO_07620,85.84,2022-03-03,EMP_005083
Chukwu Onyeka,Ministry of Water Resources,177906,5924653286,UBA,,99.9,2026-05-03,EMP_005084
Ibrahim Mohammed,Ministry of Education,447860,7811109816,UBA,BIO_05743,93.09,2024-07-30,EMP_005085
Chinedu Onyeka,Nigeria Customs Service,375392,9743893549,UBA,BIO_02349,89.57,2019-06-07,EMP_005086
Chioma Nwankwo,Ministry of Water Resources,267005,9405586243,GTBank,BIO_06156,93.1,2021-11-18,EMP_005087
Nnamdi Nwankwo,Ministry of Agriculture,440310,4698301392,Access,BIO_05567,85.11,2024-10-25,EMP_005088
Amina Mohammed,Ministry of Health,361835,1164763448,UBA,BIO_07276,97.88,2023-07-16,EMP_005089
Chukwu Obiora,Ministry of Works,475669,3046630402,First Bank,BIO_18673,97.74,2017-01-28,EMP_005090
Chinedu Obiora,Federal Roads Maintenance Agency,264210,6570026718,Zenith,,99.9,2024-10-15,EMP_005091
Okechukwu Eze,Civil Service Commission,316148,8000984032,UBA,BIO_04539,92.6,2023-02-12,EMP_005092
Tunde Adebayo,Ministry of Agriculture,392348,5982677496,Zenith,BIO_08210,96.78,2019-05-22,EMP_005093
Uchenna Okafor,Ministry of Finance,86119,9422951764,GTBank,BIO_00486,85.3,2017-12-13,EMP_005094
Hassan Suleiman,Ministry of Water Resources,486502,3248494368,UBA,BIO_07368,95.4,2017-01-29,EMP_005095
Hassan Ahmad,Federal Roads Maintenance Agency,258454,8219431864,Access,BIO_00323,97.56,2024-08-13,EMP_005096
Zainab Suleiman,Ministry of Water Resources,222811,2357040325,GTBank,,99.9,2026-03-21,EMP_005097
Aisha Mohammed,Ministry of Education,199023,4093924961,Access,BIO_04580,95.34,2016-09-10,EMP_005098
Tunde Adeyemi,Ministry of Power,278373,6948700786,First Bank,BIO_02806,86.07,2016-05-15,EMP_005099
Dele Adebayo,Ministry of Education,327373,6073117973,Access,BIO_05006,95.92,2019-05-21,EMP_005100
Bola Williams,Ministry of Agriculture,296849,7891289686,First Bank,BIO_08006,88.38,2018-03-11,EMP_005101
Tayo Ogunlesi,Ministry of Health,472493,9955077864,Zenith,BIO_02179,95.05,2021-02-20,EMP_005102
Adaeze Obiora,Nigeria Customs Service,340011,5125618065,Access,BIO_31530,98.84,2023-07-14,EMP_005103
Chiamaka Ani,Ministry of Finance,484475,3942327801,Access,BIO_04668,90.87,2019-06-23,EMP_005104
Tunde Adebayo,Ministry of Education,178834,2362817283,Zenith,BIO_00408,88.54,2019-09-24,EMP_005105
Amina Umar,Ministry of Water Resources,387924,8361130200,Access,BIO_01934,96.53,2020-07-02,EMP_005106
Amina Suleiman,Federal Roads Maintenance Agency,149569,3954392572,GTBank,BIO_08877,91.45,2023-06-25,EMP_005107
Yemi Adebayo,Federal Roads Maintenance Agency,378889,5869742057,Zenith,BIO_07150,95.82,2022-01-04,EMP_005108
Chukwu Okonkwo,Ministry of Finance,487037,9270738901,First Bank,BIO_00439,91.42,2016-11-30,EMP_005109
Amina Ahmad,Nigeria Customs Service,81532,4157101280,First Bank,BIO_01505,94.98,2022-10-13,EMP_005110
Chiamaka Nwosu,Ministry of Power,486122,4419676203,UBA,BIO_01537,95.91,2019-02-18,EMP_005111
Chiamaka Nwankwo,Ministry of Health,105837,3186091499,GTBank,,99.9,2026-03-17,EMP_005112
Chiamaka Ani,Ministry of Water Resources,376200,6831994773,First Bank,BIO_04911,92.19,2017-05-20,EMP_005113
Uchenna Nwosu,Civil Service Commission,104584,3786093011,Access,BIO_03565,94.32,2019-03-25,EMP_005114
Ibrahim Umar,Nigeria Customs Service,131821,4079361114,Zenith,BIO_05710,96.65,2024-03-08,EMP_005115
Chioma Okonkwo,Civil Service Commission,245881,2282411490,GTBank,BIO_02765,88.64,2025-05-01,EMP_005116
Femi Ogunlesi,Ministry of Agriculture,249793,2419159071,UBA,BIO_05451,91.08,2025-02-05,EMP_005117
Bola Adeyemi,Ministry of Power,315765,1025182440,GTBank,BIO_08463,96.33,2021-09-15,EMP_005118
Kemi Adebayo,Ministry of Health,370470,5980255763,GTBank,BIO_04138,96.55,2016-09-03,EMP_005119
Chukwu Ani,Civil Service Commission,130705,5114375480,GTBank,BIO_07718,93.64,2018-12-15,EMP_005120
Okechukwu Ani,Ministry of Health,432822,3791037007,GTBank,BIO_00030,94.23,2021-04-14,EMP_005121
Aisha Musa,Federal Roads Maintenance Agency,265032,4078065425,First Bank,BIO_07829,87.76,2016-08-01,EMP_005122
Yemi Ogunlesi,Civil Service Commission,288937,2819696110,Zenith,BIO_01868,96.83,2024-08-05,EMP_005123
Nnamdi Nwosu,Civil Service Commission,158247,4201224278,First Bank,BIO_03732,86.59,2019-01-09,EMP_005124
Usman Mohammed,Ministry of Finance,327632,2558361177,Access,BIO_06573,86.43,2019-03-14,EMP_005125
Amina Ahmad,Ministry of Power,352316,1947638003,First Bank,BIO_06556,91.58,2023-11-25,EMP_005126
Tayo Adeyemi,Ministry of Education,260919,5560083133,UBA,BIO_00874,97.03,2019-12-18,EMP_005127
Aisha Ibrahim,Ministry of Works,137981,9493483168,UBA,BIO_07041,88.16,2024-12-23,EMP_005128
Ade Adebayo,Ministry of Health,1215023,1495440559,GTBank,BIO_25753,88.1,2026-04-18,EMP_005129
Yemi Oyedepo,Civil Service Commission,450637,8433600300,GTBank,BIO_00259,94.71,2023-05-12,EMP_005130
Uchenna Ani,Ministry of Health,362110,3763204045,Access,BIO_00842,96.39,2023-08-07,EMP_005131
Chukwu Obiora,Nigeria Customs Service,497351,2946558888,Access,BIO_00226,88.07,2018-10-04,EMP_005132
Yemi Adeleke,Ministry of Health,216767,4365146206,GTBank,BIO_07691,87.68,2021-01-18,EMP_005133
Aisha Suleiman,Nigeria Customs Service,147957,9790452218,First Bank,BIO_03557,87.73,2018-11-25,EMP_005134
Ade Adebayo,Ministry of Education,460872,2017587542,Zenith,BIO_05103,89.7,2024-09-21,EMP_005135
Abubakar Umar,Nigeria Customs Service,258526,5187979186,UBA,BIO_03021,85.67,2017-08-29,EMP_005136
Abubakar Ahmad,Nigeria Customs Service,440518,6790110577,GTBank,BIO_01867,92.58,2016-11-15,EMP_005137
Femi Ogunlesi,Ministry of Agriculture,411846,2872820261,UBA,BIO_03123,94.77,2023-03-05,EMP_005138
Dele Adebayo,Nigeria Customs Service,129945,4561357483,First Bank,BIO_04369,91.11,2020-03-17,EMP_005139
Chioma Nwosu,Nigeria Customs Service,449280,5722487052,Zenith,BIO_03526,94.27,2021-08-01,EMP_005140
Abubakar Umar,Ministry of Water Resources,345831,2798271623,First Bank,BIO_01235,96.0,2018-07-21,EMP_005141
Fatima Musa,Nigeria Customs Service,119687,5621651842,First Bank,BIO_07159,92.18,2016-12-26,EMP_005142
Nnamdi Obiora,Ministry of Education,215731,6042541865,Access,BIO_05428,90.77,2016-12-05,EMP_005143
Tunde Williams,Ministry of Power,413825,6911624676,First Bank,BIO_08611,92.29,2018-10-29,EMP_005144
Okechukwu Nwankwo,Ministry of Power,350635,4251597873,First Bank,BIO_03088,97.59,2023-05-04,EMP_005145
Chukwu Obiora,Ministry of Water Resources,355495,3079161849,GTBank,BIO_08927,96.05,2022-01-25,EMP_005146
Amina Yusuf,Federal Roads Maintenance Agency,338509,6689952012,Access,,99.9,2024-07-19,EMP_005147
Nnamdi Nwankwo,Ministry of Finance,173684,6317538081,Zenith,BIO_07250,90.64,2018-11-08,EMP_005148
Okechukwu Obiora,Ministry of Works,425667,4567526854,Zenith,,99.9,2024-08-17,EMP_005149
Uchenna Nwankwo,Ministry of Agriculture,105628,7204407920,First Bank,BIO_07878,96.88,2022-02-11,EMP_005150
Abubakar Mohammed,Ministry of Health,141622,8147796988,Access,BIO_02140,89.86,2019-01-14,EMP_005151
Chukwu Nwosu,Federal Roads Maintenance Agency,149560,2254915522,GTBank,BIO_02181,86.28,2021-10-17,EMP_005152
Chioma Obiora,Ministry of Agriculture,349457,8795435439,Access,,99.9,2025-09-28,EMP_005153
Fatima Umar,Ministry of Agriculture,255349,7713802475,GTBank,BIO_77252,99.09,2018-07-21,EMP_005154
Okechukwu Ani,Ministry of Water Resources,429296,9885828822,GTBank,BIO_04855,86.66,2021-05-02,EMP_005155
Tunde Adeyemi,Ministry of Education,430729,2540187988,Zenith,BIO_07881,88.57,2019-04-05,EMP_005156
Adaeze Eze,Ministry of Finance,131389,5527692622,First Bank,BIO_06321,90.37,2019-04-02,EMP_005157
Hassan Musa,Ministry of Power,467948,7989397991,First Bank,BIO_02669,97.66,2019-01-26,EMP_005158
Yemi Adeleke,Ministry of Finance,367673,4025384803,UBA,BIO_02879,94.52,2017-03-18,EMP_005159
Chinedu Eze,Federal Roads Maintenance Agency,144088,4673980683,GTBank,BIO_08461,90.99,2017-12-10,EMP_005160
Kemi Adeleke,Federal Roads Maintenance Agency,272015,9734991204,Zenith,BIO_03678,97.17,2020-02-29,EMP_005161
Ade Williams,Nigeria Customs Service,403155,7492696564,GTBank,BIO_06511,85.06,2023-01-10,EMP_005162
Chukwu Ani,Ministry of Power,496426,1822225436,First Bank,BIO_00884,93.72,2018-08-09,EMP_005163
Kemi Ogunlesi,Ministry of Finance,240625,6958638958,First Bank,BIO_08703,94.72,2021-09-25,EMP_005164
Chukwu Nwosu,Nigeria Customs Service,240984,9973397253,Access,BIO_06074,94.61,2019-08-01,EMP_005165
Chinedu Nwankwo,Civil Service Commission,164763,9192957056,GTBank,BIO_02346,85.14,2019-10-27,EMP_005166
Chiamaka Obiora,Civil Service Commission,109241,4852121876,First Bank,BIO_00110,86.38,2023-01-14,EMP_005167
Chukwu Onyeka,Ministry of Education,241462,6878858829,First Bank,BIO_04603,95.54,2024-03-06,EMP_005168
Hassan Suleiman,Ministry of Works,196360,6823574871,UBA,BIO_06516,92.03,2021-02-02,EMP_005169
Zainab Yusuf,Ministry of Education,221939,2124840999,Access,BIO_07772,88.33,2024-08-08,EMP_005170
Zainab Musa,Ministry of Finance,194394,9740470159,First Bank,BIO_06597,92.25,2024-10-05,EMP_005171
Amina Ibrahim,Ministry of Health,197581,9751043624,UBA,BIO_00499,90.77,2024-03-08,EMP_005172
Bola Williams,Ministry of Agriculture,269956,1945901784,First Bank,BIO_02666,87.23,2017-03-01,EMP_005173
Fatima Musa,Ministry of Finance,459049,4339152790,First Bank,BIO_08823,87.1,2017-08-28,EMP_005174
Hassan Suleiman,Ministry of Education,108527,7896954335,First Bank,BIO_01605,91.09,2017-11-09,EMP_005175
Fatima Mohammed,Ministry of Water Resources,204153,8412651475,Zenith,BIO_05530,86.34,2025-03-13,EMP_005176
Ibrahim Suleiman,Ministry of Works,299695,5099813291,Access,BIO_08588,93.91,2019-09-17,EMP_005177
Chukwu Eze,Nigeria Customs Service,151274,1267109103,Zenith,BIO_04388,88.42,2020-03-18,EMP_005178
Chioma Onyeka,Ministry of Health,216237,7417321675,Access,BIO_03083,97.28,2019-11-15,EMP_005179
Okechukwu Onyeka,Ministry of Power,164787,8050699613,Zenith,BIO_01968,93.91,2023-07-04,EMP_005180
Chinedu Onyeka,Ministry of Water Resources,347379,3064451781,Zenith,BIO_00252,93.95,2017-12-18,EMP_005181
Yemi Williams,Ministry of Water Resources,176031,8038769025,UBA,BIO_01916,91.55,2023-05-23,EMP_005182
Fatima Suleiman,Nigeria Customs Service,138879,7230195382,UBA,BIO_08215,92.03,2017-07-02,EMP_005183
Kemi Adebayo,Ministry of Finance,229182,8857945713,First Bank,BIO_01278,85.43,2021-07-13,EMP_005184
Usman Ahmad,Federal Roads Maintenance Agency,120470,4793241731,First Bank,BIO_05875,87.31,2021-09-23,EMP_005185
Tunde Adeleke,Ministry of Health,216804,4067245195,Access,BIO_03657,88.04,2020-01-23,EMP_005186
Chinedu Eze,Ministry of Agriculture,288385,6187229134,GTBank,BIO_00088,93.33,2023-06-10,EMP_005187
Uchenna Okonkwo,Nigeria Customs Service,213460,8058404169,Access,BIO_07388,96.58,2023-03-26,EMP_005188
Okechukwu Nwosu,Ministry of Water Resources,319641,5346006035,Zenith,BIO_44511,99.03,2021-10-04,EMP_005189
Dele Oyedepo,Nigeria Customs Service,268230,3826160240,UBA,BIO_08265,93.46,2016-06-13,EMP_005190
Aisha Ahmad,Ministry of Power,190397,3808445287,UBA,BIO_02740,89.5,2024-08-27,EMP_005191
Yemi Adeleke,Federal Roads Maintenance Agency,460116,2583143043,First Bank,BIO_00065,87.9,2023-02-26,EMP_005192
Yemi Adeyemi,Ministry of Health,335198,1638269236,First Bank,BIO_03154,85.69,2020-03-01,EMP_005193
Tayo Williams,Ministry of Power,212197,5711204724,Zenith,BIO_00346,96.63,2022-10-12,EMP_005194
Abubakar Musa,Ministry of Health,86419,3687764561,Access,BIO_02216,97.48,2020-04-28,EMP_005195
Femi Adeyemi,Civil Service Commission,171031,1426359222,Access,BIO_07426,96.34,2018-03-22,EMP_005196
Amina Umar,Federal Roads Maintenance Agency,331298,3553691106,Zenith,BIO_48825,99.22,2020-07-25,EMP_005197
Tunde Adebayo,Ministry of Agriculture,389725,7797124488,First Bank,BIO_06466,95.67,2023-03-07,EMP_005198
Dele Adebayo,Ministry of Water Resources,237530,1877719965,First Bank,BIO_00666,88.91,2017-02-19,EMP_005199
Adaeze Onyeka,Ministry of Power,160461,1423202052,GTBank,BIO_03096,97.72,2023-11-17,EMP_005200
Okechukwu Nwankwo,Ministry of Finance,229818,8911603447,UBA,BIO_01955,91.38,2023-02-28,EMP_005201
Aisha Yusuf,Ministry of Works,498887,9347027283,First Bank,BIO_04497,96.42,2022-11-26,EMP_005202
Uchenna Ani,Ministry of Agriculture,404821,7154876840,First Bank,BIO_03924,88.34,2022-02-23,EMP_005203
Ade Adeleke,Ministry of Works,298809,6160813776,UBA,BIO_09094,92.74,2019-10-19,EMP_005204
Uchenna Obiora,Ministry of Finance,194261,8626932164,Zenith,BIO_01494,95.92,2016-06-10,EMP_005205
Yemi Adeyemi,Ministry of Water Resources,291201,9495989257,Access,BIO_00745,92.41,2023-07-15,EMP_005206
Femi Adeleke,Ministry of Finance,286930,3822894710,First Bank,BIO_00649,95.15,2016-10-04,EMP_005207
Adaeze Okafor,Nigeria Customs Service,488453,8476943557,Access,BIO_03854,96.74,2021-09-07,EMP_005208
Abubakar Yusuf,Ministry of Water Resources,418424,6277567376,GTBank,BIO_08852,93.6,2019-06-19,EMP_005209
Amina Umar,Ministry of Water Resources,419486,3603318447,GTBank,BIO_50245,98.36,2019-12-19,EMP_005210
Chukwu Okafor,Ministry of Agriculture,282063,4360062775,UBA,BIO_09070,92.91,2016-07-20,EMP_005211
Chinedu Okafor,Ministry of Finance,423177,8579993287,First Bank,BIO_07751,91.17,2017-09-23,EMP_005212
Aisha Musa,Ministry of Education,181567,5831983797,Access,BIO_02076,93.7,2024-01-27,EMP_005213
Uchenna Nwosu,Ministry of Education,326953,2830035351,Zenith,BIO_06712,96.86,2022-12-01,EMP_005214
Femi Oyedepo,Ministry of Education,126008,1269769952,GTBank,BIO_03282,96.14,2017-06-18,EMP_005215
Chinedu Ani,Federal Roads Maintenance Agency,349380,6463845303,GTBank,BIO_07503,93.45,2023-02-20,EMP_005216
Bola Oyedepo,Ministry of Agriculture,349400,8972139260,Access,BIO_03545,93.44,2020-04-13,EMP_005217
Aisha Ibrahim,Civil Service Commission,106112,5235523025,Access,BIO_07092,88.22,2020-04-08,EMP_005218
Tayo Adeleke,Ministry of Power,247445,9194440777,Zenith,BIO_03194,96.74,2017-01-28,EMP_005219
Kemi Adeyemi,Nigeria Customs Service,215451,8072810077,UBA,BIO_02558,88.04,2017-03-24,EMP_005220
Chioma Obiora,Ministry of Health,338556,2273043104,First Bank,BIO_04900,97.7,2022-02-10,EMP_005221
Chiamaka Nwosu,Ministry of Agriculture,398486,5894176812,UBA,BIO_08004,89.88,2021-05-04,EMP_005222
Chinedu Nwosu,Nigeria Customs Service,363692,8700142386,UBA,BIO_06116,86.11,2022-07-30,EMP_005223
Usman Ahmad,Ministry of Health,175993,5679800337,GTBank,BIO_04771,87.42,2023-12-02,EMP_005224
Dele Adeleke,Ministry of Agriculture,407848,8080322218,Zenith,BIO_03862,94.13,2022-07-31,EMP_005225
Bola Adebayo,Ministry of Water Resources,317856,4404975839,Access,BIO_08212,96.66,2018-05-11,EMP_005226
Ibrahim Musa,Civil Service Commission,251435,6651428270,Access,BIO_05409,96.55,2019-03-27,EMP_005227
Tunde Adeleke,Federal Roads Maintenance Agency,464828,6903894610,First Bank,BIO_03361,92.04,2019-06-05,EMP_005228
Tayo Oyedepo,Ministry of Power,343812,5379801762,Access,BIO_06431,97.77,2017-11-08,EMP_005229
Femi Ogunlesi,Civil Service Commission,433056,7938346474,First Bank,BIO_05114,93.56,2024-02-05,EMP_005230
Chiamaka Obiora,Ministry of Education,242179,5350113359,Access,BIO_07451,85.73,2024-03-09,EMP_005231
Ibrahim Umar,Nigeria Customs Service,318955,8566968184,Access,,99.9,2025-10-06,EMP_005232
Zainab Suleiman,Ministry of Health,353902,3979855053,Access,BIO_02947,87.05,2023-10-21,EMP_005233
Dele Adeyemi,Civil Service Commission,338230,6770271950,First Bank,BIO_04923,94.33,2020-12-30,EMP_005234
Chioma Eze,Ministry of Education,305793,8240783091,Zenith,BIO_00851,90.66,2021-08-29,EMP_005235
Adaeze Nwosu,Nigeria Customs Service,85760,8080960940,Zenith,BIO_04859,89.33,2022-05-01,EMP_005236
Yemi Adeleke,Ministry of Education,434643,8653569881,UBA,BIO_06622,89.21,2018-05-17,EMP_005237
Aisha Yusuf,Ministry of Water Resources,482016,6342884164,GTBank,BIO_02377,88.31,2024-06-04,EMP_005238
Chinedu Eze,Ministry of Water Resources,196894,7102597158,GTBank,BIO_08948,96.37,2025-01-25,EMP_005239
Tayo Ogunlesi,Ministry of Works,401812,9454886148,First Bank,BIO_07613,86.83,2018-08-30,EMP_005240
Ibrahim Yusuf,Ministry of Works,490331,6930324212,Access,BIO_03354,86.64,2017-08-30,EMP_005241
Okechukwu Nwosu,Ministry of Works,403303,2397167342,GTBank,BIO_01344,92.87,2024-04-23,EMP_005242
Okechukwu Obiora,Civil Service Commission,435882,3244925073,Zenith,BIO_00696,96.5,2021-04-27,EMP_005243
Okechukwu Obiora,Ministry of Agriculture,483195,3766571158,UBA,BIO_08073,86.94,2017-02-21,EMP_005244
Nnamdi Onyeka,Ministry of Agriculture,261790,8517164733,Zenith,BIO_04566,94.4,2022-11-09,EMP_005245
Chiamaka Nwosu,Federal Roads Maintenance Agency,481384,6889787893,Zenith,BIO_00245,91.15,2017-08-27,EMP_005246
Yemi Adeleke,Ministry of Finance,348945,3311402002,UBA,BIO_08473,97.18,2023-09-19,EMP_005247
Fatima Ahmad,Civil Service Commission,1031671,8245893538,Zenith,BIO_87598,86.26,2025-07-06,EMP_005248
Ibrahim Umar,Nigeria Customs Service,430203,5656015486,GTBank,BIO_06486,90.95,2018-07-03,EMP_005249
Nnamdi Okonkwo,Ministry of Works,350757,6978442474,Zenith,BIO_02841,86.95,2018-12-14,EMP_005250
Okechukwu Eze,Ministry of Finance,484722,7084308707,Zenith,BIO_01311,91.6,2024-11-22,EMP_005251
Tayo Adebayo,Ministry of Health,129360,6877370670,UBA,BIO_04759,91.37,2021-02-07,EMP_005252
Adaeze Okafor,Federal Roads Maintenance Agency,95716,3156820690,UBA,BIO_00352,96.21,2016-12-23,EMP_005253
Kemi Adeleke,Nigeria Customs Service,179297,1005734347,Access,BIO_07596,95.32,2017-06-22,EMP_005254
Nnamdi Obiora,Ministry of Agriculture,309217,2712814579,First Bank,BIO_01248,85.59,2018-11-22,EMP_005255
Chiamaka Obiora,Ministry of Agriculture,334597,8819797639,Zenith,BIO_02743,90.41,2020-10-10,EMP_005256
Chukwu Onyeka,Ministry of Education,102825,9945196905,First Bank,BIO_04829,87.96,2023-12-17,EMP_005257
Tayo Ogunlesi,Ministry of Works,149589,1312816478,Access,BIO_04396,92.73,2023-09-29,EMP_005258
Usman Musa,Ministry of Power,117758,2903468251,Access,BIO_03823,90.6,2023-07-24,EMP_005259
Fatima Umar,Ministry of Water Resources,245119,2827960739,GTBank,BIO_01144,87.07,2018-03-11,EMP_005260
Uchenna Okafor,Ministry of Water Resources,444480,7940059769,Access,BIO_00553,87.66,2018-01-24,EMP_005261
Okechukwu Okafor,Nigeria Customs Service,248040,2745533394,First Bank,BIO_02158,90.54,2024-08-27,EMP_005262
Hassan Ibrahim,Civil Service Commission,397812,1994184895,Zenith,BIO_01785,86.35,2023-02-24,EMP_005263
Chukwu Nwosu,Ministry of Power,163920,4608250252,Zenith,BIO_07196,92.27,2024-06-09,EMP_005264
Dele Oyedepo,Ministry of Works,98657,7680316263,Zenith,BIO_12099,98.39,2020-09-29,EMP_005265
Chiamaka Okafor,Federal Roads Maintenance Agency,159115,8978099623,Access,BIO_00128,93.41,2024-07-04,EMP_005266
Ibrahim Ibrahim,Ministry of Power,348234,3552086434,GTBank,BIO_02052,94.36,2022-09-30,EMP_005267
Dele Adeleke,Ministry of Health,110485,4521968345,Access,BIO_00911,93.59,2019-03-24,EMP_005268
Ade Williams,Ministry of Works,430745,4770516259,UBA,BIO_03482,86.41,2017-03-01,EMP_005269
Abubakar Mohammed,Nigeria Customs Service,294100,2136628490,UBA,BIO_01267,95.64,2025-05-09,EMP_005270
Dele Adebayo,Civil Service Commission,80011,5129763455,Zenith,BIO_01152,93.56,2021-03-09,EMP_005271
Amina Ahmad,Ministry of Power,352468,1856877660,First Bank,BIO_02579,93.55,2021-03-24,EMP_005272
Usman Mohammed,Ministry of Education,83810,8361456421,First Bank,BIO_02653,88.73,2023-06-13,EMP_005273
Nnamdi Obiora,Nigeria Customs Service,355355,5036893122,Zenith,BIO_07757,92.56,2023-06-05,EMP_005274
Ibrahim Musa,Ministry of Education,271018,3926389924,First Bank,BIO_00668,86.57,2019-08-22,EMP_005275
Chukwu Onyeka,Ministry of Finance,402535,9204316106,Access,BIO_05106,97.13,2022-05-07,EMP_005276
Zainab Musa,Ministry of Education,294091,2117760356,First Bank,BIO_04991,89.39,2022-04-11,EMP_005277
Bola Ogunlesi,Ministry of Finance,369762,6164828434,Access,BIO_05299,94.12,2016-08-25,EMP_005278
Ade Adeyemi,Ministry of Water Resources,273805,1209125425,Access,BIO_03642,86.58,2021-09-11,EMP_005279
Hassan Suleiman,Ministry of Health,433263,3996219560,UBA,BIO_01972,96.82,2020-06-08,EMP_005280
Kemi Ogunlesi,Federal Roads Maintenance Agency,164986,2766732597,Zenith,BIO_07249,86.54,2021-08-15,EMP_005281
Chinedu Okonkwo,Ministry of Agriculture,394777,4923529144,First Bank,BIO_03666,88.66,2023-11-07,EMP_005282
Chioma Okonkwo,Ministry of Education,496977,5204279913,Zenith,BIO_01569,91.21,2017-06-22,EMP_005283
Amina Musa,Ministry of Power,212703,5205159941,Zenith,,99.9,2024-08-19,EMP_005284
Uchenna Nwankwo,Ministry of Works,192024,2918833508,Zenith,BIO_08494,91.67,2017-09-09,EMP_005285
Kemi Ogunlesi,Ministry of Education,440009,6503941486,UBA,BIO_00238,90.13,2024-01-26,EMP_005286
Yemi Adeleke,Federal Roads Maintenance Agency,292646,2041585040,Zenith,BIO_08557,86.67,2021-11-22,EMP_005287
Chinedu Nwankwo,Nigeria Customs Service,135742,4832984999,Zenith,BIO_07157,95.04,2017-09-27,EMP_005288
Chukwu Obiora,Ministry of Education,233942,7202437422,First Bank,BIO_04908,96.96,2022-03-20,EMP_005289
Fatima Ahmad,Ministry of Power,352421,9895964069,UBA,BIO_04065,87.98,2025-02-24,EMP_005290
Okechukwu Ani,Ministry of Works,87798,8439767737,UBA,BIO_01589,89.75,2022-07-11,EMP_005291
Zainab Ahmad,Ministry of Water Resources,227688,9009967563,Access,BIO_04108,90.68,2022-09-19,EMP_005292
Chioma Okonkwo,Ministry of Power,192554,9578524189,GTBank,BIO_09111,89.21,2023-09-15,EMP_005293
Aisha Yusuf,Nigeria Customs Service,445842,9538131148,Zenith,BIO_05025,90.95,2017-07-28,EMP_005294
Aisha Yusuf,Federal Roads Maintenance Agency,358968,9189919676,GTBank,BIO_00333,87.38,2019-08-03,EMP_005295
Chioma Obiora,Ministry of Education,432964,1642594227,Access,BIO_05857,89.32,2025-01-17,EMP_005296
Femi Adebayo,Ministry of Health,209631,2856826713,UBA,BIO_07022,91.02,2020-07-03,EMP_005297
Tunde Adeyemi,Ministry of Education,495274,6512974948,GTBank,BIO_04089,96.15,2018-10-10,EMP_005298
Femi Adebayo,Ministry of Education,908382,2890040217,First Bank,BIO_93912,97.78,2026-05-12,EMP_005299
Kemi Adeyemi,Ministry of Power,213465,6429794399,Zenith,BIO_07129,93.64,2025-01-18,EMP_005300
Okechukwu Eze,Ministry of Agriculture,387696,7930418702,GTBank,BIO_07355,91.82,2020-12-08,EMP_005301
Tayo Williams,Ministry of Power,185619,2762614016,UBA,BIO_00488,88.69,2024-04-24,EMP_005302
Chiamaka Nwankwo,Ministry of Education,216312,8610029554,Zenith,BIO_08985,92.61,2024-02-24,EMP_005303
Hassan Umar,Ministry of Power,487124,2391808057,Zenith,BIO_06020,89.66,2019-01-28,EMP_005304
Bola Adebayo,Ministry of Finance,102987,7852167378,Access,BIO_05937,94.36,2016-06-20,EMP_005305
Tayo Ogunlesi,Ministry of Health,186043,7022058345,GTBank,BIO_06398,94.19,2023-06-20,EMP_005306
Tunde Oyedepo,Nigeria Customs Service,398997,1265704386,Zenith,BIO_02195,96.97,2016-05-21,EMP_005307
Adaeze Okonkwo,Federal Roads Maintenance Agency,400403,6641361996,First Bank,BIO_03442,87.3,2023-10-22,EMP_005308
Aisha Mohammed,Nigeria Customs Service,170684,4114819787,UBA,BIO_07374,86.31,2022-12-12,EMP_005309
Chiamaka Obiora,Ministry of Power,427771,3200526030,GTBank,BIO_07240,85.13,2020-01-29,EMP_005310
Yemi Adebayo,Ministry of Power,107030,2392105485,UBA,BIO_08578,86.17,2019-03-19,EMP_005311
Tunde Adebayo,Ministry of Power,287021,8599317486,GTBank,BIO_04832,97.42,2018-06-28,EMP_005312
Aisha Yusuf,Ministry of Power,292268,5379134904,First Bank,BIO_07117,87.52,2021-08-25,EMP_005313
Okechukwu Onyeka,Ministry of Works,164936,6750665113,GTBank,BIO_06608,95.65,2024-06-14,EMP_005314
Yemi Williams,Civil Service Commission,108781,8905127295,GTBank,BIO_08263,86.13,2019-02-03,EMP_005315
Bola Adeyemi,Federal Roads Maintenance Agency,125182,7001669644,UBA,BIO_08397,88.47,2017-04-28,EMP_005316
Aisha Ahmad,Ministry of Water Resources,435573,7664568208,First Bank,BIO_09152,93.54,2024-02-13,EMP_005317
Chukwu Okafor,Nigeria Customs Service,185808,5063423262,First Bank,BIO_07370,91.35,2025-03-16,EMP_005318
Ade Williams,Ministry of Health,495661,7941100763,Zenith,BIO_06394,92.92,2018-10-20,EMP_005319
Zainab Musa,Ministry of Education,458818,3430018713,Access,BIO_01793,85.22,2024-01-09,EMP_005320
Ibrahim Ibrahim,Ministry of Health,88233,3109067135,Access,BIO_08103,88.14,2018-11-19,EMP_005321
Chiamaka Eze,Ministry of Education,102649,4085945697,UBA,BIO_00582,94.49,2023-03-04,EMP_005322
Dele Adebayo,Ministry of Agriculture,449293,8893038580,UBA,BIO_04670,97.76,2020-01-19,EMP_005323
Tunde Williams,Ministry of Power,467727,8894520245,First Bank,BIO_00627,85.94,2021-02-17,EMP_005324
Dele Ogunlesi,Nigeria Customs Service,92488,4731485180,Access,BIO_03835,88.58,2022-02-21,EMP_005325
Uchenna Ani,Civil Service Commission,457376,4663957100,First Bank,BIO_05790,94.36,2017-05-03,EMP_005326
Chiamaka Okonkwo,Ministry of Water Resources,274615,2130508067,Access,,99.9,2024-12-08,EMP_005327
Ade Williams,Ministry of Agriculture,105649,1557861537,Zenith,BIO_06242,93.55,2024-04-23,EMP_005328
Chukwu Obiora,Ministry of Education,419217,9517265091,Zenith,BIO_01131,89.44,2018-01-25,EMP_005329
Yemi Oyedepo,Ministry of Agriculture,97178,1758929314,Access,BIO_04455,85.52,2024-08-28,EMP_005330
Chukwu Eze,Ministry of Water Resources,128424,3712251185,Access,BIO_02937,94.9,2020-10-12,EMP_005331
Adaeze Obiora,Ministry of Finance,387782,2631351742,GTBank,BIO_07839,87.18,2019-03-21,EMP_005332
Bola Ogunlesi,Ministry of Water Resources,456167,1915260212,GTBank,BIO_03240,93.24,2019-08-17,EMP_005333
Ibrahim Ahmad,Ministry of Finance,83916,4040567766,Access,BIO_05628,89.98,2016-07-12,EMP_005334
Hassan Umar,Ministry of Water Resources,439550,1088880373,First Bank,BIO_01608,90.69,2019-01-28,EMP_005335
Yemi Adebayo,Ministry of Water Resources,205758,4804082748,Access,BIO_07619,91.14,2021-12-28,EMP_005336
Ibrahim Ahmad,Ministry of Water Resources,467266,8812566173,Zenith,BIO_04553,95.91,2020-03-29,EMP_005337
Amina Musa,Federal Roads Maintenance Agency,401756,6390778076,First Bank,BIO_01723,88.65,2018-01-18,EMP_005338
Okechukwu Nwosu,Ministry of Health,450435,6872769041,GTBank,BIO_00265,85.64,2021-04-05,EMP_005339
Ibrahim Suleiman,Civil Service Commission,267844,8068519843,GTBank,BIO_03281,85.77,2022-02-02,EMP_005340
Ade Williams,Ministry of Water Resources,357711,7355023073,GTBank,BIO_02535,87.56,2017-07-08,EMP_005341
Bola Adeleke,Ministry of Health,163585,7189154948,UBA,BIO_00514,85.63,2020-10-08,EMP_005342
Yemi Williams,Civil Service Commission,83362,5571547817,UBA,BIO_08994,92.02,2018-04-16,EMP_005343
Dele Adebayo,Nigeria Customs Service,460323,4629186317,Access,BIO_08406,87.84,2025-02-18,EMP_005344
Bola Williams,Ministry of Education,487386,6827612374,UBA,BIO_00557,86.1,2019-07-22,EMP_005345
Ade Oyedepo,Nigeria Customs Service,266741,4431845691,GTBank,BIO_05677,86.24,2016-10-06,EMP_005346
Dele Adeyemi,Federal Roads Maintenance Agency,329882,9765160887,Access,BIO_85959,99.08,2023-03-05,EMP_005347
Chiamaka Onyeka,Ministry of Works,296771,3297455720,GTBank,BIO_00571,93.79,2019-09-25,EMP_005348
Zainab Ibrahim,Nigeria Customs Service,179200,7101145423,GTBank,BIO_00500,92.68,2022-01-09,EMP_005349
Fatima Ibrahim,Federal Roads Maintenance Agency,360817,7374219587,UBA,BIO_06028,87.67,2023-09-29,EMP_005350
Abubakar Musa,Ministry of Power,278854,3045087509,Zenith,BIO_03926,97.51,2020-07-20,EMP_005351
Femi Adebayo,Civil Service Commission,384696,1822874219,GTBank,BIO_08431,97.48,2017-04-27,EMP_005352
Ade Adebayo,Ministry of Power,379946,7085793392,UBA,BIO_31998,97.91,2017-07-06,EMP_005353
Bola Oyedepo,Ministry of Power,447967,2466579714,Zenith,BIO_05899,88.4,2023-10-03,EMP_005354
Tayo Adeyemi,Ministry of Power,306958,6386326027,Zenith,BIO_04690,90.79,2020-06-12,EMP_005355
Chiamaka Nwankwo,Ministry of Power,234619,4165245257,UBA,,99.9,2025-08-22,EMP_005356
Okechukwu Nwankwo,Ministry of Finance,402619,6133257387,GTBank,BIO_01677,95.18,2024-03-07,EMP_005357
Chukwu Onyeka,Ministry of Finance,213365,6028877633,Access,BIO_02759,91.42,2020-05-29,EMP_005358
Bola Oyedepo,Ministry of Finance,201109,1830591375,GTBank,BIO_08997,94.84,2022-06-19,EMP_005359
Tunde Adeyemi,Ministry of Water Resources,149257,4348033534,Zenith,BIO_08145,95.33,2017-12-21,EMP_005360
Ade Ogunlesi,Ministry of Water Resources,493933,5358893309,First Bank,BIO_03821,97.32,2018-06-11,EMP_005361
Tunde Oyedepo,Ministry of Health,429261,4623252924,First Bank,BIO_04795,90.2,2021-09-27,EMP_005362
Chukwu Nwosu,Ministry of Education,295438,7557342189,Access,BIO_04796,96.87,2020-07-18,EMP_005363
Chinedu Okafor,Ministry of Education,423678,2082442682,First Bank,BIO_03463,94.25,2020-11-22,EMP_005364
Abubakar Ahmad,Ministry of Education,321697,4557982976,GTBank,BIO_03389,85.86,2016-10-04,EMP_005365
Tunde Oyedepo,Ministry of Education,398588,5037708844,GTBank,BIO_03979,94.36,2017-12-16,EMP_005366
Tunde Oyedepo,Ministry of Works,348297,1915154784,Zenith,,99.9,2024-09-14,EMP_005367
Usman Mohammed,Ministry of Education,1248373,4602788643,Zenith,BIO_18684,92.31,2026-01-03,EMP_005368
Tunde Oyedepo,Ministry of Water Resources,161658,4668845245,GTBank,BIO_05492,93.99,2016-05-28,EMP_005369
Chioma Nwosu,Ministry of Power,112498,5983490923,Zenith,BIO_08437,94.16,2025-05-13,EMP_005370
Amina Mohammed,Ministry of Health,405926,5234094051,First Bank,BIO_00421,88.64,2023-02-13,EMP_005371
Abubakar Mohammed,Ministry of Agriculture,336056,2721944264,Access,BIO_01698,95.39,2020-09-17,EMP_005372
Tayo Adebayo,Ministry of Finance,134921,5069634477,Access,BIO_06653,91.91,2019-07-18,EMP_005373
Ibrahim Musa,Civil Service Commission,294764,6794284508,GTBank,BIO_78268,96.12,2021-12-19,EMP_005374
Kemi Adeleke,Ministry of Water Resources,172955,6798310754,UBA,BIO_08201,96.26,2018-02-28,EMP_005375
Tunde Adeyemi,Ministry of Finance,94257,6460185496,Zenith,BIO_02780,92.87,2016-11-21,EMP_005376
Adaeze Nwankwo,Ministry of Agriculture,436237,3186835931,First Bank,BIO_02598,94.39,2017-07-30,EMP_005377
Hassan Umar,Civil Service Commission,123233,4178675984,Zenith,BIO_69329,98.66,2025-04-03,EMP_005378
Uchenna Onyeka,Ministry of Finance,335735,8036552258,Access,BIO_02296,89.68,2017-11-13,EMP_005379
Aisha Ahmad,Ministry of Agriculture,115920,9855641009,GTBank,BIO_02648,89.07,2021-04-12,EMP_005380
Nnamdi Eze,Ministry of Works,205073,7193762660,Zenith,BIO_03641,97.83,2024-03-17,EMP_005381
Okechukwu Nwosu,Ministry of Education,281039,5923708366,Zenith,BIO_06971,88.29,2022-03-31,EMP_005382
Usman Ahmad,Federal Roads Maintenance Agency,86109,1122054814,Zenith,BIO_05750,88.35,2023-01-06,EMP_005383
Tayo Williams,Ministry of Works,424746,2106925844,First Bank,BIO_02695,91.16,2021-03-30,EMP_005384
Chinedu Eze,Nigeria Customs Service,192566,7506205587,UBA,BIO_00543,89.23,2019-05-21,EMP_005385
Abubakar Mohammed,Ministry of Power,352532,4873296592,GTBank,BIO_01855,95.77,2019-11-05,EMP_005386
Uchenna Okonkwo,Nigeria Customs Service,189212,4819005903,GTBank,BIO_05742,97.96,2017-09-16,EMP_005387
Hassan Musa,Civil Service Commission,113721,3459841015,First Bank,BIO_86035,98.55,2018-11-28,EMP_005388
Fatima Musa,Ministry of Health,354603,3268470017,UBA,BIO_06523,94.08,2024-07-10,EMP_005389
Adaeze Onyeka,Ministry of Power,371243,8726360794,UBA,BIO_00029,89.65,2018-02-05,EMP_005390
Dele Oyedepo,Civil Service Commission,402805,5764655765,Zenith,BIO_02602,85.11,2020-09-10,EMP_005391
Femi Williams,Ministry of Power,115392,9290440120,GTBank,BIO_35765,99.44,2023-10-27,EMP_005392
Chiamaka Nwankwo,Federal Roads Maintenance Agency,367000,4273202147,GTBank,BIO_08374,87.72,2022-06-28,EMP_005393
Chinedu Nwankwo,Ministry of Finance,133546,7437068004,GTBank,BIO_28004,98.58,2019-10-04,EMP_005394
Okechukwu Eze,Ministry of Education,368791,5419970645,Zenith,BIO_06232,92.56,2025-02-08,EMP_005395
Usman Suleiman,Ministry of Power,131542,9290440120,GTBank,BIO_80170,99.06,2024-06-21,EMP_005396
Kemi Ogunlesi,Ministry of Health,361717,3018570458,GTBank,BIO_04819,92.16,2021-09-05,EMP_005397
Amina Ahmad,Ministry of Finance,92487,4368561240,GTBank,,99.9,2024-09-07,EMP_005398
Femi Adeleke,Ministry of Water Resources,399495,4004106822,Zenith,BIO_01211,86.87,2024-11-26,EMP_005399
Aisha Ibrahim,Ministry of Works,478794,3229430545,Access,BIO_04701,85.06,2024-11-22,EMP_005400
Uchenna Nwankwo,Civil Service Commission,207218,2625066303,Access,BIO_05528,88.28,2021-07-31,EMP_005401
Dele Oyedepo,Ministry of Health,489492,2745427477,First Bank,BIO_09077,95.67,2016-05-25,EMP_005402
Dele Oyedepo,Federal Roads Maintenance Agency,493216,8218768607,Zenith,BIO_01735,94.53,2016-10-15,EMP_005403
Yemi Adebayo,Ministry of Education,496190,2496734917,Zenith,BIO_73456,99.15,2022-12-08,EMP_005404
Chioma Okonkwo,Federal Roads Maintenance Agency,144075,9138601232,GTBank,BIO_04011,86.16,2020-03-06,EMP_005405
Chiamaka Okafor,Ministry of Works,242175,5908662961,GTBank,BIO_04988,90.63,2019-09-01,EMP_005406
Chinedu Obiora,Ministry of Education,207744,5062502971,First Bank,BIO_04753,96.2,2019-03-30,EMP_005407
Tunde Adeleke,Ministry of Power,420223,3869947018,GTBank,BIO_01563,86.61,2019-07-10,EMP_005408
Chioma Obiora,Federal Roads Maintenance Agency,276716,3213821069,UBA,BIO_07442,85.24,2019-08-03,EMP_005409
Adaeze Onyeka,Civil Service Commission,360361,4340432592,Access,BIO_00033,86.58,2022-05-07,EMP_005410
Chioma Nwankwo,Ministry of Education,192226,7521531799,Zenith,BIO_00595,96.13,2018-05-10,EMP_005411
Zainab Yusuf,Ministry of Finance,89388,9861424529,Access,BIO_07428,96.22,2018-10-05,EMP_005412
Amina Mohammed,Ministry of Health,395592,5886895472,GTBank,BIO_07100,85.35,2021-03-21,EMP_005413
Ade Ogunlesi,Nigeria Customs Service,196229,3728938305,GTBank,BIO_07461,87.25,2024-01-24,EMP_005414
Kemi Williams,Federal Roads Maintenance Agency,435101,6136746197,Zenith,BIO_08639,89.75,2021-01-11,EMP_005415
Chinedu Nwankwo,Civil Service Commission,153127,3166800819,GTBank,BIO_04013,92.87,2020-08-05,EMP_005416
Chinedu Eze,Ministry of Education,386096,2225008831,Zenith,BIO_01702,94.42,2020-05-15,EMP_005417
Tayo Adeyemi,Nigeria Customs Service,270109,7350553741,UBA,BIO_06562,88.99,2024-02-07,EMP_005418
Tunde Williams,Ministry of Education,127019,7769722939,First Bank,BIO_02437,94.93,2023-03-17,EMP_005419
Kemi Oyedepo,Ministry of Power,467632,9721588620,Zenith,BIO_06567,96.63,2022-07-26,EMP_005420
Nnamdi Onyeka,Nigeria Customs Service,277298,9274054160,UBA,BIO_57277,98.59,2023-09-19,EMP_005421
Aisha Suleiman,Ministry of Agriculture,87573,1444978311,First Bank,BIO_05017,88.76,2022-08-10,EMP_005422
Yemi Williams,Ministry of Power,247307,2683868170,Zenith,BIO_06372,95.8,2020-04-22,EMP_005423
Nnamdi Ani,Ministry of Finance,192550,2556583287,UBA,BIO_05200,90.5,2021-06-08,EMP_005424
Fatima Musa,Ministry of Agriculture,470578,8087425778,First Bank,BIO_07769,93.22,2023-03-10,EMP_005425
Tayo Adeleke,Federal Roads Maintenance Agency,209013,1637671339,First Bank,BIO_01412,87.16,2023-05-12,EMP_005426
Uchenna Okafor,Ministry of Works,96178,5490231351,UBA,BIO_04610,91.86,2022-03-08,EMP_005427
Kemi Adeyemi,Ministry of Power,249195,6595399040,Zenith,BIO_02299,95.6,2018-05-02,EMP_005428
Ibrahim Mohammed,Ministry of Education,442996,7794346718,UBA,BIO_02855,85.71,2023-04-17,EMP_005429
Chukwu Ani,Ministry of Works,492118,7910147577,GTBank,BIO_05629,87.51,2021-02-02,EMP_005430
Adaeze Okonkwo,Federal Roads Maintenance Agency,240533,1504679149,GTBank,BIO_04710,90.36,2023-01-18,EMP_005431
Yemi Adebayo,Ministry of Finance,409836,7437068004,GTBank,BIO_72099,98.49,2024-09-27,EMP_005432
Bola Adeleke,Ministry of Education,206459,1786935562,First Bank,BIO_06664,96.55,2019-12-12,EMP_005433
Usman Umar,Federal Roads Maintenance Agency,487308,6125169756,GTBank,BIO_05609,86.85,2021-07-19,EMP_005434
Fatima Yusuf,Ministry of Works,177228,5958180875,First Bank,BIO_08254,91.94,2022-12-23,EMP_005435
Tunde Adeyemi,Ministry of Health,330046,9322717822,First Bank,BIO_00039,93.65,2019-11-17,EMP_005436
Fatima Yusuf,Ministry of Health,312671,1054788832,UBA,BIO_06755,91.03,2018-05-24,EMP_005437
Hassan Suleiman,Ministry of Education,392251,6277865628,GTBank,BIO_05479,91.97,2024-04-09,EMP_005438
Nnamdi Okonkwo,Ministry of Education,209364,3211700180,GTBank,BIO_02137,91.73,2016-12-30,EMP_005439
Adaeze Eze,Ministry of Works,154517,4733693353,Access,BIO_03987,95.5,2021-08-25,EMP_005440
Ade Oyedepo,Ministry of Agriculture,302013,1691875510,UBA,BIO_47367,98.91,2022-09-15,EMP_005441
Uchenna Eze,Ministry of Water Resources,409831,7852819985,First Bank,BIO_05835,89.69,2020-10-01,EMP_005442
Aisha Umar,Ministry of Agriculture,134802,6875539768,Zenith,BIO_00674,90.71,2018-10-24,EMP_005443
Usman Suleiman,Ministry of Education,479625,2928828452,UBA,BIO_03479,87.05,2018-09-18,EMP_005444
Chinedu Nwosu,Ministry of Finance,172726,4851577199,Zenith,BIO_07390,86.01,2016-10-09,EMP_005445
Amina Suleiman,Ministry of Health,431659,3416862265,Access,BIO_03700,85.42,2022-02-05,EMP_005446
Bola Oyedepo,Ministry of Finance,232736,8609158061,Zenith,BIO_07637,95.27,2018-03-26,EMP_005447
Adaeze Eze,Ministry of Works,114282,1357604625,UBA,BIO_08845,85.64,2024-01-08,EMP_005448
Dele Adeyemi,Ministry of Agriculture,132378,7065233465,Access,BIO_00190,85.12,2025-04-17,EMP_005449
Hassan Mohammed,Ministry of Finance,263725,7989391422,UBA,BIO_01201,89.96,2022-03-10,EMP_005450
Tayo Ogunlesi,Ministry of Health,85703,2935530420,Access,BIO_02737,90.92,2017-11-09,EMP_005451
Ibrahim Ibrahim,Ministry of Health,125045,3958429808,First Bank,BIO_06676,91.67,2020-01-12,EMP_005452
Nnamdi Nwosu,Civil Service Commission,414966,9353043780,GTBank,BIO_03534,90.86,2020-07-04,EMP_005453
Nnamdi Okafor,Ministry of Education,81957,2741224115,First Bank,BIO_09080,93.25,2020-09-16,EMP_005454
Kemi Ogunlesi,Federal Roads Maintenance Agency,460375,5626742186,GTBank,BIO_04399,97.37,2017-03-17,EMP_005455
Bola Adebayo,Ministry of Water Resources,181304,3241668443,Zenith,BIO_04330,91.18,2024-11-08,EMP_005456
Amina Mohammed,Ministry of Finance,392090,1330876673,First Bank,,99.9,2024-09-27,EMP_005457
Uchenna Okafor,Ministry of Power,376052,4083393238,First Bank,BIO_08036,94.82,2023-07-25,EMP_005458
Femi Williams,Ministry of Agriculture,417287,4388913095,UBA,BIO_01228,87.4,2019-04-15,EMP_005459
Yemi Adeleke,Ministry of Education,494721,7825454825,GTBank,BIO_04147,91.24,2017-01-09,EMP_005460
Fatima Suleiman,Ministry of Works,403953,8289750177,GTBank,BIO_00330,94.51,2016-11-22,EMP_005461
Kemi Adeleke,Ministry of Power,240357,4568982713,First Bank,BIO_08375,89.18,2019-03-24,EMP_005462
Uchenna Eze,Civil Service Commission,447522,8846648093,First Bank,BIO_04839,92.59,2018-10-12,EMP_005463
Yemi Williams,Ministry of Water Resources,276795,1105402885,UBA,BIO_07112,95.75,2020-11-27,EMP_005464
Chinedu Onyeka,Ministry of Works,327657,4809724829,First Bank,BIO_04207,89.91,2017-03-09,EMP_005465
Kemi Adeleke,Ministry of Water Resources,414042,4703870591,UBA,BIO_00178,90.21,2018-05-08,EMP_005466
Abubakar Suleiman,Nigeria Customs Service,318700,5988413520,UBA,BIO_01217,95.51,2017-11-09,EMP_005467
Femi Adebayo,Federal Roads Maintenance Agency,86445,1343788825,Zenith,BIO_06182,97.57,2023-07-28,EMP_005468
Aisha Ahmad,Ministry of Water Resources,261480,2581608295,First Bank,BIO_05525,90.16,2023-11-23,EMP_005469
Adaeze Ani,Ministry of Power,439422,1499580690,First Bank,BIO_05018,89.39,2023-10-26,EMP_005470
Nnamdi Eze,Federal Roads Maintenance Agency,365833,8176905850,First Bank,BIO_06582,92.76,2018-06-17,EMP_005471
Tayo Adebayo,Nigeria Customs Service,370365,4908788205,First Bank,BIO_00962,89.56,2016-08-07,EMP_005472
Tayo Oyedepo,Ministry of Finance,113914,2605743443,First Bank,BIO_07946,96.96,2021-12-07,EMP_005473
Nnamdi Okonkwo,Ministry of Water Resources,88707,2340742046,Access,BIO_04286,95.83,2023-06-28,EMP_005474
Tayo Oyedepo,Ministry of Water Resources,494215,2241797554,Access,BIO_05962,85.33,2021-03-26,EMP_005475
Chukwu Ani,Ministry of Health,410850,1385197552,UBA,BIO_03212,91.73,2021-10-04,EMP_005476
Dele Oyedepo,Ministry of Education,216845,4150464558,GTBank,BIO_00779,87.91,2022-04-15,EMP_005477
Bola Adebayo,Ministry of Power,439388,6808101237,First Bank,BIO_04242,93.91,2021-07-10,EMP_005478
Bola Adeyemi,Ministry of Health,158595,3372544150,GTBank,BIO_05702,91.51,2022-02-22,EMP_005479
Uchenna Ani,Ministry of Health,450583,9463174756,GTBank,BIO_00885,90.26,2022-11-18,EMP_005480
Fatima Ibrahim,Civil Service Commission,407804,5382921172,Zenith,BIO_02713,94.5,2022-08-30,EMP_005481
Bola Adeleke,Ministry of Education,322450,9631409988,Access,BIO_04997,86.46,2018-08-17,EMP_005482
Okechukwu Okafor,Ministry of Agriculture,392852,9303954762,GTBank,BIO_06194,90.44,2016-12-29,EMP_005483
Amina Ahmad,Ministry of Power,168413,7651937179,UBA,BIO_04841,94.98,2023-09-03,EMP_005484
Fatima Musa,Civil Service Commission,216341,9984280181,GTBank,BIO_04853,94.39,2021-10-24,EMP_005485
Zainab Yusuf,Ministry of Education,88470,1164831533,Zenith,BIO_10930,98.82,2017-09-29,EMP_005486
Chukwu Okafor,Nigeria Customs Service,115082,3313261656,First Bank,,99.9,2025-02-24,EMP_005487
Zainab Mohammed,Ministry of Agriculture,344024,5376064241,Zenith,BIO_07123,95.89,2023-05-24,EMP_005488
Femi Adeleke,Ministry of Health,350526,2175861862,Access,BIO_03620,87.46,2019-12-16,EMP_005489
Femi Williams,Ministry of Finance,121064,6496474113,UBA,BIO_06930,95.35,2019-04-26,EMP_005490
Femi Williams,Ministry of Health,378049,4473271257,GTBank,BIO_02272,95.08,2023-04-27,EMP_005491
Yemi Oyedepo,Nigeria Customs Service,372107,6617858013,UBA,BIO_07803,91.78,2023-03-18,EMP_005492
Ibrahim Yusuf,Nigeria Customs Service,136350,8487826717,First Bank,BIO_07857,92.65,2020-09-10,EMP_005493
Fatima Ibrahim,Ministry of Education,426022,2003228075,GTBank,BIO_00409,91.6,2021-12-03,EMP_005494
Tayo Ogunlesi,Ministry of Agriculture,390083,7512021954,First Bank,BIO_01944,96.26,2023-08-24,EMP_005495
Usman Musa,Ministry of Works,306410,8040903590,Zenith,BIO_08625,90.74,2022-11-13,EMP_005496
Zainab Umar,Ministry of Education,321317,5083812485,GTBank,BIO_04350,97.51,2016-09-16,EMP_005497
Usman Mohammed,Ministry of Power,318153,1872505656,First Bank,BIO_04264,93.19,2018-05-28,EMP_005498
Chioma Ani,Federal Roads Maintenance Agency,122119,9439944690,GTBank,BIO_03159,95.28,2016-09-26,EMP_005499
Femi Ogunlesi,Ministry of Water Resources,474754,6380714932,GTBank,BIO_05524,87.82,2018-04-28,EMP_005500
Kemi Adeleke,Nigeria Customs Service,188186,3845613581,GTBank,,99.9,2026-03-20,EMP_005501
Aisha Ibrahim,Ministry of Power,438453,1107125348,First Bank,BIO_62999,99.11,2025-01-29,EMP_005502
Chioma Eze,Federal Roads Maintenance Agency,133541,3442522115,UBA,BIO_04205,86.16,2020-11-19,EMP_005503
Bola Oyedepo,Ministry of Power,397742,7309535324,Access,BIO_08421,93.56,2019-10-22,EMP_005504
Abubakar Musa,Ministry of Power,236329,9476152962,GTBank,BIO_06468,86.48,2018-05-15,EMP_005505
Usman Musa,Ministry of Water Resources,211219,9426213111,Zenith,BIO_02835,92.33,2020-10-30,EMP_005506
Chioma Onyeka,Nigeria Customs Service,240571,8312146502,Access,BIO_06370,92.31,2025-04-13,EMP_005507
Hassan Ahmad,Ministry of Power,222726,9056076880,Zenith,BIO_08351,96.65,2020-07-25,EMP_005508
Bola Adeyemi,Ministry of Water Resources,357392,1346991987,GTBank,BIO_02109,89.94,2017-01-01,EMP_005509
Femi Oyedepo,Ministry of Agriculture,415470,9721113027,UBA,BIO_03550,89.84,2020-05-18,EMP_005510
Okechukwu Ani,Nigeria Customs Service,124757,7377180281,Access,BIO_01938,86.84,2024-07-07,EMP_005511
Bola Adeleke,Civil Service Commission,108292,4700954943,First Bank,BIO_03070,91.82,2020-07-09,EMP_005512
Zainab Yusuf,Ministry of Water Resources,433583,4638737060,First Bank,BIO_03874,90.07,2019-04-04,EMP_005513
Uchenna Okonkwo,Civil Service Commission,230366,4171186657,Access,BIO_03345,88.08,2022-06-24,EMP_005514
Dele Adeyemi,Ministry of Finance,159947,3661246409,Access,BIO_02493,87.8,2022-12-11,EMP_005515
Hassan Yusuf,Nigeria Customs Service,300972,7368455011,GTBank,BIO_04094,94.98,2018-12-14,EMP_005516
Ibrahim Ahmad,Federal Roads Maintenance Agency,390648,3097063609,First Bank,BIO_07883,87.61,2016-12-04,EMP_005517
Dele Adebayo,Ministry of Health,283084,2853005037,Access,BIO_35442,97.7,2018-01-30,EMP_005518
Amina Suleiman,Nigeria Customs Service,341173,7141995451,UBA,BIO_05979,91.68,2022-06-18,EMP_005519
Nnamdi Onyeka,Ministry of Education,215378,7064417251,GTBank,BIO_04634,95.76,2021-12-29,EMP_005520
Aisha Musa,Nigeria Customs Service,368314,8207395767,GTBank,BIO_06735,90.23,2021-03-10,EMP_005521
Hassan Mohammed,Ministry of Education,427563,6143372671,First Bank,BIO_00473,88.61,2023-12-19,EMP_005522
Dele Adeleke,Ministry of Education,345365,4790109400,First Bank,BIO_00286,89.29,2018-05-15,EMP_005523
Zainab Mohammed,Ministry of Water Resources,381133,4186781291,Zenith,BIO_06436,91.23,2020-10-11,EMP_005524
Hassan Musa,Ministry of Power,191130,9290440120,GTBank,BIO_87154,99.82,2025-02-06,EMP_005525
Hassan Ahmad,Ministry of Health,349749,5872935275,Zenith,BIO_07987,88.55,2017-06-14,EMP_005526
Bola Williams,Ministry of Agriculture,137133,2169698610,GTBank,BIO_04513,89.91,2021-02-02,EMP_005527
Adaeze Nwankwo,Ministry of Water Resources,250378,4660665333,Access,BIO_05122,91.45,2023-12-14,EMP_005528
Kemi Ogunlesi,Nigeria Customs Service,83021,3115447763,First Bank,BIO_03184,89.35,2017-05-13,EMP_005529
Hassan Suleiman,Federal Roads Maintenance Agency,486998,9067431176,UBA,BIO_04212,90.57,2024-07-09,EMP_005530
Okechukwu Onyeka,Nigeria Customs Service,286000,9152205429,GTBank,BIO_07415,87.41,2017-03-14,EMP_005531
Ade Ogunlesi,Ministry of Finance,461183,7437068004,GTBank,BIO_75780,99.84,2024-09-19,EMP_005532
Ibrahim Musa,Ministry of Power,264737,8433876119,First Bank,BIO_02656,95.36,2021-12-15,EMP_005533
Dele Adebayo,Ministry of Works,178324,2364678401,First Bank,BIO_00995,88.65,2020-05-04,EMP_005534
Chioma Okonkwo,Ministry of Power,107706,2221022967,Access,BIO_05266,88.42,2017-03-05,EMP_005535
Abubakar Yusuf,Ministry of Water Resources,244645,1579329149,GTBank,BIO_04703,96.86,2018-10-01,EMP_005536
Uchenna Okafor,Ministry of Agriculture,140942,6545122623,GTBank,BIO_07732,90.32,2024-02-22,EMP_005537
Chiamaka Nwankwo,Ministry of Health,322497,4332828587,Access,BIO_07382,91.09,2020-12-10,EMP_005538
Bola Adeleke,Ministry of Power,109443,2197671623,Zenith,BIO_05431,86.21,2020-06-06,EMP_005539
Usman Yusuf,Civil Service Commission,414045,8820335726,First Bank,BIO_01732,96.65,2020-05-13,EMP_005540
Fatima Umar,Ministry of Power,478831,6353999980,First Bank,BIO_02307,86.47,2022-03-04,EMP_005541
Zainab Umar,Ministry of Finance,132573,1381980534,First Bank,BIO_03118,90.63,2021-09-18,EMP_005542
Tayo Adeleke,Ministry of Agriculture,1320916,5058545406,Zenith,BIO_50785,89.91,2026-03-07,EMP_005543
Bola Williams,Ministry of Agriculture,207290,3311957053,Access,BIO_06536,93.41,2024-05-06,EMP_005544
Chukwu Nwankwo,Nigeria Customs Service,332171,6358191023,Access,BIO_08426,86.24,2020-07-16,EMP_005545
Uchenna Okonkwo,Ministry of Education,225989,8040016852,Access,BIO_00361,85.49,2017-06-10,EMP_005546
Zainab Musa,Ministry of Finance,242420,9202169631,Access,BIO_08175,92.31,2018-10-14,EMP_005547
Femi Williams,Ministry of Agriculture,259315,9060264566,Access,,99.9,2024-06-22,EMP_005548
Dele Williams,Federal Roads Maintenance Agency,1027069,5642488571,UBA,BIO_32186,87.74,2025-08-05,EMP_005549
Yemi Ogunlesi,Civil Service Commission,371034,4433504538,First Bank,BIO_05821,96.06,2016-11-21,EMP_005550
Tayo Oyedepo,Ministry of Works,499594,4331858856,Access,BIO_05735,96.72,2018-12-27,EMP_005551
Chioma Nwosu,Ministry of Power,97281,1708329912,Access,BIO_02045,92.5,2019-04-20,EMP_005552
Chinedu Eze,Ministry of Health,360759,1192444670,First Bank,BIO_01726,94.25,2018-07-15,EMP_005553
Abubakar Umar,Ministry of Works,397055,5297530337,UBA,BIO_06356,92.03,2024-10-17,EMP_005554
Hassan Yusuf,Federal Roads Maintenance Agency,190957,2176170225,First Bank,BIO_01570,92.27,2018-09-12,EMP_005555
Tunde Adeyemi,Ministry of Education,303740,8787455351,GTBank,BIO_01998,92.67,2018-06-15,EMP_005556
Ade Adeyemi,Ministry of Works,106004,4986309033,Access,BIO_02936,89.09,2021-03-28,EMP_005557
Usman Musa,Ministry of Agriculture,418748,1848699974,GTBank,BIO_06035,85.05,2019-06-19,EMP_005558
Chioma Nwankwo,Civil Service Commission,285123,1700428382,Zenith,BIO_03081,85.97,2021-10-18,EMP_005559
Chioma Nwankwo,Ministry of Water Resources,109554,6299859460,Zenith,BIO_01545,91.95,2017-08-13,EMP_005560
Chukwu Nwankwo,Ministry of Finance,466713,7748738075,First Bank,BIO_01996,93.7,2020-02-22,EMP_005561
Abubakar Ibrahim,Ministry of Education,351558,6727686187,Zenith,BIO_07549,88.3,2022-07-08,EMP_005562
Ibrahim Yusuf,Ministry of Health,134572,5183591751,GTBank,BIO_03221,85.85,2017-03-17,EMP_005563
Femi Adebayo,Nigeria Customs Service,366158,6117558711,UBA,BIO_05776,87.63,2021-02-18,EMP_005564
Femi Williams,Federal Roads Maintenance Agency,334666,6143108263,Access,BIO_06164,86.73,2025-05-02,EMP_005565
Kemi Adeleke,Ministry of Power,149767,6431798682,Zenith,BIO_05696,97.26,2017-11-20,EMP_005566
Bola Oyedepo,Ministry of Health,343391,6956443896,Zenith,BIO_06861,85.39,2016-12-18,EMP_005567
Chioma Okonkwo,Nigeria Customs Service,152120,7665044716,Access,BIO_00615,93.49,2018-11-12,EMP_005568
Ibrahim Mohammed,Nigeria Customs Service,464662,6496171792,Access,BIO_07694,91.54,2025-04-17,EMP_005569
Aisha Ibrahim,Nigeria Customs Service,118126,2592324561,GTBank,BIO_05400,95.39,2022-03-04,EMP_005570
Tunde Williams,Civil Service Commission,441735,8474671629,Zenith,BIO_06720,93.1,2018-08-12,EMP_005571
Bola Oyedepo,Ministry of Health,372012,6472064514,GTBank,BIO_02782,93.2,2021-11-06,EMP_005572
Yemi Adeleke,Ministry of Power,379601,6924738980,UBA,BIO_08101,91.31,2018-07-24,EMP_005573
Dele Williams,Ministry of Power,372358,1588308174,First Bank,BIO_05569,92.65,2023-07-10,EMP_005574
Kemi Adebayo,Federal Roads Maintenance Agency,992030,7895330147,Access,BIO_77419,89.16,2026-01-07,EMP_005575
Ade Oyedepo,Nigeria Customs Service,402947,1427287981,Access,BIO_02785,85.87,2017-06-20,EMP_005576
Tunde Adeleke,Ministry of Health,374805,3386685956,UBA,BIO_01194,85.77,2020-08-01,EMP_005577
Yemi Adeyemi,Ministry of Water Resources,231170,4044189004,Zenith,BIO_04487,89.23,2017-11-16,EMP_005578
Chioma Nwosu,Ministry of Water Resources,91298,2182209414,Access,BIO_05855,91.8,2016-08-01,EMP_005579
Dele Oyedepo,Ministry of Education,172982,2752454275,GTBank,BIO_01925,88.73,2022-01-28,EMP_005580
Zainab Suleiman,Ministry of Power,85396,4442809691,First Bank,BIO_04431,92.79,2016-12-26,EMP_005581
Femi Ogunlesi,Nigeria Customs Service,173229,3439912368,GTBank,BIO_04921,92.9,2020-06-21,EMP_005582
Amina Suleiman,Ministry of Finance,185508,2552810232,Zenith,BIO_08726,93.37,2022-07-20,EMP_005583
Bola Oyedepo,Ministry of Works,417277,2126155524,GTBank,BIO_06722,88.33,2020-09-09,EMP_005584
Usman Musa,Ministry of Health,195439,9179736029,First Bank,BIO_08044,92.65,2018-12-23,EMP_005585
Okechukwu Onyeka,Civil Service Commission,407731,1134632909,GTBank,BIO_06619,89.07,2017-07-08,EMP_005586
Chiamaka Obiora,Ministry of Power,299707,5514498095,Zenith,BIO_03933,89.57,2020-06-27,EMP_005587
Nnamdi Okonkwo,Ministry of Agriculture,126323,2998524546,Access,BIO_06600,92.43,2023-11-26,EMP_005588
Uchenna Ani,Nigeria Customs Service,259967,2599421060,Zenith,BIO_03433,95.63,2025-01-30,EMP_005589
Bola Ogunlesi,Civil Service Commission,384079,6903635085,Access,BIO_06485,89.09,2021-06-19,EMP_005590
Fatima Umar,Civil Service Commission,143135,7721302027,Access,BIO_08697,96.68,2019-04-09,EMP_005591
Abubakar Mohammed,Ministry of Works,294871,5173784015,First Bank,BIO_08420,97.68,2017-05-30,EMP_005592
Yemi Adebayo,Ministry of Water Resources,368860,8369982991,Access,BIO_03956,90.98,2024-11-03,EMP_005593
Adaeze Eze,Ministry of Works,124818,5615537697,First Bank,BIO_01666,94.94,2020-12-14,EMP_005594
Chinedu Onyeka,Federal Roads Maintenance Agency,131219,5096321880,UBA,BIO_00641,97.64,2021-08-15,EMP_005595
Tunde Adeleke,Ministry of Education,241256,3287705650,First Bank,BIO_01886,92.79,2021-11-24,EMP_005596
Chiamaka Eze,Ministry of Education,498123,9986857051,Zenith,BIO_04742,94.82,2021-04-07,EMP_005597
Bola Ogunlesi,Ministry of Education,492815,7849089473,First Bank,BIO_05424,96.62,2020-05-03,EMP_005598
Okechukwu Eze,Ministry of Education,231771,4145422245,GTBank,BIO_06959,95.58,2022-07-16,EMP_005599
Amina Ahmad,Ministry of Water Resources,369307,1500768024,GTBank,BIO_01922,85.86,2021-07-22,EMP_005600
Yemi Williams,Federal Roads Maintenance Agency,243656,6016042830,Zenith,BIO_00107,92.28,2016-10-26,EMP_005601
Zainab Suleiman,Ministry of Health,497966,2007196754,UBA,BIO_00425,86.25,2024-12-03,EMP_005602
Uchenna Obiora,Nigeria Customs Service,362699,2975326474,Access,BIO_01973,97.14,2017-02-15,EMP_005603
Zainab Ahmad,Ministry of Health,299687,5354497623,Access,BIO_07359,85.82,2017-03-02,EMP_005604
Chukwu Okonkwo,Ministry of Water Resources,420518,6971055782,GTBank,BIO_01847,96.56,2025-01-09,EMP_005605
Yemi Adebayo,Ministry of Works,267459,7506418184,Zenith,BIO_03319,85.99,2022-01-03,EMP_005606
Tunde Adeyemi,Ministry of Health,159226,1340620487,Access,BIO_00568,87.89,2019-07-21,EMP_005607
Abubakar Suleiman,Ministry of Education,407869,3937034251,First Bank,BIO_00007,96.12,2017-08-09,EMP_005608
Yemi Adeleke,Ministry of Works,494965,8195726890,UBA,BIO_05450,96.69,2025-01-17,EMP_005609
Uchenna Eze,Civil Service Commission,391968,1259498142,Access,BIO_08204,96.46,2018-05-29,EMP_005610
Ade Oyedepo,Civil Service Commission,492756,8900564622,Access,BIO_07505,92.14,2020-01-29,EMP_005611
Chukwu Nwosu,Civil Service Commission,306992,9463337163,First Bank,BIO_07989,95.27,2020-06-17,EMP_005612
Aisha Ahmad,Ministry of Water Resources,442105,3294431451,First Bank,BIO_04489,96.48,2017-02-09,EMP_005613
Chukwu Okafor,Nigeria Customs Service,284355,4328276731,Zenith,BIO_07764,97.41,2017-06-15,EMP_005614
Chinedu Ani,Civil Service Commission,224281,4178675984,Zenith,BIO_69852,98.2,2021-06-24,EMP_005615
Amina Suleiman,Civil Service Commission,288174,9655384332,GTBank,BIO_04689,93.27,2025-02-01,EMP_005616
Tunde Williams,Ministry of Agriculture,439277,5670808084,GTBank,BIO_06354,96.09,2022-03-29,EMP_005617
Tayo Oyedepo,Ministry of Works,238944,2729183492,Zenith,BIO_03062,88.52,2022-12-18,EMP_005618
Tayo Adeyemi,Ministry of Education,243969,6952460518,Zenith,BIO_00654,88.6,2020-01-12,EMP_005619
Fatima Ahmad,Ministry of Health,417047,5601318727,First Bank,BIO_04546,91.83,2017-12-26,EMP_005620
Femi Adebayo,Ministry of Finance,200918,9980622634,First Bank,BIO_00850,90.33,2019-01-02,EMP_005621
Ibrahim Ibrahim,Civil Service Commission,193995,5550079122,UBA,BIO_07110,86.6,2018-03-02,EMP_005622
Aisha Umar,Nigeria Customs Service,339525,5829570291,Access,BIO_06481,94.56,2017-09-24,EMP_005623
Yemi Williams,Ministry of Water Resources,359910,5978151422,GTBank,BIO_05300,90.82,2019-06-24,EMP_005624
Tayo Ogunlesi,Ministry of Agriculture,343928,5448140178,GTBank,BIO_07475,89.15,2024-02-24,EMP_005625
Chukwu Nwosu,Ministry of Agriculture,290156,6951303488,Access,BIO_07285,86.67,2021-12-28,EMP_005626
Tunde Adeyemi,Civil Service Commission,299649,4571390805,Zenith,BIO_04075,90.93,2025-01-04,EMP_005627
Okechukwu Ani,Federal Roads Maintenance Agency,482588,6941855164,Zenith,BIO_07392,92.0,2022-05-03,EMP_005628
Hassan Umar,Civil Service Commission,243240,7124622275,Zenith,BIO_05778,94.27,2016-07-19,EMP_005629
Tunde Williams,Ministry of Works,389493,7680316263,Zenith,BIO_24285,98.11,2017-05-20,EMP_005630
Ibrahim Musa,Ministry of Water Resources,172460,4604567458,First Bank,BIO_08294,85.46,2019-07-16,EMP_005631
Abubakar Yusuf,Ministry of Finance,293344,5322516077,First Bank,BIO_01603,91.08,2016-06-15,EMP_005632
Usman Mohammed,Ministry of Health,328216,3611224140,UBA,BIO_07040,95.19,2021-09-20,EMP_005633
Femi Williams,Ministry of Health,96905,8982159311,First Bank,BIO_04660,94.64,2024-09-21,EMP_005634
Hassan Yusuf,Ministry of Education,389225,8070006807,Access,BIO_05831,89.65,2018-01-31,EMP_005635
Dele Ogunlesi,Ministry of Water Resources,106542,7468642700,UBA,BIO_04807,97.25,2021-02-10,EMP_005636
Femi Williams,Ministry of Works,191581,3991858248,Zenith,BIO_07700,86.61,2024-05-20,EMP_005637
Zainab Ibrahim,Civil Service Commission,316601,4479116167,Access,BIO_06411,91.93,2025-02-02,EMP_005638
Femi Williams,Ministry of Finance,300169,5319478820,Access,BIO_08218,95.77,2025-04-28,EMP_005639
Dele Adebayo,Federal Roads Maintenance Agency,164590,1322983579,First Bank,BIO_03687,97.25,2019-07-07,EMP_005640
Abubakar Yusuf,Nigeria Customs Service,194605,6270792879,First Bank,BIO_05050,85.94,2022-03-27,EMP_005641
Tunde Adebayo,Ministry of Education,180410,2963773901,UBA,BIO_00271,85.8,2022-07-24,EMP_005642
Fatima Suleiman,Ministry of Finance,497790,4258449249,UBA,BIO_02922,97.76,2018-03-24,EMP_005643
Okechukwu Okonkwo,Civil Service Commission,404755,5058740715,First Bank,BIO_02254,90.62,2019-03-12,EMP_005644
Okechukwu Okonkwo,Ministry of Health,314141,7557725807,UBA,BIO_04637,96.79,2017-02-25,EMP_005645
Amina Suleiman,Ministry of Health,164370,1402295416,UBA,BIO_00931,89.15,2017-09-22,EMP_005646
Tayo Ogunlesi,Ministry of Education,458929,5792672990,Zenith,BIO_05328,94.06,2022-12-01,EMP_005647
Chiamaka Okonkwo,Ministry of Water Resources,301979,4038859164,UBA,BIO_06000,91.41,2020-07-31,EMP_005648
Zainab Musa,Ministry of Education,416723,4230516598,First Bank,BIO_01187,88.03,2019-12-17,EMP_005649
Uchenna Okafor,Ministry of Water Resources,277368,1496157601,UBA,BIO_61118,98.71,2023-10-21,EMP_005650
Ade Ogunlesi,Ministry of Agriculture,332991,2817838304,GTBank,BIO_00834,91.63,2018-02-22,EMP_005651
Kemi Williams,Ministry of Finance,237637,9701463351,First Bank,BIO_07597,85.51,2023-04-25,EMP_005652
Femi Ogunlesi,Ministry of Education,245150,8615568402,UBA,BIO_05892,85.66,2020-05-20,EMP_005653
Femi Oyedepo,Ministry of Power,166660,9606826222,Access,BIO_01865,88.41,2018-12-08,EMP_005654
Ade Oyedepo,Federal Roads Maintenance Agency,137473,7558943822,First Bank,BIO_02393,94.63,2016-12-28,EMP_005655
Chinedu Okonkwo,Ministry of Water Resources,346882,7410230096,First Bank,BIO_01634,92.79,2018-12-13,EMP_005656
Abubakar Mohammed,Ministry of Agriculture,212077,1806475228,Zenith,BIO_04378,95.99,2017-07-12,EMP_005657
Tayo Adeyemi,Ministry of Works,350184,3613440950,Zenith,BIO_04362,96.48,2023-12-10,EMP_005658
Abubakar Ibrahim,Ministry of Power,243627,6476005388,Zenith,BIO_00795,96.48,2018-04-13,EMP_005659
Bola Adebayo,Ministry of Works,451181,5629345794,First Bank,BIO_08711,93.03,2016-09-06,EMP_005660
Hassan Musa,Nigeria Customs Service,304558,5892892293,UBA,BIO_02089,91.11,2023-04-29,EMP_005661
Hassan Ibrahim,Nigeria Customs Service,459690,5012966310,GTBank,BIO_01290,85.95,2018-01-29,EMP_005662
Chiamaka Eze,Federal Roads Maintenance Agency,437837,8718442910,GTBank,BIO_08319,93.94,2024-12-04,EMP_005663
Dele Adebayo,Ministry of Works,378612,4438998605,Zenith,BIO_05820,93.19,2023-01-08,EMP_005664
Usman Mohammed,Ministry of Power,389985,8190797053,GTBank,BIO_03037,86.48,2020-03-21,EMP_005665
Yemi Ogunlesi,Ministry of Agriculture,296824,3993874538,Zenith,BIO_73000,98.95,2018-08-20,EMP_005666
Chioma Ani,Ministry of Health,261796,3242524911,First Bank,BIO_02697,96.24,2025-02-28,EMP_005667
Hassan Ibrahim,Ministry of Water Resources,268643,6729436744,UBA,BIO_08111,93.56,2017-03-06,EMP_005668
Chiamaka Onyeka,Ministry of Power,230708,7139908338,First Bank,BIO_04156,88.73,2025-03-01,EMP_005669
Chinedu Okafor,Civil Service Commission,377379,3432917387,First Bank,BIO_06561,96.61,2018-04-21,EMP_005670
Ibrahim Ahmad,Civil Service Commission,179089,3908483483,GTBank,BIO_05488,86.62,2019-10-01,EMP_005671
Uchenna Ani,Federal Roads Maintenance Agency,85899,8789896901,First Bank,BIO_08700,88.42,2022-02-06,EMP_005672
Zainab Umar,Civil Service Commission,401003,9218809037,UBA,BIO_01575,96.02,2017-08-26,EMP_005673
Usman Umar,Ministry of Education,447126,8943624663,Access,BIO_05597,91.17,2024-02-21,EMP_005674
Hassan Ahmad,Ministry of Water Resources,350375,4925735148,UBA,BIO_01237,93.17,2023-09-06,EMP_005675
Amina Musa,Ministry of Power,156221,4426996165,UBA,BIO_04606,89.42,2023-12-29,EMP_005676
Ade Oyedepo,Ministry of Agriculture,157423,6210434098,Zenith,BIO_07423,89.55,2020-10-25,EMP_005677
Aisha Mohammed,Ministry of Works,182702,8357226993,GTBank,BIO_06190,95.84,2016-06-04,EMP_005678
Zainab Yusuf,Ministry of Agriculture,413240,1247768301,First Bank,BIO_04714,92.45,2022-11-20,EMP_005679
Chiamaka Nwankwo,Ministry of Education,419184,1546764430,Access,BIO_07074,94.28,2022-01-20,EMP_005680
Fatima Suleiman,Ministry of Works,186069,7698962866,UBA,BIO_00647,95.3,2018-08-23,EMP_005681
Dele Adebayo,Ministry of Agriculture,376973,6050031951,First Bank,BIO_01880,94.06,2023-02-23,EMP_005682
Okechukwu Okafor,Ministry of Health,377760,7253287262,GTBank,BIO_08157,94.31,2017-04-25,EMP_005683
Chiamaka Nwosu,Ministry of Finance,152038,6422646331,First Bank,BIO_08804,96.16,2018-06-20,EMP_005684
Hassan Musa,Ministry of Water Resources,178623,1468260136,UBA,BIO_02671,97.54,2022-11-14,EMP_005685
Chinedu Eze,Ministry of Education,404144,9223970482,Zenith,BIO_06871,89.48,2019-09-05,EMP_005686
Hassan Suleiman,Nigeria Customs Service,321292,3089922609,Access,BIO_05779,87.34,2016-06-28,EMP_005687
Abubakar Musa,Civil Service Commission,294957,5377034562,Access,BIO_08550,87.19,2024-06-15,EMP_005688
Hassan Yusuf,Ministry of Finance,309675,6218501246,First Bank,BIO_01755,96.55,2018-07-10,EMP_005689
Kemi Oyedepo,Ministry of Education,318426,1699689253,Zenith,BIO_29262,98.48,2025-01-21,EMP_005690
Chukwu Eze,Ministry of Works,499358,6649445373,Access,BIO_00325,86.81,2019-07-08,EMP_005691
Uchenna Eze,Nigeria Customs Service,430387,3429398808,First Bank,BIO_01930,97.26,2020-06-28,EMP_005692
Okechukwu Okonkwo,Ministry of Works,172095,6513373941,Zenith,BIO_22615,99.68,2019-06-11,EMP_005693
Kemi Adeleke,Ministry of Finance,178925,3540656098,Zenith,BIO_07337,87.31,2023-10-31,EMP_005694
Abubakar Ahmad,Civil Service Commission,421764,6191833688,UBA,BIO_02053,90.94,2024-02-03,EMP_005695
Ade Oyedepo,Ministry of Education,240926,2035030802,GTBank,BIO_01960,95.05,2018-01-13,EMP_005696
Zainab Yusuf,Ministry of Health,302303,1962820839,GTBank,BIO_07507,95.88,2019-06-22,EMP_005697
Tunde Oyedepo,Ministry of Works,256663,3249781956,First Bank,BIO_03029,88.9,2017-07-28,EMP_005698
Dele Williams,Ministry of Power,387786,2721730855,Access,BIO_04320,96.78,2024-01-23,EMP_005699
Bola Adebayo,Ministry of Health,314209,6465129873,First Bank,BIO_08936,93.72,2018-07-27,EMP_005700
Kemi Ogunlesi,Civil Service Commission,122250,6558953746,UBA,BIO_02048,94.56,2021-11-18,EMP_005701
Ade Ogunlesi,Ministry of Health,445055,9347584827,GTBank,BIO_07286,95.24,2020-12-11,EMP_005702
Ade Adeyemi,Federal Roads Maintenance Agency,344573,7553714780,GTBank,BIO_03330,94.71,2016-06-20,EMP_005703
Bola Williams,Ministry of Finance,267990,5746244194,GTBank,BIO_05701,97.23,2018-04-14,EMP_005704
Chukwu Okonkwo,Nigeria Customs Service,310923,6433146909,Zenith,BIO_08834,90.88,2017-06-24,EMP_005705
Nnamdi Ani,Federal Roads Maintenance Agency,417185,1556053858,UBA,BIO_00743,85.46,2018-10-10,EMP_005706
Aisha Ibrahim,Civil Service Commission,381727,7549565909,Access,BIO_06172,92.28,2021-10-24,EMP_005707
Abubakar Musa,Ministry of Power,490866,9553255433,Zenith,BIO_00461,97.11,2021-03-18,EMP_005708
Okechukwu Okonkwo,Civil Service Commission,273537,5731719543,UBA,,99.9,2026-02-25,EMP_005709
Chioma Nwankwo,Federal Roads Maintenance Agency,347417,5219045165,UBA,BIO_02033,89.71,2018-07-31,EMP_005710
Chiamaka Onyeka,Ministry of Education,274995,5110195627,First Bank,BIO_04792,90.22,2019-09-18,EMP_005711
Nnamdi Okonkwo,Ministry of Agriculture,443335,5203667911,UBA,BIO_01716,89.46,2024-11-28,EMP_005712
Chiamaka Okonkwo,Ministry of Finance,449152,4534182152,Access,BIO_05446,91.03,2023-11-22,EMP_005713
Abubakar Suleiman,Ministry of Health,184221,3306091303,First Bank,BIO_05801,90.08,2022-08-06,EMP_005714
Nnamdi Eze,Ministry of Education,358703,8317234903,First Bank,BIO_01057,89.47,2022-05-16,EMP_005715
Fatima Musa,Civil Service Commission,164600,2968747896,Zenith,BIO_33572,98.02,2018-04-25,EMP_005716
Bola Oyedepo,Ministry of Power,447056,3929465130,Zenith,,99.9,2025-07-03,EMP_005717
Ade Williams,Ministry of Works,203513,2741520557,UBA,BIO_06312,93.36,2024-04-11,EMP_005718
Tayo Adeyemi,Ministry of Power,338852,3042421825,Access,BIO_02714,86.83,2022-08-27,EMP_005719
Tayo Oyedepo,Ministry of Works,387216,1496424584,GTBank,BIO_04198,97.39,2019-05-31,EMP_005720
Hassan Ahmad,Federal Roads Maintenance Agency,210675,1867816860,Access,BIO_08493,94.7,2020-01-06,EMP_005721
Dele Adeyemi,Ministry of Works,379014,7680316263,Zenith,BIO_32671,98.71,2019-12-29,EMP_005722
Zainab Ibrahim,Ministry of Agriculture,377900,6308321687,Access,BIO_01586,95.09,2019-12-31,EMP_005723
Tunde Adeleke,Ministry of Works,302755,5705466060,Access,BIO_04712,86.15,2023-08-08,EMP_005724
Dele Ogunlesi,Ministry of Education,91245,3096286314,Zenith,BIO_00930,92.83,2021-11-19,EMP_005725
Uchenna Okonkwo,Ministry of Finance,265691,9745131644,Zenith,BIO_02432,93.61,2023-11-05,EMP_005726
Femi Williams,Civil Service Commission,382236,9217858434,Access,BIO_01896,97.75,2016-11-24,EMP_005727
Aisha Yusuf,Ministry of Health,224817,7177064385,GTBank,BIO_61322,97.12,2019-02-25,EMP_005728
Yemi Williams,Ministry of Education,381104,7810079464,Access,BIO_08682,92.97,2023-03-24,EMP_005729
Ibrahim Ibrahim,Ministry of Agriculture,276810,5557637790,First Bank,BIO_03869,93.34,2020-04-25,EMP_005730
Yemi Adeyemi,Ministry of Works,197976,7016152323,First Bank,BIO_04884,90.35,2024-11-26,EMP_005731
Okechukwu Ani,Ministry of Agriculture,176325,1216187156,UBA,BIO_05650,90.0,2024-01-06,EMP_005732
Yemi Ogunlesi,Ministry of Power,206539,1525432003,Zenith,BIO_00802,85.89,2020-03-19,EMP_005733
Ibrahim Ibrahim,Ministry of Education,380000,8702820726,First Bank,BIO_00393,94.33,2021-05-13,EMP_005734
Bola Williams,Federal Roads Maintenance Agency,432563,6028592863,UBA,BIO_04444,85.64,2023-07-15,EMP_005735
Ade Adebayo,Civil Service Commission,453506,1083674392,Access,BIO_04601,97.23,2021-10-09,EMP_005736
Abubakar Umar,Ministry of Water Resources,102154,5101391802,UBA,BIO_05002,91.71,2022-09-19,EMP_005737
Chioma Onyeka,Ministry of Agriculture,255490,3653831854,UBA,BIO_00168,90.58,2017-03-02,EMP_005738
Hassan Umar,Nigeria Customs Service,174278,9525355064,GTBank,BIO_03962,91.17,2017-07-07,EMP_005739
Aisha Musa,Ministry of Health,420167,1782007827,Access,BIO_06512,88.41,2023-10-22,EMP_005740
Hassan Suleiman,Ministry of Finance,422572,4309919516,GTBank,BIO_02239,86.65,2017-02-17,EMP_005741
Okechukwu Obiora,Ministry of Works,1491745,7405804932,Zenith,BIO_26004,92.32,2026-03-11,EMP_005742
Tayo Adeyemi,Ministry of Power,267565,9158868639,First Bank,BIO_04250,85.42,2023-10-18,EMP_005743
Chukwu Ani,Ministry of Works,348409,3042429936,GTBank,BIO_06091,89.65,2017-02-24,EMP_005744
Ibrahim Yusuf,Ministry of Education,283982,4880315918,Zenith,BIO_04608,92.43,2022-06-16,EMP_005745
Chiamaka Okonkwo,Ministry of Health,401391,1499345512,GTBank,BIO_07721,92.71,2022-02-07,EMP_005746
Abubakar Umar,Federal Roads Maintenance Agency,228603,1457802820,GTBank,BIO_00591,92.44,2019-01-05,EMP_005747
Ade Adeleke,Ministry of Water Resources,279811,4455548075,First Bank,BIO_07800,97.97,2019-03-04,EMP_005748
Tayo Ogunlesi,Ministry of Health,178751,1236409751,Access,BIO_04557,85.66,2016-11-01,EMP_005749
Nnamdi Eze,Ministry of Water Resources,440627,9271848607,Zenith,BIO_04145,97.44,2021-10-30,EMP_005750
Adaeze Onyeka,Ministry of Health,443622,2860761267,First Bank,BIO_02143,89.48,2016-10-22,EMP_005751
Tunde Williams,Ministry of Finance,317600,9320739244,Zenith,BIO_04042,92.98,2019-09-16,EMP_005752
Ade Williams,Nigeria Customs Service,467446,4994823592,Zenith,BIO_07363,92.22,2020-08-10,EMP_005753
Ibrahim Musa,Federal Roads Maintenance Agency,200895,4131981607,UBA,BIO_01810,94.48,2019-12-05,EMP_005754
Chioma Okonkwo,Ministry of Health,177083,8473705485,Access,BIO_09150,94.88,2020-07-07,EMP_005755
Yemi Ogunlesi,Ministry of Works,215980,5571287964,GTBank,BIO_08208,86.57,2021-02-23,EMP_005756
Femi Williams,Ministry of Agriculture,86314,4049658083,Access,BIO_03033,96.11,2023-01-26,EMP_005757
Yemi Adebayo,Ministry of Health,402779,8928283391,UBA,BIO_07024,86.24,2019-07-31,EMP_005758
Abubakar Umar,Ministry of Agriculture,112254,2844413101,First Bank,BIO_01692,95.96,2025-03-28,EMP_005759
Aisha Musa,Ministry of Finance,175508,9305637277,GTBank,BIO_01380,91.99,2020-02-17,EMP_005760
Chinedu Onyeka,Nigeria Customs Service,239490,1127711090,UBA,BIO_71273,97.2,2017-08-10,EMP_005761
Adaeze Ani,Ministry of Water Resources,326155,4859954894,Access,BIO_03934,94.27,2021-04-05,EMP_005762
Bola Oyedepo,Ministry of Power,263963,1070939865,Zenith,BIO_07748,97.96,2018-05-31,EMP_005763
Chioma Onyeka,Ministry of Finance,372757,3307927772,Access,BIO_03005,89.56,2020-10-28,EMP_005764
Chinedu Okonkwo,Ministry of Agriculture,132987,9074718547,UBA,BIO_05085,91.31,2021-01-04,EMP_005765
Chinedu Obiora,Ministry of Finance,423671,2536601034,UBA,BIO_08837,94.46,2021-01-18,EMP_005766
Kemi Oyedepo,Federal Roads Maintenance Agency,208635,6228778749,UBA,BIO_08898,85.84,2023-08-05,EMP_005767
Kemi Adeyemi,Ministry of Health,430318,3606536098,First Bank,BIO_00166,96.02,2018-09-05,EMP_005768
Chioma Onyeka,Federal Roads Maintenance Agency,464709,1147994314,First Bank,BIO_03155,97.56,2022-11-29,EMP_005769
Hassan Ibrahim,Ministry of Health,239782,3603492116,First Bank,BIO_02190,86.32,2017-02-03,EMP_005770
Nnamdi Eze,Ministry of Health,242633,5333430228,Zenith,BIO_02767,87.46,2024-12-10,EMP_005771
Chioma Eze,Ministry of Works,143927,3503325386,Access,BIO_01912,87.2,2016-12-22,EMP_005772
Nnamdi Okafor,Ministry of Works,286737,8326810156,UBA,BIO_03982,86.69,2022-02-10,EMP_005773
Yemi Adebayo,Nigeria Customs Service,177901,9891542280,GTBank,BIO_05891,97.7,2021-08-08,EMP_005774
Chukwu Okonkwo,Nigeria Customs Service,378017,3012732981,UBA,BIO_01748,86.28,2021-08-10,EMP_005775
Tayo Adeyemi,Ministry of Finance,468015,2882840524,First Bank,BIO_00037,96.57,2022-02-19,EMP_005776
Dele Adeleke,Ministry of Finance,195995,1738122191,Access,BIO_01133,96.34,2016-12-27,EMP_005777
Okechukwu Ani,Ministry of Education,150307,4576343211,Zenith,BIO_04936,85.8,2018-06-18,EMP_005778
Kemi Ogunlesi,Ministry of Works,472618,7467766669,Access,BIO_06173,87.11,2020-12-17,EMP_005779
Zainab Musa,Ministry of Education,225125,9121960443,Access,BIO_07892,85.76,2019-04-01,EMP_005780
Uchenna Ani,Ministry of Agriculture,486641,8838528781,UBA,BIO_02430,92.17,2016-08-20,EMP_005781
Adaeze Obiora,Nigeria Customs Service,166092,4417752560,Zenith,BIO_01807,97.6,2021-10-06,EMP_005782
Ade Ogunlesi,Ministry of Agriculture,292641,6753918232,Zenith,BIO_08914,86.37,2020-03-20,EMP_005783
Tayo Williams,Ministry of Finance,447845,1410312721,Zenith,BIO_08402,96.67,2025-05-11,EMP_005784
Aisha Mohammed,Civil Service Commission,328370,2205886066,UBA,BIO_02285,94.49,2020-08-31,EMP_005785
Bola Williams,Ministry of Agriculture,490216,3386288761,Zenith,BIO_02964,88.93,2017-02-16,EMP_005786
Uchenna Onyeka,Federal Roads Maintenance Agency,203484,1643388781,UBA,BIO_06670,85.05,2024-05-19,EMP_005787
Zainab Musa,Ministry of Health,400029,2393644985,Access,BIO_05955,89.33,2018-07-27,EMP_005788
Zainab Mohammed,Ministry of Power,445679,5823989093,Zenith,BIO_05214,85.93,2023-08-09,EMP_005789
Abubakar Musa,Civil Service Commission,432615,7457188891,UBA,BIO_08991,95.99,2017-05-24,EMP_005790
Chioma Eze,Ministry of Education,495878,3454345006,Zenith,BIO_06922,97.02,2019-08-05,EMP_005791
Nnamdi Eze,Nigeria Customs Service,232467,3927964203,First Bank,BIO_04116,85.37,2016-11-18,EMP_005792
Kemi Ogunlesi,Civil Service Commission,121973,7822319577,First Bank,BIO_03797,93.77,2018-05-09,EMP_005793
Tunde Williams,Ministry of Power,1428370,1293005340,First Bank,BIO_77744,86.21,2025-06-26,EMP_005794
Usman Yusuf,Ministry of Finance,183229,6603654723,Access,BIO_04056,90.7,2018-01-13,EMP_005795
Hassan Umar,Ministry of Education,84024,2945378255,UBA,BIO_04600,93.7,2023-07-27,EMP_005796
Zainab Yusuf,Federal Roads Maintenance Agency,204417,3610919257,First Bank,BIO_03230,85.7,2019-09-10,EMP_005797
Aisha Ibrahim,Federal Roads Maintenance Agency,410111,4392647607,First Bank,BIO_07283,86.29,2018-11-18,EMP_005798
Uchenna Okonkwo,Ministry of Health,206827,5635962409,Access,BIO_03398,85.46,2019-08-10,EMP_005799
Uchenna Eze,Federal Roads Maintenance Agency,88972,9810838845,UBA,BIO_06179,87.93,2023-01-02,EMP_005800
Uchenna Obiora,Ministry of Agriculture,317138,5938710393,Access,BIO_31295,98.89,2018-02-25,EMP_005801
Dele Ogunlesi,Ministry of Water Resources,417937,6513501182,Access,BIO_06038,96.09,2020-06-06,EMP_005802
Ade Adeleke,Ministry of Agriculture,375460,4730751137,GTBank,BIO_05755,87.35,2019-06-16,EMP_005803
Adaeze Okafor,Ministry of Education,425587,9584776231,Zenith,BIO_01672,91.85,2017-01-08,EMP_005804
Chiamaka Nwankwo,Ministry of Education,346276,9186068223,First Bank,BIO_07011,86.03,2021-04-17,EMP_005805
Fatima Ahmad,Ministry of Power,134084,4334402385,UBA,BIO_07798,96.81,2024-10-27,EMP_005806
Dele Williams,Ministry of Power,83075,7969688467,Zenith,,99.9,2024-12-11,EMP_005807
Abubakar Yusuf,Ministry of Finance,385987,6834324987,Access,BIO_07334,95.21,2019-09-28,EMP_005808
Dele Adeleke,Civil Service Commission,103606,6629408102,Zenith,,99.9,2024-05-17,EMP_005809
Ade Adeyemi,Ministry of Finance,149528,9619128483,UBA,BIO_06672,90.22,2020-09-23,EMP_005810
Femi Adebayo,Ministry of Water Resources,200292,9490810000,UBA,BIO_00349,88.63,2019-01-08,EMP_005811
Nnamdi Onyeka,Nigeria Customs Service,96397,8893459741,GTBank,BIO_06093,94.83,2022-12-25,EMP_005812
Chukwu Okonkwo,Ministry of Education,117743,1128049981,Access,BIO_07093,91.64,2017-04-09,EMP_005813
Dele Oyedepo,Civil Service Commission,92641,8185536316,Access,BIO_03392,93.57,2021-09-10,EMP_005814
Dele Williams,Ministry of Power,215054,6004638828,Zenith,BIO_02309,90.77,2024-11-16,EMP_005815
Amina Mohammed,Ministry of Water Resources,134196,7384019458,Zenith,BIO_07280,87.42,2020-11-27,EMP_005816
Aisha Ibrahim,Federal Roads Maintenance Agency,228100,4407454361,Zenith,BIO_02500,87.29,2022-04-10,EMP_005817
Adaeze Ani,Ministry of Agriculture,216915,3584039841,Access,BIO_06404,90.51,2018-12-05,EMP_005818
Ibrahim Ibrahim,Ministry of Works,93531,7041865642,First Bank,BIO_01559,93.0,2023-08-28,EMP_005819
Okechukwu Onyeka,Ministry of Power,330592,5110875295,Zenith,BIO_03883,92.32,2020-07-23,EMP_005820
Okechukwu Obiora,Civil Service Commission,319158,9399873335,First Bank,BIO_02722,86.12,2016-09-23,EMP_005821
Ibrahim Suleiman,Ministry of Education,180750,1164831533,Zenith,BIO_86996,99.58,2025-04-05,EMP_005822
Amina Ahmad,Ministry of Finance,493506,5880038905,Zenith,BIO_01128,94.67,2020-06-02,EMP_005823
Aisha Mohammed,Ministry of Education,168769,5614189242,UBA,BIO_03346,95.62,2023-05-12,EMP_005824
Ibrahim Ibrahim,Ministry of Power,460168,4109040180,Zenith,BIO_05514,90.42,2022-03-27,EMP_005825
Usman Suleiman,Ministry of Water Resources,160021,1149344517,First Bank,BIO_06036,96.65,2022-08-14,EMP_005826
Ade Oyedepo,Ministry of Water Resources,912033,9739471380,UBA,BIO_40149,89.38,2026-04-02,EMP_005827
Usman Ahmad,Nigeria Customs Service,374113,4572785626,First Bank,BIO_01286,87.5,2021-06-20,EMP_005828
Ibrahim Ibrahim,Ministry of Works,132409,8620748883,UBA,BIO_00418,92.94,2018-12-27,EMP_005829
Chukwu Nwankwo,Civil Service Commission,420213,1252331109,GTBank,BIO_07328,95.47,2019-05-06,EMP_005830
Abubakar Ibrahim,Civil Service Commission,91191,1608798541,Zenith,BIO_07692,85.53,2017-02-07,EMP_005831
Kemi Adeleke,Ministry of Agriculture,172264,7250553920,GTBank,BIO_02088,92.86,2025-03-09,EMP_005832
Chinedu Okafor,Ministry of Finance,258217,7579738440,Access,BIO_05666,97.48,2018-12-14,EMP_005833
Dele Oyedepo,Ministry of Education,322436,2197623405,Access,BIO_08815,90.29,2023-05-10,EMP_005834
Ibrahim Ibrahim,Ministry of Works,107100,2187894611,UBA,BIO_08070,92.52,2024-03-22,EMP_005835
Chioma Onyeka,Ministry of Health,279603,9050171265,UBA,BIO_04582,86.85,2023-02-18,EMP_005836
Amina Mohammed,Ministry of Education,334967,7247196453,UBA,BIO_05096,97.08,2019-07-26,EMP_005837
Hassan Ibrahim,Ministry of Health,290790,4892982576,UBA,BIO_07978,86.51,2016-09-17,EMP_005838
Tayo Adebayo,Ministry of Health,109089,4379396346,Access,BIO_03628,95.76,2019-03-19,EMP_005839
Aisha Umar,Ministry of Power,89913,6325355708,UBA,BIO_06375,90.94,2018-07-16,EMP_005840
Tayo Williams,Ministry of Health,273707,7957349939,First Bank,BIO_40517,98.22,2022-02-06,EMP_005841
Abubakar Ahmad,Nigeria Customs Service,444193,6613931524,Zenith,BIO_04204,92.84,2022-03-15,EMP_005842
Fatima Musa,Ministry of Health,157807,3277053171,Access,BIO_05076,90.57,2019-02-08,EMP_005843
Hassan Ahmad,Nigeria Customs Service,478620,3342399736,First Bank,BIO_07722,85.22,2025-03-01,EMP_005844
Dele Williams,Civil Service Commission,273709,6440236226,GTBank,BIO_03659,85.2,2020-08-22,EMP_005845
Tayo Ogunlesi,Federal Roads Maintenance Agency,386367,7308541921,UBA,BIO_28992,96.83,2021-09-04,EMP_005846
Ibrahim Yusuf,Ministry of Works,159895,9715766106,Access,BIO_05220,90.13,2017-12-22,EMP_005847
Yemi Adeleke,Civil Service Commission,461759,3651953542,Access,BIO_04224,88.9,2016-12-07,EMP_005848
Nnamdi Eze,Ministry of Water Resources,489569,1833995760,GTBank,BIO_03802,89.17,2023-09-15,EMP_005849
Chukwu Onyeka,Ministry of Agriculture,412316,5163378590,UBA,BIO_03020,96.88,2021-04-23,EMP_005850
Abubakar Ibrahim,Civil Service Commission,444349,7046319867,First Bank,BIO_02308,96.19,2024-12-28,EMP_005851
Femi Adeleke,Ministry of Finance,197198,1517014302,GTBank,BIO_01957,95.59,2017-07-13,EMP_005852
Amina Ahmad,Ministry of Education,257231,7009742260,UBA,BIO_07246,97.26,2024-11-06,EMP_005853
Ade Oyedepo,Ministry of Education,238068,8648565024,UBA,BIO_01508,90.99,2025-05-04,EMP_005854
Chukwu Onyeka,Federal Roads Maintenance Agency,302363,5772303547,First Bank,BIO_02616,87.61,2025-02-25,EMP_005855
Yemi Adeleke,Ministry of Finance,224027,4861892493,Zenith,BIO_02131,93.28,2017-10-17,EMP_005856
Adaeze Nwankwo,Ministry of Finance,429070,3772917154,First Bank,BIO_01518,87.31,2022-12-27,EMP_005857
Zainab Umar,Civil Service Commission,217375,1080315986,Zenith,BIO_03605,87.01,2023-11-07,EMP_005858
Adaeze Obiora,Civil Service Commission,308151,7266909325,GTBank,BIO_00090,92.53,2025-04-02,EMP_005859
Abubakar Ahmad,Civil Service Commission,311085,5230241290,Access,BIO_01504,88.67,2016-12-01,EMP_005860
Fatima Ibrahim,Ministry of Agriculture,287069,5868391287,UBA,,99.9,2024-11-23,EMP_005861
Dele Adeleke,Ministry of Agriculture,122434,5271779019,UBA,BIO_08336,92.45,2016-07-16,EMP_005862
Tayo Adeyemi,Ministry of Finance,499470,3623232315,Access,BIO_00241,92.41,2020-10-07,EMP_005863
Fatima Ibrahim,Ministry of Finance,166748,6163578475,Zenith,BIO_07450,93.35,2022-04-15,EMP_005864
Aisha Suleiman,Ministry of Works,408958,7149302642,GTBank,BIO_05913,87.7,2020-03-04,EMP_005865
Kemi Oyedepo,Civil Service Commission,218877,2807812868,Access,BIO_07578,88.35,2016-10-28,EMP_005866
Tayo Oyedepo,Ministry of Health,379670,3457229692,UBA,BIO_04625,85.75,2020-02-02,EMP_005867
Nnamdi Nwankwo,Ministry of Agriculture,368162,1005331506,UBA,BIO_07103,85.56,2022-11-17,EMP_005868
Yemi Oyedepo,Ministry of Works,343985,3956808990,GTBank,BIO_07959,95.24,2023-06-17,EMP_005869
Chioma Nwankwo,Ministry of Agriculture,235514,3479723094,GTBank,,99.9,2025-11-26,EMP_005870
Abubakar Umar,Ministry of Water Resources,224073,5813057758,First Bank,BIO_03907,87.37,2017-11-05,EMP_005871
Abubakar Ahmad,Nigeria Customs Service,398137,4365099252,First Bank,BIO_00348,95.65,2023-04-02,EMP_005872
Okechukwu Nwosu,Ministry of Finance,442896,4543565553,GTBank,BIO_07021,88.97,2019-02-15,EMP_005873
Adaeze Okafor,Ministry of Education,333899,9248174732,GTBank,BIO_04912,91.21,2022-01-23,EMP_005874
Amina Musa,Ministry of Water Resources,142257,3234885030,GTBank,BIO_07262,95.49,2021-08-02,EMP_005875
Amina Mohammed,Federal Roads Maintenance Agency,472112,7110025730,Access,BIO_08386,85.55,2020-02-26,EMP_005876
Ibrahim Umar,Nigeria Customs Service,319357,5699148781,Zenith,BIO_08049,93.73,2016-10-11,EMP_005877
Abubakar Umar,Nigeria Customs Service,270071,9918455576,First Bank,BIO_03067,91.3,2020-06-11,EMP_005878
Usman Ahmad,Ministry of Education,488243,2429010947,GTBank,BIO_01524,91.83,2021-07-04,EMP_005879
Amina Ahmad,Federal Roads Maintenance Agency,376204,6270929988,UBA,BIO_78268,98.37,2020-09-09,EMP_005880
Zainab Ibrahim,Ministry of Works,338332,7028337174,First Bank,BIO_01641,96.07,2021-04-29,EMP_005881
Tayo Adeleke,Federal Roads Maintenance Agency,203839,1668607008,UBA,BIO_04948,94.45,2019-03-03,EMP_005882
Adaeze Nwosu,Ministry of Health,125197,1024953135,Zenith,BIO_08466,96.46,2020-06-23,EMP_005883
Femi Ogunlesi,Federal Roads Maintenance Agency,126972,6848485700,Access,BIO_04247,95.41,2021-09-02,EMP_005884
Nnamdi Onyeka,Nigeria Customs Service,293241,7346047348,First Bank,BIO_09125,96.56,2016-09-25,EMP_005885
Fatima Yusuf,Federal Roads Maintenance Agency,272610,2666176770,UBA,BIO_01831,85.97,2023-06-16,EMP_005886
Usman Yusuf,Civil Service Commission,276007,7132890553,Access,BIO_01300,93.4,2021-04-23,EMP_005887
Yemi Adeyemi,Civil Service Commission,439934,9806562289,UBA,BIO_07865,89.56,2025-01-20,EMP_005888
Nnamdi Obiora,Ministry of Health,413536,3299658611,Zenith,BIO_07658,95.17,2024-06-25,EMP_005889
Chinedu Okonkwo,Ministry of Water Resources,360430,4604430893,UBA,BIO_00073,88.25,2021-08-01,EMP_005890
Ibrahim Yusuf,Nigeria Customs Service,271317,5759498214,GTBank,BIO_06387,87.81,2021-01-25,EMP_005891
Fatima Mohammed,Ministry of Agriculture,460463,4217702827,Access,BIO_06584,88.48,2024-02-21,EMP_005892
Tunde Ogunlesi,Nigeria Customs Service,205568,8127575424,GTBank,BIO_08187,96.46,2025-05-06,EMP_005893
Chiamaka Nwosu,Ministry of Works,478919,4343629597,UBA,BIO_01346,91.7,2022-04-22,EMP_005894
Aisha Umar,Ministry of Education,328630,8659159644,GTBank,BIO_03971,85.95,2023-10-08,EMP_005895
Chinedu Obiora,Ministry of Power,129074,8061425583,UBA,BIO_06132,88.68,2017-07-27,EMP_005896
Chukwu Eze,Ministry of Finance,1498188,1260145308,Zenith,BIO_71300,94.84,2025-05-18,EMP_005897
Hassan Ahmad,Nigeria Customs Service,379663,2925054404,First Bank,BIO_02967,89.81,2022-11-26,EMP_005898
Amina Suleiman,Ministry of Finance,408040,8575377317,Zenith,BIO_00683,97.87,2016-10-05,EMP_005899
Chinedu Nwosu,Ministry of Works,248313,6954598213,Zenith,BIO_05581,87.5,2021-05-23,EMP_005900
Femi Adeleke,Ministry of Water Resources,228609,3469327475,Zenith,BIO_02962,89.82,2022-02-20,EMP_005901
Dele Williams,Ministry of Agriculture,470980,5529014194,Access,BIO_03068,86.57,2019-01-31,EMP_005902
Fatima Umar,Ministry of Finance,262624,9999672284,Zenith,BIO_05290,86.19,2017-02-22,EMP_005903
Femi Ogunlesi,Ministry of Education,443448,4735273232,First Bank,BIO_04326,97.47,2020-07-07,EMP_005904
Tunde Adebayo,Civil Service Commission,154356,6969067962,Access,BIO_00876,95.27,2018-05-17,EMP_005905
Chinedu Onyeka,Nigeria Customs Service,99171,4110612862,UBA,BIO_07525,95.41,2024-08-24,EMP_005906
Abubakar Suleiman,Ministry of Power,313449,8758845281,Access,BIO_05381,87.41,2024-03-28,EMP_005907
Tayo Adebayo,Federal Roads Maintenance Agency,146753,3613606646,Access,BIO_01389,89.06,2019-10-10,EMP_005908
Tunde Adebayo,Ministry of Finance,399819,2216438481,Access,BIO_02953,89.8,2016-09-01,EMP_005909
Chukwu Okafor,Ministry of Education,462259,6746517264,UBA,BIO_03634,95.83,2018-04-14,EMP_005910
Chiamaka Eze,Ministry of Health,347692,3601034164,UBA,BIO_06148,92.88,2018-08-25,EMP_005911
Chiamaka Ani,Ministry of Agriculture,182863,5216301658,Access,BIO_04269,97.3,2020-10-31,EMP_005912
Bola Adeyemi,Ministry of Health,168080,4381127570,GTBank,BIO_06515,97.91,2019-07-20,EMP_005913
Chioma Onyeka,Nigeria Customs Service,370450,1467639064,UBA,BIO_08792,95.46,2020-12-08,EMP_005914
Chinedu Eze,Ministry of Finance,105696,4072278981,Zenith,BIO_02113,85.48,2017-11-18,EMP_005915
Nnamdi Nwosu,Ministry of Works,204166,7911622090,First Bank,BIO_03978,97.13,2022-04-10,EMP_005916
Tayo Ogunlesi,Federal Roads Maintenance Agency,146251,2699409322,UBA,BIO_01160,94.53,2023-10-30,EMP_005917
Usman Mohammed,Ministry of Water Resources,270448,1084429673,UBA,BIO_08022,92.06,2016-11-17,EMP_005918
Femi Williams,Ministry of Finance,169544,6095471076,UBA,BIO_04402,91.28,2018-01-22,EMP_005919
Abubakar Suleiman,Ministry of Health,348747,7683067960,Zenith,BIO_03867,93.85,2019-04-15,EMP_005920
Chinedu Onyeka,Ministry of Agriculture,158377,8226564315,Access,,99.9,2026-01-21,EMP_005921
Abubakar Umar,Ministry of Agriculture,207394,7298912286,First Bank,BIO_04627,85.91,2016-12-01,EMP_005922
Tunde Adeleke,Ministry of Health,327983,4755721379,Access,BIO_02419,94.5,2021-07-08,EMP_005923
Chioma Onyeka,Ministry of Water Resources,302191,9682558119,Access,BIO_04786,94.23,2020-12-01,EMP_005924
Chukwu Obiora,Federal Roads Maintenance Agency,139304,8672549660,GTBank,BIO_06913,89.06,2024-09-08,EMP_005925
Femi Adeleke,Ministry of Agriculture,332702,8834952502,First Bank,BIO_02401,96.69,2016-06-15,EMP_005926
Tunde Adeyemi,Ministry of Agriculture,381764,8090742648,Access,BIO_07873,97.08,2019-09-22,EMP_005927
Okechukwu Nwosu,Ministry of Agriculture,109028,7928245047,GTBank,BIO_02514,95.77,2017-12-05,EMP_005928
Tayo Adeyemi,Ministry of Works,338589,9865528417,UBA,BIO_02793,95.21,2020-08-30,EMP_005929
Nnamdi Nwankwo,Ministry of Health,186348,4626422334,UBA,BIO_03217,93.49,2022-05-21,EMP_005930
Chukwu Eze,Ministry of Education,283389,9211150809,Zenith,BIO_00720,95.87,2021-12-24,EMP_005931
Ibrahim Mohammed,Ministry of Power,468854,5224493235,Access,BIO_04093,95.02,2016-05-24,EMP_005932
Chiamaka Nwankwo,Ministry of Education,292277,1164831533,Zenith,BIO_19685,98.91,2023-04-19,EMP_005933
Uchenna Nwankwo,Federal Roads Maintenance Agency,479773,5878740371,GTBank,BIO_07081,96.93,2018-11-21,EMP_005934
Okechukwu Onyeka,Civil Service Commission,182985,7805681748,GTBank,BIO_09040,93.59,2019-12-28,EMP_005935
Dele Adeyemi,Civil Service Commission,192365,3961729494,GTBank,BIO_05342,90.58,2021-08-23,EMP_005936
Abubakar Ibrahim,Ministry of Power,432374,6659329228,Access,BIO_01743,96.17,2018-10-26,EMP_005937
Dele Adebayo,Ministry of Agriculture,298813,6933821982,First Bank,BIO_01576,95.13,2018-09-22,EMP_005938
Fatima Ibrahim,Federal Roads Maintenance Agency,430615,9897881985,First Bank,BIO_05930,89.12,2021-06-04,EMP_005939
Abubakar Mohammed,Nigeria Customs Service,157854,3227380354,First Bank,BIO_05532,89.36,2021-12-14,EMP_005940
Kemi Williams,Civil Service Commission,463940,3925105891,UBA,BIO_08759,87.86,2023-11-24,EMP_005941
Fatima Musa,Ministry of Works,376690,6513373941,Zenith,BIO_65862,99.5,2023-01-20,EMP_005942
Tunde Ogunlesi,Ministry of Works,188846,7994795926,Zenith,BIO_02494,93.45,2023-12-19,EMP_005943
Dele Adeleke,Ministry of Agriculture,466286,9408113446,UBA,BIO_01496,90.4,2018-03-01,EMP_005944
Okechukwu Okafor,Ministry of Finance,248830,2095779917,Zenith,BIO_06916,95.86,2023-03-31,EMP_005945
Abubakar Suleiman,Ministry of Health,259550,3855711466,Zenith,BIO_01969,88.76,2019-08-08,EMP_005946
Nnamdi Nwosu,Ministry of Education,238245,6894915146,GTBank,BIO_38257,99.74,2019-09-19,EMP_005947
Femi Adeyemi,Ministry of Health,153252,4609580045,GTBank,BIO_03532,85.2,2022-07-21,EMP_005948
Ibrahim Ibrahim,Civil Service Commission,371662,5050952790,Zenith,BIO_03803,95.53,2023-09-22,EMP_005949
Uchenna Obiora,Ministry of Agriculture,465528,4456201588,UBA,BIO_06773,94.84,2023-10-05,EMP_005950
Tunde Ogunlesi,Federal Roads Maintenance Agency,336416,1484547605,Access,BIO_04088,94.32,2024-02-19,EMP_005951
Adaeze Obiora,Ministry of Water Resources,139289,8503797654,First Bank,BIO_01907,87.46,2024-03-25,EMP_005952
Chukwu Onyeka,Ministry of Agriculture,215053,2203036246,GTBank,BIO_01874,91.8,2024-02-08,EMP_005953
Kemi Ogunlesi,Ministry of Power,228699,8748677659,GTBank,BIO_04558,89.4,2021-07-27,EMP_005954
Chukwu Okonkwo,Ministry of Education,395372,7611322989,First Bank,BIO_06447,91.01,2020-01-04,EMP_005955
Amina Yusuf,Ministry of Agriculture,196472,2621814621,First Bank,BIO_02205,93.85,2024-05-19,EMP_005956
Uchenna Obiora,Nigeria Customs Service,83883,6957999447,Access,BIO_06094,91.16,2023-06-11,EMP_005957
Amina Mohammed,Ministry of Finance,394118,1700851815,UBA,BIO_05806,89.09,2023-11-09,EMP_005958
Abubakar Yusuf,Ministry of Education,300770,6022374889,Access,BIO_01651,85.66,2018-07-30,EMP_005959
Chioma Okonkwo,Federal Roads Maintenance Agency,223055,6494317573,First Bank,BIO_04733,94.18,2024-02-15,EMP_005960
Hassan Musa,Ministry of Power,86198,5225514712,UBA,BIO_05802,88.16,2016-07-12,EMP_005961
Tunde Ogunlesi,Federal Roads Maintenance Agency,187555,1455715511,UBA,BIO_01481,97.75,2023-10-17,EMP_005962
Adaeze Obiora,Nigeria Customs Service,272483,9033154158,Zenith,BIO_00147,86.36,2020-03-01,EMP_005963
Aisha Yusuf,Federal Roads Maintenance Agency,123460,5703140693,Access,BIO_07511,93.85,2022-09-09,EMP_005964
Chinedu Okonkwo,Nigeria Customs Service,95836,9541814708,Zenith,BIO_00123,94.5,2018-08-10,EMP_005965
Okechukwu Ani,Ministry of Works,231238,4824606301,First Bank,BIO_07717,90.05,2022-04-29,EMP_005966
Ibrahim Ahmad,Ministry of Power,140157,2810183372,UBA,BIO_06257,87.89,2022-04-29,EMP_005967
Abubakar Ibrahim,Ministry of Power,230822,3572867849,GTBank,BIO_01534,93.0,2018-04-06,EMP_005968
Tayo Williams,Ministry of Agriculture,364131,2221405179,GTBank,BIO_50265,97.75,2023-11-12,EMP_005969
Tayo Adeyemi,Ministry of Agriculture,91096,4042966636,UBA,BIO_03608,92.41,2023-05-04,EMP_005970
Abubakar Suleiman,Ministry of Agriculture,322514,3017696066,Zenith,BIO_05959,89.06,2024-03-16,EMP_005971
Okechukwu Okafor,Ministry of Education,266976,2029959455,UBA,BIO_02258,86.44,2025-02-12,EMP_005972
Nnamdi Eze,Civil Service Commission,220742,1474360161,First Bank,BIO_01676,92.24,2024-06-22,EMP_005973
Dele Oyedepo,Civil Service Commission,418530,4587733758,Zenith,BIO_00844,92.63,2021-01-14,EMP_005974
Abubakar Suleiman,Ministry of Finance,438020,3572754199,GTBank,BIO_02217,93.09,2019-06-05,EMP_005975
Tunde Williams,Civil Service Commission,369112,7585840455,First Bank,BIO_05590,91.88,2023-11-07,EMP_005976
Femi Adeyemi,Ministry of Agriculture,275054,4319856449,Zenith,BIO_08888,87.73,2019-05-22,EMP_005977
Yemi Adeleke,Nigeria Customs Service,121632,6193514244,GTBank,BIO_02302,86.96,2023-03-19,EMP_005978
Bola Adebayo,Ministry of Health,222682,1831306251,Access,BIO_01347,90.37,2022-12-31,EMP_005979
Ade Oyedepo,Nigeria Customs Service,262732,8160068833,First Bank,BIO_07266,92.1,2025-04-18,EMP_005980
Tunde Adebayo,Ministry of Works,124582,2423239777,Access,BIO_00551,91.4,2021-12-23,EMP_005981
Hassan Musa,Federal Roads Maintenance Agency,211058,7218435743,UBA,BIO_05364,94.12,2018-05-25,EMP_005982
Yemi Adebayo,Ministry of Agriculture,414717,5533627878,First Bank,BIO_06745,86.7,2023-03-10,EMP_005983
Chinedu Okonkwo,Ministry of Agriculture,499322,7139990730,Access,BIO_08178,96.33,2019-06-18,EMP_005984
Yemi Adebayo,Ministry of Agriculture,224017,2239366800,UBA,BIO_07496,87.68,2023-12-16,EMP_005985
Ade Adebayo,Ministry of Water Resources,437655,1717873834,UBA,BIO_06701,90.32,2016-12-31,EMP_005986
Uchenna Obiora,Ministry of Power,84192,3712114737,First Bank,BIO_03585,94.32,2017-04-11,EMP_005987
Abubakar Mohammed,Ministry of Water Resources,255547,5154165132,Access,BIO_05949,88.69,2018-06-29,EMP_005988
Nnamdi Obiora,Ministry of Health,304631,5410050627,Zenith,BIO_09071,85.19,2022-06-08,EMP_005989
Zainab Mohammed,Federal Roads Maintenance Agency,114356,8818169879,UBA,BIO_08652,92.87,2018-03-27,EMP_005990
Zainab Ahmad,Ministry of Health,283950,1704157208,GTBank,BIO_05427,91.84,2018-03-28,EMP_005991
Chioma Obiora,Federal Roads Maintenance Agency,101095,4842581020,Access,BIO_06999,85.03,2020-09-12,EMP_005992
Okechukwu Nwankwo,Ministry of Finance,204669,8220323060,GTBank,BIO_05970,91.77,2023-09-28,EMP_005993
Tayo Ogunlesi,Ministry of Health,368719,5058463218,UBA,BIO_01696,88.12,2021-03-10,EMP_005994
Ibrahim Suleiman,Ministry of Works,134845,1749460951,Zenith,BIO_01878,87.88,2017-09-19,EMP_005995
Bola Williams,Federal Roads Maintenance Agency,152009,2595248252,Zenith,BIO_05346,89.7,2023-01-19,EMP_005996
Abubakar Ahmad,Federal Roads Maintenance Agency,474955,7186081274,GTBank,BIO_02420,87.48,2024-09-10,EMP_005997
Tunde Williams,Ministry of Power,158688,5152630523,First Bank,BIO_07589,95.65,2016-12-20,EMP_005998
Femi Adebayo,Federal Roads Maintenance Agency,305106,1708027125,First Bank,BIO_04073,88.33,2020-11-24,EMP_005999
Ade Adeyemi,Nigeria Customs Service,88712,9450924315,GTBank,BIO_08785,96.56,2018-09-28,EMP_006000
Aisha Yusuf,Ministry of Finance,364688,2133927846,Zenith,BIO_01933,88.65,2024-11-05,EMP_006001
Chukwu Obiora,Ministry of Finance,89342,3538541068,UBA,BIO_08053,86.17,2017-03-13,EMP_006002
Nnamdi Ani,Ministry of Power,459464,4838949987,Zenith,BIO_06187,87.26,2024-12-25,EMP_006003
Tunde Adeyemi,Ministry of Health,318394,8482385743,UBA,BIO_01013,96.14,2021-09-27,EMP_006004
Fatima Mohammed,Civil Service Commission,84257,9926036493,Access,BIO_00312,94.99,2018-12-28,EMP_006005
Chioma Nwosu,Ministry of Water Resources,275002,2796250603,First Bank,BIO_01186,97.88,2022-02-26,EMP_006006
Okechukwu Okafor,Ministry of Agriculture,279079,5675342352,First Bank,BIO_08899,96.26,2018-08-16,EMP_006007
Ibrahim Yusuf,Ministry of Agriculture,485654,2104778154,GTBank,BIO_08155,97.88,2019-02-27,EMP_006008
Ibrahim Musa,Federal Roads Maintenance Agency,483715,7444362325,Zenith,BIO_01172,91.09,2025-01-24,EMP_006009
Usman Ahmad,Ministry of Water Resources,216326,6083553833,Zenith,BIO_06174,91.01,2021-06-27,EMP_006010
Femi Adeleke,Federal Roads Maintenance Agency,394513,4310540320,GTBank,BIO_04412,91.09,2023-10-25,EMP_006011
Tunde Adebayo,Ministry of Education,94462,3382821346,GTBank,BIO_07476,91.13,2019-09-10,EMP_006012
Yemi Williams,Ministry of Water Resources,328912,5717210897,Zenith,BIO_04099,85.47,2023-06-19,EMP_006013
Abubakar Musa,Ministry of Power,378998,1609295230,Access,BIO_03981,90.0,2016-11-03,EMP_006014
Okechukwu Nwankwo,Ministry of Works,416727,8709272195,Zenith,BIO_06717,86.49,2022-07-30,EMP_006015
Chiamaka Okonkwo,Ministry of Education,97768,6790762541,Access,BIO_00468,88.31,2018-02-26,EMP_006016
Fatima Umar,Nigeria Customs Service,359989,6967926707,Access,BIO_08773,96.61,2022-07-15,EMP_006017
Tayo Adebayo,Ministry of Water Resources,470756,7181947269,Access,BIO_02352,85.49,2020-01-05,EMP_006018
Dele Williams,Ministry of Water Resources,317221,6655999279,UBA,BIO_05664,95.86,2017-04-20,EMP_006019
Ade Williams,Ministry of Health,984126,7723240066,Zenith,BIO_49794,90.27,2025-05-21,EMP_006020
Ade Williams,Nigeria Customs Service,336801,8984683037,First Bank,BIO_08313,93.69,2017-02-25,EMP_006021
Nnamdi Okafor,Civil Service Commission,401914,5192493626,Access,,99.9,2026-04-19,EMP_006022
Tunde Oyedepo,Ministry of Agriculture,321651,2471948262,First Bank,BIO_00269,95.43,2020-12-11,EMP_006023
Bola Adeyemi,Civil Service Commission,341767,4354887789,First Bank,BIO_08778,94.74,2022-10-21,EMP_006024
Chinedu Okonkwo,Ministry of Finance,234755,2807234314,UBA,BIO_07953,89.24,2022-12-31,EMP_006025
Ibrahim Musa,Civil Service Commission,422149,8982224983,GTBank,BIO_06680,89.41,2025-01-04,EMP_006026
Chiamaka Okafor,Ministry of Water Resources,90301,8312723752,Access,BIO_02395,94.25,2025-05-12,EMP_006027
Femi Oyedepo,Ministry of Finance,368062,9152437714,GTBank,BIO_03855,93.31,2019-12-04,EMP_006028
Adaeze Okafor,Ministry of Education,386128,8302454181,UBA,BIO_05105,93.68,2024-01-17,EMP_006029
Usman Suleiman,Ministry of Education,309596,5753025462,First Bank,BIO_01652,88.56,2021-12-08,EMP_006030
Yemi Adeleke,Ministry of Education,107392,8683015247,UBA,,99.9,2025-05-21,EMP_006031
Ade Ogunlesi,Ministry of Works,227336,8615439039,GTBank,BIO_00008,96.19,2017-08-15,EMP_006032
Bola Adeyemi,Ministry of Agriculture,398315,6334015429,First Bank,BIO_00482,85.92,2017-04-02,EMP_006033
Nnamdi Ani,Federal Roads Maintenance Agency,419082,3553691106,Zenith,BIO_55868,98.1,2021-10-13,EMP_006034
Chinedu Okonkwo,Ministry of Education,437068,1420881488,UBA,,99.9,2025-08-16,EMP_006035
Yemi Adebayo,Nigeria Customs Service,147242,6353734721,UBA,BIO_03202,96.57,2017-11-29,EMP_006036
Kemi Adebayo,Ministry of Health,174019,5595478534,UBA,BIO_06445,92.33,2018-01-03,EMP_006037
Abubakar Mohammed,Ministry of Works,326975,3945514629,UBA,BIO_00757,88.13,2024-07-09,EMP_006038
Yemi Oyedepo,Ministry of Works,182582,5095727678,UBA,BIO_47367,99.01,2022-08-28,EMP_006039
Yemi Adeyemi,Ministry of Water Resources,301638,4454719937,First Bank,BIO_02773,91.47,2023-10-03,EMP_006040
Nnamdi Onyeka,Ministry of Agriculture,318578,6746708417,First Bank,BIO_00679,88.07,2023-10-24,EMP_006041
Chinedu Nwankwo,Civil Service Commission,100162,6758803420,First Bank,BIO_08130,93.59,2016-08-06,EMP_006042
Femi Oyedepo,Federal Roads Maintenance Agency,164476,1077005610,Access,BIO_06657,91.8,2022-02-25,EMP_006043
Dele Adeyemi,Nigeria Customs Service,314731,6877627785,GTBank,BIO_04533,88.39,2024-03-11,EMP_006044
Femi Adeyemi,Ministry of Finance,239019,1833153364,First Bank,BIO_06143,91.23,2017-11-01,EMP_006045
Ibrahim Umar,Ministry of Education,89356,1215210113,Access,BIO_01710,90.83,2021-11-22,EMP_006046
Ade Adebayo,Civil Service Commission,327707,3665476675,First Bank,BIO_03829,85.65,2024-02-25,EMP_006047
Chukwu Nwankwo,Federal Roads Maintenance Agency,405826,5295825121,First Bank,BIO_68235,97.94,2022-06-07,EMP_006048
Dele Ogunlesi,Ministry of Health,443152,6188550615,GTBank,BIO_02942,88.43,2024-12-31,EMP_006049
Chukwu Ani,Ministry of Health,358728,3627124852,GTBank,BIO_06826,89.86,2024-02-26,EMP_006050
Yemi Adeleke,Nigeria Customs Service,299795,9525415997,First Bank,BIO_04654,88.6,2023-11-29,EMP_006051
Yemi Ogunlesi,Ministry of Power,112592,5778742702,Access,BIO_07223,93.98,2021-01-11,EMP_006052
Bola Adebayo,Ministry of Health,459002,4773632405,First Bank,BIO_02652,87.9,2024-08-01,EMP_006053
Ade Ogunlesi,Ministry of Education,385560,9674746491,Access,,99.9,2024-09-26,EMP_006054
Chinedu Obiora,Ministry of Water Resources,249733,6073679902,Access,BIO_02006,92.57,2021-03-16,EMP_006055
Adaeze Ani,Ministry of Works,281288,8104186606,Access,BIO_08483,85.52,2021-08-27,EMP_006056
Yemi Oyedepo,Ministry of Health,365879,2601160896,UBA,BIO_00386,90.0,2023-09-21,EMP_006057
Chiamaka Nwosu,Ministry of Power,250641,4602436503,First Bank,BIO_00179,97.76,2025-03-16,EMP_006058
Adaeze Eze,Ministry of Works,382650,9035856392,First Bank,BIO_08122,93.74,2020-10-25,EMP_006059
Kemi Ogunlesi,Ministry of Agriculture,99560,1580143468,First Bank,BIO_03970,97.83,2018-12-23,EMP_006060
Yemi Adeyemi,Ministry of Works,332485,2657097954,Zenith,BIO_05095,97.96,2023-08-27,EMP_006061
Uchenna Okafor,Ministry of Agriculture,260874,7242565410,Zenith,BIO_02594,92.82,2024-04-03,EMP_006062
Adaeze Obiora,Ministry of Works,278443,3086595724,First Bank,BIO_02092,87.24,2022-01-21,EMP_006063
Hassan Mohammed,Ministry of Works,83878,1730945991,First Bank,BIO_04274,86.89,2021-06-14,EMP_006064
Adaeze Obiora,Ministry of Finance,329835,6828208053,Zenith,BIO_05660,88.25,2017-01-27,EMP_006065
Kemi Adebayo,Nigeria Customs Service,212257,1587927263,Zenith,BIO_67205,98.97,2016-06-07,EMP_006066
Yemi Ogunlesi,Ministry of Education,210185,3275507887,First Bank,BIO_00813,89.5,2024-05-03,EMP_006067
Yemi Adebayo,Ministry of Power,157607,6988589674,Zenith,BIO_07048,89.87,2023-10-19,EMP_006068
Nnamdi Okafor,Ministry of Agriculture,193811,6751539014,GTBank,BIO_33572,99.16,2022-03-25,EMP_006069
Fatima Ahmad,Ministry of Water Resources,167722,4861114742,UBA,BIO_09093,94.83,2025-03-25,EMP_006070
Fatima Ibrahim,Ministry of Agriculture,215311,1082168743,First Bank,BIO_06417,92.83,2024-06-27,EMP_006071
Nnamdi Nwankwo,Ministry of Works,162622,8450387840,First Bank,BIO_01734,85.61,2022-03-29,EMP_006072
Okechukwu Ani,Ministry of Agriculture,481224,1694441824,UBA,BIO_07080,91.36,2024-02-17,EMP_006073
Usman Ahmad,Civil Service Commission,106093,2408709050,Access,BIO_00467,96.65,2024-05-23,EMP_006074
Nnamdi Eze,Ministry of Education,488337,9699147447,Zenith,BIO_04896,97.85,2020-06-22,EMP_006075
Femi Williams,Nigeria Customs Service,106199,1698364978,First Bank,BIO_00055,88.29,2021-03-25,EMP_006076
Nnamdi Okonkwo,Ministry of Education,188173,8342315464,Access,BIO_03303,91.23,2022-07-03,EMP_006077
Tayo Williams,Ministry of Agriculture,145426,2757868145,Access,,99.9,2024-07-02,EMP_006078
Hassan Umar,Ministry of Works,166011,8827988696,First Bank,BIO_02870,94.69,2022-01-25,EMP_006079
Adaeze Nwosu,Ministry of Finance,154053,8168759738,First Bank,BIO_09065,88.51,2021-01-21,EMP_006080
Chiamaka Nwankwo,Ministry of Water Resources,295972,1913468838,UBA,BIO_08706,93.37,2017-05-29,EMP_006081
Ade Ogunlesi,Ministry of Power,387443,9423853885,Access,BIO_09087,88.44,2018-10-23,EMP_006082
Hassan Yusuf,Ministry of Works,210196,8228163788,UBA,BIO_03731,97.36,2017-01-06,EMP_006083
Yemi Ogunlesi,Ministry of Power,207151,3657272215,Access,BIO_00379,92.47,2024-11-01,EMP_006084
Fatima Ahmad,Ministry of Works,307987,1451466106,UBA,BIO_04370,93.79,2023-02-06,EMP_006085
Ibrahim Suleiman,Ministry of Works,206309,5826156587,GTBank,BIO_04543,96.91,2025-01-08,EMP_006086
Yemi Adeleke,Ministry of Education,219345,1749697328,Access,BIO_03313,85.9,2024-03-26,EMP_006087
Adaeze Okafor,Ministry of Water Resources,303446,9901155060,Zenith,BIO_07188,95.28,2024-07-17,EMP_006088
Okechukwu Eze,Federal Roads Maintenance Agency,487586,1757572600,Access,BIO_06754,88.1,2016-12-11,EMP_006089
Okechukwu Ani,Ministry of Health,164076,5397203354,Access,,99.9,2025-12-01,EMP_006090
Usman Suleiman,Nigeria Customs Service,279258,6659305560,UBA,BIO_05477,91.65,2020-06-14,EMP_006091
Okechukwu Nwosu,Ministry of Education,198465,5025129842,UBA,BIO_02754,87.0,2019-10-06,EMP_006092
Femi Adeleke,Civil Service Commission,207368,9536348882,Access,BIO_08732,91.82,2018-11-10,EMP_006093
Okechukwu Eze,Federal Roads Maintenance Agency,1332459,7305694381,UBA,BIO_32038,89.44,2026-01-19,EMP_006094
Tayo Oyedepo,Nigeria Customs Service,210960,5562732499,GTBank,BIO_05288,89.33,2020-03-15,EMP_006095
Nnamdi Nwankwo,Ministry of Power,338854,3079727526,First Bank,BIO_01604,87.96,2023-06-06,EMP_006096
Chiamaka Ani,Ministry of Education,204823,6556570354,First Bank,,99.9,2024-06-17,EMP_006097
Amina Ibrahim,Federal Roads Maintenance Agency,301414,3863925799,First Bank,BIO_02047,96.25,2020-04-11,EMP_006098
Tayo Ogunlesi,Nigeria Customs Service,439799,2383118699,GTBank,BIO_01428,88.69,2017-03-06,EMP_006099
Bola Ogunlesi,Federal Roads Maintenance Agency,240336,3885591814,First Bank,BIO_00923,85.27,2025-01-11,EMP_006100
Kemi Adebayo,Ministry of Health,155450,2170668297,GTBank,BIO_03861,88.93,2019-02-15,EMP_006101
Amina Musa,Federal Roads Maintenance Agency,294077,8636672372,UBA,BIO_01337,90.78,2023-12-10,EMP_006102
Aisha Yusuf,Ministry of Education,207593,6826171608,Zenith,BIO_02226,87.5,2018-11-09,EMP_006103
Dele Adeleke,Federal Roads Maintenance Agency,425935,7749400674,UBA,BIO_05345,87.75,2020-08-28,EMP_006104
Chiamaka Onyeka,Ministry of Education,254152,1164831533,Zenith,BIO_81419,99.98,2019-03-15,EMP_006105
Tayo Adeleke,Ministry of Agriculture,448181,6347495137,UBA,BIO_04867,85.63,2018-05-23,EMP_006106
Yemi Ogunlesi,Ministry of Agriculture,234708,3901443649,GTBank,BIO_05575,95.29,2023-04-05,EMP_006107
Tunde Williams,Nigeria Customs Service,350672,6231770589,First Bank,BIO_07641,87.11,2018-03-27,EMP_006108
Chiamaka Obiora,Federal Roads Maintenance Agency,138437,9144290471,First Bank,BIO_04240,91.58,2020-12-21,EMP_006109
Usman Suleiman,Ministry of Water Resources,198844,4736452229,Access,,99.9,2025-12-31,EMP_006110
Kemi Williams,Ministry of Agriculture,112307,4918951130,Access,BIO_05199,87.46,2018-02-24,EMP_006111
Chiamaka Eze,Ministry of Finance,337421,4349700344,First Bank,BIO_01188,95.78,2018-08-18,EMP_006112
Uchenna Eze,Ministry of Water Resources,241229,4172037583,UBA,BIO_07734,85.78,2022-09-22,EMP_006113
Ade Adeyemi,Ministry of Finance,271959,4613330039,Zenith,BIO_06581,90.34,2019-12-12,EMP_006114
Hassan Yusuf,Ministry of Water Resources,185543,4058505899,GTBank,BIO_03011,87.01,2022-09-06,EMP_006115
Chukwu Okonkwo,Ministry of Agriculture,462136,8818312128,Zenith,BIO_09018,87.98,2017-11-02,EMP_006116
Zainab Ibrahim,Ministry of Water Resources,174063,2318240587,GTBank,BIO_01108,94.88,2022-08-29,EMP_006117
Bola Williams,Ministry of Agriculture,144467,7443577491,First Bank,BIO_01350,87.46,2019-10-01,EMP_006118
Okechukwu Ani,Ministry of Water Resources,452790,2803816690,UBA,BIO_08060,96.16,2019-05-18,EMP_006119
Chioma Nwankwo,Civil Service Commission,296348,3099273913,Zenith,BIO_05758,96.5,2024-03-26,EMP_006120
Aisha Musa,Ministry of Health,395568,8409505137,First Bank,BIO_03415,85.38,2024-07-29,EMP_006121
Uchenna Eze,Ministry of Agriculture,226974,7449107152,GTBank,BIO_03065,95.84,2022-04-14,EMP_006122
Tayo Adeleke,Ministry of Agriculture,302103,7532766159,Zenith,BIO_07465,89.07,2019-05-12,EMP_006123
Abubakar Suleiman,Federal Roads Maintenance Agency,138276,3148953636,Zenith,BIO_02488,97.59,2022-03-19,EMP_006124
Aisha Musa,Ministry of Power,259309,6374268966,Zenith,BIO_00873,94.45,2021-04-12,EMP_006125
Bola Adebayo,Ministry of Works,304630,3726015436,Access,BIO_02745,88.4,2020-01-25,EMP_006126
Abubakar Ibrahim,Nigeria Customs Service,365549,3046457427,Access,BIO_00180,89.17,2019-07-05,EMP_006127
Kemi Ogunlesi,Ministry of Finance,387880,5642096843,Zenith,BIO_03998,91.32,2025-04-12,EMP_006128
Tunde Oyedepo,Civil Service Commission,264058,6324217435,First Bank,BIO_01797,95.0,2024-08-23,EMP_006129
Chiamaka Okonkwo,Nigeria Customs Service,477649,9055745098,UBA,BIO_08534,91.06,2016-08-05,EMP_006130
Ade Oyedepo,Ministry of Water Resources,171959,6724842164,UBA,BIO_01728,88.22,2016-07-23,EMP_006131
Adaeze Nwosu,Civil Service Commission,445973,9633772788,First Bank,BIO_07448,85.45,2021-12-14,EMP_006132
Abubakar Ahmad,Ministry of Power,178861,4942156951,GTBank,BIO_08617,97.93,2020-06-06,EMP_006133
Adaeze Okonkwo,Ministry of Agriculture,427172,6709021996,Access,BIO_01888,85.88,2023-09-21,EMP_006134
Chioma Nwankwo,Civil Service Commission,138177,1687590243,Zenith,BIO_05734,94.64,2023-10-18,EMP_006135
Kemi Adeleke,Federal Roads Maintenance Agency,167494,9235687539,GTBank,BIO_06111,95.98,2025-03-29,EMP_006136
Chukwu Obiora,Ministry of Power,205686,8853268857,First Bank,BIO_01040,85.75,2019-01-08,EMP_006137
Ade Adeleke,Ministry of Power,126682,6446542869,UBA,BIO_00585,96.97,2020-10-14,EMP_006138
Uchenna Onyeka,Ministry of Health,150709,4963890910,GTBank,BIO_03006,96.84,2025-05-04,EMP_006139
Bola Adeleke,Nigeria Customs Service,211068,7735072928,First Bank,,99.9,2024-07-27,EMP_006140
Femi Adebayo,Federal Roads Maintenance Agency,80312,4662049726,UBA,BIO_05355,90.74,2017-09-13,EMP_006141
Zainab Ibrahim,Ministry of Works,464570,5866782617,First Bank,BIO_01884,86.42,2021-06-15,EMP_006142
Yemi Oyedepo,Ministry of Water Resources,288968,2045048324,Zenith,BIO_05563,88.41,2021-03-08,EMP_006143
Chioma Obiora,Ministry of Agriculture,390146,1786447893,Zenith,BIO_06741,91.52,2018-02-11,EMP_006144
Abubakar Suleiman,Civil Service Commission,435189,2437185007,UBA,,99.9,2025-11-24,EMP_006145
Okechukwu Onyeka,Ministry of Health,282834,6582919853,Access,BIO_03519,88.76,2018-09-09,EMP_006146
Nnamdi Okafor,Ministry of Agriculture,279979,9651705869,GTBank,BIO_00463,94.69,2017-12-03,EMP_006147
Tayo Williams,Ministry of Finance,142260,6693641460,GTBank,BIO_06001,90.97,2018-07-27,EMP_006148
Abubakar Musa,Ministry of Finance,400278,8420833335,Zenith,BIO_07245,94.17,2023-07-02,EMP_006149
Fatima Musa,Nigeria Customs Service,367775,2315841473,Access,BIO_01246,85.49,2025-02-24,EMP_006150
Chukwu Nwankwo,Federal Roads Maintenance Agency,154904,2266056724,UBA,BIO_03675,90.5,2022-08-12,EMP_006151
Abubakar Ahmad,Ministry of Education,474076,2575619528,Zenith,BIO_01462,94.33,2021-05-04,EMP_006152
Okechukwu Eze,Ministry of Education,400314,3587990191,Access,BIO_07243,85.72,2019-01-17,EMP_006153
Femi Adebayo,Ministry of Works,279809,2516947467,Access,BIO_08751,85.3,2022-03-06,EMP_006154
Chinedu Okafor,Ministry of Works,295916,9083955693,Access,BIO_03418,89.38,2023-06-12,EMP_006155
Hassan Yusuf,Civil Service Commission,391797,9039140412,Access,BIO_00465,89.87,2022-04-08,EMP_006156
Usman Ahmad,Civil Service Commission,137029,1965941352,UBA,BIO_02059,92.28,2022-06-21,EMP_006157
Abubakar Suleiman,Federal Roads Maintenance Agency,108400,5183570895,Zenith,BIO_00127,90.48,2019-02-02,EMP_006158
Chinedu Ani,Ministry of Health,352195,4213428815,GTBank,BIO_03871,96.97,2021-11-14,EMP_006159
Tunde Oyedepo,Ministry of Agriculture,147812,5617778432,First Bank,BIO_04443,90.23,2016-08-29,EMP_006160
Yemi Adeleke,Ministry of Health,420623,4473374835,GTBank,BIO_06897,97.38,2025-01-02,EMP_006161
Usman Umar,Nigeria Customs Service,487411,9569305644,UBA,BIO_04695,92.44,2016-10-24,EMP_006162
Tayo Adeleke,Ministry of Health,131138,6682929059,First Bank,BIO_03961,90.89,2023-04-03,EMP_006163
Abubakar Ahmad,Civil Service Commission,246191,4621203747,First Bank,BIO_00402,94.61,2023-03-17,EMP_006164
Femi Adeyemi,Ministry of Power,493362,3167343673,Access,BIO_03504,86.4,2022-03-30,EMP_006165
Aisha Ibrahim,Ministry of Finance,216471,9736414972,GTBank,BIO_03632,85.17,2016-09-26,EMP_006166
Chioma Okonkwo,Nigeria Customs Service,221392,8536758729,Zenith,BIO_02273,94.09,2016-06-14,EMP_006167
Usman Suleiman,Ministry of Power,303203,8147737538,First Bank,BIO_00300,94.77,2017-02-22,EMP_006168
Ade Adeleke,Federal Roads Maintenance Agency,126688,9209399961,Access,BIO_02556,90.79,2025-04-23,EMP_006169
Abubakar Yusuf,Civil Service Commission,83411,8904009567,First Bank,BIO_00651,95.2,2018-12-31,EMP_006170
Usman Yusuf,Nigeria Customs Service,300984,8623786599,UBA,BIO_05195,94.53,2022-11-03,EMP_006171
Nnamdi Ani,Federal Roads Maintenance Agency,286407,4211638796,Zenith,,99.9,2025-08-24,EMP_006172
Chiamaka Okafor,Federal Roads Maintenance Agency,340820,1338007694,Access,BIO_05012,86.19,2023-03-20,EMP_006173
Amina Suleiman,Ministry of Health,394888,2183886638,First Bank,BIO_07398,96.39,2017-04-11,EMP_006174
Okechukwu Nwankwo,Ministry of Education,365819,5997192629,First Bank,BIO_04751,95.36,2017-11-18,EMP_006175
Amina Mohammed,Nigeria Customs Service,440075,6510879143,UBA,BIO_02631,89.47,2017-09-05,EMP_006176
Nnamdi Nwosu,Ministry of Agriculture,373819,2375632215,Access,BIO_02180,94.78,2022-08-04,EMP_006177
Ibrahim Ibrahim,Nigeria Customs Service,136211,2278921096,First Bank,BIO_02674,88.4,2022-04-25,EMP_006178
Chioma Eze,Ministry of Agriculture,413537,3688687653,Access,BIO_09117,92.51,2022-09-23,EMP_006179
Tayo Williams,Federal Roads Maintenance Agency,220661,2078521666,UBA,BIO_01480,85.12,2022-12-27,EMP_006180
Amina Ibrahim,Ministry of Health,399067,1311380405,First Bank,BIO_06571,90.22,2022-01-10,EMP_006181
Zainab Suleiman,Federal Roads Maintenance Agency,456632,8123856101,Access,BIO_31998,97.14,2025-01-23,EMP_006182
Uchenna Onyeka,Ministry of Finance,191589,8352648180,Zenith,BIO_01315,93.06,2022-08-02,EMP_006183
Bola Williams,Ministry of Power,351108,6172310864,Zenith,BIO_05482,90.91,2021-05-18,EMP_006184
Dele Oyedepo,Ministry of Water Resources,419577,6537356506,First Bank,BIO_04717,93.25,2022-07-22,EMP_006185
Dele Adebayo,Ministry of Finance,498940,9643499605,First Bank,BIO_08097,85.69,2016-05-24,EMP_006186
Bola Ogunlesi,Ministry of Power,356197,9922509752,Access,BIO_03362,89.13,2022-03-15,EMP_006187
Zainab Ahmad,Ministry of Water Resources,198299,7153437908,GTBank,BIO_08942,96.83,2018-01-05,EMP_006188
Zainab Mohammed,Ministry of Works,405320,5885215291,GTBank,BIO_08209,85.59,2023-11-21,EMP_006189
Ade Oyedepo,Ministry of Works,470804,5473061323,Zenith,BIO_05192,91.73,2023-02-20,EMP_006190
Kemi Oyedepo,Federal Roads Maintenance Agency,1267983,3316423903,Zenith,BIO_89074,97.16,2026-03-08,EMP_006191
Ibrahim Ibrahim,Ministry of Finance,290930,1680772982,Zenith,BIO_69964,98.74,2016-12-28,EMP_006192
Ade Ogunlesi,Ministry of Education,374626,7501921808,Zenith,BIO_00357,91.01,2016-05-16,EMP_006193
Chinedu Ani,Ministry of Works,270257,3169433381,Zenith,BIO_07961,88.34,2024-12-17,EMP_006194
Uchenna Okafor,Civil Service Commission,277434,2642808764,Zenith,BIO_08824,88.36,2018-05-06,EMP_006195
Ibrahim Musa,Ministry of Power,399548,4242801605,UBA,BIO_01871,96.64,2024-09-11,EMP_006196
Ade Oyedepo,Ministry of Water Resources,444280,8920864016,GTBank,,99.9,2026-02-19,EMP_006197
Uchenna Okonkwo,Ministry of Water Resources,104857,8078889369,GTBank,BIO_04578,89.08,2023-08-21,EMP_006198
Femi Adeleke,Federal Roads Maintenance Agency,445372,9609354092,UBA,BIO_07202,90.14,2021-12-30,EMP_006199
Ibrahim Musa,Ministry of Education,350646,3946878717,GTBank,BIO_08249,96.51,2020-08-28,EMP_006200
Bola Adeleke,Ministry of Water Resources,444638,2242767537,GTBank,BIO_03447,95.17,2024-07-24,EMP_006201
Hassan Umar,Federal Roads Maintenance Agency,474656,7469587791,GTBank,BIO_08410,94.47,2021-11-04,EMP_006202
Okechukwu Okonkwo,Ministry of Finance,86547,1042390081,GTBank,BIO_04809,94.29,2023-07-12,EMP_006203
Bola Adeyemi,Ministry of Education,115162,3206861439,GTBank,BIO_04244,92.95,2021-11-28,EMP_006204
Ade Adeleke,Ministry of Works,428552,4343182001,First Bank,BIO_07924,85.62,2020-03-04,EMP_006205
Amina Umar,Ministry of Works,361595,1568086175,Access,BIO_05771,93.46,2016-12-18,EMP_006206
Hassan Suleiman,Ministry of Water Resources,327464,7480074012,GTBank,BIO_07840,89.22,2022-05-26,EMP_006207
Uchenna Okafor,Ministry of Works,193840,4786404206,GTBank,BIO_01087,87.58,2016-11-02,EMP_006208
Hassan Ibrahim,Ministry of Education,110374,8203123345,GTBank,BIO_03210,91.09,2023-05-23,EMP_006209
Nnamdi Nwosu,Ministry of Works,254893,7774103102,GTBank,BIO_06527,97.26,2018-06-09,EMP_006210
Amina Umar,Ministry of Education,268002,2692658413,First Bank,BIO_06108,97.01,2019-08-28,EMP_006211
Kemi Adeyemi,Ministry of Finance,471961,1597545141,Zenith,BIO_02527,93.75,2021-07-08,EMP_006212
Dele Oyedepo,Ministry of Finance,117867,5038764211,Access,BIO_07072,90.12,2017-09-06,EMP_006213
Uchenna Onyeka,Ministry of Agriculture,200321,4568808932,Zenith,BIO_03491,91.08,2021-06-21,EMP_006214
Hassan Ahmad,Ministry of Health,343583,4734463473,Zenith,BIO_06374,93.03,2016-06-16,EMP_006215
Kemi Williams,Nigeria Customs Service,156166,9699325628,UBA,BIO_05763,94.55,2020-04-23,EMP_006216
Chukwu Ani,Ministry of Health,127812,3337652145,Access,BIO_01256,87.06,2021-11-15,EMP_006217
Ade Ogunlesi,Ministry of Finance,296050,9537119688,First Bank,BIO_15584,97.25,2024-10-09,EMP_006218
Nnamdi Okonkwo,Nigeria Customs Service,208995,1521392299,First Bank,BIO_00428,88.48,2024-01-08,EMP_006219
Chiamaka Onyeka,Ministry of Health,136491,8266933052,First Bank,BIO_08686,89.04,2016-10-06,EMP_006220
Ibrahim Suleiman,Ministry of Water Resources,200283,9913685492,Access,BIO_04890,90.81,2021-08-20,EMP_006221
Hassan Umar,Ministry of Finance,84996,9307144511,UBA,BIO_07036,95.28,2017-04-17,EMP_006222
Chinedu Nwosu,Ministry of Finance,478807,8397126409,GTBank,BIO_01348,93.68,2021-06-26,EMP_006223
Tunde Adeleke,Ministry of Power,336088,3556366620,Access,BIO_04960,89.04,2025-02-15,EMP_006224
Kemi Adebayo,Ministry of Power,268677,8118974573,Zenith,BIO_01994,94.08,2023-08-16,EMP_006225
Tunde Adebayo,Civil Service Commission,479162,6440844326,Access,BIO_06894,91.22,2023-05-31,EMP_006226
Aisha Suleiman,Ministry of Finance,392666,6502655876,UBA,BIO_08356,91.32,2019-05-05,EMP_006227
Fatima Suleiman,Ministry of Education,169720,7370916259,GTBank,BIO_01528,89.74,2020-12-28,EMP_006228
Tunde Williams,Ministry of Education,272898,5644817590,Access,BIO_07056,92.17,2024-12-16,EMP_006229
Chukwu Onyeka,Ministry of Works,394134,8740070465,UBA,BIO_08316,95.23,2019-01-02,EMP_006230
Hassan Musa,Ministry of Works,220054,1757128930,First Bank,BIO_07509,87.32,2018-09-16,EMP_006231
Okechukwu Ani,Ministry of Finance,159731,7423059644,First Bank,BIO_05973,89.51,2024-12-27,EMP_006232
Yemi Adebayo,Ministry of Education,130580,9285364021,Access,BIO_08531,92.9,2021-02-02,EMP_006233
Adaeze Okafor,Ministry of Power,399645,2680499756,First Bank,BIO_31398,97.3,2023-07-25,EMP_006234
Tunde Adebayo,Ministry of Works,432075,7680316263,Zenith,BIO_31928,99.77,2024-02-02,EMP_006235
Chukwu Obiora,Ministry of Agriculture,222561,5030300640,First Bank,BIO_05456,85.94,2022-05-22,EMP_006236
Chioma Onyeka,Civil Service Commission,300252,3278410086,UBA,BIO_04767,91.93,2022-10-18,EMP_006237
Ade Adeyemi,Ministry of Finance,292573,1591549351,Zenith,BIO_00304,91.57,2016-09-19,EMP_006238
Chinedu Ani,Ministry of Finance,81618,7183043654,Access,BIO_02491,89.28,2018-02-05,EMP_006239
Dele Adeleke,Ministry of Works,188239,9232542126,UBA,BIO_07895,91.44,2023-04-26,EMP_006240
Amina Umar,Ministry of Health,211324,3203631258,GTBank,BIO_06711,92.38,2023-08-03,EMP_006241
Adaeze Okafor,Ministry of Power,333242,6049822087,First Bank,BIO_05719,93.98,2017-12-30,EMP_006242
Tayo Adeleke,Ministry of Finance,198358,6834527351,UBA,BIO_06044,85.19,2019-07-05,EMP_006243
Tayo Williams,Ministry of Works,431522,3212734898,GTBank,BIO_07609,95.18,2020-07-20,EMP_006244
Tunde Adeyemi,Ministry of Health,276610,4480874059,Access,BIO_00160,96.27,2024-06-28,EMP_006245
Amina Mohammed,Ministry of Power,399748,6913324848,UBA,BIO_02681,86.11,2022-11-02,EMP_006246
Tayo Williams,Ministry of Education,220246,9024733704,UBA,BIO_08196,90.1,2023-01-12,EMP_006247
Chioma Ani,Ministry of Education,201141,8886837220,GTBank,BIO_08075,92.06,2020-03-12,EMP_006248
Amina Suleiman,Ministry of Health,87473,6414929533,First Bank,BIO_05347,86.49,2023-09-14,EMP_006249
Abubakar Mohammed,Ministry of Works,137857,6814428011,UBA,BIO_06803,87.05,2023-02-03,EMP_006250
Ibrahim Ibrahim,Ministry of Agriculture,260710,4250819998,GTBank,BIO_00703,90.06,2024-05-27,EMP_006251
Hassan Ahmad,Ministry of Water Resources,236044,8424992550,Zenith,BIO_07531,91.36,2020-05-01,EMP_006252
Uchenna Obiora,Ministry of Power,91625,6470409432,UBA,BIO_06786,91.58,2018-12-06,EMP_006253
Okechukwu Nwosu,Ministry of Works,409789,3442944864,Zenith,BIO_06681,97.9,2017-03-11,EMP_006254
Chinedu Nwosu,Nigeria Customs Service,134911,2491368533,GTBank,BIO_03800,97.57,2020-04-25,EMP_006255
Amina Ahmad,Ministry of Water Resources,157040,3475242353,Access,BIO_02927,90.71,2018-12-28,EMP_006256
Hassan Ibrahim,Ministry of Water Resources,439653,6266709666,First Bank,BIO_04914,92.57,2020-04-14,EMP_006257
Tunde Adebayo,Federal Roads Maintenance Agency,123244,2504922291,Access,BIO_02705,92.39,2019-10-29,EMP_006258
Nnamdi Nwosu,Ministry of Agriculture,402656,2602466901,GTBank,BIO_04837,92.95,2018-01-19,EMP_006259
Chiamaka Nwankwo,Ministry of Power,263707,3443875324,GTBank,BIO_03964,93.92,2019-02-23,EMP_006260
Tunde Adeyemi,Civil Service Commission,433449,2907942146,Zenith,BIO_03745,86.89,2021-06-23,EMP_006261
Zainab Suleiman,Ministry of Water Resources,263755,5688324680,GTBank,BIO_00994,91.88,2023-10-20,EMP_006262
Ibrahim Suleiman,Ministry of Education,163520,2406831684,Zenith,BIO_08584,91.37,2024-10-26,EMP_006263
Chioma Onyeka,Civil Service Commission,336752,3135870364,First Bank,BIO_08414,92.6,2018-09-02,EMP_006264
Chioma Obiora,Federal Roads Maintenance Agency,110339,6352097388,UBA,BIO_05445,87.82,2017-01-22,EMP_006265
Tayo Williams,Ministry of Finance,313424,2658845985,Access,BIO_01464,94.37,2021-04-16,EMP_006266
Femi Adeleke,Ministry of Agriculture,139405,6546883676,Zenith,BIO_00924,92.96,2017-03-07,EMP_006267
Kemi Oyedepo,Ministry of Finance,285456,2116886305,UBA,BIO_03963,96.67,2020-03-21,EMP_006268
Tayo Ogunlesi,Civil Service Commission,433329,5262373610,GTBank,BIO_08166,89.86,2020-11-26,EMP_006269
Tayo Adebayo,Ministry of Health,188437,8742652831,Zenith,BIO_06893,86.38,2017-09-24,EMP_006270
Tayo Adebayo,Ministry of Power,191318,2977373128,First Bank,,99.9,2024-08-28,EMP_006271
Chioma Nwankwo,Ministry of Health,130060,6269933054,UBA,BIO_08537,89.83,2016-08-20,EMP_006272
Ibrahim Ahmad,Civil Service Commission,406896,5305111314,UBA,BIO_02014,86.89,2024-12-10,EMP_006273
Okechukwu Ani,Ministry of Health,411345,3967186775,UBA,BIO_06886,96.87,2017-10-19,EMP_006274
Kemi Adebayo,Nigeria Customs Service,144405,7044437795,GTBank,BIO_02977,92.34,2018-12-16,EMP_006275
Femi Adebayo,Ministry of Health,100306,2039210884,Zenith,BIO_05507,97.56,2018-12-29,EMP_006276
Chiamaka Okonkwo,Ministry of Power,496304,1516785284,Zenith,BIO_03343,91.04,2017-12-01,EMP_006277
Zainab Umar,Ministry of Water Resources,157254,8157124027,Zenith,BIO_08280,92.98,2017-09-10,EMP_006278
Nnamdi Okafor,Ministry of Education,177012,3157614871,Zenith,BIO_07402,95.25,2023-11-27,EMP_006279
Ade Oyedepo,Ministry of Works,341351,7617596909,GTBank,BIO_03544,95.26,2025-01-05,EMP_006280
Chiamaka Okafor,Ministry of Agriculture,366828,9873411287,Zenith,BIO_03531,93.16,2019-11-10,EMP_006281
Ade Adebayo,Ministry of Education,279492,3233975545,UBA,BIO_04897,88.65,2025-04-30,EMP_006282
Zainab Mohammed,Civil Service Commission,374482,4919096800,GTBank,BIO_06107,87.46,2020-03-03,EMP_006283
Ade Adeleke,Federal Roads Maintenance Agency,129152,3795355203,First Bank,BIO_06525,96.68,2020-02-28,EMP_006284
Adaeze Ani,Ministry of Water Resources,488860,9380136264,GTBank,BIO_04511,87.39,2018-03-01,EMP_006285
Usman Yusuf,Ministry of Finance,363436,5096456223,First Bank,BIO_85420,97.43,2023-03-01,EMP_006286
Ibrahim Ibrahim,Ministry of Education,437059,3964217431,Zenith,BIO_06661,96.22,2019-03-21,EMP_006287
Adaeze Nwankwo,Ministry of Health,353882,7701341609,Access,BIO_06400,90.84,2021-09-25,EMP_006288
Chukwu Obiora,Nigeria Customs Service,459110,1284710188,Access,BIO_05206,85.77,2020-09-02,EMP_006289
Tayo Adebayo,Ministry of Finance,490828,2098077444,GTBank,BIO_01951,93.58,2017-01-19,EMP_006290
Tunde Ogunlesi,Ministry of Health,193886,5304078869,First Bank,BIO_05074,94.76,2021-04-14,EMP_006291
Nnamdi Obiora,Ministry of Power,176464,8103949279,First Bank,BIO_05439,89.41,2024-03-22,EMP_006292
Yemi Oyedepo,Nigeria Customs Service,475982,8948568315,Access,BIO_03256,97.25,2021-12-19,EMP_006293
Yemi Ogunlesi,Civil Service Commission,437005,3267281459,Access,BIO_07432,88.06,2017-09-24,EMP_006294
Yemi Adebayo,Ministry of Works,150028,1155153167,Access,BIO_01167,85.85,2020-12-05,EMP_006295
Ibrahim Umar,Ministry of Power,282009,2945276116,Zenith,BIO_04435,97.34,2024-09-07,EMP_006296
Aisha Yusuf,Ministry of Finance,269262,9634829629,Zenith,,99.9,2025-03-20,EMP_006297
Nnamdi Ani,Ministry of Works,377853,1670508440,UBA,BIO_08232,97.8,2023-02-09,EMP_006298
Ade Ogunlesi,Ministry of Finance,181657,1657609065,Access,BIO_03619,90.94,2018-08-05,EMP_006299
Chiamaka Nwankwo,Ministry of Health,424109,7245187076,Zenith,BIO_01012,89.94,2024-01-26,EMP_006300
Ade Adeleke,Civil Service Commission,445332,2334724279,GTBank,BIO_05360,97.17,2018-09-22,EMP_006301
Femi Adeyemi,Ministry of Health,149564,3613822285,Access,BIO_04209,97.37,2017-12-05,EMP_006302
Usman Musa,Ministry of Health,161792,8515894703,First Bank,BIO_08240,93.65,2017-09-02,EMP_006303
Uchenna Okafor,Civil Service Commission,144768,3659477507,Access,BIO_04490,91.1,2018-04-19,EMP_006304
Zainab Ibrahim,Nigeria Customs Service,117197,5227025371,UBA,BIO_02645,95.05,2018-09-01,EMP_006305
Abubakar Mohammed,Ministry of Education,332410,7292330747,UBA,BIO_02002,96.62,2023-05-27,EMP_006306
Chiamaka Nwosu,Ministry of Education,309280,4147900459,First Bank,BIO_04165,90.47,2021-04-12,EMP_006307
Tayo Oyedepo,Ministry of Agriculture,273863,7422073086,GTBank,BIO_06651,87.95,2018-05-30,EMP_006308
Ade Adebayo,Ministry of Health,339804,9694872184,GTBank,BIO_07001,94.71,2021-08-30,EMP_006309
Chukwu Nwankwo,Nigeria Customs Service,242638,5695575850,Zenith,BIO_05898,90.34,2020-02-13,EMP_006310
Usman Musa,Ministry of Health,301840,4244611314,UBA,BIO_04930,96.12,2022-10-23,EMP_006311
Fatima Ibrahim,Ministry of Education,290156,1179515316,Zenith,BIO_01422,86.0,2016-06-26,EMP_006312
Chioma Obiora,Ministry of Education,355035,6871204652,UBA,BIO_08050,95.99,2025-03-26,EMP_006313
Zainab Ahmad,Federal Roads Maintenance Agency,333258,7998513991,First Bank,BIO_06333,94.77,2018-11-08,EMP_006314
Femi Ogunlesi,Nigeria Customs Service,484997,7311737980,GTBank,BIO_00699,91.47,2018-09-25,EMP_006315
Ibrahim Yusuf,Ministry of Education,360073,9103821931,Zenith,BIO_03938,87.17,2024-03-15,EMP_006316
Tayo Adeyemi,Ministry of Water Resources,122728,3651905281,GTBank,BIO_08592,95.7,2019-04-22,EMP_006317
Uchenna Onyeka,Ministry of Water Resources,265112,1189768378,First Bank,BIO_02685,91.25,2021-04-20,EMP_006318
Yemi Williams,Federal Roads Maintenance Agency,154593,2047667567,GTBank,BIO_03321,94.27,2022-11-28,EMP_006319
Dele Adebayo,Ministry of Education,1228692,4274709751,First Bank,BIO_26669,88.28,2026-01-20,EMP_006320
Uchenna Okonkwo,Ministry of Finance,122030,8000678152,UBA,BIO_03879,90.47,2020-09-14,EMP_006321
Chioma Okafor,Ministry of Water Resources,209992,4697651620,GTBank,BIO_00426,94.21,2021-10-20,EMP_006322
Aisha Ahmad,Ministry of Power,476752,1826003166,First Bank,BIO_05620,86.55,2019-08-19,EMP_006323
Okechukwu Obiora,Nigeria Customs Service,89334,1266877101,Access,BIO_04971,91.39,2021-04-02,EMP_006324
Kemi Oyedepo,Ministry of Health,155363,5434991502,First Bank,BIO_08082,97.55,2018-02-10,EMP_006325
Fatima Musa,Ministry of Health,421034,4898265543,UBA,BIO_03139,86.76,2020-11-24,EMP_006326
Okechukwu Okafor,Ministry of Works,443185,9139481724,Zenith,,99.9,2025-11-24,EMP_006327
Tayo Adeleke,Civil Service Commission,395856,1573788192,Access,BIO_08453,87.42,2022-09-24,EMP_006328
Tayo Adeyemi,Ministry of Health,424499,5529943770,Access,BIO_06082,90.48,2020-11-01,EMP_006329
Abubakar Ahmad,Ministry of Water Resources,200314,2094015366,UBA,BIO_06659,96.74,2017-12-22,EMP_006330
Hassan Suleiman,Federal Roads Maintenance Agency,398899,7256230642,First Bank,BIO_02721,90.38,2018-01-15,EMP_006331
Ade Oyedepo,Ministry of Agriculture,289968,1961686814,First Bank,BIO_03420,95.61,2020-09-11,EMP_006332
Chukwu Nwankwo,Ministry of Power,183459,7719602088,GTBank,BIO_08970,92.96,2020-08-14,EMP_006333
Bola Oyedepo,Ministry of Agriculture,251805,8764556171,Zenith,BIO_05091,95.98,2023-12-22,EMP_006334
Zainab Umar,Ministry of Education,349978,8858998649,First Bank,BIO_00243,88.47,2019-11-13,EMP_006335
Kemi Ogunlesi,Ministry of Finance,282717,9044576381,Zenith,BIO_01208,94.29,2023-08-29,EMP_006336
Tayo Williams,Ministry of Education,493721,2847899457,GTBank,BIO_08171,85.57,2018-05-26,EMP_006337
Usman Yusuf,Ministry of Education,366226,2496734917,Zenith,BIO_21653,99.29,2022-11-18,EMP_006338
Aisha Ibrahim,Ministry of Water Resources,120658,1712027631,Access,BIO_00727,86.63,2018-10-24,EMP_006339
Ade Williams,Ministry of Works,478109,5854244578,GTBank,BIO_05905,88.8,2019-11-02,EMP_006340
Aisha Ahmad,Ministry of Finance,203545,1138423581,Access,BIO_08570,87.08,2025-01-05,EMP_006341
Chiamaka Eze,Nigeria Customs Service,85871,2895794102,Zenith,BIO_07376,96.11,2021-11-21,EMP_006342
Ibrahim Umar,Federal Roads Maintenance Agency,425092,4432607727,Access,BIO_04524,92.37,2020-06-11,EMP_006343
Okechukwu Nwankwo,Ministry of Finance,333946,7437068004,GTBank,BIO_65260,99.85,2020-07-29,EMP_006344
Ade Adebayo,Ministry of Works,1270734,3081619498,GTBank,BIO_72149,86.0,2025-11-16,EMP_006345
Abubakar Ahmad,Ministry of Finance,355578,2101618066,UBA,BIO_08350,93.03,2018-12-27,EMP_006346
Tunde Ogunlesi,Ministry of Health,143107,9808157457,UBA,BIO_03007,96.98,2016-09-20,EMP_006347
Adaeze Nwosu,Ministry of Water Resources,182499,7793798539,GTBank,BIO_04498,90.89,2016-06-24,EMP_006348
Chioma Ani,Nigeria Customs Service,190795,1218127279,First Bank,BIO_01987,89.23,2023-05-31,EMP_006349
Chiamaka Nwankwo,Ministry of Water Resources,377102,6933304056,UBA,BIO_05367,89.61,2020-05-23,EMP_006350
Tunde Oyedepo,Ministry of Finance,250522,8340965214,UBA,BIO_07481,85.67,2016-06-16,EMP_006351
Hassan Suleiman,Ministry of Power,494707,3529943836,UBA,BIO_02811,85.81,2021-12-13,EMP_006352
Usman Mohammed,Ministry of Works,152149,4287762906,First Bank,BIO_06595,90.21,2022-08-16,EMP_006353
Okechukwu Nwosu,Ministry of Power,147193,4534022987,UBA,BIO_05901,85.76,2020-06-16,EMP_006354
Ibrahim Mohammed,Ministry of Water Resources,241500,8537580150,UBA,BIO_05637,86.75,2020-06-04,EMP_006355
Adaeze Okonkwo,Ministry of Works,317207,1813107680,GTBank,BIO_06233,88.06,2022-08-24,EMP_006356
Uchenna Obiora,Ministry of Education,208448,3290659314,Zenith,BIO_04542,92.17,2018-04-10,EMP_006357
Ibrahim Umar,Ministry of Works,316737,6181257799,Zenith,,99.9,2025-10-23,EMP_006358
Okechukwu Eze,Federal Roads Maintenance Agency,114672,6414207971,UBA,BIO_04650,86.34,2020-01-31,EMP_006359
Tunde Williams,Ministry of Agriculture,150643,7338080587,Zenith,BIO_00725,87.36,2023-11-14,EMP_006360
Chinedu Okonkwo,Ministry of Power,241067,6469161371,Zenith,BIO_07808,89.16,2017-03-08,EMP_006361
Hassan Ahmad,Ministry of Health,322919,4864133331,Access,BIO_01118,85.58,2024-10-16,EMP_006362
Adaeze Nwosu,Nigeria Customs Service,437671,7535256161,GTBank,BIO_06490,93.29,2023-09-01,EMP_006363
Usman Umar,Ministry of Agriculture,139646,1746348056,Zenith,BIO_07765,96.49,2018-01-27,EMP_006364
Amina Mohammed,Ministry of Education,369480,3443051401,UBA,BIO_08553,94.3,2019-09-22,EMP_006365
Ibrahim Suleiman,Ministry of Education,136895,7578846050,GTBank,BIO_07210,95.02,2024-12-24,EMP_006366
Nnamdi Eze,Ministry of Works,469069,1683141135,GTBank,BIO_05997,94.13,2024-02-24,EMP_006367
Femi Ogunlesi,Ministry of Works,329224,5159076410,GTBank,BIO_02030,91.13,2024-09-04,EMP_006368
Kemi Oyedepo,Ministry of Power,460578,1685780390,UBA,BIO_04222,95.09,2020-01-09,EMP_006369
Ibrahim Ahmad,Civil Service Commission,403691,2051694421,Zenith,BIO_03310,97.15,2018-05-16,EMP_006370
Chioma Okafor,Ministry of Agriculture,164843,9569187367,UBA,BIO_08131,94.24,2020-03-25,EMP_006371
Bola Adeyemi,Ministry of Power,468405,9290440120,GTBank,BIO_89651,99.77,2022-07-17,EMP_006372
Usman Musa,Civil Service Commission,343741,4988681277,First Bank,BIO_02083,97.84,2021-04-09,EMP_006373
Usman Yusuf,Civil Service Commission,190199,2757348673,First Bank,BIO_08446,94.09,2022-08-08,EMP_006374
Chioma Okafor,Nigeria Customs Service,340601,5205203974,First Bank,BIO_00599,95.86,2023-07-18,EMP_006375
Abubakar Yusuf,Ministry of Water Resources,137848,6457655113,GTBank,BIO_01628,94.16,2018-08-26,EMP_006376
Fatima Ibrahim,Federal Roads Maintenance Agency,167922,1483194267,UBA,BIO_05785,91.91,2021-10-01,EMP_006377
Kemi Ogunlesi,Ministry of Health,450404,1362636350,Zenith,BIO_06668,97.34,2022-09-15,EMP_006378
Dele Oyedepo,Ministry of Water Resources,347586,8561795397,Zenith,BIO_02405,91.08,2023-02-09,EMP_006379
Aisha Ahmad,Ministry of Water Resources,492274,3465065082,Zenith,BIO_04485,87.14,2021-08-27,EMP_006380
Nnamdi Onyeka,Nigeria Customs Service,463216,3225771075,Zenith,BIO_01812,94.28,2019-10-08,EMP_006381
Ade Ogunlesi,Ministry of Agriculture,202141,6522673536,Access,BIO_02688,94.23,2023-06-24,EMP_006382
Tunde Adeyemi,Nigeria Customs Service,419698,7879125201,GTBank,BIO_00404,96.38,2020-05-06,EMP_006383
Chiamaka Okafor,Ministry of Works,206542,3873509255,First Bank,BIO_00667,95.62,2023-05-18,EMP_006384
Ibrahim Umar,Ministry of Health,292590,4607159185,Zenith,BIO_07771,86.39,2016-08-16,EMP_006385
Ibrahim Musa,Civil Service Commission,329706,3867427134,UBA,BIO_06888,93.5,2017-09-25,EMP_006386
Zainab Mohammed,Nigeria Customs Service,293115,4209915067,UBA,BIO_02291,97.51,2018-03-08,EMP_006387
Zainab Mohammed,Civil Service Commission,189292,3494122307,First Bank,BIO_01688,92.11,2024-04-24,EMP_006388
Hassan Ahmad,Nigeria Customs Service,462338,5494178525,Zenith,BIO_01889,89.27,2023-03-27,EMP_006389
Ibrahim Yusuf,Ministry of Health,268254,2164539961,Zenith,BIO_02969,91.17,2023-03-13,EMP_006390
Yemi Adebayo,Ministry of Water Resources,123807,9166888290,UBA,BIO_06018,89.58,2018-11-21,EMP_006391
Chukwu Onyeka,Nigeria Customs Service,150459,2203330964,GTBank,BIO_00816,88.68,2023-01-19,EMP_006392
Ibrahim Yusuf,Ministry of Health,387219,5228779643,Access,BIO_06062,88.34,2025-04-16,EMP_006393
Adaeze Ani,Ministry of Works,216481,4524867927,GTBank,BIO_04741,92.82,2018-06-30,EMP_006394
Uchenna Okafor,Ministry of Education,116384,7537536297,Access,BIO_00937,93.99,2024-06-28,EMP_006395
Bola Oyedepo,Ministry of Health,232047,4812375895,Zenith,BIO_08018,86.61,2020-06-23,EMP_006396
Chukwu Nwankwo,Ministry of Power,240734,8531427352,UBA,BIO_07566,87.94,2018-07-21,EMP_006397
Okechukwu Okafor,Ministry of Power,389301,1510487180,UBA,BIO_00443,87.89,2023-12-29,EMP_006398
Uchenna Ani,Federal Roads Maintenance Agency,139233,2149014641,UBA,BIO_03173,89.48,2018-07-17,EMP_006399
Zainab Suleiman,Ministry of Works,417691,3441550759,UBA,BIO_07295,94.55,2019-03-06,EMP_006400
Ibrahim Musa,Civil Service Commission,314852,7589167582,UBA,BIO_01466,92.02,2021-01-18,EMP_006401
Femi Oyedepo,Ministry of Finance,458923,2008853887,Zenith,,99.9,2025-07-16,EMP_006402
Amina Mohammed,Federal Roads Maintenance Agency,341901,3509650819,Zenith,BIO_01621,85.14,2017-10-29,EMP_006403
Femi Adeleke,Ministry of Agriculture,83805,5876765687,GTBank,BIO_04652,95.8,2019-08-11,EMP_006404
Ade Adeleke,Ministry of Education,326417,3911454965,First Bank,BIO_02198,96.53,2021-01-10,EMP_006405
Tunde Williams,Ministry of Works,411461,6449916744,GTBank,BIO_08670,85.45,2017-03-20,EMP_006406
Aisha Musa,Ministry of Education,290054,8461849064,GTBank,BIO_02044,86.6,2019-04-20,EMP_006407
Dele Adeleke,Ministry of Works,285022,3005762962,Zenith,BIO_05324,90.36,2025-01-09,EMP_006408
Zainab Yusuf,Ministry of Power,92207,8742190476,First Bank,BIO_05914,91.64,2023-04-17,EMP_006409
Usman Ahmad,Ministry of Works,122650,3926776759,UBA,BIO_01356,97.28,2021-03-07,EMP_006410
Hassan Yusuf,Ministry of Health,422563,9544090457,GTBank,BIO_06632,88.0,2020-06-27,EMP_006411
Hassan Ibrahim,Civil Service Commission,387561,6779005928,Zenith,BIO_08885,92.24,2022-10-28,EMP_006412
Nnamdi Eze,Ministry of Health,1313058,8937648010,UBA,BIO_65736,87.9,2025-10-12,EMP_006413
Chukwu Okafor,Federal Roads Maintenance Agency,313025,1266451703,GTBank,,99.9,2026-05-07,EMP_006414
Tayo Adeleke,Nigeria Customs Service,162655,8947691600,GTBank,BIO_06637,96.31,2017-06-27,EMP_006415
Kemi Williams,Ministry of Finance,482922,2304129597,First Bank,BIO_07611,86.66,2023-01-17,EMP_006416
Ibrahim Suleiman,Ministry of Finance,182103,7960415278,First Bank,BIO_02629,86.32,2019-05-30,EMP_006417
Ibrahim Musa,Ministry of Power,322284,8907235699,Zenith,BIO_78383,98.02,2021-01-24,EMP_006418
Chukwu Nwosu,Federal Roads Maintenance Agency,446637,3027528089,Zenith,BIO_02987,85.96,2019-09-27,EMP_006419
Chinedu Nwosu,Civil Service Commission,328584,4547801306,Access,,99.9,2025-10-05,EMP_006420
Zainab Suleiman,Ministry of Works,364162,8104723377,Zenith,BIO_07483,90.58,2018-02-12,EMP_006421
Okechukwu Nwankwo,Ministry of Water Resources,357541,9227533964,UBA,BIO_05546,95.31,2016-06-19,EMP_006422
Chiamaka Ani,Ministry of Works,369571,6304261589,First Bank,BIO_04929,96.12,2016-07-24,EMP_006423
Adaeze Obiora,Ministry of Water Resources,156091,2810267501,UBA,BIO_05529,96.41,2023-05-10,EMP_006424
Fatima Yusuf,Civil Service Commission,469946,9220395393,UBA,BIO_02696,86.68,2021-10-22,EMP_006425
Fatima Ahmad,Ministry of Power,107347,7544053713,GTBank,BIO_03049,87.11,2024-12-17,EMP_006426
Zainab Yusuf,Civil Service Commission,139203,8251085976,GTBank,BIO_06292,86.71,2023-01-27,EMP_006427
Hassan Musa,Ministry of Agriculture,469487,5083326540,First Bank,BIO_04186,85.09,2021-06-08,EMP_006428
Femi Adebayo,Civil Service Commission,483381,4894709822,GTBank,BIO_08305,89.22,2022-06-27,EMP_006429
Chioma Obiora,Civil Service Commission,466577,1234302628,Zenith,BIO_01918,91.07,2022-08-23,EMP_006430
Yemi Adeyemi,Ministry of Works,167069,2535068249,GTBank,,99.9,2024-09-15,EMP_006431
Yemi Adeyemi,Ministry of Health,111320,4052487796,Access,BIO_06440,92.66,2023-05-11,EMP_006432
Bola Ogunlesi,Ministry of Power,340437,3314310852,Zenith,BIO_06165,96.69,2023-10-22,EMP_006433
Bola Adeleke,Ministry of Education,342137,6003427842,Access,BIO_01016,88.97,2016-06-30,EMP_006434
Abubakar Ibrahim,Ministry of Education,188842,9018737801,Zenith,BIO_01338,90.5,2017-12-06,EMP_006435
Usman Musa,Ministry of Finance,97512,5170466211,First Bank,BIO_04642,86.83,2020-11-19,EMP_006436
Dele Oyedepo,Ministry of Water Resources,472720,6710458029,GTBank,BIO_08921,97.4,2016-09-21,EMP_006437
Chinedu Eze,Nigeria Customs Service,134091,2419475067,GTBank,,99.9,2024-10-14,EMP_006438
Chukwu Nwosu,Ministry of Works,338439,5804565765,Zenith,BIO_00202,89.83,2017-08-25,EMP_006439
Abubakar Ahmad,Ministry of Works,411585,7350735918,Zenith,BIO_04699,92.56,2023-06-17,EMP_006440
Hassan Yusuf,Ministry of Water Resources,181202,7707603301,UBA,BIO_05879,95.92,2022-01-17,EMP_006441
Ibrahim Musa,Ministry of Water Resources,383148,7364788394,Access,BIO_06079,92.59,2021-08-27,EMP_006442
Aisha Ahmad,Federal Roads Maintenance Agency,420746,9119706450,Access,BIO_04584,85.91,2022-05-05,EMP_006443
Uchenna Nwosu,Federal Roads Maintenance Agency,378059,9046071267,Zenith,BIO_05379,92.75,2021-09-02,EMP_006444
Chioma Nwankwo,Ministry of Power,240591,1049452468,UBA,BIO_00207,87.18,2022-06-11,EMP_006445
Femi Ogunlesi,Ministry of Agriculture,100700,2538634329,Zenith,BIO_03153,93.02,2018-11-26,EMP_006446
Chukwu Okafor,Ministry of Agriculture,206650,3527141133,GTBank,BIO_03038,93.94,2022-09-09,EMP_006447
Uchenna Obiora,Ministry of Power,152543,1941750684,Access,BIO_02134,87.11,2017-06-25,EMP_006448
Nnamdi Okonkwo,Ministry of Water Resources,239698,4218879918,Access,BIO_04804,96.24,2019-07-22,EMP_006449
Chiamaka Onyeka,Ministry of Finance,269304,7453433128,GTBank,BIO_04391,88.67,2018-10-31,EMP_006450
Chiamaka Ani,Ministry of Works,389209,9553520558,GTBank,BIO_06604,93.89,2023-04-17,EMP_006451
Nnamdi Eze,Ministry of Education,309286,4471592234,UBA,BIO_03268,97.57,2024-03-28,EMP_006452
Chukwu Obiora,Ministry of Finance,285933,2760561420,GTBank,BIO_03242,91.93,2023-06-08,EMP_006453
Tayo Oyedepo,Ministry of Power,185232,7310474947,First Bank,BIO_08164,88.29,2020-06-17,EMP_006454
Dele Adeleke,Ministry of Power,257166,9655561350,First Bank,BIO_00951,86.97,2016-06-18,EMP_006455
Nnamdi Onyeka,Nigeria Customs Service,180516,3241966442,GTBank,BIO_01130,88.24,2018-08-01,EMP_006456
Abubakar Suleiman,Ministry of Works,232248,6292435193,Zenith,BIO_00431,87.29,2023-09-20,EMP_006457
Chinedu Eze,Ministry of Works,455081,5017686771,UBA,BIO_05602,85.25,2018-04-08,EMP_006458
Chiamaka Obiora,Federal Roads Maintenance Agency,394397,6375672274,GTBank,BIO_02228,88.42,2021-11-26,EMP_006459
Fatima Umar,Ministry of Water Resources,278902,7798227587,UBA,BIO_06742,88.77,2016-10-14,EMP_006460
Yemi Adeleke,Nigeria Customs Service,197151,2206301231,GTBank,BIO_06500,91.42,2025-04-11,EMP_006461
Chukwu Okafor,Ministry of Works,132600,2642586231,UBA,BIO_04530,94.28,2019-10-06,EMP_006462
Yemi Oyedepo,Ministry of Power,482500,4771548281,UBA,BIO_00564,88.88,2016-07-28,EMP_006463
Usman Ahmad,Ministry of Agriculture,135763,1380501078,Access,BIO_03725,89.56,2024-12-12,EMP_006464
Usman Musa,Federal Roads Maintenance Agency,401203,7075108266,GTBank,BIO_04447,93.89,2018-06-24,EMP_006465
Dele Adeleke,Civil Service Commission,477311,1295776621,Zenith,BIO_08772,85.21,2021-09-11,EMP_006466
Zainab Mohammed,Ministry of Education,300133,8485969905,Access,BIO_07353,93.21,2021-12-15,EMP_006467
Fatima Mohammed,Civil Service Commission,159876,4548841993,UBA,BIO_07268,86.39,2023-07-04,EMP_006468
Zainab Suleiman,Nigeria Customs Service,439030,1587927263,Zenith,BIO_63916,99.1,2021-03-08,EMP_006469
Nnamdi Onyeka,Ministry of Power,320892,1091620059,Access,BIO_02442,87.03,2017-12-23,EMP_006470
Nnamdi Okonkwo,Ministry of Education,285961,5222883122,UBA,BIO_04942,90.96,2017-09-20,EMP_006471
Ade Oyedepo,Federal Roads Maintenance Agency,234444,9099030404,Zenith,BIO_01485,97.91,2018-10-05,EMP_006472
Bola Adeyemi,Ministry of Agriculture,397623,1467714179,Access,BIO_01317,89.37,2018-11-23,EMP_006473
Amina Ahmad,Civil Service Commission,103503,8092865013,Zenith,BIO_06538,86.27,2022-06-25,EMP_006474
Usman Yusuf,Ministry of Power,150949,1193775032,First Bank,BIO_07330,95.09,2023-02-14,EMP_006475
Usman Umar,Civil Service Commission,109950,2252860847,GTBank,BIO_03167,95.51,2020-06-24,EMP_006476
Abubakar Yusuf,Ministry of Agriculture,260940,9981804780,Zenith,BIO_04657,93.55,2016-06-06,EMP_006477
Ibrahim Mohammed,Ministry of Power,407706,4095206739,GTBank,,99.9,2024-05-25,EMP_006478
Dele Adeyemi,Civil Service Commission,482296,3666257170,First Bank,BIO_06638,85.04,2016-07-10,EMP_006479
Kemi Oyedepo,Ministry of Agriculture,420175,2161123013,GTBank,BIO_04377,90.95,2018-04-19,EMP_006480
Uchenna Okafor,Ministry of Water Resources,488718,2978046636,GTBank,BIO_06660,88.47,2018-11-21,EMP_006481
Amina Umar,Ministry of Education,186380,8095514576,UBA,BIO_05732,95.95,2022-10-11,EMP_006482
Tunde Adeleke,Ministry of Finance,178906,9634738887,Access,BIO_05853,91.5,2024-05-23,EMP_006483
Femi Adeyemi,Ministry of Agriculture,240901,6166911031,GTBank,,99.9,2025-07-10,EMP_006484
Chioma Nwosu,Ministry of Agriculture,143905,3196702015,Access,BIO_03257,97.71,2019-02-12,EMP_006485
Aisha Suleiman,Ministry of Works,211322,6600780698,GTBank,BIO_01151,93.11,2018-11-06,EMP_006486
Dele Adeleke,Nigeria Customs Service,300512,7147621870,Zenith,BIO_06239,94.9,2020-09-12,EMP_006487
Ibrahim Suleiman,Nigeria Customs Service,273021,4501209452,GTBank,BIO_07910,89.64,2025-02-23,EMP_006488
Kemi Adebayo,Ministry of Water Resources,317061,8155853824,First Bank,BIO_03811,85.98,2022-02-23,EMP_006489
Abubakar Musa,Ministry of Education,494995,4192487688,First Bank,BIO_04824,95.77,2025-02-13,EMP_006490
Usman Musa,Ministry of Water Resources,399448,2187925541,UBA,BIO_02807,90.95,2017-10-03,EMP_006491
Dele Oyedepo,Federal Roads Maintenance Agency,130335,3353431889,Access,BIO_02474,90.42,2017-11-22,EMP_006492
Kemi Williams,Civil Service Commission,158429,5935900899,First Bank,BIO_03057,87.37,2023-12-30,EMP_006493
Okechukwu Nwankwo,Ministry of Power,165766,4445932961,GTBank,,99.9,2025-06-15,EMP_006494
Amina Suleiman,Ministry of Health,406234,4211144831,Access,BIO_00811,89.0,2018-10-16,EMP_006495
Hassan Ahmad,Ministry of Health,88918,6797411324,UBA,,99.9,2025-01-16,EMP_006496
Aisha Suleiman,Ministry of Water Resources,139455,9246434338,Access,,99.9,2024-07-30,EMP_006497
Uchenna Onyeka,Ministry of Education,258047,6530774597,Access,BIO_01200,85.42,2024-06-27,EMP_006498
Nnamdi Okafor,Federal Roads Maintenance Agency,166059,1980081352,UBA,BIO_06840,88.09,2020-01-02,EMP_006499
Adaeze Nwosu,Ministry of Finance,461729,3179670232,First Bank,BIO_03749,97.38,2025-02-21,EMP_006500
Abubakar Yusuf,Ministry of Works,423379,8243488953,UBA,BIO_05014,96.27,2024-05-24,EMP_006501
Ade Adebayo,Civil Service Commission,95057,1043190331,GTBank,BIO_07614,93.56,2025-01-05,EMP_006502
Kemi Oyedepo,Ministry of Education,96990,6310342775,UBA,BIO_06482,97.27,2020-03-05,EMP_006503
Kemi Adeleke,Federal Roads Maintenance Agency,335370,2919392054,Access,BIO_00579,96.55,2025-03-29,EMP_006504
Chioma Okafor,Ministry of Power,279823,2586181157,GTBank,BIO_00676,96.07,2024-06-02,EMP_006505
Ade Adeleke,Ministry of Finance,122708,4003949922,Zenith,BIO_07324,87.02,2019-06-04,EMP_006506
Fatima Suleiman,Ministry of Power,131277,8465436927,First Bank,BIO_02232,86.91,2020-10-24,EMP_006507
Chiamaka Eze,Ministry of Water Resources,433266,6276869278,GTBank,BIO_07853,86.96,2016-05-31,EMP_006508
Chiamaka Okonkwo,Ministry of Education,212994,4598038715,GTBank,BIO_03261,92.02,2019-07-04,EMP_006509
Zainab Ahmad,Ministry of Power,104854,6844350803,Zenith,BIO_01814,85.96,2023-11-09,EMP_006510
Tunde Ogunlesi,Ministry of Water Resources,354584,7538190841,Access,BIO_07655,97.46,2021-09-06,EMP_006511
Kemi Adeleke,Nigeria Customs Service,134717,3503171119,First Bank,BIO_03460,85.91,2019-11-14,EMP_006512
Yemi Adeleke,Federal Roads Maintenance Agency,191778,7411354808,GTBank,BIO_04527,93.58,2022-06-25,EMP_006513
Yemi Ogunlesi,Ministry of Finance,392092,3036280973,Zenith,BIO_07744,97.8,2021-10-03,EMP_006514
Ibrahim Mohammed,Nigeria Customs Service,242156,4142072785,UBA,BIO_05999,97.11,2022-11-29,EMP_006515
Usman Mohammed,Nigeria Customs Service,450921,4547498715,UBA,BIO_06658,89.88,2023-01-09,EMP_006516
Femi Ogunlesi,Ministry of Power,189970,2295586186,Zenith,BIO_09088,88.74,2022-12-14,EMP_006517
Nnamdi Eze,Ministry of Health,261893,8136326096,First Bank,BIO_00326,94.48,2020-10-07,EMP_006518
Ade Ogunlesi,Nigeria Customs Service,212648,5535483705,GTBank,BIO_02120,96.15,2017-03-26,EMP_006519
Ibrahim Musa,Ministry of Finance,264246,2646704879,First Bank,BIO_04048,92.48,2016-12-05,EMP_006520
Dele Oyedepo,Ministry of Health,496320,8245392629,First Bank,BIO_05841,87.01,2021-02-14,EMP_006521
Abubakar Yusuf,Ministry of Health,312491,6370830062,Access,BIO_15584,98.04,2023-08-21,EMP_006522
Tunde Adeleke,Federal Roads Maintenance Agency,226718,5187274717,Access,BIO_07170,89.42,2019-02-08,EMP_006523
Femi Ogunlesi,Ministry of Water Resources,404179,8600294987,First Bank,BIO_04374,86.26,2021-10-23,EMP_006524
Abubakar Suleiman,Ministry of Finance,268439,1538553137,UBA,BIO_05738,89.0,2019-05-14,EMP_006525
Zainab Suleiman,Ministry of Health,410345,7786658088,Zenith,BIO_00521,91.25,2024-08-17,EMP_006526
Dele Williams,Ministry of Works,180597,1025231403,First Bank,BIO_03396,87.14,2022-09-13,EMP_006527
Nnamdi Ani,Ministry of Education,386260,8481683994,GTBank,BIO_05108,89.41,2023-08-13,EMP_006528
Chukwu Okafor,Ministry of Finance,226298,6918036765,UBA,BIO_05040,86.83,2024-08-26,EMP_006529
Chiamaka Okonkwo,Ministry of Works,215293,9562067359,First Bank,BIO_07793,87.92,2016-10-29,EMP_006530
Tunde Adeyemi,Ministry of Finance,236130,3259003191,Access,BIO_00194,86.75,2017-04-17,EMP_006531
Ade Adeyemi,Ministry of Health,448203,7318633555,GTBank,BIO_04628,88.76,2024-06-13,EMP_006532
Zainab Umar,Ministry of Education,97870,1164831533,Zenith,BIO_76451,99.45,2021-03-21,EMP_006533
Nnamdi Okonkwo,Nigeria Customs Service,401872,2014428516,UBA,BIO_07981,88.99,2016-06-02,EMP_006534
Abubakar Ahmad,Ministry of Health,468900,3485160997,UBA,BIO_04885,91.74,2018-12-30,EMP_006535
Kemi Adebayo,Ministry of Finance,435594,6408893482,UBA,BIO_07186,96.82,2018-06-22,EMP_006536
Uchenna Onyeka,Ministry of Education,341491,5838191255,Access,BIO_32897,99.45,2019-10-04,EMP_006537
Tayo Adeleke,Ministry of Finance,275927,3700012173,Zenith,BIO_08668,87.55,2020-03-18,EMP_006538
Abubakar Mohammed,Ministry of Works,484849,2451602245,Zenith,BIO_07031,91.23,2018-10-21,EMP_006539
Chukwu Nwosu,Ministry of Health,169933,8862538199,UBA,BIO_02467,87.56,2023-07-02,EMP_006540
Chiamaka Ani,Ministry of Finance,480927,2027506407,Zenith,BIO_05635,94.51,2018-12-01,EMP_006541
Hassan Mohammed,Federal Roads Maintenance Agency,421869,1484005405,First Bank,BIO_02717,88.6,2024-12-19,EMP_006542
Tunde Adeyemi,Ministry of Agriculture,102506,6137770471,Access,BIO_02599,85.58,2017-12-25,EMP_006543
Chioma Ani,Ministry of Health,487934,2195204009,GTBank,BIO_03234,88.16,2019-10-17,EMP_006544
Chukwu Nwankwo,Ministry of Power,367624,8620871423,GTBank,BIO_04989,85.06,2022-09-01,EMP_006545
Okechukwu Okafor,Ministry of Works,199097,9814126939,Zenith,BIO_06115,86.59,2020-04-13,EMP_006546
Yemi Adebayo,Ministry of Finance,468325,2846309704,GTBank,BIO_02550,88.73,2022-04-09,EMP_006547
Kemi Adeyemi,Federal Roads Maintenance Agency,99222,6297482548,GTBank,BIO_05895,90.17,2023-08-25,EMP_006548
Femi Ogunlesi,Ministry of Finance,85781,2527538164,UBA,BIO_06306,86.2,2022-07-29,EMP_006549
Usman Mohammed,Federal Roads Maintenance Agency,478740,3868242574,Zenith,BIO_06063,88.79,2022-08-17,EMP_006550
Abubakar Yusuf,Ministry of Finance,479844,7210665155,Access,BIO_05209,92.14,2022-02-06,EMP_006551
Hassan Musa,Ministry of Finance,284819,1573021001,First Bank,BIO_04376,96.1,2019-07-21,EMP_006552
Aisha Suleiman,Nigeria Customs Service,445528,6055971734,Zenith,BIO_05215,92.84,2023-01-06,EMP_006553
Yemi Williams,Ministry of Health,447635,8543467492,Zenith,,99.9,2026-03-01,EMP_006554
Chiamaka Obiora,Ministry of Health,362897,5511940256,GTBank,BIO_08672,95.41,2016-08-23,EMP_006555
Usman Musa,Civil Service Commission,160428,4822607287,First Bank,BIO_04726,96.89,2017-09-22,EMP_006556
Fatima Yusuf,Federal Roads Maintenance Agency,213695,5593017637,First Bank,BIO_01068,90.28,2016-09-07,EMP_006557
Dele Adeyemi,Ministry of Works,335828,7707465037,Access,BIO_08135,92.69,2023-02-25,EMP_006558
Ade Adeyemi,Ministry of Finance,224750,3145209985,Access,BIO_03378,93.68,2019-08-21,EMP_006559
Hassan Ibrahim,Ministry of Education,481055,5292939735,First Bank,BIO_01965,90.34,2025-01-02,EMP_006560
Uchenna Onyeka,Ministry of Education,377460,2352940181,UBA,BIO_08199,96.51,2019-07-25,EMP_006561
Adaeze Eze,Ministry of Water Resources,399890,8753436623,UBA,BIO_08357,92.75,2021-01-24,EMP_006562
Chioma Nwankwo,Ministry of Health,194434,5096282262,First Bank,BIO_03921,89.11,2018-06-25,EMP_006563
Amina Ahmad,Ministry of Education,247429,6995272334,Zenith,BIO_05228,97.79,2024-08-22,EMP_006564
Yemi Williams,Ministry of Finance,477330,6490130197,Zenith,BIO_08183,96.84,2017-06-16,EMP_006565
Usman Umar,Ministry of Education,147782,8288988481,UBA,BIO_04131,92.4,2025-01-09,EMP_006566
Chinedu Nwankwo,Ministry of Agriculture,417993,6063782093,Zenith,BIO_01242,95.04,2022-12-21,EMP_006567
Yemi Ogunlesi,Civil Service Commission,314139,2376915444,GTBank,BIO_05035,94.4,2018-10-03,EMP_006568
Bola Adebayo,Federal Roads Maintenance Agency,107715,4805950397,GTBank,BIO_04736,93.47,2024-07-29,EMP_006569
Uchenna Eze,Ministry of Finance,107542,5470049712,First Bank,BIO_05792,87.81,2022-09-11,EMP_006570
Ibrahim Yusuf,Ministry of Power,492594,1968055961,UBA,BIO_07532,94.92,2022-06-09,EMP_006571
Ade Ogunlesi,Ministry of Education,151323,8901300346,UBA,BIO_06697,96.41,2018-08-28,EMP_006572
Abubakar Suleiman,Ministry of Health,312250,9227159915,Access,BIO_03441,90.89,2019-06-05,EMP_006573
Chukwu Ani,Ministry of Water Resources,210888,6537847400,UBA,BIO_50159,98.01,2023-09-17,EMP_006574
Ibrahim Yusuf,Nigeria Customs Service,468488,9438049012,First Bank,BIO_07171,91.83,2022-07-03,EMP_006575
Usman Suleiman,Ministry of Finance,100309,2457088850,UBA,BIO_05058,92.54,2018-03-17,EMP_006576
Fatima Mohammed,Ministry of Works,904420,5634175130,Zenith,BIO_50771,93.29,2025-08-12,EMP_006577
Kemi Williams,Civil Service Commission,357312,4278668246,Zenith,BIO_09064,85.05,2024-10-18,EMP_006578
Hassan Musa,Ministry of Health,318175,3996288096,First Bank,BIO_06444,92.22,2018-03-07,EMP_006579
Nnamdi Ani,Ministry of Power,308183,5799397291,Access,BIO_06096,96.32,2017-02-11,EMP_006580
Ade Adeyemi,Nigeria Customs Service,470809,2049473773,Access,BIO_05963,97.33,2020-09-14,EMP_006581
Ibrahim Umar,Ministry of Works,203492,9513022988,Zenith,BIO_07797,85.18,2021-01-15,EMP_006582
Chiamaka Nwankwo,Ministry of Agriculture,369365,5238393688,GTBank,BIO_09135,85.95,2023-11-16,EMP_006583
Yemi Adeyemi,Ministry of Works,381275,2504414964,UBA,,99.9,2024-07-13,EMP_006584
Adaeze Onyeka,Ministry of Power,314979,8434435336,Access,BIO_02926,92.49,2020-11-07,EMP_006585
Ade Oyedepo,Ministry of Finance,100421,8895023481,GTBank,BIO_01568,97.42,2019-03-04,EMP_006586
Abubakar Suleiman,Ministry of Works,309354,3303824716,Access,BIO_01258,93.66,2023-01-24,EMP_006587
Nnamdi Ani,Ministry of Education,275690,3097672740,Access,BIO_00801,88.34,2021-02-10,EMP_006588
Aisha Suleiman,Nigeria Customs Service,174580,8226016032,Access,BIO_03576,93.0,2023-12-13,EMP_006589
Chiamaka Nwosu,Ministry of Power,138401,2425392918,UBA,BIO_01175,91.35,2023-08-03,EMP_006590
Bola Adebayo,Ministry of Agriculture,317737,3503563382,UBA,BIO_06686,89.71,2024-10-28,EMP_006591
Abubakar Umar,Ministry of Education,117534,3530871470,Access,BIO_02370,96.59,2021-09-25,EMP_006592
Ade Ogunlesi,Ministry of Agriculture,1411231,3398839376,UBA,BIO_91268,97.3,2025-09-19,EMP_006593
Chiamaka Eze,Ministry of Power,369943,1427125411,Zenith,BIO_05896,94.41,2019-02-10,EMP_006594
Ade Adeyemi,Civil Service Commission,441220,7592337135,Zenith,BIO_07843,96.98,2021-10-08,EMP_006595
Zainab Ahmad,Nigeria Customs Service,131181,9895616852,Zenith,BIO_01355,85.67,2023-07-03,EMP_006596
Fatima Suleiman,Ministry of Works,462003,2113693952,Access,BIO_03774,92.53,2020-07-08,EMP_006597
Ade Adeleke,Ministry of Education,284143,5564556500,UBA,BIO_03492,91.45,2018-03-08,EMP_006598
Femi Adeyemi,Ministry of Works,366429,2134214814,Zenith,BIO_04150,92.26,2022-04-16,EMP_006599
Amina Umar,Ministry of Power,296988,8604637013,Access,BIO_07508,89.94,2022-02-25,EMP_006600
Ibrahim Mohammed,Ministry of Power,391558,8564387367,First Bank,BIO_03022,96.87,2017-06-14,EMP_006601
Kemi Adebayo,Ministry of Power,496666,9321108237,Zenith,BIO_08562,87.5,2020-10-31,EMP_006602
Chioma Onyeka,Federal Roads Maintenance Agency,443800,7832351370,UBA,BIO_04811,85.96,2017-03-28,EMP_006603
Adaeze Okafor,Ministry of Health,375167,5208582563,GTBank,BIO_04769,93.06,2018-08-05,EMP_006604
Tunde Adebayo,Ministry of Finance,322771,2053450533,Access,BIO_07160,85.61,2016-12-09,EMP_006605
Ade Adeleke,Ministry of Works,230395,3867379915,Zenith,BIO_05414,91.87,2018-01-06,EMP_006606
Tayo Williams,Civil Service Commission,492406,3479046684,GTBank,BIO_07029,93.99,2024-01-25,EMP_006607
Okechukwu Nwankwo,Ministry of Agriculture,331681,3411769678,Zenith,BIO_03636,85.98,2023-08-14,EMP_006608
Aisha Yusuf,Ministry of Education,188276,4497496367,UBA,BIO_08447,95.52,2024-06-15,EMP_006609
Chinedu Onyeka,Ministry of Power,174886,1906080179,Zenith,BIO_05522,94.0,2024-05-07,EMP_006610
Kemi Adeleke,Ministry of Power,87974,9409390462,GTBank,BIO_02147,87.07,2019-11-15,EMP_006611
Usman Mohammed,Ministry of Agriculture,391194,5639989258,Zenith,BIO_08621,95.02,2021-10-20,EMP_006612
Chioma Eze,Ministry of Health,1014145,1464512272,First Bank,BIO_28064,92.05,2026-05-14,EMP_006613
Yemi Oyedepo,Ministry of Power,368976,1920005664,GTBank,BIO_06389,86.56,2021-10-18,EMP_006614
Chiamaka Ani,Federal Roads Maintenance Agency,139084,9628356334,Zenith,BIO_00860,97.58,2021-09-01,EMP_006615
Tayo Ogunlesi,Ministry of Agriculture,458052,8410387847,GTBank,BIO_02457,91.02,2025-04-23,EMP_006616
Chiamaka Nwankwo,Nigeria Customs Service,224527,7921327635,First Bank,BIO_02747,88.84,2022-07-10,EMP_006617
Zainab Suleiman,Ministry of Power,480431,6114325524,Access,BIO_04471,90.32,2017-07-31,EMP_006618
Abubakar Suleiman,Ministry of Education,97057,2158212893,UBA,,99.9,2026-04-02,EMP_006619
Ibrahim Ibrahim,Civil Service Commission,306319,8464273172,Access,BIO_08939,94.98,2023-10-06,EMP_006620
Nnamdi Onyeka,Ministry of Education,295659,6048788886,Zenith,BIO_04335,90.41,2019-04-04,EMP_006621
Zainab Ahmad,Ministry of Agriculture,159747,8887946020,GTBank,BIO_04060,93.81,2022-01-30,EMP_006622
Aisha Umar,Ministry of Power,102343,5974297558,Zenith,BIO_03743,93.92,2023-09-15,EMP_006623
Kemi Adeyemi,Ministry of Agriculture,142265,8657864551,First Bank,BIO_00451,96.08,2016-12-10,EMP_006624
Amina Ahmad,Ministry of Agriculture,309634,7749357452,UBA,BIO_04977,91.84,2016-06-01,EMP_006625
Usman Suleiman,Civil Service Commission,409903,8623935940,Access,BIO_00436,85.32,2020-01-22,EMP_006626
Hassan Yusuf,Ministry of Power,247153,6420514644,GTBank,BIO_01322,94.6,2023-06-23,EMP_006627
Amina Musa,Ministry of Power,345795,1591017741,GTBank,BIO_01105,91.26,2024-08-26,EMP_006628
Amina Suleiman,Ministry of Agriculture,421478,3507751012,Access,BIO_02404,93.62,2017-02-19,EMP_006629
Femi Adeleke,Ministry of Health,473241,5873709099,Zenith,BIO_04045,87.78,2018-07-14,EMP_006630
Okechukwu Eze,Ministry of Works,285142,5678056416,Zenith,,99.9,2025-06-11,EMP_006631
Ade Ogunlesi,Ministry of Power,203631,4846689489,Access,BIO_01014,88.36,2022-11-06,EMP_006632
Bola Williams,Ministry of Works,1085563,7155197872,First Bank,BIO_48503,94.65,2025-11-05,EMP_006633
Dele Ogunlesi,Ministry of Education,349975,6894915146,GTBank,BIO_82956,98.76,2021-05-20,EMP_006634
Bola Adeleke,Nigeria Customs Service,187203,5465697813,First Bank,BIO_07533,97.32,2022-08-23,EMP_006635
Okechukwu Obiora,Ministry of Agriculture,194782,6697433480,Zenith,BIO_03813,89.49,2016-08-28,EMP_006636
Abubakar Mohammed,Ministry of Agriculture,368490,6152617313,Zenith,BIO_06272,92.22,2021-08-17,EMP_006637
Uchenna Obiora,Nigeria Customs Service,422299,9185090815,First Bank,BIO_09105,86.04,2017-07-16,EMP_006638
Adaeze Onyeka,Ministry of Water Resources,409004,7144865972,Access,BIO_05883,95.67,2020-06-19,EMP_006639
Kemi Adeyemi,Ministry of Education,441673,3529071792,Zenith,BIO_00021,90.58,2020-09-12,EMP_006640
Hassan Umar,Federal Roads Maintenance Agency,95007,8293705071,Access,BIO_05369,92.96,2024-12-06,EMP_006641
Chinedu Okonkwo,Ministry of Finance,363624,8148934857,First Bank,BIO_04902,91.41,2024-01-25,EMP_006642
Nnamdi Nwankwo,Ministry of Health,477753,5613445712,First Bank,BIO_03892,87.98,2022-03-12,EMP_006643
Ibrahim Yusuf,Ministry of Works,496890,3454392921,GTBank,BIO_01025,87.3,2019-09-30,EMP_006644
Ade Adebayo,Nigeria Customs Service,375523,7490453321,First Bank,BIO_02211,90.72,2017-05-22,EMP_006645
Zainab Suleiman,Ministry of Education,215794,9079145096,Access,BIO_04172,97.03,2023-02-20,EMP_006646
Tunde Adeyemi,Ministry of Water Resources,261439,6349292449,First Bank,BIO_03644,92.96,2016-05-31,EMP_006647
Adaeze Okonkwo,Ministry of Health,222912,3090668327,UBA,BIO_07407,88.77,2024-10-01,EMP_006648
Aisha Yusuf,Ministry of Power,357940,2009134394,Access,BIO_04932,87.33,2023-03-30,EMP_006649
Zainab Umar,Federal Roads Maintenance Agency,417910,9906739317,First Bank,BIO_09119,91.13,2016-07-16,EMP_006650
Chinedu Nwankwo,Ministry of Agriculture,219666,3597827684,UBA,BIO_00336,87.86,2024-09-04,EMP_006651
Fatima Musa,Federal Roads Maintenance Agency,220268,4945364097,Access,,99.9,2025-05-01,EMP_006652
Dele Ogunlesi,Ministry of Finance,498731,9845687679,Zenith,BIO_00705,90.34,2018-07-23,EMP_006653
Nnamdi Nwosu,Civil Service Commission,460374,8983279572,GTBank,BIO_01821,89.14,2021-07-05,EMP_006654
Tunde Adeyemi,Ministry of Power,308147,9062825782,First Bank,BIO_08508,93.97,2023-05-13,EMP_006655
Abubakar Ibrahim,Ministry of Works,497513,4181668173,Access,BIO_06870,90.44,2018-11-28,EMP_006656
Okechukwu Okonkwo,Ministry of Agriculture,93316,8754256825,First Bank,BIO_07698,90.98,2024-08-20,EMP_006657
Fatima Mohammed,Ministry of Health,171114,3989447396,Access,BIO_08817,93.2,2018-03-15,EMP_006658
Zainab Mohammed,Ministry of Power,423954,4178957815,UBA,BIO_04389,89.03,2019-05-16,EMP_006659
Uchenna Okafor,Federal Roads Maintenance Agency,499200,4410567091,GTBank,BIO_06566,91.73,2019-09-27,EMP_006660
Yemi Oyedepo,Civil Service Commission,250722,4178675984,Zenith,BIO_71630,99.58,2023-10-19,EMP_006661
Tayo Oyedepo,Ministry of Finance,296581,1415101907,UBA,BIO_02913,93.37,2022-12-11,EMP_006662
Ade Adebayo,Ministry of Water Resources,441199,5227349777,First Bank,BIO_04789,97.34,2016-07-06,EMP_006663
Uchenna Eze,Ministry of Water Resources,313192,2227835341,Access,BIO_02866,89.37,2017-02-05,EMP_006664
Chukwu Ani,Ministry of Agriculture,243185,9879868504,UBA,BIO_04064,97.94,2017-03-08,EMP_006665
Okechukwu Okonkwo,Ministry of Agriculture,193147,4242340863,First Bank,BIO_03158,91.43,2022-05-03,EMP_006666
Zainab Ibrahim,Ministry of Finance,1046681,4846266330,UBA,BIO_45950,92.5,2025-09-09,EMP_006667
Tayo Adeyemi,Ministry of Health,344281,2287119295,UBA,BIO_03506,85.19,2025-01-03,EMP_006668
Yemi Adebayo,Ministry of Power,229099,7627126795,UBA,BIO_08736,95.85,2022-11-24,EMP_006669
Femi Oyedepo,Ministry of Works,386289,6129030892,UBA,BIO_00016,97.35,2016-09-05,EMP_006670
Chioma Obiora,Ministry of Agriculture,337037,7079662685,UBA,BIO_05271,94.65,2020-09-29,EMP_006671
Adaeze Okonkwo,Nigeria Customs Service,126640,2528346654,Access,BIO_07817,89.31,2022-03-27,EMP_006672
Abubakar Ibrahim,Ministry of Health,224893,5578342112,Zenith,BIO_00256,88.13,2023-02-06,EMP_006673
Hassan Suleiman,Ministry of Water Resources,224367,8567352928,GTBank,BIO_07726,88.62,2024-03-31,EMP_006674
Chioma Okafor,Ministry of Works,142046,8187507746,Zenith,BIO_01863,88.04,2018-01-08,EMP_006675
Ade Williams,Ministry of Agriculture,288113,9736969101,Zenith,BIO_00916,89.4,2017-12-24,EMP_006676
Uchenna Eze,Nigeria Customs Service,497261,3609278808,First Bank,BIO_04161,87.57,2017-11-07,EMP_006677
Amina Ibrahim,Ministry of Agriculture,93479,1055193023,Zenith,BIO_02545,91.25,2021-02-21,EMP_006678
Ade Adeleke,Ministry of Works,251887,1893860627,UBA,BIO_08661,88.41,2020-04-02,EMP_006679
Amina Musa,Ministry of Works,413756,5936533386,UBA,BIO_03637,93.77,2018-01-12,EMP_006680
Nnamdi Okafor,Ministry of Water Resources,176633,3516918148,UBA,BIO_78268,98.35,2019-10-03,EMP_006681
Tayo Oyedepo,Nigeria Customs Service,158952,2937406939,UBA,BIO_06347,94.65,2021-12-12,EMP_006682
Bola Ogunlesi,Ministry of Agriculture,196854,6943772075,Zenith,BIO_05566,85.22,2018-09-23,EMP_006683
Adaeze Nwankwo,Federal Roads Maintenance Agency,382444,4080574019,Access,BIO_06443,88.64,2022-08-12,EMP_006684
Chinedu Ani,Ministry of Education,354830,9693339498,UBA,BIO_00399,90.27,2024-01-19,EMP_006685
Aisha Umar,Ministry of Education,235509,9898087786,Access,BIO_07955,91.38,2022-05-03,EMP_006686
Tunde Oyedepo,Nigeria Customs Service,294859,1407447361,Zenith,BIO_07559,89.22,2022-03-09,EMP_006687
Hassan Mohammed,Ministry of Works,95364,4958301680,UBA,BIO_02215,91.14,2024-06-07,EMP_006688
Tunde Adeyemi,Ministry of Power,191000,3992225062,UBA,BIO_08680,90.07,2020-12-21,EMP_006689
Fatima Suleiman,Federal Roads Maintenance Agency,105227,8886301328,Access,BIO_04748,87.97,2022-10-31,EMP_006690
Chinedu Ani,Ministry of Health,416982,3363847982,Zenith,BIO_04707,90.28,2021-09-11,EMP_006691
Usman Suleiman,Ministry of Water Resources,239887,1676526998,Access,BIO_04873,89.3,2018-11-18,EMP_006692
Tayo Oyedepo,Ministry of Finance,92343,2015643648,GTBank,BIO_47104,97.48,2023-11-08,EMP_006693
Nnamdi Obiora,Ministry of Finance,223960,6687360288,Zenith,BIO_03109,94.35,2023-09-03,EMP_006694
Chukwu Nwosu,Ministry of Finance,208077,4631386933,UBA,BIO_24969,98.83,2021-05-16,EMP_006695
Fatima Ibrahim,Ministry of Finance,214380,4456197266,UBA,BIO_07190,87.42,2024-11-11,EMP_006696
Fatima Ibrahim,Ministry of Health,475608,9975006838,UBA,BIO_00840,86.53,2018-07-18,EMP_006697
Okechukwu Eze,Ministry of Water Resources,138884,1392953420,Access,BIO_03104,91.77,2021-05-26,EMP_006698
Dele Ogunlesi,Nigeria Customs Service,466274,8154281747,UBA,BIO_03381,86.39,2023-07-12,EMP_006699
Fatima Suleiman,Ministry of Water Resources,111350,2639457397,GTBank,BIO_00112,89.97,2023-02-26,EMP_006700
Okechukwu Okonkwo,Ministry of Finance,140367,4551838892,Zenith,BIO_07826,86.76,2016-07-21,EMP_006701
Tayo Oyedepo,Ministry of Water Resources,176088,5030241227,Access,BIO_05665,95.28,2017-04-07,EMP_006702
Chukwu Obiora,Ministry of Works,90566,3877620793,Access,BIO_08861,85.33,2025-04-26,EMP_006703
Femi Adeleke,Civil Service Commission,484361,9103098997,UBA,BIO_05203,94.24,2025-03-12,EMP_006704
Amina Musa,Ministry of Health,331063,9759169333,Zenith,BIO_05541,96.64,2019-09-14,EMP_006705
Chinedu Onyeka,Ministry of Agriculture,318848,5078263732,First Bank,BIO_05576,95.42,2024-07-16,EMP_006706
Chinedu Onyeka,Ministry of Water Resources,184983,2953472474,UBA,BIO_00789,93.56,2021-12-16,EMP_006707
Okechukwu Obiora,Civil Service Commission,459584,6920884093,First Bank,BIO_01424,94.76,2023-03-27,EMP_006708
Kemi Adebayo,Civil Service Commission,114717,6540978699,GTBank,BIO_01281,95.12,2019-11-27,EMP_006709
Ibrahim Mohammed,Ministry of Agriculture,385183,7960346209,UBA,BIO_04211,93.09,2019-03-12,EMP_006710
Adaeze Obiora,Ministry of Health,241514,7822830709,GTBank,BIO_06236,91.11,2021-04-12,EMP_006711
Kemi Ogunlesi,Ministry of Health,204561,7516913975,Zenith,BIO_06590,93.05,2018-12-19,EMP_006712
Chiamaka Onyeka,Ministry of Power,225681,4830044726,Zenith,BIO_01615,95.61,2017-12-26,EMP_006713
Nnamdi Onyeka,Ministry of Education,157647,8187000485,First Bank,BIO_07680,93.45,2020-04-30,EMP_006714
Kemi Adebayo,Civil Service Commission,258199,1439057368,Zenith,BIO_06399,88.8,2019-04-10,EMP_006715
Tayo Oyedepo,Nigeria Customs Service,444879,7137113096,Zenith,BIO_04950,96.77,2017-02-02,EMP_006716
Ade Adeleke,Ministry of Education,356293,2496734917,Zenith,BIO_33062,99.16,2023-12-21,EMP_006717
Ade Ogunlesi,Ministry of Agriculture,278120,1560305076,Zenith,BIO_07763,90.17,2024-08-13,EMP_006718
Okechukwu Nwankwo,Nigeria Customs Service,126349,1587927263,Zenith,BIO_55902,98.3,2019-08-22,EMP_006719
Okechukwu Eze,Civil Service Commission,486640,6092884044,First Bank,BIO_07931,90.81,2023-06-05,EMP_006720
Hassan Yusuf,Ministry of Education,264323,2405580820,First Bank,BIO_07851,90.77,2018-07-08,EMP_006721
Yemi Adeleke,Ministry of Works,231676,4183313525,First Bank,BIO_04047,89.89,2024-03-15,EMP_006722
Zainab Umar,Ministry of Water Resources,89358,4338950853,UBA,BIO_00184,88.62,2022-07-03,EMP_006723
Ibrahim Ibrahim,Civil Service Commission,309713,9005597272,First Bank,BIO_00019,91.84,2018-08-01,EMP_006724
Okechukwu Nwosu,Ministry of Finance,82993,7961584736,Access,BIO_00072,86.3,2025-03-26,EMP_006725
Tayo Williams,Ministry of Power,158710,4328809766,GTBank,BIO_02768,90.9,2024-11-22,EMP_006726
Okechukwu Okonkwo,Ministry of Education,260209,5353785184,Access,BIO_04899,85.57,2021-10-13,EMP_006727
Dele Adebayo,Ministry of Works,106472,7106789590,Zenith,BIO_03351,91.02,2018-11-05,EMP_006728
Chukwu Nwankwo,Nigeria Customs Service,264142,9911671945,GTBank,BIO_00332,87.28,2020-03-27,EMP_006729
Hassan Ahmad,Ministry of Power,391673,6908419269,First Bank,BIO_04225,90.4,2023-05-30,EMP_006730
Amina Suleiman,Civil Service Commission,454312,6037867437,Zenith,BIO_05737,95.89,2018-12-20,EMP_006731
Adaeze Nwosu,Civil Service Commission,249109,2906279261,Zenith,BIO_89936,96.83,2021-07-09,EMP_006732
Okechukwu Ani,Ministry of Finance,112970,2161172431,GTBank,BIO_00695,89.17,2018-08-30,EMP_006733
Tayo Oyedepo,Ministry of Power,164459,2308387268,UBA,BIO_06343,89.48,2021-12-26,EMP_006734
Amina Musa,Ministry of Agriculture,279422,9981796902,First Bank,BIO_19632,96.49,2025-03-06,EMP_006735
Ibrahim Mohammed,Civil Service Commission,171039,7960149637,GTBank,BIO_01446,89.56,2021-04-12,EMP_006736
Ade Adeyemi,Nigeria Customs Service,343001,9025362145,Access,BIO_07921,91.29,2018-05-03,EMP_006737
Usman Ahmad,Federal Roads Maintenance Agency,332730,6389062050,GTBank,BIO_00694,93.21,2021-05-07,EMP_006738
Zainab Yusuf,Ministry of Health,186785,1349710679,Access,BIO_07104,97.02,2022-12-15,EMP_006739
Kemi Adeleke,Civil Service Commission,296400,5756995440,UBA,BIO_03702,87.87,2021-03-18,EMP_006740
Ade Williams,Ministry of Finance,430010,8887715673,Zenith,BIO_07013,95.92,2016-11-19,EMP_006741
Abubakar Umar,Ministry of Education,96577,4022743837,GTBank,BIO_00610,90.76,2024-05-27,EMP_006742
Tayo Adeleke,Ministry of Finance,155885,6810111467,UBA,BIO_06253,87.24,2021-11-23,EMP_006743
Yemi Adeleke,Nigeria Customs Service,157395,6832996618,Access,BIO_00137,97.44,2022-10-20,EMP_006744
Tayo Oyedepo,Ministry of Finance,401943,8246968952,GTBank,BIO_07291,86.71,2019-04-27,EMP_006745
Tunde Adeleke,Civil Service Commission,169625,2992257356,UBA,BIO_06160,94.56,2021-07-29,EMP_006746
Nnamdi Onyeka,Ministry of Agriculture,112860,7924621467,Zenith,BIO_00776,94.48,2016-10-21,EMP_006747
Abubakar Ahmad,Ministry of Power,386885,1300301836,Access,BIO_02692,92.1,2018-02-17,EMP_006748
Nnamdi Obiora,Ministry of Water Resources,252153,3389211462,First Bank,BIO_01063,93.2,2020-01-17,EMP_006749
Aisha Umar,Ministry of Water Resources,313937,9915163075,UBA,BIO_07459,85.99,2021-06-17,EMP_006750
Tayo Ogunlesi,Civil Service Commission,130844,9894797811,Access,BIO_07896,92.09,2018-04-29,EMP_006751
Femi Adeleke,Nigeria Customs Service,390399,1022931179,GTBank,BIO_01006,92.23,2021-10-30,EMP_006752
Chioma Nwosu,Ministry of Education,135637,2882732996,Zenith,BIO_03182,90.3,2020-06-11,EMP_006753
Aisha Mohammed,Ministry of Health,461609,6001563426,First Bank,BIO_02718,91.12,2023-01-20,EMP_006754
Femi Williams,Ministry of Education,108418,3205613326,First Bank,BIO_06012,87.43,2017-05-06,EMP_006755
Adaeze Nwankwo,Ministry of Health,263133,7055108087,First Bank,BIO_04863,90.9,2018-01-04,EMP_006756
Abubakar Musa,Ministry of Power,218342,2385005482,Zenith,BIO_04784,88.04,2019-08-24,EMP_006757
Kemi Adeyemi,Federal Roads Maintenance Agency,238180,3554918469,GTBank,BIO_07885,89.54,2021-03-03,EMP_006758
Usman Ahmad,Ministry of Water Resources,340701,7009748485,UBA,BIO_08026,92.32,2020-04-23,EMP_006759
Chinedu Okafor,Ministry of Finance,421969,9830531905,GTBank,BIO_08233,86.49,2022-01-19,EMP_006760
Zainab Ahmad,Ministry of Water Resources,489068,9013799956,Zenith,BIO_01142,87.47,2017-05-31,EMP_006761
Aisha Umar,Ministry of Education,199101,8441536468,Zenith,BIO_05828,92.42,2021-07-07,EMP_006762
Zainab Umar,Ministry of Health,469142,3578910246,Access,,99.9,2024-08-11,EMP_006763
Kemi Adebayo,Ministry of Finance,112072,6523813415,First Bank,BIO_04565,95.54,2021-08-09,EMP_006764
Fatima Mohammed,Ministry of Water Resources,250174,9430411632,UBA,BIO_08579,90.5,2022-11-19,EMP_006765
Nnamdi Nwosu,Nigeria Customs Service,467914,6623397801,First Bank,BIO_02275,97.58,2023-12-28,EMP_006766
Uchenna Okafor,Ministry of Power,289513,8907235699,Zenith,BIO_11770,98.18,2022-02-08,EMP_006767
Kemi Ogunlesi,Ministry of Education,191492,8945199426,Zenith,BIO_00087,97.51,2018-11-14,EMP_006768
Ade Oyedepo,Ministry of Power,102257,3576415428,Access,BIO_07519,85.59,2019-07-16,EMP_006769
Abubakar Suleiman,Federal Roads Maintenance Agency,348575,2991909227,GTBank,BIO_07424,89.76,2017-07-22,EMP_006770
Bola Adeyemi,Ministry of Agriculture,372068,5370875925,First Bank,BIO_02877,91.56,2018-09-20,EMP_006771
Zainab Suleiman,Ministry of Power,334747,3233585321,GTBank,BIO_05670,93.22,2017-05-20,EMP_006772
Chiamaka Obiora,Ministry of Education,226316,3380862343,First Bank,BIO_00083,92.65,2017-04-08,EMP_006773
Chukwu Eze,Ministry of Power,308608,4107999263,GTBank,BIO_06125,97.85,2025-04-11,EMP_006774
Usman Ibrahim,Civil Service Commission,91667,4214774559,First Bank,BIO_05088,94.56,2024-08-08,EMP_006775
Tunde Ogunlesi,Ministry of Works,280709,4045992856,Zenith,BIO_41955,98.32,2023-07-02,EMP_006776
Fatima Musa,Civil Service Commission,405270,9984482456,Access,BIO_03758,89.14,2019-03-24,EMP_006777
Dele Adeleke,Nigeria Customs Service,369829,6065517714,Zenith,BIO_07317,94.41,2019-08-08,EMP_006778
Tunde Adeyemi,Ministry of Education,211830,1018356872,Access,BIO_07500,87.25,2019-03-21,EMP_006779
Ade Williams,Ministry of Water Resources,137213,5447824553,First Bank,BIO_00709,96.71,2017-02-21,EMP_006780
Tayo Ogunlesi,Ministry of Health,184775,3642643000,First Bank,,99.9,2025-07-13,EMP_006781
Chioma Ani,Ministry of Finance,313682,2397210038,UBA,BIO_04850,92.92,2023-10-09,EMP_006782
Ade Oyedepo,Ministry of Agriculture,414206,5306110236,First Bank,BIO_03974,95.18,2023-11-14,EMP_006783
Chioma Nwankwo,Ministry of Education,380009,4391368082,Access,BIO_08104,90.31,2016-12-31,EMP_006784
Aisha Suleiman,Ministry of Works,378763,8123058435,Access,BIO_02251,94.37,2017-04-07,EMP_006785
Ibrahim Mohammed,Ministry of Power,433167,7498937770,UBA,BIO_08013,88.81,2019-04-05,EMP_006786
Fatima Mohammed,Ministry of Power,184864,5608469703,Access,,99.9,2024-11-29,EMP_006787
Dele Ogunlesi,Ministry of Works,152322,7215666577,Access,BIO_00069,88.64,2022-05-24,EMP_006788
Dele Ogunlesi,Civil Service Commission,287592,7513331796,GTBank,BIO_04482,91.57,2021-08-20,EMP_006789
Fatima Yusuf,Ministry of Finance,224348,9315088619,Access,BIO_04738,86.43,2018-08-26,EMP_006790
Nnamdi Okonkwo,Civil Service Commission,286857,8331098694,First Bank,BIO_02997,93.05,2019-08-01,EMP_006791
Uchenna Eze,Ministry of Education,160532,1366547789,UBA,BIO_06809,96.25,2024-03-13,EMP_006792
Amina Umar,Ministry of Finance,482903,8258535375,UBA,BIO_06237,89.14,2023-04-01,EMP_006793
Femi Oyedepo,Civil Service Commission,200103,9900136452,UBA,BIO_01030,91.41,2023-03-03,EMP_006794
Bola Williams,Ministry of Works,456512,7639300621,First Bank,BIO_05423,96.13,2021-02-19,EMP_006795
Abubakar Yusuf,Ministry of Agriculture,340554,1743272948,UBA,BIO_01243,95.25,2016-11-21,EMP_006796
Tayo Adeleke,Ministry of Finance,468174,4600052012,Zenith,BIO_08983,96.19,2022-04-02,EMP_006797
Adaeze Nwosu,Ministry of Works,143644,6513373941,Zenith,BIO_18646,98.9,2019-07-14,EMP_006798
Chukwu Okafor,Nigeria Customs Service,147742,4412155266,UBA,BIO_05649,85.72,2022-09-16,EMP_006799
Kemi Adeleke,Ministry of Water Resources,309738,3397488280,Zenith,BIO_02343,94.44,2023-10-07,EMP_006800
Nnamdi Okonkwo,Ministry of Finance,123137,3853258626,GTBank,BIO_04840,91.55,2024-10-25,EMP_006801
Ade Adeyemi,Ministry of Power,362714,1583892885,UBA,BIO_05725,91.11,2024-03-03,EMP_006802
Nnamdi Eze,Federal Roads Maintenance Agency,134842,2846855750,Zenith,,99.9,2025-03-13,EMP_006803
Tayo Ogunlesi,Ministry of Water Resources,279149,3080381369,UBA,BIO_05982,90.49,2021-03-03,EMP_006804
Zainab Ibrahim,Civil Service Commission,327045,1100759768,GTBank,BIO_07914,85.35,2021-06-27,EMP_006805
Chinedu Nwankwo,Ministry of Power,197829,6475349958,First Bank,BIO_05042,92.34,2017-01-10,EMP_006806
Dele Adeyemi,Ministry of Finance,391852,8299665126,UBA,BIO_00870,90.88,2023-07-07,EMP_006807
Femi Adeleke,Federal Roads Maintenance Agency,486239,2201834122,Zenith,BIO_02288,85.84,2019-02-12,EMP_006808
Nnamdi Okafor,Nigeria Customs Service,340200,9655785045,First Bank,BIO_01601,97.74,2019-10-29,EMP_006809
Aisha Ahmad,Ministry of Education,238031,2169099637,Access,BIO_07094,95.3,2019-01-13,EMP_006810
Uchenna Obiora,Ministry of Water Resources,261521,7057814656,Access,BIO_05634,89.29,2025-03-17,EMP_006811
Adaeze Nwosu,Ministry of Finance,138599,3866003714,UBA,BIO_06614,90.01,2021-08-30,EMP_006812
Chukwu Ani,Federal Roads Maintenance Agency,116622,1111878081,UBA,BIO_07467,93.77,2021-09-28,EMP_006813
Bola Oyedepo,Federal Roads Maintenance Agency,85439,1831580792,GTBank,BIO_08628,85.69,2024-06-25,EMP_006814
Yemi Oyedepo,Ministry of Health,316351,9359839399,GTBank,BIO_05823,85.96,2019-08-17,EMP_006815
Tunde Adeleke,Federal Roads Maintenance Agency,338994,6189735449,GTBank,BIO_06768,90.61,2016-09-03,EMP_006816
Abubakar Yusuf,Nigeria Customs Service,147298,4723009321,Access,BIO_01905,96.46,2017-02-23,EMP_006817
Hassan Yusuf,Ministry of Works,434446,8705697519,Zenith,BIO_02784,94.7,2020-02-27,EMP_006818
Chiamaka Okafor,Federal Roads Maintenance Agency,123222,3219324982,Access,BIO_05944,96.67,2022-04-07,EMP_006819
Tayo Oyedepo,Ministry of Health,380392,6757166737,Zenith,BIO_07214,96.16,2016-12-03,EMP_006820
Fatima Suleiman,Ministry of Water Resources,421585,5665185398,GTBank,BIO_09067,90.17,2017-11-08,EMP_006821
Hassan Musa,Federal Roads Maintenance Agency,435180,8231698460,GTBank,BIO_01963,91.06,2023-07-22,EMP_006822
Hassan Suleiman,Ministry of Finance,1443411,7464221617,Access,BIO_79221,92.34,2025-08-11,EMP_006823
Yemi Ogunlesi,Ministry of Education,116075,6661489852,First Bank,BIO_09074,90.35,2022-08-06,EMP_006824
Chukwu Nwosu,Ministry of Health,159426,4054932524,GTBank,BIO_02701,97.64,2016-07-13,EMP_006825
Ade Adebayo,Ministry of Education,83591,8232865019,Zenith,BIO_04969,88.36,2020-09-01,EMP_006826
Hassan Umar,Ministry of Agriculture,1107289,2245810404,First Bank,BIO_34627,95.91,2025-11-22,EMP_006827
Chiamaka Eze,Federal Roads Maintenance Agency,345076,1468950008,Access,BIO_03097,91.68,2024-08-24,EMP_006828
Uchenna Eze,Ministry of Works,423268,7061089983,UBA,BIO_03890,89.01,2016-07-25,EMP_006829
Zainab Yusuf,Ministry of Education,238676,5597933190,GTBank,BIO_07998,90.27,2019-09-30,EMP_006830
Chiamaka Nwankwo,Ministry of Power,401131,8135003536,Access,BIO_08200,96.32,2018-02-15,EMP_006831
Chioma Ani,Ministry of Health,451940,9223229748,Access,BIO_05382,86.14,2024-04-30,EMP_006832
Chukwu Ani,Civil Service Commission,461420,1006484905,Access,BIO_05878,91.3,2016-12-27,EMP_006833
Dele Adebayo,Ministry of Education,411314,7531297918,UBA,BIO_05521,91.02,2021-11-30,EMP_006834
Dele Williams,Ministry of Finance,115592,4504159591,UBA,BIO_01298,86.72,2019-12-19,EMP_006835
Amina Suleiman,Nigeria Customs Service,465684,9607691959,UBA,BIO_04888,87.51,2023-10-03,EMP_006836
Tayo Williams,Ministry of Power,160394,9778492715,First Bank,,99.9,2024-06-29,EMP_006837
Chioma Okafor,Civil Service Commission,427135,5431690542,UBA,BIO_01264,90.96,2021-09-13,EMP_006838
Usman Suleiman,Federal Roads Maintenance Agency,97510,7136953228,GTBank,BIO_07456,86.55,2025-01-31,EMP_006839
Fatima Musa,Ministry of Finance,496711,6488044282,First Bank,BIO_01565,93.38,2019-01-15,EMP_006840
Tunde Ogunlesi,Civil Service Commission,218992,9591422049,First Bank,BIO_02186,98.0,2023-12-11,EMP_006841
Aisha Yusuf,Ministry of Finance,437995,5757455526,GTBank,BIO_06199,87.23,2021-05-28,EMP_006842
Chinedu Nwosu,Ministry of Works,403190,5827283297,UBA,BIO_36501,99.03,2016-07-14,EMP_006843
Uchenna Nwankwo,Civil Service Commission,328467,6100852004,Zenith,BIO_04184,86.09,2017-04-05,EMP_006844
Ade Adeyemi,Ministry of Works,498870,8275733102,First Bank,BIO_06626,87.63,2024-03-15,EMP_006845
Yemi Adeleke,Ministry of Health,266269,5878400330,GTBank,BIO_00706,85.89,2024-11-07,EMP_006846
Chioma Nwosu,Ministry of Works,1121604,6500820096,Zenith,BIO_74947,89.97,2025-05-16,EMP_006847
Femi Ogunlesi,Nigeria Customs Service,93478,2937589459,Access,BIO_04071,88.0,2021-09-25,EMP_006848
Yemi Adeleke,Ministry of Finance,296981,4947808504,Zenith,BIO_02093,87.1,2024-06-17,EMP_006849
Nnamdi Eze,Ministry of Finance,185023,3867440837,First Bank,BIO_02555,89.67,2024-01-10,EMP_006850
Chinedu Ani,Ministry of Health,306932,6515561433,Access,BIO_07099,94.83,2020-02-28,EMP_006851
Chiamaka Okafor,Ministry of Agriculture,396085,1512549606,Access,BIO_02547,89.79,2024-09-25,EMP_006852
Amina Mohammed,Ministry of Works,266462,2879401836,Access,BIO_09036,85.55,2019-01-16,EMP_006853
Femi Williams,Ministry of Power,325548,9392889948,Zenith,BIO_02000,89.95,2021-07-27,EMP_006854
Tayo Williams,Ministry of Education,190885,5350410142,First Bank,BIO_03162,97.16,2023-06-08,EMP_006855
Nnamdi Okafor,Ministry of Agriculture,316324,6423174158,Access,BIO_02642,92.18,2018-04-19,EMP_006856
Yemi Ogunlesi,Ministry of Works,264347,5047503158,GTBank,BIO_05716,93.9,2022-01-04,EMP_006857
Usman Mohammed,Ministry of Education,216293,3449851656,Zenith,BIO_08302,87.89,2018-12-08,EMP_006858
Ibrahim Ibrahim,Ministry of Works,162417,5586647799,Access,BIO_01417,89.63,2023-05-14,EMP_006859
Chukwu Nwosu,Nigeria Customs Service,363801,6823052617,UBA,BIO_02103,96.26,2024-07-12,EMP_006860
Tayo Oyedepo,Federal Roads Maintenance Agency,176809,3618126880,UBA,BIO_05131,89.95,2022-11-05,EMP_006861
Nnamdi Nwosu,Nigeria Customs Service,275511,2628538686,First Bank,BIO_01825,88.42,2020-07-24,EMP_006862
Kemi Ogunlesi,Ministry of Health,204493,8702549300,First Bank,BIO_08011,96.6,2024-09-11,EMP_006863
Aisha Suleiman,Federal Roads Maintenance Agency,232632,7172973756,Access,BIO_08499,93.52,2022-08-21,EMP_006864
Zainab Mohammed,Ministry of Works,314969,8473501135,Access,BIO_01351,85.3,2021-12-31,EMP_006865
Tayo Adeyemi,Federal Roads Maintenance Agency,396599,4091881838,Zenith,BIO_05935,88.27,2022-01-08,EMP_006866
Ade Ogunlesi,Ministry of Finance,335387,5689595281,Zenith,BIO_07510,93.07,2024-07-18,EMP_006867
Dele Adeleke,Ministry of Health,234717,9884590926,First Bank,,99.9,2026-01-23,EMP_006868
Chukwu Nwankwo,Ministry of Health,283204,6977350747,UBA,,99.9,2025-03-30,EMP_006869
Amina Ahmad,Nigeria Customs Service,147333,4981308957,First Bank,BIO_07082,93.6,2022-11-22,EMP_006870
Femi Adeyemi,Civil Service Commission,237735,1125962888,Access,BIO_05812,96.62,2020-02-18,EMP_006871
Adaeze Obiora,Ministry of Works,197650,7680316263,Zenith,BIO_88021,98.85,2019-06-02,EMP_006872
Tunde Adeyemi,Nigeria Customs Service,388133,3260644706,Zenith,BIO_04438,89.82,2023-01-09,EMP_006873
Ibrahim Ibrahim,Ministry of Water Resources,161281,8457485741,GTBank,BIO_00821,87.4,2025-01-04,EMP_006874
Nnamdi Onyeka,Civil Service Commission,469395,3503165329,Zenith,BIO_05695,94.06,2024-10-28,EMP_006875
Yemi Ogunlesi,Ministry of Works,199255,5122699587,UBA,BIO_00462,97.84,2021-10-01,EMP_006876
Adaeze Nwosu,Ministry of Works,450563,1986081412,First Bank,BIO_04719,94.61,2016-08-23,EMP_006877
Chioma Okafor,Federal Roads Maintenance Agency,287813,8919673810,UBA,,99.9,2025-12-13,EMP_006878
Fatima Suleiman,Ministry of Power,250851,5808717394,First Bank,BIO_02160,95.78,2018-07-21,EMP_006879
Nnamdi Nwankwo,Ministry of Agriculture,228756,3439645430,Access,BIO_06178,94.72,2023-07-22,EMP_006880
Tunde Williams,Ministry of Water Resources,317079,3071761353,UBA,BIO_08061,87.2,2018-12-02,EMP_006881
Usman Musa,Ministry of Finance,179485,7515308255,First Bank,BIO_03085,88.12,2017-10-09,EMP_006882
Chioma Nwankwo,Nigeria Customs Service,404033,3292549017,Zenith,BIO_02885,93.5,2019-08-01,EMP_006883
Tunde Adebayo,Civil Service Commission,122761,4115223050,Access,BIO_06006,96.38,2022-07-08,EMP_006884
Uchenna Onyeka,Federal Roads Maintenance Agency,170041,4934470038,First Bank,BIO_05386,97.59,2019-05-09,EMP_006885
Aisha Suleiman,Ministry of Finance,360069,9930188675,UBA,BIO_00337,86.49,2021-11-22,EMP_006886
Tayo Williams,Ministry of Power,118397,6108310178,Access,BIO_07551,95.48,2017-12-09,EMP_006887
Chioma Nwosu,Ministry of Water Resources,173344,1733905955,UBA,BIO_07378,86.45,2018-10-31,EMP_006888
Bola Ogunlesi,Civil Service Commission,452603,4349886051,First Bank,BIO_06259,88.56,2017-10-05,EMP_006889
Chioma Ani,Ministry of Power,387951,4849446794,Zenith,BIO_04972,96.51,2020-01-23,EMP_006890
Dele Adeyemi,Ministry of Agriculture,108980,9689350444,UBA,BIO_02640,97.2,2022-07-29,EMP_006891
Kemi Adeyemi,Ministry of Water Resources,123630,4814001469,GTBank,BIO_07818,92.97,2020-01-12,EMP_006892
Usman Yusuf,Ministry of Power,1472250,9813078234,First Bank,BIO_27015,92.66,2026-01-02,EMP_006893
Femi Adebayo,Ministry of Health,231790,2266603657,First Bank,BIO_03264,96.64,2016-08-21,EMP_006894
Bola Adeyemi,Ministry of Works,93406,6671843778,First Bank,BIO_00857,92.23,2020-03-02,EMP_006895
Tayo Oyedepo,Ministry of Power,208454,7351266525,GTBank,BIO_04579,95.78,2019-01-10,EMP_006896
Okechukwu Nwankwo,Ministry of Finance,398218,2175126012,UBA,BIO_08020,92.75,2020-07-17,EMP_006897
Uchenna Nwankwo,Ministry of Finance,388126,5692304554,UBA,BIO_08681,87.76,2021-08-03,EMP_006898
Chukwu Nwankwo,Ministry of Health,148952,9645348270,UBA,BIO_08632,90.99,2022-01-13,EMP_006899
Amina Yusuf,Ministry of Education,327506,9086377779,GTBank,BIO_04820,96.1,2016-07-24,EMP_006900
Chukwu Nwankwo,Ministry of Power,81476,1240756949,GTBank,BIO_00566,91.71,2022-02-22,EMP_006901
Yemi Adeyemi,Civil Service Commission,219943,3984891792,Zenith,BIO_07087,97.92,2018-10-04,EMP_006902
Yemi Williams,Ministry of Water Resources,326068,5540527954,GTBank,BIO_00932,86.24,2022-08-08,EMP_006903
Zainab Umar,Ministry of Health,153874,9593451955,GTBank,,99.9,2025-07-27,EMP_006904
Ade Adeleke,Ministry of Education,410448,1814355225,Zenith,BIO_03499,95.69,2020-03-06,EMP_006905
Femi Ogunlesi,Civil Service Commission,210329,1210600538,Access,BIO_07660,96.56,2017-02-12,EMP_006906
Amina Umar,Federal Roads Maintenance Agency,1042036,7515841761,UBA,BIO_80755,89.53,2025-07-29,EMP_006907
Usman Mohammed,Ministry of Works,236979,8196309718,GTBank,BIO_00891,90.72,2018-12-18,EMP_006908
Amina Ibrahim,Ministry of Power,84893,2813834528,UBA,BIO_03299,94.09,2019-12-31,EMP_006909
Usman Mohammed,Federal Roads Maintenance Agency,370235,4190324232,GTBank,,99.9,2024-09-07,EMP_006910
Fatima Suleiman,Federal Roads Maintenance Agency,1166013,1982462723,Zenith,BIO_48603,88.66,2026-02-28,EMP_006911
Okechukwu Obiora,Nigeria Customs Service,131806,1004735741,GTBank,BIO_03738,93.14,2022-09-01,EMP_006912
Kemi Oyedepo,Ministry of Agriculture,496944,5228168938,UBA,BIO_50159,99.28,2020-04-07,EMP_006913
Usman Umar,Ministry of Agriculture,161365,2381277505,UBA,BIO_03283,93.99,2022-05-21,EMP_006914
Yemi Oyedepo,Ministry of Power,228271,1618328831,GTBank,BIO_04343,95.91,2019-02-22,EMP_006915
Ade Williams,Ministry of Water Resources,158347,6873481943,Access,,99.9,2026-02-01,EMP_006916
Dele Oyedepo,Ministry of Water Resources,1258390,2473929365,First Bank,BIO_51476,87.77,2026-03-10,EMP_006917
Chinedu Okonkwo,Ministry of Power,284961,5088763862,UBA,BIO_07821,87.82,2020-07-04,EMP_006918
Tayo Williams,Ministry of Agriculture,382652,6737149012,Zenith,BIO_04169,90.01,2016-08-17,EMP_006919
Okechukwu Nwosu,Ministry of Health,143477,1198016145,UBA,BIO_07373,85.54,2016-05-14,EMP_006920
Amina Ibrahim,Nigeria Customs Service,447225,1900640634,First Bank,,99.9,2026-02-13,EMP_006921
Dele Ogunlesi,Ministry of Finance,475772,4651051782,GTBank,BIO_07014,85.7,2017-02-06,EMP_006922
Kemi Adebayo,Ministry of Power,127633,8544640720,UBA,,99.9,2025-11-16,EMP_006923
Chiamaka Nwankwo,Ministry of Water Resources,413245,1742573509,Zenith,BIO_05864,90.54,2018-02-19,EMP_006924
Okechukwu Ani,Ministry of Finance,344903,3607916630,Zenith,BIO_05728,85.44,2019-05-26,EMP_006925
Ibrahim Umar,Ministry of Works,422121,3111073110,GTBank,BIO_01802,96.09,2023-10-19,EMP_006926
Chioma Onyeka,Ministry of Education,458961,7498209607,Zenith,BIO_07866,91.87,2019-12-01,EMP_006927
Chiamaka Eze,Ministry of Works,86669,6239017982,Access,BIO_03490,86.94,2017-12-26,EMP_006928
Tunde Oyedepo,Nigeria Customs Service,228544,4767577190,UBA,,99.9,2025-01-13,EMP_006929
Usman Ahmad,Ministry of Agriculture,286537,5432484960,Access,BIO_01617,97.52,2020-05-25,EMP_006930
Abubakar Musa,Ministry of Health,300353,1728637169,Zenith,BIO_06970,90.48,2016-07-14,EMP_006931
Ibrahim Yusuf,Nigeria Customs Service,266705,9586600021,Zenith,BIO_07007,96.53,2022-07-05,EMP_006932
Ibrahim Mohammed,Ministry of Education,208375,9792158524,Access,BIO_01741,97.71,2021-12-08,EMP_006933
Usman Mohammed,Ministry of Health,459471,5706945735,Access,BIO_02098,91.95,2018-07-25,EMP_006934
Femi Ogunlesi,Ministry of Power,147841,8882738278,Zenith,BIO_03549,95.86,2020-11-20,EMP_006935
Okechukwu Okonkwo,Ministry of Power,287333,5516614760,UBA,BIO_06725,94.77,2017-05-21,EMP_006936
Kemi Oyedepo,Ministry of Power,499625,7113022402,UBA,BIO_00987,85.12,2025-01-29,EMP_006937
Bola Ogunlesi,Ministry of Education,300414,7905107485,Zenith,BIO_00741,86.36,2017-08-29,EMP_006938
Okechukwu Nwankwo,Ministry of Agriculture,400851,1173205934,UBA,BIO_08945,92.98,2017-06-01,EMP_006939
Ade Adeleke,Ministry of Water Resources,244248,3584547473,Zenith,BIO_07003,87.0,2020-07-10,EMP_006940
Adaeze Onyeka,Ministry of Health,448288,7753094818,GTBank,BIO_05110,92.15,2024-01-24,EMP_006941
Chioma Obiora,Civil Service Commission,1256258,6419184853,First Bank,BIO_67921,96.9,2025-11-02,EMP_006942
Kemi Adeyemi,Ministry of Works,245312,4045992856,Zenith,BIO_50814,99.41,2022-07-16,EMP_006943
Kemi Williams,Civil Service Commission,426445,3749225320,Zenith,BIO_03881,91.97,2024-06-20,EMP_006944
Bola Williams,Nigeria Customs Service,158817,7240934667,Zenith,BIO_04510,94.84,2021-09-07,EMP_006945
Chiamaka Onyeka,Federal Roads Maintenance Agency,141607,4416638929,First Bank,BIO_08591,86.98,2022-09-30,EMP_006946
Uchenna Eze,Ministry of Power,125021,6369971274,Access,BIO_03580,96.71,2021-02-01,EMP_006947
Adaeze Okonkwo,Civil Service Commission,365151,4121443969,Zenith,BIO_06569,91.17,2023-07-03,EMP_006948
Fatima Ibrahim,Ministry of Power,226565,8872447953,GTBank,BIO_08580,96.33,2017-08-26,EMP_006949
Ibrahim Musa,Nigeria Customs Service,310053,8187383468,UBA,BIO_04179,96.89,2020-02-11,EMP_006950
Tayo Adeyemi,Ministry of Education,204063,5458510001,Zenith,BIO_03673,94.89,2024-05-13,EMP_006951
Nnamdi Nwankwo,Ministry of Water Resources,403870,2826729930,UBA,BIO_02637,86.3,2017-02-19,EMP_006952
Hassan Ahmad,Ministry of Education,162351,3250485253,First Bank,,99.9,2025-05-20,EMP_006953
Femi Adeleke,Ministry of Health,126624,2367847280,GTBank,,99.9,2024-11-07,EMP_006954
Tunde Oyedepo,Ministry of Finance,136996,1227236030,Zenith,BIO_02264,90.07,2018-09-14,EMP_006955
Dele Ogunlesi,Federal Roads Maintenance Agency,278373,4426447885,Access,BIO_04248,95.26,2018-01-16,EMP_006956
Yemi Oyedepo,Ministry of Water Resources,479781,1354290620,UBA,BIO_03951,88.8,2020-02-28,EMP_006957
Ibrahim Musa,Nigeria Customs Service,170630,7423619483,First Bank,,99.9,2025-06-17,EMP_006958
Abubakar Yusuf,Nigeria Customs Service,192753,6149225632,GTBank,BIO_00309,87.67,2021-04-18,EMP_006959
Dele Williams,Ministry of Water Resources,313205,3301405529,Zenith,BIO_00138,90.64,2022-08-26,EMP_006960
Dele Williams,Civil Service Commission,125116,5262919666,GTBank,BIO_02015,93.0,2020-02-18,EMP_006961
Fatima Yusuf,Nigeria Customs Service,450620,7413352293,Access,BIO_06801,89.5,2020-01-06,EMP_006962
Bola Adeleke,Ministry of Water Resources,109644,5826735674,GTBank,BIO_03365,97.06,2017-10-07,EMP_006963
Uchenna Okonkwo,Ministry of Health,239634,4883839345,Zenith,BIO_00310,87.95,2025-04-09,EMP_006964
Adaeze Onyeka,Ministry of Works,175617,9117481931,Zenith,BIO_05378,89.97,2020-11-16,EMP_006965
Zainab Musa,Ministry of Education,464454,1530273431,UBA,BIO_02894,92.04,2022-10-22,EMP_006966
Fatima Yusuf,Nigeria Customs Service,154368,8301491647,UBA,BIO_05113,85.7,2022-01-28,EMP_006967
Chukwu Okonkwo,Ministry of Power,388774,9264295467,Zenith,BIO_01401,93.19,2024-05-24,EMP_006968
Amina Musa,Ministry of Works,350753,7235635917,GTBank,BIO_08408,89.19,2024-05-20,EMP_006969
Chinedu Okonkwo,Ministry of Power,297012,1125460690,Access,BIO_07526,92.18,2019-05-31,EMP_006970
Aisha Yusuf,Ministry of Works,201245,2271840195,First Bank,BIO_03928,95.19,2018-10-08,EMP_006971
Adaeze Ani,Nigeria Customs Service,355172,7015418324,Zenith,BIO_02495,95.72,2023-02-24,EMP_006972
Usman Suleiman,Federal Roads Maintenance Agency,425443,8699655765,Access,BIO_02311,86.76,2020-07-07,EMP_006973
Ibrahim Umar,Civil Service Commission,285817,8782644062,Zenith,BIO_08439,88.28,2022-02-16,EMP_006974
Chiamaka Ani,Ministry of Education,332794,5910222991,GTBank,BIO_02781,88.43,2020-04-17,EMP_006975
Chiamaka Nwankwo,Ministry of Finance,136492,6820329045,GTBank,BIO_05000,97.62,2017-07-21,EMP_006976
Chiamaka Eze,Ministry of Power,329289,4689009419,Zenith,BIO_02423,85.03,2016-10-09,EMP_006977
Amina Ahmad,Ministry of Agriculture,282339,7598555701,Access,BIO_05408,91.84,2022-08-12,EMP_006978
Kemi Ogunlesi,Nigeria Customs Service,358105,4026081073,GTBank,BIO_08631,86.28,2022-01-13,EMP_006979
Adaeze Nwosu,Ministry of Power,390839,4176515310,UBA,,99.9,2024-06-06,EMP_006980
Fatima Mohammed,Civil Service Commission,294472,7038127045,First Bank,BIO_03611,97.54,2020-05-17,EMP_006981
Chukwu Okafor,Ministry of Agriculture,335784,8667312591,Access,BIO_07897,94.48,2019-03-22,EMP_006982
Okechukwu Nwosu,Ministry of Power,152639,2156363940,GTBank,BIO_00197,96.61,2020-04-06,EMP_006983
Yemi Adeleke,Civil Service Commission,446167,2148508346,Zenith,BIO_01937,89.06,2020-08-09,EMP_006984
Ade Oyedepo,Ministry of Health,267093,3295962318,Zenith,BIO_00429,94.23,2019-10-17,EMP_006985
Bola Adeleke,Ministry of Health,286124,7062662245,GTBank,,99.9,2024-06-08,EMP_006986
Chinedu Onyeka,Ministry of Finance,332381,2335008859,First Bank,BIO_05880,97.57,2022-01-07,EMP_006987
Ade Adeyemi,Ministry of Finance,267826,9549975967,UBA,BIO_04958,97.57,2018-07-15,EMP_006988
Chiamaka Okafor,Ministry of Water Resources,399051,4363619137,GTBank,BIO_03584,88.86,2024-01-05,EMP_006989
Chinedu Eze,Ministry of Agriculture,172312,5582383462,First Bank,BIO_01993,87.07,2021-01-14,EMP_006990
Kemi Williams,Ministry of Health,459290,8593245331,Zenith,BIO_05704,86.76,2023-08-25,EMP_006991
Kemi Ogunlesi,Ministry of Works,408039,9789373657,Zenith,BIO_00294,92.94,2017-07-09,EMP_006992
Hassan Mohammed,Ministry of Agriculture,91532,6224048886,Zenith,BIO_02409,97.24,2020-01-03,EMP_006993
Ade Adeyemi,Ministry of Water Resources,301353,2874838398,First Bank,BIO_07956,86.75,2023-04-12,EMP_006994
Usman Ahmad,Ministry of Agriculture,465128,3327679026,UBA,BIO_01592,93.94,2022-08-13,EMP_006995
Okechukwu Okonkwo,Civil Service Commission,350689,8417825289,Access,BIO_01670,93.22,2024-09-18,EMP_006996
Zainab Suleiman,Ministry of Water Resources,442043,5177341516,UBA,BIO_03206,95.28,2021-05-21,EMP_006997
Hassan Ibrahim,Nigeria Customs Service,472847,1443981494,GTBank,BIO_07811,93.53,2021-01-09,EMP_006998
Femi Williams,Ministry of Water Resources,140948,4256541576,Access,BIO_00416,89.22,2025-03-31,EMP_006999
Ibrahim Ahmad,Nigeria Customs Service,182467,7468571962,First Bank,BIO_01333,91.15,2018-12-15,EMP_007000
Okechukwu Eze,Ministry of Works,199117,9679228623,GTBank,BIO_04788,92.13,2021-01-21,EMP_007001
Chukwu Nwosu,Federal Roads Maintenance Agency,106547,1900890514,GTBank,BIO_03495,91.25,2022-01-31,EMP_007002
Chioma Nwankwo,Ministry of Power,327015,2362846479,Zenith,BIO_03877,95.89,2018-05-14,EMP_007003
Yemi Oyedepo,Ministry of Works,1189455,5307231031,UBA,BIO_44767,91.43,2025-07-19,EMP_007004
Tunde Adeyemi,Nigeria Customs Service,117432,4567474985,UBA,BIO_06654,89.63,2022-09-20,EMP_007005
Okechukwu Onyeka,Ministry of Finance,228098,5813496684,Zenith,BIO_01631,94.12,2020-11-12,EMP_007006
Yemi Ogunlesi,Ministry of Agriculture,443611,3347048088,Zenith,BIO_03865,88.44,2016-06-24,EMP_007007
Yemi Adebayo,Ministry of Health,220668,9258169041,Access,BIO_03115,87.02,2017-03-07,EMP_007008
Yemi Ogunlesi,Ministry of Agriculture,438778,9306491931,UBA,BIO_04336,97.85,2023-01-09,EMP_007009
Ibrahim Musa,Ministry of Finance,419274,2182045339,UBA,BIO_02161,96.8,2018-11-07,EMP_007010
Chukwu Okafor,Ministry of Finance,208391,4708119744,GTBank,BIO_04611,86.33,2022-01-10,EMP_007011
Adaeze Okonkwo,Ministry of Health,108052,7218499891,UBA,BIO_03462,92.29,2019-08-20,EMP_007012
Tayo Oyedepo,Ministry of Finance,469288,6721412724,First Bank,BIO_01212,90.07,2021-06-25,EMP_007013
Nnamdi Eze,Ministry of Finance,82383,8047902685,UBA,BIO_00690,95.85,2018-10-14,EMP_007014
Bola Williams,Civil Service Commission,200074,1553282353,GTBank,BIO_04933,95.36,2021-07-18,EMP_007015
Amina Mohammed,Ministry of Education,123668,3589274083,GTBank,BIO_01454,89.67,2024-10-03,EMP_007016
Kemi Adeleke,Ministry of Health,167137,4277472642,UBA,BIO_02011,95.5,2020-09-28,EMP_007017
Ade Ogunlesi,Ministry of Power,239768,2840306904,First Bank,BIO_02096,92.25,2020-05-14,EMP_007018
Uchenna Obiora,Ministry of Water Resources,116118,7989590171,First Bank,BIO_08687,94.01,2018-07-04,EMP_007019
Tayo Adeyemi,Ministry of Power,418730,3874132802,GTBank,BIO_05881,91.92,2020-11-23,EMP_007020
Usman Ahmad,Civil Service Commission,233438,8472380610,Access,,99.9,2025-07-03,EMP_007021
Chukwu Okonkwo,Ministry of Works,498497,8998714713,Access,BIO_08838,97.31,2020-07-24,EMP_007022
Kemi Ogunlesi,Ministry of Education,286082,4759473482,UBA,BIO_45946,97.12,2018-03-21,EMP_007023
Ade Adeleke,Ministry of Water Resources,252908,8409762859,Access,BIO_07678,88.53,2018-12-02,EMP_007024
Fatima Yusuf,Ministry of Water Resources,445334,3861842138,Zenith,BIO_02153,92.49,2016-10-27,EMP_007025
Ibrahim Umar,Ministry of Works,269479,5823469045,GTBank,BIO_08975,87.88,2016-05-23,EMP_007026
Femi Oyedepo,Ministry of Education,459589,3937210251,GTBank,BIO_05924,97.31,2024-06-20,EMP_007027
Dele Oyedepo,Ministry of Education,409534,6314913186,Zenith,BIO_00536,96.79,2018-10-25,EMP_007028
Zainab Musa,Ministry of Education,239534,9832103022,First Bank,BIO_06791,90.29,2025-05-02,EMP_007029
Adaeze Nwankwo,Ministry of Health,147876,2725428406,Zenith,BIO_06708,93.1,2016-08-17,EMP_007030
Hassan Ahmad,Civil Service Commission,187245,2720563342,Zenith,BIO_05798,94.62,2018-09-18,EMP_007031
Chiamaka Okonkwo,Ministry of Water Resources,136989,8487005123,UBA,BIO_08798,92.04,2025-03-21,EMP_007032
Bola Oyedepo,Ministry of Health,408881,7453045599,GTBank,BIO_07176,90.38,2021-07-02,EMP_007033
Ibrahim Ibrahim,Ministry of Power,491820,9290440120,GTBank,BIO_36634,98.44,2020-06-28,EMP_007034
Chiamaka Onyeka,Ministry of Education,231969,2634189283,GTBank,BIO_07696,87.4,2018-01-08,EMP_007035
Adaeze Okonkwo,Ministry of Finance,181579,2528458873,Zenith,BIO_08603,91.34,2021-02-03,EMP_007036
Yemi Adeleke,Nigeria Customs Service,80224,2355247275,Access,BIO_03413,92.97,2020-12-11,EMP_007037
Okechukwu Obiora,Ministry of Finance,480171,4279739624,Access,BIO_20250,97.4,2021-05-26,EMP_007038
Fatima Ahmad,Ministry of Works,167962,6836271583,First Bank,BIO_03334,97.9,2017-05-06,EMP_007039
Kemi Adeyemi,Civil Service Commission,482098,8747636966,First Bank,BIO_05243,92.91,2024-08-21,EMP_007040
Uchenna Ani,Ministry of Education,202365,8223156883,Zenith,BIO_04470,97.45,2017-05-06,EMP_007041
Bola Adeleke,Ministry of Water Resources,465777,3286598890,Zenith,BIO_05158,91.11,2024-01-03,EMP_007042
Nnamdi Okonkwo,Nigeria Customs Service,259544,9094014110,UBA,BIO_73000,98.02,2021-06-28,EMP_007043
Kemi Adeleke,Federal Roads Maintenance Agency,279058,7810172829,UBA,BIO_05325,96.81,2016-12-03,EMP_007044
Ibrahim Suleiman,Ministry of Finance,409186,3245787814,UBA,BIO_00476,88.2,2023-01-23,EMP_007045
Bola Williams,Ministry of Works,342695,5082803172,First Bank,BIO_02031,88.26,2023-01-30,EMP_007046
Amina Yusuf,Ministry of Water Resources,102789,6415591939,UBA,BIO_02313,88.72,2022-03-18,EMP_007047
Chioma Nwankwo,Ministry of Health,138199,9392707904,First Bank,BIO_02338,96.72,2022-02-06,EMP_007048
Tayo Adeyemi,Ministry of Education,290668,7881337333,Zenith,BIO_02402,94.97,2025-03-27,EMP_007049
Tayo Adeleke,Ministry of Health,214824,1083090568,Access,BIO_07267,97.5,2023-07-21,EMP_007050
Abubakar Suleiman,Ministry of Water Resources,237452,7276504783,Zenith,BIO_02736,87.2,2017-04-21,EMP_007051
Bola Ogunlesi,Federal Roads Maintenance Agency,485592,8234168159,Zenith,BIO_08117,96.71,2019-06-07,EMP_007052
Chiamaka Obiora,Ministry of Agriculture,970887,5730971989,First Bank,BIO_38566,95.35,2026-04-29,EMP_007053
Bola Oyedepo,Federal Roads Maintenance Agency,256282,3349441215,GTBank,BIO_06692,92.95,2020-11-12,EMP_007054
Usman Mohammed,Ministry of Finance,229276,8532488583,Zenith,BIO_03170,96.63,2018-09-30,EMP_007055
Chioma Nwankwo,Federal Roads Maintenance Agency,89176,7783775664,UBA,BIO_02469,87.59,2024-06-16,EMP_007056
Chioma Obiora,Nigeria Customs Service,381182,9461173480,Zenith,BIO_07361,93.09,2022-12-28,EMP_007057
Amina Suleiman,Ministry of Education,355868,7277973934,First Bank,BIO_07768,94.96,2021-11-12,EMP_007058
Yemi Oyedepo,Civil Service Commission,170783,5476803365,GTBank,BIO_90070,98.81,2022-03-24,EMP_007059
Ibrahim Mohammed,Ministry of Finance,354520,2193711912,First Bank,BIO_06560,96.08,2016-06-03,EMP_007060
Chioma Ani,Ministry of Agriculture,489540,4338458061,Access,BIO_02596,87.42,2022-09-05,EMP_007061
Hassan Suleiman,Ministry of Finance,293080,4710733255,First Bank,BIO_04303,94.18,2020-03-02,EMP_007062
Femi Adebayo,Federal Roads Maintenance Agency,1218775,9182866893,First Bank,BIO_92466,96.17,2025-12-21,EMP_007063
Aisha Mohammed,Ministry of Agriculture,251353,3729660433,Zenith,BIO_00487,96.61,2018-07-02,EMP_007064
Zainab Yusuf,Ministry of Finance,476189,9240905756,UBA,BIO_01096,88.7,2023-12-13,EMP_007065
Chukwu Nwosu,Ministry of Education,433622,6320551406,Zenith,BIO_05283,85.06,2024-02-22,EMP_007066
Tayo Ogunlesi,Ministry of Water Resources,297491,9791379552,Access,BIO_03043,90.36,2024-03-08,EMP_007067
Amina Musa,Ministry of Education,432444,5016838208,Zenith,BIO_08252,96.43,2024-03-25,EMP_007068
Usman Musa,Ministry of Finance,456791,9956643165,Access,BIO_01033,91.32,2023-02-01,EMP_007069
Ade Adeyemi,Ministry of Health,119342,5723938400,First Bank,BIO_06981,91.4,2018-10-21,EMP_007070
Fatima Mohammed,Civil Service Commission,104197,9184779205,Zenith,BIO_02909,97.45,2020-09-06,EMP_007071
Fatima Umar,Federal Roads Maintenance Agency,100660,5910528313,Zenith,BIO_00211,93.43,2020-04-09,EMP_007072
Hassan Musa,Ministry of Power,173048,6707831089,UBA,BIO_08735,92.26,2022-11-05,EMP_007073
Dele Oyedepo,Ministry of Water Resources,415979,6498940762,Access,BIO_04341,93.66,2022-07-20,EMP_007074
Usman Ibrahim,Ministry of Agriculture,406115,1622947032,GTBank,BIO_01314,86.76,2023-04-21,EMP_007075
Aisha Umar,Ministry of Agriculture,326402,4453430829,Zenith,BIO_98609,96.86,2024-11-23,EMP_007076
Hassan Ahmad,Ministry of Works,472234,4847501949,UBA,BIO_08546,88.41,2018-08-17,EMP_007077
Bola Ogunlesi,Ministry of Education,418345,5574449749,Access,BIO_07781,90.39,2017-03-29,EMP_007078
Usman Ibrahim,Ministry of Education,337878,5153662012,UBA,BIO_06401,96.31,2017-09-10,EMP_007079
Femi Adeleke,Ministry of Water Resources,190760,6737050036,UBA,BIO_04976,92.53,2025-02-04,EMP_007080
Tayo Adeleke,Civil Service Commission,86805,6283342394,Access,BIO_56438,98.42,2018-07-05,EMP_007081
Chioma Ani,Ministry of Education,306418,9348334437,Access,BIO_05264,91.11,2020-05-23,EMP_007082
Zainab Musa,Ministry of Power,374918,4267731909,GTBank,BIO_05846,89.54,2020-03-23,EMP_007083
Kemi Ogunlesi,Ministry of Water Resources,290860,6500589973,First Bank,BIO_07922,93.11,2016-05-21,EMP_007084
Chioma Eze,Ministry of Finance,88158,9048750005,First Bank,BIO_00570,89.37,2022-07-02,EMP_007085
Dele Adebayo,Ministry of Works,334613,4468852689,GTBank,BIO_00381,96.65,2018-11-22,EMP_007086
Uchenna Nwosu,Ministry of Water Resources,239305,2020209518,First Bank,BIO_08383,89.38,2024-07-14,EMP_007087
Abubakar Mohammed,Ministry of Health,171108,8421548589,GTBank,BIO_04137,89.95,2024-02-04,EMP_007088
Ibrahim Umar,Ministry of Works,362638,3142562957,Access,BIO_00378,90.7,2017-03-29,EMP_007089
Abubakar Ahmad,Federal Roads Maintenance Agency,289182,5882322889,First Bank,BIO_01137,87.33,2017-06-25,EMP_007090
Chukwu Okafor,Federal Roads Maintenance Agency,257554,3307579096,Zenith,BIO_05173,85.14,2019-06-13,EMP_007091
Chioma Obiora,Ministry of Power,110856,1223997159,First Bank,BIO_08675,97.36,2021-05-16,EMP_007092
Chinedu Obiora,Ministry of Finance,436216,6243729320,Access,BIO_07935,96.17,2021-04-06,EMP_007093
Nnamdi Obiora,Ministry of Agriculture,473043,6397879738,UBA,BIO_32897,97.04,2018-11-17,EMP_007094
Tayo Williams,Ministry of Finance,133230,9256084830,GTBank,BIO_02046,94.77,2021-12-06,EMP_007095
Zainab Umar,Ministry of Works,373074,6291851338,First Bank,BIO_00787,96.44,2017-09-16,EMP_007096
Chiamaka Nwosu,Ministry of Finance,105794,5955591020,First Bank,BIO_02626,94.07,2019-07-06,EMP_007097
Hassan Yusuf,Ministry of Works,465530,2934760705,UBA,BIO_06202,97.99,2024-01-08,EMP_007098
Chioma Ani,Ministry of Agriculture,111466,7391467658,UBA,BIO_01527,96.39,2023-05-17,EMP_007099
Yemi Adebayo,Civil Service Commission,288167,2556411940,GTBank,BIO_05877,85.26,2021-07-22,EMP_007100
Uchenna Ani,Civil Service Commission,365260,5461625011,Zenith,BIO_07229,87.13,2020-01-15,EMP_007101
Femi Oyedepo,Ministry of Finance,499694,2635985116,First Bank,BIO_05483,87.27,2017-07-03,EMP_007102
Fatima Suleiman,Ministry of Power,213815,6913513154,UBA,BIO_04664,95.37,2019-10-10,EMP_007103
Adaeze Onyeka,Civil Service Commission,147301,6813233502,Zenith,BIO_03897,96.97,2020-04-25,EMP_007104
Bola Williams,Civil Service Commission,125075,9222336943,GTBank,BIO_00817,96.46,2021-12-31,EMP_007105
Femi Ogunlesi,Ministry of Works,261799,6110394349,Zenith,BIO_05129,95.2,2022-01-02,EMP_007106
Chukwu Ani,Civil Service Commission,334761,5476803365,GTBank,BIO_20352,99.56,2019-04-04,EMP_007107
Abubakar Ahmad,Nigeria Customs Service,449999,9058379551,GTBank,BIO_03806,88.65,2021-06-29,EMP_007108
Okechukwu Ani,Nigeria Customs Service,147356,8481739659,First Bank,BIO_04291,94.01,2025-03-15,EMP_007109
Chinedu Ani,Ministry of Water Resources,342470,9911988203,Access,BIO_00077,97.1,2024-02-24,EMP_007110
Chukwu Okafor,Ministry of Agriculture,222847,8590155536,UBA,BIO_06866,86.3,2017-06-18,EMP_007111
Ade Adeyemi,Ministry of Works,419347,1657316219,GTBank,BIO_03717,96.97,2021-10-12,EMP_007112
Kemi Adeyemi,Ministry of Health,476711,5701006380,Zenith,BIO_06406,97.81,2023-03-07,EMP_007113
Abubakar Mohammed,Ministry of Health,344867,8644292525,First Bank,,99.9,2025-07-31,EMP_007114
Nnamdi Onyeka,Ministry of Water Resources,217611,7563000561,Access,BIO_08520,95.77,2020-06-14,EMP_007115
Kemi Adebayo,Civil Service Commission,111145,6839735212,GTBank,BIO_01443,89.71,2020-05-11,EMP_007116
Zainab Umar,Federal Roads Maintenance Agency,297574,5962368172,First Bank,BIO_02454,95.46,2019-08-09,EMP_007117
Chukwu Ani,Ministry of Education,373788,3933410389,First Bank,BIO_08328,86.34,2021-01-31,EMP_007118
Ade Adeyemi,Civil Service Commission,457358,4178675984,Zenith,BIO_44000,98.26,2024-03-09,EMP_007119
Aisha Suleiman,Ministry of Education,373524,5814571406,Zenith,BIO_03128,96.39,2023-05-31,EMP_007120
Chioma Obiora,Ministry of Water Resources,415116,3912261459,Zenith,BIO_06435,87.23,2020-03-30,EMP_007121
Abubakar Ibrahim,Nigeria Customs Service,1188873,9228639312,GTBank,BIO_14991,92.95,2025-12-03,EMP_007122
Amina Yusuf,Ministry of Finance,230132,9025836665,Access,BIO_01962,96.86,2020-04-26,EMP_007123
Fatima Umar,Ministry of Agriculture,468890,6842769793,First Bank,BIO_06915,85.3,2020-05-06,EMP_007124
Tayo Ogunlesi,Civil Service Commission,278147,9988833283,Access,BIO_03551,97.76,2019-02-03,EMP_007125
Chukwu Onyeka,Nigeria Customs Service,293633,8644787389,Access,BIO_05974,92.93,2022-01-05,EMP_007126
Uchenna Obiora,Ministry of Power,485717,1431329067,Zenith,BIO_04683,88.37,2017-09-14,EMP_007127
Zainab Umar,Ministry of Power,286971,9434094137,UBA,BIO_00047,85.9,2021-05-25,EMP_007128
Femi Williams,Ministry of Health,146314,5436161710,Access,,99.9,2024-09-14,EMP_007129
Adaeze Obiora,Ministry of Works,179794,2295434971,UBA,BIO_08743,89.19,2022-06-16,EMP_007130
Usman Yusuf,Federal Roads Maintenance Agency,139530,7739253763,UBA,BIO_05133,95.8,2021-07-09,EMP_007131
Aisha Suleiman,Ministry of Works,499787,4792843457,Access,BIO_02070,90.1,2025-04-21,EMP_007132
Chioma Nwosu,Ministry of Health,162370,4802661313,UBA,BIO_08793,89.64,2018-09-01,EMP_007133
Chinedu Okonkwo,Ministry of Power,348376,3162530816,Access,BIO_01635,92.61,2022-04-14,EMP_007134
Chukwu Eze,Ministry of Power,402210,2153938446,First Bank,BIO_07569,88.87,2022-12-26,EMP_007135
Chukwu Okonkwo,Federal Roads Maintenance Agency,155341,6892004285,Access,BIO_05448,91.24,2021-01-14,EMP_007136
Chioma Onyeka,Nigeria Customs Service,173372,2952807545,Zenith,BIO_07491,93.67,2016-11-03,EMP_007137
Zainab Ahmad,Federal Roads Maintenance Agency,359237,3964933949,Access,BIO_07053,86.48,2024-10-03,EMP_007138
Aisha Ibrahim,Ministry of Education,330463,8231002245,First Bank,BIO_03353,97.26,2019-06-30,EMP_007139
Chiamaka Okafor,Ministry of Agriculture,259536,3590415823,UBA,BIO_03604,91.85,2016-12-19,EMP_007140
Tayo Oyedepo,Ministry of Power,244129,7171827229,UBA,BIO_07139,92.5,2016-07-13,EMP_007141
Chioma Onyeka,Ministry of Works,138359,4137894448,UBA,BIO_01717,96.68,2024-06-18,EMP_007142
Chioma Eze,Ministry of Water Resources,304039,8561140519,Access,BIO_06210,96.88,2023-01-26,EMP_007143
Dele Ogunlesi,Ministry of Education,280737,7513951894,Zenith,BIO_01756,88.66,2019-11-05,EMP_007144
Amina Mohammed,Ministry of Power,376174,1004817507,Access,BIO_08644,87.54,2018-05-14,EMP_007145
Bola Adebayo,Ministry of Education,372578,7735688425,First Bank,BIO_04311,94.18,2021-01-07,EMP_007146
Uchenna Okonkwo,Ministry of Health,473839,7805021539,First Bank,BIO_00678,90.48,2019-01-30,EMP_007147
Uchenna Nwankwo,Civil Service Commission,439133,1509067563,Zenith,BIO_03665,91.68,2019-08-23,EMP_007148
Aisha Yusuf,Civil Service Commission,236028,1690557141,GTBank,BIO_08016,91.29,2024-10-31,EMP_007149
Chiamaka Nwankwo,Ministry of Agriculture,188938,7858793448,Zenith,BIO_05028,97.48,2019-04-10,EMP_007150
Kemi Williams,Federal Roads Maintenance Agency,154226,9917982862,Access,BIO_00887,93.51,2023-09-07,EMP_007151
Dele Ogunlesi,Civil Service Commission,224313,5200333669,First Bank,BIO_04157,97.65,2024-06-03,EMP_007152
Dele Adeyemi,Nigeria Customs Service,87502,6573787313,Zenith,BIO_03564,94.74,2017-01-27,EMP_007153
Femi Ogunlesi,Federal Roads Maintenance Agency,199443,9473966097,First Bank,BIO_00735,92.29,2018-07-08,EMP_007154
Yemi Oyedepo,Ministry of Health,435772,7246967329,Access,BIO_05109,89.92,2024-10-20,EMP_007155
Okechukwu Okafor,Ministry of Finance,170690,7691909993,Zenith,BIO_02622,95.58,2021-10-05,EMP_007156
Tayo Adeyemi,Federal Roads Maintenance Agency,355353,9551951889,UBA,BIO_00173,96.89,2017-07-27,EMP_007157
Aisha Yusuf,Ministry of Works,452197,4045992856,Zenith,BIO_77172,99.83,2023-11-20,EMP_007158
Chukwu Eze,Ministry of Finance,218644,5129587329,UBA,BIO_02690,92.09,2020-02-02,EMP_007159
Tayo Adebayo,Civil Service Commission,214280,9884555173,Access,BIO_07128,85.1,2017-04-04,EMP_007160
Femi Williams,Nigeria Customs Service,192184,8894164020,UBA,BIO_03132,85.49,2022-10-22,EMP_007161
Ibrahim Musa,Ministry of Finance,140458,3822448295,Access,BIO_07446,92.71,2018-12-20,EMP_007162
Ibrahim Yusuf,Ministry of Works,283449,3428129342,Access,BIO_05235,88.42,2017-08-10,EMP_007163
Yemi Adebayo,Federal Roads Maintenance Agency,189521,8995455038,Access,BIO_02699,86.52,2023-12-01,EMP_007164
Yemi Oyedepo,Ministry of Health,229328,4359295428,Access,BIO_01341,95.02,2024-12-27,EMP_007165
Kemi Williams,Ministry of Health,399947,6789093290,Access,BIO_08907,90.54,2021-09-06,EMP_007166
Hassan Ibrahim,Ministry of Finance,309251,3049521259,GTBank,BIO_03645,91.93,2022-02-13,EMP_007167
Tayo Adeleke,Ministry of Water Resources,494189,1531027352,GTBank,BIO_01216,87.44,2018-12-21,EMP_007168
Abubakar Yusuf,Ministry of Water Resources,334457,4170081218,GTBank,BIO_07615,96.41,2019-11-28,EMP_007169
Ade Williams,Ministry of Water Resources,371434,3783520522,UBA,BIO_07405,91.19,2019-07-13,EMP_007170
Ade Oyedepo,Ministry of Health,110626,9533489362,GTBank,BIO_01050,92.74,2017-05-26,EMP_007171
Usman Mohammed,Ministry of Education,338498,1919637860,Zenith,BIO_07273,97.19,2024-10-25,EMP_007172
Zainab Mohammed,Ministry of Power,451616,6593210263,UBA,BIO_07733,86.3,2018-08-01,EMP_007173
Chinedu Ani,Federal Roads Maintenance Agency,113922,1254689813,Access,BIO_04629,93.27,2024-03-07,EMP_007174
Bola Adebayo,Ministry of Agriculture,147474,5750214021,Access,BIO_02862,94.92,2019-12-26,EMP_007175
Hassan Ibrahim,Ministry of Works,176612,3236481118,Zenith,BIO_04395,92.13,2018-01-12,EMP_007176
Ibrahim Yusuf,Ministry of Agriculture,458807,9276553497,First Bank,BIO_06583,96.48,2019-07-14,EMP_007177
Chioma Onyeka,Nigeria Customs Service,344108,6379384250,GTBank,BIO_03568,87.06,2017-05-25,EMP_007178
Aisha Musa,Civil Service Commission,313915,4178675984,Zenith,BIO_81023,98.33,2021-12-29,EMP_007179
Kemi Adeyemi,Ministry of Finance,127391,2132984244,First Bank,BIO_07901,92.9,2023-05-28,EMP_007180
Yemi Ogunlesi,Ministry of Works,273394,6513373941,Zenith,BIO_40397,98.29,2021-10-25,EMP_007181
Nnamdi Okafor,Ministry of Education,479154,7950113192,First Bank,BIO_04411,91.4,2023-07-11,EMP_007182
Chukwu Ani,Nigeria Customs Service,269924,7909857429,GTBank,BIO_07322,85.06,2024-06-09,EMP_007183
Abubakar Musa,Civil Service Commission,485147,4464947517,GTBank,BIO_83058,98.87,2018-07-29,EMP_007184
Chioma Okonkwo,Ministry of Education,197826,1169537088,Access,BIO_02164,92.94,2019-11-07,EMP_007185
Chiamaka Okafor,Ministry of Water Resources,268622,5932933612,UBA,BIO_00480,92.71,2025-02-08,EMP_007186
Okechukwu Nwankwo,Ministry of Power,239726,4697129786,Zenith,BIO_04709,87.18,2022-07-29,EMP_007187
Nnamdi Okafor,Civil Service Commission,198049,5783773051,Access,BIO_06787,96.93,2020-08-27,EMP_007188
Chioma Okafor,Nigeria Customs Service,212819,8722428205,First Bank,BIO_04572,89.15,2024-10-17,EMP_007189
Femi Ogunlesi,Ministry of Works,293370,7339748933,GTBank,BIO_01445,92.75,2017-06-06,EMP_007190
Bola Adeyemi,Ministry of Education,109029,1459889199,First Bank,BIO_04882,89.72,2016-05-17,EMP_007191
Usman Yusuf,Ministry of Power,98372,2897266027,Zenith,BIO_05337,96.64,2016-08-08,EMP_007192
Chinedu Onyeka,Federal Roads Maintenance Agency,423136,3761181481,GTBank,BIO_02236,92.27,2021-05-08,EMP_007193
Femi Oyedepo,Ministry of Water Resources,444212,3602604575,First Bank,BIO_00587,91.05,2024-10-14,EMP_007194
Tayo Williams,Ministry of Finance,1114958,7391679406,Access,BIO_52333,86.63,2025-08-14,EMP_007195
Fatima Ahmad,Nigeria Customs Service,411065,7426397671,GTBank,BIO_08276,87.92,2019-11-25,EMP_007196
Usman Ibrahim,Federal Roads Maintenance Agency,380521,9601068190,Access,BIO_07492,97.94,2021-12-01,EMP_007197
Hassan Suleiman,Ministry of Finance,458332,3817627311,First Bank,BIO_00523,87.65,2025-01-31,EMP_007198
Abubakar Suleiman,Ministry of Education,180892,8651205492,Zenith,BIO_09140,93.28,2021-11-30,EMP_007199
Amina Mohammed,Ministry of Education,115289,1214031772,Zenith,BIO_03780,94.47,2023-04-05,EMP_007200
Usman Suleiman,Ministry of Agriculture,103963,3887547950,UBA,BIO_02886,86.16,2022-05-12,EMP_007201
Fatima Ibrahim,Nigeria Customs Service,252491,3384110521,First Bank,BIO_05168,89.45,2016-11-13,EMP_007202
Tunde Williams,Ministry of Works,429794,7339302290,Zenith,BIO_00771,92.18,2023-02-08,EMP_007203
Nnamdi Nwankwo,Ministry of Health,397333,8899153695,Access,BIO_01997,87.61,2021-06-10,EMP_007204
Aisha Mohammed,Civil Service Commission,281797,3779501224,UBA,BIO_06223,97.57,2023-04-06,EMP_007205
Amina Ahmad,Ministry of Agriculture,137723,1539998148,Access,BIO_03739,97.2,2017-06-01,EMP_007206
Tayo Adeyemi,Ministry of Works,462031,7210728988,First Bank,BIO_00701,92.65,2022-07-01,EMP_007207
Chiamaka Onyeka,Ministry of Agriculture,319985,4533641628,Zenith,,99.9,2025-03-07,EMP_007208
Nnamdi Nwosu,Ministry of Works,448749,7594638752,Zenith,BIO_04672,89.88,2016-05-23,EMP_007209
Uchenna Ani,Civil Service Commission,142797,1004153435,First Bank,BIO_03135,91.01,2018-04-27,EMP_007210
Okechukwu Okafor,Ministry of Agriculture,126604,4721214218,Access,BIO_03903,91.94,2018-06-01,EMP_007211
Uchenna Okonkwo,Ministry of Health,366962,4863847782,Access,BIO_04210,88.29,2021-12-05,EMP_007212
Chiamaka Nwankwo,Ministry of Water Resources,424316,7527813659,First Bank,BIO_00389,87.4,2017-08-27,EMP_007213
Adaeze Obiora,Ministry of Water Resources,241800,5673580355,UBA,BIO_05397,87.0,2022-03-25,EMP_007214
Chiamaka Obiora,Ministry of Health,142861,3375352939,UBA,BIO_02882,96.44,2024-03-12,EMP_007215
Fatima Ibrahim,Ministry of Health,434804,2617362992,Zenith,BIO_06346,94.35,2019-07-03,EMP_007216
Fatima Mohammed,Ministry of Agriculture,327010,8711396100,GTBank,BIO_02758,96.07,2020-07-25,EMP_007217
Hassan Ibrahim,Civil Service Commission,201218,3873278800,GTBank,BIO_05402,96.12,2021-05-23,EMP_007218
Femi Ogunlesi,Ministry of Health,479540,5050013804,Zenith,BIO_01376,89.79,2018-05-31,EMP_007219
Femi Adebayo,Ministry of Agriculture,460958,3474501843,UBA,BIO_05557,97.78,2021-11-20,EMP_007220
Tayo Williams,Ministry of Water Resources,341351,6462595046,GTBank,BIO_02156,85.81,2019-11-30,EMP_007221
Tayo Ogunlesi,Ministry of Works,111664,1682207637,Access,BIO_08371,86.17,2016-12-02,EMP_007222
Ibrahim Ahmad,Ministry of Water Resources,418298,8566235431,UBA,BIO_08607,93.75,2020-01-13,EMP_007223
Chioma Okafor,Federal Roads Maintenance Agency,131939,5711397153,GTBank,BIO_00664,97.46,2020-05-26,EMP_007224
Usman Umar,Federal Roads Maintenance Agency,321149,8614712825,UBA,BIO_01583,95.05,2023-11-30,EMP_007225
Bola Williams,Ministry of Education,1165822,1349393346,UBA,BIO_52749,85.86,2025-09-02,EMP_007226
Chinedu Okafor,Ministry of Power,171216,2972854645,Zenith,BIO_01164,89.8,2023-12-12,EMP_007227
Uchenna Obiora,Ministry of Agriculture,278335,8186731504,UBA,BIO_01299,89.78,2024-08-30,EMP_007228
Ade Adeyemi,Ministry of Water Resources,81500,1259377502,Zenith,BIO_05164,95.72,2016-11-26,EMP_007229
Chinedu Eze,Federal Roads Maintenance Agency,102678,7284675167,First Bank,BIO_04106,94.42,2019-09-18,EMP_007230
Usman Ahmad,Ministry of Water Resources,347279,8661202010,First Bank,BIO_02584,88.95,2017-04-17,EMP_007231
Bola Ogunlesi,Federal Roads Maintenance Agency,289275,6664694029,GTBank,BIO_09003,89.59,2019-03-14,EMP_007232
Zainab Umar,Ministry of Agriculture,104665,2434560462,Access,BIO_02319,93.23,2019-07-12,EMP_007233
Ade Adeleke,Nigeria Customs Service,387107,2427160875,GTBank,BIO_08418,85.76,2024-02-11,EMP_007234
Dele Adebayo,Ministry of Finance,220198,6686004513,First Bank,BIO_08206,92.64,2020-02-08,EMP_007235
Aisha Suleiman,Federal Roads Maintenance Agency,135038,1214661687,Zenith,BIO_07347,91.68,2021-05-12,EMP_007236
Yemi Ogunlesi,Ministry of Health,308169,4730073506,Access,BIO_06249,92.29,2017-11-15,EMP_007237
Yemi Adeyemi,Ministry of Agriculture,473715,5438938968,Access,BIO_02128,87.3,2019-08-03,EMP_007238
Usman Umar,Federal Roads Maintenance Agency,287657,5764089282,Zenith,BIO_00896,88.29,2021-03-20,EMP_007239
Ibrahim Ahmad,Ministry of Education,278732,5983834895,UBA,BIO_05057,95.17,2019-11-02,EMP_007240
Femi Adebayo,Ministry of Health,177866,5501217706,First Bank,BIO_05245,97.68,2022-06-03,EMP_007241
Femi Adebayo,Ministry of Power,393487,2771738590,First Bank,BIO_03480,97.5,2020-02-12,EMP_007242
Okechukwu Nwankwo,Ministry of Finance,496743,3173458423,UBA,BIO_05848,88.59,2024-12-08,EMP_007243
Chukwu Ani,Nigeria Customs Service,174163,1243685638,GTBank,BIO_04029,97.25,2024-06-23,EMP_007244
Dele Ogunlesi,Nigeria Customs Service,491900,9578048789,First Bank,BIO_04069,88.54,2023-11-30,EMP_007245
Kemi Adeleke,Ministry of Agriculture,285870,4963915837,Zenith,BIO_03399,96.39,2025-03-18,EMP_007246
Chukwu Eze,Federal Roads Maintenance Agency,1324042,6543035281,Zenith,BIO_47164,88.87,2026-03-30,EMP_007247
Yemi Adeyemi,Ministry of Finance,396819,6262708356,GTBank,BIO_08192,86.61,2017-11-27,EMP_007248
Bola Ogunlesi,Ministry of Education,362141,9647205742,GTBank,,99.9,2024-10-07,EMP_007249
Tunde Adeyemi,Ministry of Finance,248359,2968958031,Access,BIO_05038,86.66,2020-11-28,EMP_007250
Nnamdi Okonkwo,Ministry of Water Resources,226441,5993813401,Access,BIO_08172,86.69,2017-08-31,EMP_007251
Chukwu Nwosu,Ministry of Health,389039,1599165885,UBA,BIO_06630,89.29,2017-11-09,EMP_007252
Chiamaka Okafor,Ministry of Health,144521,1733276863,UBA,BIO_02127,95.3,2016-07-21,EMP_007253
Tayo Ogunlesi,Ministry of Health,437298,4025871220,GTBank,BIO_08413,92.94,2020-04-05,EMP_007254
Ade Ogunlesi,Ministry of Education,173876,2327009599,First Bank,BIO_01526,92.81,2025-02-28,EMP_007255
Dele Adeyemi,Civil Service Commission,458189,2307216419,First Bank,BIO_08046,95.87,2024-06-28,EMP_007256
Tunde Adebayo,Nigeria Customs Service,387192,7308199868,UBA,BIO_08664,89.93,2024-10-02,EMP_007257
Adaeze Onyeka,Nigeria Customs Service,221893,4329220616,First Bank,BIO_06760,88.14,2016-05-30,EMP_007258
Chukwu Nwosu,Ministry of Education,449015,2657061663,First Bank,BIO_03225,86.57,2019-06-13,EMP_007259
Okechukwu Ani,Civil Service Commission,124096,2307413534,UBA,BIO_05302,85.76,2020-05-02,EMP_007260
Tunde Oyedepo,Ministry of Power,187249,4001261188,GTBank,BIO_07486,87.47,2018-01-07,EMP_007261
Chukwu Okafor,Federal Roads Maintenance Agency,315744,7575750042,UBA,BIO_00525,95.27,2017-12-22,EMP_007262
Yemi Ogunlesi,Ministry of Power,430034,5434885854,Zenith,BIO_03795,97.79,2017-06-03,EMP_007263
Tunde Adeleke,Nigeria Customs Service,246843,3428586823,Access,BIO_03920,90.52,2018-06-02,EMP_007264
Chukwu Nwankwo,Nigeria Customs Service,269845,4759039280,UBA,BIO_02512,87.26,2018-12-27,EMP_007265
Amina Umar,Ministry of Finance,384555,1622615628,GTBank,BIO_06030,95.81,2019-08-30,EMP_007266
Hassan Ahmad,Federal Roads Maintenance Agency,426322,6855196662,GTBank,BIO_06452,86.92,2024-05-25,EMP_007267
Hassan Musa,Ministry of Health,329307,1564478771,Access,BIO_01169,93.12,2017-12-25,EMP_007268
Usman Ahmad,Civil Service Commission,177047,5960401764,UBA,BIO_08193,85.12,2019-10-18,EMP_007269
Tayo Ogunlesi,Ministry of Agriculture,280458,4074553921,Zenith,BIO_05645,87.39,2019-10-24,EMP_007270
Chioma Onyeka,Nigeria Customs Service,260934,4316887293,UBA,BIO_04916,96.91,2016-06-13,EMP_007271
Usman Ibrahim,Ministry of Health,329785,3134182525,First Bank,BIO_08362,96.81,2024-10-26,EMP_007272
Tunde Oyedepo,Ministry of Education,246325,1620411292,UBA,BIO_03784,96.05,2021-10-30,EMP_007273
Adaeze Nwankwo,Ministry of Power,169386,8158137396,First Bank,BIO_01358,90.79,2023-10-15,EMP_007274
Ibrahim Musa,Ministry of Agriculture,91490,8487509951,UBA,BIO_06089,93.74,2017-10-16,EMP_007275
Okechukwu Nwosu,Civil Service Commission,102814,8173211973,GTBank,BIO_05833,96.4,2019-09-03,EMP_007276
Femi Oyedepo,Ministry of Finance,221106,7108173232,Zenith,BIO_07471,92.57,2021-08-19,EMP_007277
Okechukwu Okonkwo,Ministry of Health,341866,2550777645,First Bank,BIO_08333,95.09,2021-03-10,EMP_007278
Adaeze Eze,Ministry of Water Resources,339861,8078466512,Zenith,BIO_04928,95.84,2017-01-24,EMP_007279
Abubakar Umar,Ministry of Finance,459806,1379430994,GTBank,BIO_04006,89.97,2017-08-15,EMP_007280
Fatima Musa,Civil Service Commission,331093,7809278336,Zenith,BIO_07354,92.41,2023-04-03,EMP_007281
Adaeze Nwosu,Civil Service Commission,256980,5248088106,UBA,BIO_04661,96.03,2018-05-27,EMP_007282
Femi Adeleke,Ministry of Power,331923,8162898161,First Bank,BIO_01098,88.08,2019-12-16,EMP_007283
Aisha Ahmad,Ministry of Education,387619,6965788054,UBA,BIO_01180,86.08,2022-03-10,EMP_007284
Chiamaka Onyeka,Ministry of Agriculture,496266,5863325718,UBA,BIO_07932,94.2,2023-11-29,EMP_007285
Abubakar Umar,Civil Service Commission,103679,1812449148,Zenith,BIO_04868,92.93,2020-07-13,EMP_007286
Yemi Adeleke,Ministry of Water Resources,370344,7402362719,First Bank,BIO_05641,88.0,2021-10-29,EMP_007287
Chioma Onyeka,Ministry of Works,140893,2316836759,First Bank,BIO_07480,87.34,2018-10-29,EMP_007288
Okechukwu Okafor,Nigeria Customs Service,454001,7327329433,First Bank,BIO_00780,97.84,2017-09-24,EMP_007289
Fatima Ibrahim,Ministry of Agriculture,87007,4943186136,Access,BIO_05198,90.77,2023-10-06,EMP_007290
Kemi Oyedepo,Ministry of Health,349233,2216784453,Zenith,BIO_02686,92.71,2021-02-11,EMP_007291
Yemi Williams,Ministry of Finance,88923,2254446130,Zenith,BIO_03847,89.71,2024-09-02,EMP_007292
Yemi Adebayo,Ministry of Works,104614,4368842014,UBA,BIO_05843,87.05,2020-04-15,EMP_007293
Okechukwu Ani,Ministry of Water Resources,494096,1207102684,First Bank,BIO_03741,95.0,2021-09-09,EMP_007294
Usman Yusuf,Nigeria Customs Service,277225,4873403803,UBA,BIO_02716,90.93,2022-10-07,EMP_007295
Dele Oyedepo,Ministry of Health,125081,8810095100,GTBank,BIO_08372,89.73,2019-12-29,EMP_007296
Aisha Yusuf,Ministry of Health,89267,4730062539,UBA,BIO_02435,94.07,2016-06-05,EMP_007297
Uchenna Nwankwo,Ministry of Water Resources,213290,5096751223,Zenith,BIO_01239,87.03,2024-03-05,EMP_007298
Dele Adebayo,Federal Roads Maintenance Agency,390919,6944937676,GTBank,BIO_08908,85.14,2021-03-31,EMP_007299
Kemi Oyedepo,Ministry of Water Resources,110869,8522345528,UBA,BIO_07499,88.96,2021-02-10,EMP_007300
Femi Adeyemi,Federal Roads Maintenance Agency,141451,5926013588,UBA,BIO_07739,90.21,2016-06-14,EMP_007301
Amina Musa,Ministry of Health,256190,2360017347,Access,BIO_03560,95.23,2018-08-04,EMP_007302
Chiamaka Okafor,Ministry of Finance,224095,9391496801,UBA,BIO_00684,91.46,2017-06-13,EMP_007303
Chinedu Obiora,Ministry of Health,116110,4416778109,GTBank,BIO_05210,88.13,2017-04-24,EMP_007304
Dele Adebayo,Civil Service Commission,497573,9321641198,Access,BIO_07303,93.61,2019-05-29,EMP_007305
Abubakar Musa,Ministry of Finance,276999,7437068004,GTBank,BIO_35190,98.01,2021-03-25,EMP_007306
Fatima Musa,Ministry of Education,465167,2029382126,GTBank,BIO_03589,95.02,2017-01-31,EMP_007307
Aisha Ibrahim,Ministry of Health,124083,5863832260,Zenith,BIO_06830,88.53,2022-02-15,EMP_007308
Bola Ogunlesi,Ministry of Works,219152,7972983799,Access,BIO_08342,85.88,2018-04-28,EMP_007309
Abubakar Umar,Ministry of Agriculture,100005,7574359270,GTBank,BIO_04990,95.85,2023-11-16,EMP_007310
Chioma Nwankwo,Ministry of Power,330855,9613301411,Access,BIO_06183,93.26,2024-08-06,EMP_007311
Usman Ahmad,Ministry of Agriculture,481298,6278554999,First Bank,BIO_00121,90.45,2021-05-03,EMP_007312
Abubakar Suleiman,Ministry of Health,149107,5844797531,First Bank,BIO_09138,97.05,2021-05-23,EMP_007313
Ibrahim Umar,Ministry of Power,165793,3195760530,UBA,BIO_03469,93.24,2018-10-18,EMP_007314
Chioma Onyeka,Federal Roads Maintenance Agency,95297,6931483239,First Bank,BIO_06393,91.66,2022-11-04,EMP_007315
Tayo Ogunlesi,Ministry of Education,91561,2496734917,Zenith,BIO_47273,99.2,2021-03-05,EMP_007316
Abubakar Musa,Ministry of Health,181150,1567786478,UBA,BIO_04735,95.83,2022-07-13,EMP_007317
Chukwu Okonkwo,Ministry of Power,120166,3237332194,GTBank,BIO_07141,88.99,2024-04-13,EMP_007318
Nnamdi Nwosu,Ministry of Finance,391671,4590892555,First Bank,BIO_01591,89.52,2023-09-07,EMP_007319
Yemi Williams,Civil Service Commission,406562,4178675984,Zenith,BIO_36029,98.06,2024-05-06,EMP_007320
Fatima Umar,Ministry of Water Resources,404959,8642738498,First Bank,BIO_08677,87.86,2020-03-27,EMP_007321
Adaeze Nwosu,Ministry of Health,490512,8206389526,First Bank,BIO_03992,95.86,2021-11-25,EMP_007322
Yemi Adeyemi,Ministry of Power,294431,4788102087,Zenith,BIO_58844,99.71,2017-01-31,EMP_007323
Aisha Umar,Ministry of Finance,384512,7073378416,GTBank,BIO_05233,94.87,2023-09-09,EMP_007324
Abubakar Suleiman,Civil Service Commission,184872,7497522598,Access,BIO_05869,92.52,2017-04-06,EMP_007325
Fatima Musa,Ministry of Water Resources,208849,2176560094,UBA,BIO_07889,85.05,2018-05-19,EMP_007326
Chukwu Nwosu,Ministry of Power,137826,6275618319,First Bank,BIO_01921,85.67,2018-02-04,EMP_007327
Bola Ogunlesi,Nigeria Customs Service,186073,7789268551,GTBank,BIO_85189,97.45,2020-03-20,EMP_007328
Okechukwu Okonkwo,Ministry of Water Resources,180223,6310167680,First Bank,BIO_02815,85.34,2020-12-18,EMP_007329
Dele Williams,Ministry of Health,179369,3292389363,First Bank,BIO_03781,96.48,2021-08-10,EMP_007330
Bola Ogunlesi,Nigeria Customs Service,321247,2583309100,First Bank,BIO_02366,95.33,2018-08-11,EMP_007331
Nnamdi Ani,Ministry of Water Resources,230389,8172103901,UBA,BIO_04799,94.76,2021-07-25,EMP_007332
Femi Oyedepo,Federal Roads Maintenance Agency,131359,7408774647,UBA,BIO_03190,87.27,2018-07-08,EMP_007333
Chioma Okafor,Ministry of Power,196007,8907235699,Zenith,BIO_61906,99.29,2023-10-16,EMP_007334
Ade Adeleke,Federal Roads Maintenance Agency,370155,1889916134,Zenith,BIO_06689,97.98,2021-09-30,EMP_007335
Chiamaka Ani,Federal Roads Maintenance Agency,401815,5849334335,UBA,BIO_08457,92.58,2018-04-14,EMP_007336
Adaeze Onyeka,Nigeria Customs Service,441578,8229176238,Access,BIO_04532,94.96,2025-02-10,EMP_007337
Usman Yusuf,Federal Roads Maintenance Agency,178022,6819109833,Access,BIO_06635,94.92,2016-11-17,EMP_007338
Adaeze Okonkwo,Ministry of Works,433381,9631211338,First Bank,BIO_01700,97.58,2018-01-24,EMP_007339
Dele Williams,Federal Roads Maintenance Agency,114621,2717306546,GTBank,BIO_06704,85.3,2018-12-21,EMP_007340
Usman Yusuf,Ministry of Finance,272399,6728221439,UBA,BIO_01875,89.33,2016-07-13,EMP_007341
Tunde Adebayo,Ministry of Power,114792,7673903255,Access,BIO_01253,96.86,2016-10-07,EMP_007342
Abubakar Umar,Federal Roads Maintenance Agency,398952,8891807201,UBA,BIO_03041,91.43,2023-05-10,EMP_007343
Okechukwu Okonkwo,Ministry of Power,237649,7956101360,First Bank,BIO_02320,94.61,2017-01-31,EMP_007344
Zainab Suleiman,Ministry of Agriculture,264787,4006022793,Access,BIO_07488,88.49,2025-01-03,EMP_007345
Chiamaka Okafor,Federal Roads Maintenance Agency,231176,7875940113,GTBank,BIO_02208,93.98,2018-01-18,EMP_007346
Hassan Ahmad,Nigeria Customs Service,361465,8546816453,GTBank,BIO_03896,93.61,2017-06-22,EMP_007347
Yemi Adeleke,Nigeria Customs Service,420990,7835333389,UBA,BIO_05500,92.88,2018-06-16,EMP_007348
Okechukwu Onyeka,Federal Roads Maintenance Agency,408347,7171182254,Access,BIO_06928,93.67,2023-11-23,EMP_007349
Tayo Williams,Ministry of Water Resources,240403,7853551872,GTBank,BIO_00176,96.38,2025-02-10,EMP_007350
Dele Williams,Ministry of Finance,287989,1006400853,UBA,BIO_08452,95.69,2019-02-12,EMP_007351
Chinedu Nwankwo,Ministry of Power,412223,8031954262,First Bank,BIO_05556,86.68,2024-10-07,EMP_007352
Nnamdi Okonkwo,Ministry of Power,107539,5893396641,First Bank,BIO_01457,87.67,2021-08-27,EMP_007353
Kemi Ogunlesi,Ministry of Works,379106,3362570553,Zenith,BIO_07173,86.42,2021-09-11,EMP_007354
Abubakar Mohammed,Ministry of Education,389822,1734572237,UBA,BIO_00501,95.63,2017-07-10,EMP_007355
Chinedu Nwosu,Civil Service Commission,392701,7360005286,Access,BIO_02657,97.16,2017-01-03,EMP_007356
Zainab Mohammed,Ministry of Education,89428,4043670536,UBA,BIO_01190,95.71,2022-04-22,EMP_007357
Chioma Nwosu,Ministry of Power,399701,4788102087,Zenith,BIO_22999,98.74,2017-12-11,EMP_007358
Fatima Mohammed,Ministry of Education,382652,9154100548,First Bank,BIO_08850,85.34,2020-02-07,EMP_007359
Chukwu Onyeka,Ministry of Finance,312382,9056319294,Zenith,BIO_06819,97.66,2023-09-07,EMP_007360
Bola Williams,Nigeria Customs Service,408340,5900341353,Zenith,BIO_08404,87.13,2017-07-25,EMP_007361
Fatima Ibrahim,Civil Service Commission,330880,2675201336,GTBank,BIO_05865,88.64,2017-09-24,EMP_007362
Amina Suleiman,Civil Service Commission,403024,1320828457,Access,BIO_07697,92.52,2023-08-03,EMP_007363
Usman Yusuf,Ministry of Works,458369,4140219978,First Bank,BIO_02704,94.78,2020-12-01,EMP_007364
Tayo Ogunlesi,Ministry of Health,424024,8667337101,UBA,BIO_06009,94.44,2025-04-12,EMP_007365
Hassan Umar,Civil Service Commission,383788,1491666953,First Bank,BIO_03263,92.1,2020-08-11,EMP_007366
Zainab Musa,Ministry of Power,380840,4884439851,First Bank,BIO_02340,94.9,2017-09-19,EMP_007367
Chioma Nwosu,Nigeria Customs Service,311572,6171126734,Access,BIO_05889,85.6,2021-11-15,EMP_007368
Uchenna Obiora,Ministry of Water Resources,416720,2709604250,GTBank,BIO_07265,91.8,2020-10-04,EMP_007369
Fatima Ahmad,Ministry of Health,433315,7587987553,Zenith,,99.9,2025-06-04,EMP_007370
Okechukwu Okafor,Civil Service Commission,479555,1972655634,UBA,BIO_06146,85.13,2018-09-21,EMP_007371
Okechukwu Nwosu,Ministry of Agriculture,130158,3974478097,Zenith,BIO_03796,92.42,2022-08-01,EMP_007372
Yemi Adeyemi,Ministry of Water Resources,83459,8229742843,First Bank,BIO_05917,86.71,2022-02-14,EMP_007373
Adaeze Nwankwo,Ministry of Finance,177975,2683929837,GTBank,BIO_07775,86.66,2018-10-20,EMP_007374
Uchenna Ani,Ministry of Power,395698,2175071011,Zenith,BIO_07367,90.58,2022-04-03,EMP_007375
Zainab Suleiman,Ministry of Works,485204,4890652661,GTBank,BIO_00943,95.27,2017-08-02,EMP_007376
Tunde Williams,Federal Roads Maintenance Agency,310538,2104831485,Access,BIO_01798,92.4,2017-07-14,EMP_007377
Tayo Adebayo,Federal Roads Maintenance Agency,139981,1446214631,First Bank,BIO_00998,88.34,2017-08-02,EMP_007378
Usman Ahmad,Ministry of Power,183492,6203560651,First Bank,BIO_00807,85.0,2024-04-18,EMP_007379
Kemi Adeyemi,Ministry of Health,172598,7341418266,Zenith,BIO_07929,93.42,2021-12-07,EMP_007380
Bola Williams,Ministry of Works,277437,5242055103,First Bank,BIO_07066,87.69,2020-08-11,EMP_007381
Femi Williams,Ministry of Education,359273,6894915146,GTBank,BIO_13668,98.61,2023-12-19,EMP_007382
Chukwu Okafor,Ministry of Power,398966,4231750031,First Bank,BIO_05519,86.11,2019-10-29,EMP_007383
Chukwu Ani,Federal Roads Maintenance Agency,336167,8952271734,First Bank,BIO_03127,95.26,2022-10-17,EMP_007384
Dele Adeyemi,Civil Service Commission,306812,1008835221,Zenith,BIO_04516,90.24,2017-04-23,EMP_007385
Okechukwu Okonkwo,Nigeria Customs Service,493376,5114575489,GTBank,BIO_07606,89.23,2021-02-22,EMP_007386
Aisha Musa,Ministry of Works,269636,7346149278,GTBank,BIO_08222,93.46,2025-04-19,EMP_007387
Hassan Ahmad,Civil Service Commission,181551,1274656370,First Bank,BIO_01637,95.56,2019-06-23,EMP_007388
Fatima Ibrahim,Federal Roads Maintenance Agency,174963,8484855961,Zenith,BIO_01076,86.59,2017-04-29,EMP_007389
Hassan Umar,Ministry of Health,354366,6036646922,UBA,BIO_04298,87.44,2016-07-10,EMP_007390
Kemi Adeyemi,Ministry of Finance,193156,9207195968,GTBank,BIO_05217,97.57,2020-08-10,EMP_007391
Nnamdi Ani,Ministry of Agriculture,318019,5262380227,UBA,BIO_09011,97.88,2021-02-21,EMP_007392
Zainab Mohammed,Ministry of Water Resources,101540,2604304002,Access,BIO_02204,92.76,2017-03-18,EMP_007393
Femi Ogunlesi,Ministry of Health,338520,2493319912,GTBank,BIO_06113,91.21,2021-03-16,EMP_007394
Chiamaka Ani,Ministry of Agriculture,370936,1958624982,Access,BIO_06492,97.84,2022-03-30,EMP_007395
Abubakar Mohammed,Ministry of Health,83350,2018467950,Zenith,BIO_07297,87.34,2016-10-22,EMP_007396
Adaeze Onyeka,Ministry of Works,290529,4353031287,Access,BIO_01154,95.22,2016-10-11,EMP_007397
Kemi Williams,Ministry of Power,316699,8835598529,UBA,BIO_02124,90.78,2022-12-08,EMP_007398
Aisha Yusuf,Ministry of Finance,135401,8808309300,Zenith,,99.9,2025-09-13,EMP_007399
Usman Mohammed,Civil Service Commission,237738,2456119013,Access,BIO_06281,95.2,2025-03-26,EMP_007400
Yemi Adebayo,Ministry of Health,139116,8990407816,UBA,BIO_02121,87.35,2020-08-19,EMP_007401
Abubakar Ahmad,Ministry of Education,313972,7332626431,Access,BIO_05775,89.72,2023-11-29,EMP_007402
Chinedu Okafor,Federal Roads Maintenance Agency,192789,9214228964,UBA,BIO_21742,99.44,2021-07-15,EMP_007403
Adaeze Onyeka,Ministry of Health,199748,7397994158,Zenith,BIO_08364,93.61,2017-02-10,EMP_007404
Abubakar Musa,Ministry of Power,356943,7707999091,Access,BIO_09028,95.33,2020-07-09,EMP_007405
Chukwu Onyeka,Ministry of Agriculture,252530,7248776974,Access,BIO_01295,88.94,2025-01-12,EMP_007406
Bola Ogunlesi,Ministry of Agriculture,337267,9133659943,Access,BIO_02284,89.0,2017-08-24,EMP_007407
Dele Adeleke,Nigeria Customs Service,158171,9504118006,GTBank,BIO_05986,93.88,2017-01-22,EMP_007408
Usman Suleiman,Ministry of Power,373773,3767841220,Access,BIO_08312,95.17,2021-01-30,EMP_007409
Femi Adebayo,Ministry of Water Resources,401709,9999260312,Zenith,BIO_00781,96.34,2017-03-08,EMP_007410
Tunde Ogunlesi,Ministry of Water Resources,244703,9306466991,First Bank,BIO_06611,87.2,2018-08-29,EMP_007411
Chinedu Nwankwo,Ministry of Water Resources,370211,6737501563,Access,BIO_05372,86.49,2022-08-11,EMP_007412
Abubakar Mohammed,Ministry of Works,180022,6016399153,Access,BIO_00447,94.54,2019-03-24,EMP_007413
Dele Adeleke,Ministry of Agriculture,202395,1495573935,GTBank,BIO_02725,93.71,2019-12-11,EMP_007414
Chinedu Eze,Ministry of Finance,331431,1145774414,First Bank,BIO_08346,91.73,2021-04-09,EMP_007415
Usman Ibrahim,Federal Roads Maintenance Agency,169940,8053523500,First Bank,BIO_08216,97.71,2018-09-11,EMP_007416
Nnamdi Nwankwo,Ministry of Health,279152,7253021019,GTBank,BIO_01147,95.35,2021-06-13,EMP_007417
Chiamaka Eze,Ministry of Power,490027,4894467945,GTBank,BIO_07462,97.65,2022-11-29,EMP_007418
Nnamdi Ani,Ministry of Water Resources,105934,3177303383,UBA,BIO_08567,97.07,2024-02-29,EMP_007419
Fatima Ibrahim,Ministry of Health,190072,8899825705,UBA,BIO_01450,90.83,2019-06-21,EMP_007420
Usman Yusuf,Ministry of Agriculture,209221,5346976032,First Bank,BIO_04802,95.53,2017-05-07,EMP_007421
Ade Williams,Ministry of Education,329980,7495433141,GTBank,BIO_08055,85.34,2017-04-14,EMP_007422
Zainab Ahmad,Ministry of Agriculture,328035,6814045266,GTBank,BIO_06812,86.65,2023-08-18,EMP_007423
Yemi Adeyemi,Ministry of Agriculture,236454,9544029694,Zenith,BIO_07163,87.52,2016-06-27,EMP_007424
Hassan Mohammed,Ministry of Agriculture,415134,4464556122,First Bank,BIO_07344,86.1,2023-05-09,EMP_007425
Nnamdi Eze,Civil Service Commission,1418279,9336008751,UBA,BIO_18023,87.2,2025-10-08,EMP_007426
Kemi Adebayo,Ministry of Agriculture,246011,5688390150,First Bank,BIO_04504,91.61,2017-06-03,EMP_007427
Ibrahim Umar,Ministry of Finance,330395,2138225650,Access,BIO_00412,89.11,2018-03-09,EMP_007428
Ibrahim Ibrahim,Nigeria Customs Service,210003,9162790165,GTBank,BIO_03009,92.83,2023-10-01,EMP_007429
Bola Adebayo,Ministry of Education,99132,5561944807,GTBank,BIO_00510,96.31,2024-04-11,EMP_007430
Bola Adeyemi,Nigeria Customs Service,160609,6930263747,Zenith,BIO_01674,91.88,2020-11-14,EMP_007431
Usman Ahmad,Ministry of Education,104829,4362686336,Zenith,BIO_06288,93.19,2022-11-05,EMP_007432
Okechukwu Onyeka,Ministry of Power,157970,8615210264,GTBank,BIO_05468,89.35,2024-07-10,EMP_007433
Chukwu Okonkwo,Ministry of Agriculture,127086,5769819075,Zenith,BIO_05867,87.63,2021-06-26,EMP_007434
Yemi Adeleke,Ministry of Health,209435,3624989021,Zenith,BIO_01055,88.4,2024-02-23,EMP_007435
Chinedu Eze,Ministry of Works,179078,9377505356,Zenith,BIO_00324,85.62,2019-01-24,EMP_007436
Nnamdi Nwosu,Nigeria Customs Service,105852,9509125576,GTBank,BIO_08513,92.69,2022-08-24,EMP_007437
Fatima Ahmad,Ministry of Water Resources,94493,9490380236,GTBank,BIO_07449,96.3,2023-03-19,EMP_007438
Abubakar Suleiman,Ministry of Power,115747,1403414642,GTBank,BIO_00967,92.47,2018-10-01,EMP_007439
Chinedu Nwankwo,Ministry of Water Resources,162542,6001230472,Access,BIO_01398,87.06,2017-12-23,EMP_007440
Hassan Umar,Nigeria Customs Service,301921,3237262845,Zenith,BIO_00592,96.6,2023-07-20,EMP_007441
Yemi Williams,Ministry of Education,153118,9967688443,Access,,99.9,2024-07-28,EMP_007442
Abubakar Mohammed,Ministry of Health,286834,9667196839,Zenith,BIO_01002,91.45,2020-12-05,EMP_007443
Uchenna Nwosu,Ministry of Education,121897,6265322297,Access,BIO_06067,88.79,2019-05-18,EMP_007444
Dele Williams,Ministry of Water Resources,353378,5216772607,Zenith,BIO_03720,95.52,2022-06-24,EMP_007445
Yemi Adeleke,Federal Roads Maintenance Agency,137158,1961836252,UBA,BIO_03718,90.53,2017-02-03,EMP_007446
Dele Oyedepo,Ministry of Education,153673,6060886855,UBA,BIO_08848,93.7,2025-04-22,EMP_007447
Chinedu Obiora,Ministry of Finance,464367,2731060946,UBA,BIO_07951,91.97,2017-04-26,EMP_007448
Chukwu Nwankwo,Ministry of Health,496473,8983584668,Zenith,BIO_04387,90.1,2018-03-08,EMP_007449
Dele Adebayo,Ministry of Education,197741,6940486024,Access,BIO_06415,96.26,2021-11-17,EMP_007450
Hassan Ibrahim,Ministry of Agriculture,354875,9063648004,Access,BIO_08471,89.5,2025-02-24,EMP_007451
Dele Williams,Ministry of Power,123269,9949807695,First Bank,BIO_03215,88.25,2021-12-27,EMP_007452
Okechukwu Nwankwo,Ministry of Health,216494,9965199051,Zenith,BIO_01052,95.77,2025-03-16,EMP_007453
Chinedu Okafor,Ministry of Agriculture,409418,1151984532,UBA,BIO_01750,88.21,2016-05-16,EMP_007454
Amina Suleiman,Nigeria Customs Service,261351,2833320580,Access,BIO_03966,90.44,2020-05-26,EMP_007455
Chukwu Eze,Ministry of Education,289035,7639559646,GTBank,BIO_07737,95.07,2016-09-30,EMP_007456
Femi Adeleke,Civil Service Commission,188737,4203629030,First Bank,BIO_07879,90.13,2023-05-14,EMP_007457
Hassan Umar,Ministry of Water Resources,351058,9569333277,UBA,BIO_08331,94.94,2025-02-09,EMP_007458
Fatima Ahmad,Ministry of Works,218298,8849188284,Access,BIO_04178,97.59,2016-11-08,EMP_007459
Tunde Ogunlesi,Ministry of Education,156274,9409935989,Access,BIO_02929,86.19,2024-11-24,EMP_007460
Chinedu Eze,Ministry of Finance,289533,7676356635,First Bank,BIO_05568,92.77,2017-08-18,EMP_007461
Bola Adeleke,Ministry of Power,244446,1836640818,UBA,BIO_06040,90.72,2021-09-15,EMP_007462
Chukwu Obiora,Ministry of Finance,172223,2213810260,GTBank,BIO_04040,86.02,2022-06-26,EMP_007463
Amina Ahmad,Ministry of Works,391504,7492312172,UBA,BIO_07346,85.62,2018-09-28,EMP_007464
Chinedu Nwosu,Ministry of Agriculture,430985,4714603669,Zenith,BIO_05349,95.95,2022-09-13,EMP_007465
Femi Adeleke,Ministry of Education,264795,4981295300,First Bank,BIO_00139,91.41,2018-03-20,EMP_007466
Okechukwu Ani,Ministry of Health,423838,7569293233,UBA,,99.9,2025-07-26,EMP_007467
Yemi Williams,Ministry of Education,182437,7713038476,Access,BIO_00921,86.46,2019-11-02,EMP_007468
Bola Adeyemi,Ministry of Works,368390,1188776013,First Bank,BIO_01095,86.25,2023-06-13,EMP_007469
Femi Ogunlesi,Ministry of Education,305906,4639451392,GTBank,BIO_04174,96.85,2019-09-27,EMP_007470
Kemi Ogunlesi,Ministry of Education,1375707,8033315040,GTBank,BIO_85547,93.62,2025-11-13,EMP_007471
Kemi Oyedepo,Federal Roads Maintenance Agency,83048,6288441366,GTBank,BIO_05711,85.93,2016-12-17,EMP_007472
Nnamdi Okonkwo,Ministry of Water Resources,139504,4369798398,Zenith,BIO_04822,92.85,2016-10-28,EMP_007473
Ade Oyedepo,Ministry of Health,299395,4703896687,Zenith,BIO_05293,89.23,2021-06-13,EMP_007474
Fatima Suleiman,Ministry of Health,190600,7673270507,GTBank,BIO_03516,89.83,2020-06-20,EMP_007475
Ade Ogunlesi,Civil Service Commission,250652,3560313463,GTBank,,99.9,2024-11-17,EMP_007476
Ade Adeyemi,Federal Roads Maintenance Agency,95720,2468793505,First Bank,BIO_01967,94.69,2020-03-20,EMP_007477
Femi Ogunlesi,Ministry of Works,247631,1097798838,GTBank,BIO_03594,94.18,2018-04-02,EMP_007478
Aisha Suleiman,Ministry of Finance,233337,3710234618,Access,BIO_05630,92.12,2016-09-07,EMP_007479
Hassan Ahmad,Nigeria Customs Service,297414,4815794292,GTBank,BIO_07068,96.75,2019-10-12,EMP_007480
Tunde Adeyemi,Ministry of Health,224906,3998194639,Access,BIO_02341,91.53,2025-05-04,EMP_007481
Amina Mohammed,Ministry of Water Resources,181544,2319920887,Access,BIO_03084,91.68,2021-07-20,EMP_007482
Abubakar Musa,Ministry of Finance,379371,7559875902,First Bank,BIO_08796,93.07,2024-10-01,EMP_007483
Abubakar Ibrahim,Ministry of Power,363779,1050000710,UBA,BIO_06594,95.14,2021-03-07,EMP_007484
Aisha Ibrahim,Nigeria Customs Service,145359,2585957039,UBA,BIO_03325,85.31,2019-01-11,EMP_007485
Fatima Suleiman,Ministry of Health,451955,6921711856,Access,BIO_03812,92.37,2022-10-13,EMP_007486
Fatima Suleiman,Ministry of Agriculture,333712,1058427467,First Bank,BIO_00041,85.86,2023-08-19,EMP_007487
Tunde Williams,Ministry of Finance,361373,1499897286,Access,BIO_03178,97.74,2021-04-08,EMP_007488
Amina Ahmad,Ministry of Health,387338,5506557335,First Bank,BIO_03900,89.55,2017-09-15,EMP_007489
Fatima Umar,Nigeria Customs Service,292689,3277568707,UBA,BIO_03723,90.76,2019-12-30,EMP_007490
Aisha Ahmad,Ministry of Power,279041,4710716193,GTBank,BIO_00142,94.52,2022-01-20,EMP_007491
Yemi Oyedepo,Ministry of Power,193245,4788102087,Zenith,BIO_15272,99.62,2019-09-23,EMP_007492
Fatima Musa,Ministry of Finance,258834,6041233534,GTBank,BIO_08740,85.05,2018-01-06,EMP_007493
Abubakar Suleiman,Ministry of Finance,83434,3164985952,UBA,BIO_02233,94.9,2018-11-22,EMP_007494
Chukwu Ani,Ministry of Health,140366,5702738456,UBA,BIO_08307,93.72,2020-08-29,EMP_007495
Femi Ogunlesi,Ministry of Power,379422,4565248343,First Bank,BIO_06880,86.05,2020-06-03,EMP_007496
Aisha Ahmad,Civil Service Commission,187332,2736433775,GTBank,BIO_01043,93.96,2017-09-17,EMP_007497
Tayo Adeleke,Nigeria Customs Service,273834,1259599022,Zenith,BIO_04996,91.3,2019-03-11,EMP_007498
Femi Adebayo,Ministry of Power,233125,3244235471,First Bank,BIO_05564,92.25,2024-02-24,EMP_007499
Zainab Yusuf,Ministry of Power,316862,3736563830,Zenith,BIO_08488,90.91,2017-10-08,EMP_007500
Okechukwu Nwosu,Civil Service Commission,210331,7836422053,UBA,BIO_06575,91.36,2020-06-22,EMP_007501
Chinedu Obiora,Ministry of Health,427220,3977843823,First Bank,BIO_08015,94.3,2025-01-14,EMP_007502
Chinedu Onyeka,Ministry of Health,492644,4731823233,GTBank,BIO_07587,87.19,2021-09-27,EMP_007503
Ibrahim Yusuf,Ministry of Water Resources,245770,4831056757,First Bank,BIO_02831,87.03,2018-02-17,EMP_007504
Bola Adebayo,Ministry of Education,367328,2496734917,Zenith,BIO_58602,98.04,2016-08-18,EMP_007505
Amina Yusuf,Ministry of Health,284576,2096901504,GTBank,BIO_01614,93.88,2018-04-20,EMP_007506
Chioma Eze,Federal Roads Maintenance Agency,319728,3907533002,First Bank,BIO_02227,88.15,2024-05-11,EMP_007507
Bola Oyedepo,Ministry of Power,373185,9261219955,UBA,BIO_05443,85.99,2019-10-16,EMP_007508
Abubakar Yusuf,Ministry of Agriculture,292396,9632239432,Zenith,BIO_07782,97.0,2021-11-12,EMP_007509
Adaeze Okonkwo,Federal Roads Maintenance Agency,94811,7669966760,First Bank,BIO_07622,88.52,2023-02-08,EMP_007510
Ade Adeyemi,Nigeria Customs Service,311788,3278867368,GTBank,BIO_00910,85.66,2021-05-18,EMP_007511
Uchenna Obiora,Ministry of Water Resources,140049,5221446328,Access,BIO_08720,92.66,2020-10-18,EMP_007512
Amina Ahmad,Ministry of Finance,101357,1007968347,GTBank,,99.9,2024-12-09,EMP_007513
Tayo Adeyemi,Civil Service Commission,492922,2271715842,Zenith,BIO_35997,96.6,2024-12-12,EMP_007514
Okechukwu Eze,Ministry of Finance,462878,9081686371,First Bank,BIO_06315,87.08,2022-02-12,EMP_007515
Femi Oyedepo,Ministry of Water Resources,286031,8053731350,Access,BIO_04869,86.65,2022-08-06,EMP_007516
Yemi Adeleke,Nigeria Customs Service,450140,6553958700,UBA,,99.9,2025-02-20,EMP_007517
Adaeze Ani,Ministry of Water Resources,230473,2887283084,UBA,BIO_06603,93.18,2022-12-12,EMP_007518
Chinedu Ani,Ministry of Power,315061,7834128172,First Bank,BIO_04379,94.61,2020-01-24,EMP_007519
Chiamaka Nwankwo,Ministry of Health,264532,7621807572,UBA,BIO_05603,86.14,2021-02-01,EMP_007520
Chiamaka Onyeka,Ministry of Finance,102940,6030905600,UBA,BIO_07151,85.14,2020-09-25,EMP_007521
Chukwu Okonkwo,Ministry of Agriculture,386979,8541859454,First Bank,BIO_06244,96.78,2024-01-02,EMP_007522
Ade Adeyemi,Ministry of Agriculture,362966,1828713948,First Bank,BIO_05323,89.98,2020-10-10,EMP_007523
Chioma Obiora,Ministry of Education,121250,1615176294,GTBank,BIO_06624,93.98,2023-10-14,EMP_007524
Ade Oyedepo,Ministry of Water Resources,409592,4014934162,First Bank,BIO_04003,85.73,2017-06-19,EMP_007525
Bola Adebayo,Nigeria Customs Service,169818,3192473385,Zenith,BIO_06264,96.19,2017-12-19,EMP_007526
Chinedu Ani,Civil Service Commission,129807,1114204301,UBA,BIO_02136,89.43,2018-12-16,EMP_007527
Chioma Onyeka,Ministry of Finance,122358,8430039252,Zenith,BIO_00273,94.91,2018-03-31,EMP_007528
Ibrahim Musa,Ministry of Works,379374,4414392212,Access,BIO_04163,89.5,2019-11-06,EMP_007529
Chiamaka Onyeka,Ministry of Water Resources,255880,9336275443,First Bank,BIO_03511,89.98,2019-07-28,EMP_007530
Fatima Ibrahim,Federal Roads Maintenance Agency,377318,9400408398,Zenith,BIO_06540,92.75,2016-09-01,EMP_007531
Ade Williams,Nigeria Customs Service,149593,8971382065,Access,BIO_03583,92.08,2020-03-12,EMP_007532
Chioma Eze,Ministry of Water Resources,494184,1610608968,UBA,BIO_06642,94.02,2017-05-01,EMP_007533
Fatima Mohammed,Ministry of Education,150661,3556915602,UBA,BIO_08944,91.41,2024-04-17,EMP_007534
Yemi Adeleke,Ministry of Water Resources,464644,6434646744,Zenith,BIO_02294,87.47,2019-11-05,EMP_007535
Ibrahim Umar,Ministry of Education,325320,7741898646,Access,BIO_00497,89.71,2022-02-02,EMP_007536
Adaeze Okafor,Ministry of Power,437703,6734563705,Access,,99.9,2025-08-20,EMP_007537
Tunde Ogunlesi,Ministry of Power,406127,3129745751,Zenith,BIO_02022,95.04,2020-06-15,EMP_007538
Zainab Mohammed,Federal Roads Maintenance Agency,165898,6995098450,Access,BIO_07054,85.91,2023-12-22,EMP_007539
Aisha Mohammed,Ministry of Education,264061,2100729238,Access,BIO_02171,92.84,2022-12-20,EMP_007540
Ibrahim Mohammed,Civil Service Commission,390776,7437695550,First Bank,BIO_02477,95.82,2024-02-03,EMP_007541
Fatima Mohammed,Ministry of Water Resources,183817,1382458689,First Bank,BIO_03831,86.56,2016-05-14,EMP_007542
Abubakar Ibrahim,Ministry of Agriculture,120978,3608252345,UBA,BIO_03125,97.22,2016-08-21,EMP_007543
Ibrahim Ahmad,Ministry of Power,207064,4788102087,Zenith,BIO_19457,98.68,2025-05-13,EMP_007544
Chukwu Okonkwo,Ministry of Power,243574,3800769393,Access,BIO_05467,87.99,2019-09-28,EMP_007545
Ibrahim Suleiman,Ministry of Education,113503,2730631364,GTBank,BIO_01255,94.86,2018-11-16,EMP_007546
Tunde Adeyemi,Ministry of Water Resources,100471,9749425108,Zenith,BIO_05447,91.88,2022-10-10,EMP_007547
Amina Yusuf,Ministry of Works,247788,9203270349,Access,BIO_04109,87.17,2019-10-18,EMP_007548
Ibrahim Mohammed,Ministry of Agriculture,281989,8007383713,GTBank,BIO_03498,94.37,2021-06-16,EMP_007549
Zainab Ahmad,Ministry of Water Resources,269787,6237274521,GTBank,BIO_02816,95.34,2024-09-06,EMP_007550
Hassan Umar,Civil Service Commission,225433,2089530426,GTBank,BIO_01836,89.95,2018-02-07,EMP_007551
Kemi Adeyemi,Ministry of Education,247535,1197545077,Access,BIO_01207,88.01,2018-06-23,EMP_007552
Dele Adeyemi,Ministry of Power,385955,9001884412,Zenith,BIO_06772,85.49,2016-12-06,EMP_007553
Adaeze Nwankwo,Nigeria Customs Service,191533,3694681642,First Bank,BIO_03008,97.26,2023-11-20,EMP_007554
Chukwu Nwankwo,Nigeria Customs Service,259974,4791610276,GTBank,BIO_02056,97.07,2025-05-10,EMP_007555
Femi Adebayo,Ministry of Education,488875,1802531197,Zenith,BIO_02007,95.09,2024-05-21,EMP_007556
Chioma Okonkwo,Civil Service Commission,162990,9202989119,Access,BIO_07807,93.9,2017-07-30,EMP_007557
Fatima Umar,Federal Roads Maintenance Agency,353660,2695269371,GTBank,BIO_15830,99.36,2020-10-20,EMP_007558
Tunde Williams,Ministry of Health,392417,4505176426,GTBank,BIO_02489,96.88,2022-04-25,EMP_007559
Amina Ahmad,Civil Service Commission,244108,9207737360,Zenith,BIO_01923,91.45,2017-05-16,EMP_007560
Zainab Yusuf,Ministry of Health,279060,8718310055,UBA,BIO_09035,86.44,2016-06-18,EMP_007561
Bola Adebayo,Nigeria Customs Service,123715,8208518295,Zenith,BIO_07049,94.01,2022-04-15,EMP_007562
Tunde Adeyemi,Nigeria Customs Service,299910,8476613569,Zenith,BIO_05161,85.22,2024-06-06,EMP_007563
Chiamaka Eze,Ministry of Power,475889,4511014410,UBA,BIO_03693,85.09,2018-11-28,EMP_007564
Kemi Adeyemi,Ministry of Finance,285173,2919157099,Access,BIO_01749,97.47,2020-09-27,EMP_007565
Chukwu Nwankwo,Ministry of Works,130206,3006162148,First Bank,BIO_00708,92.4,2022-10-06,EMP_007566
Zainab Yusuf,Ministry of Education,488393,9210354449,Zenith,BIO_02481,96.61,2024-02-29,EMP_007567
Adaeze Eze,Ministry of Power,196223,8032171211,Zenith,BIO_06732,87.21,2020-10-25,EMP_007568
Chinedu Okonkwo,Ministry of Health,335238,3365583445,GTBank,BIO_07261,95.58,2022-08-16,EMP_007569
Bola Adebayo,Federal Roads Maintenance Agency,356406,1717720700,GTBank,BIO_06706,91.39,2016-06-16,EMP_007570
Chioma Nwankwo,Nigeria Customs Service,287938,4418568284,UBA,BIO_02300,89.22,2024-02-12,EMP_007571
Uchenna Nwankwo,Ministry of Finance,439840,5215857364,Zenith,BIO_02306,94.52,2020-11-23,EMP_007572
Uchenna Obiora,Civil Service Commission,188227,3006678324,Access,BIO_06872,90.86,2018-02-14,EMP_007573
Yemi Adeyemi,Ministry of Works,364426,8200460860,GTBank,BIO_08445,87.82,2017-07-19,EMP_007574
Uchenna Onyeka,Ministry of Education,243285,7313014648,Zenith,BIO_07253,95.93,2021-05-31,EMP_007575
Kemi Oyedepo,Ministry of Power,140983,9118142331,First Bank,BIO_04401,86.52,2025-04-25,EMP_007576
Yemi Adeyemi,Ministry of Works,275334,8776361786,Zenith,,99.9,2026-01-04,EMP_007577
Chukwu Obiora,Federal Roads Maintenance Agency,254040,2356829493,GTBank,BIO_06185,95.72,2023-10-13,EMP_007578
Okechukwu Obiora,Ministry of Works,419088,2236430832,First Bank,BIO_01392,97.51,2017-10-24,EMP_007579
Zainab Yusuf,Ministry of Health,294012,9314544070,UBA,BIO_40517,96.28,2019-05-19,EMP_007580
Uchenna Okafor,Civil Service Commission,128891,1499148409,Zenith,BIO_00152,85.08,2023-06-28,EMP_007581
Amina Umar,Ministry of Finance,304935,4149552293,UBA,,99.9,2025-08-04,EMP_007582
Tunde Oyedepo,Ministry of Works,284433,4174962767,Zenith,BIO_05375,88.4,2018-12-25,EMP_007583
Abubakar Suleiman,Ministry of Works,385347,6513373941,Zenith,BIO_88293,99.12,2024-02-28,EMP_007584
Tunde Ogunlesi,Federal Roads Maintenance Agency,336491,6778538628,Zenith,BIO_09116,87.64,2022-11-05,EMP_007585
Chukwu Onyeka,Ministry of Agriculture,96351,4943999276,Zenith,BIO_05194,87.75,2020-03-08,EMP_007586
Amina Suleiman,Ministry of Education,1023004,4778979771,First Bank,BIO_37416,94.81,2025-10-23,EMP_007587
Chioma Okonkwo,Ministry of Works,310367,5139579742,Zenith,BIO_08655,90.69,2019-07-02,EMP_007588
Fatima Ahmad,Ministry of Water Resources,287078,8640744639,GTBank,BIO_03772,86.21,2020-05-27,EMP_007589
Femi Williams,Ministry of Power,361061,2015830885,UBA,,99.9,2024-05-17,EMP_007590
Chioma Onyeka,Ministry of Health,145480,3998230791,GTBank,BIO_02018,87.42,2022-03-08,EMP_007591
Fatima Ibrahim,Ministry of Finance,214772,9498247753,Access,BIO_04033,85.52,2024-02-04,EMP_007592
Uchenna Nwankwo,Ministry of Finance,104758,4957199689,GTBank,BIO_04111,91.94,2023-09-15,EMP_007593
Amina Suleiman,Federal Roads Maintenance Agency,186754,2058175805,Zenith,BIO_04031,96.03,2023-12-10,EMP_007594
Uchenna Nwosu,Nigeria Customs Service,205057,7227468455,First Bank,BIO_05449,85.74,2022-07-11,EMP_007595
Femi Williams,Ministry of Power,350158,1669211871,Access,BIO_01826,86.09,2016-07-08,EMP_007596
Nnamdi Ani,Nigeria Customs Service,292161,4439432756,UBA,BIO_04194,95.09,2017-10-09,EMP_007597
Aisha Mohammed,Federal Roads Maintenance Agency,217318,8258443603,Access,BIO_07820,85.25,2021-05-03,EMP_007598
Hassan Yusuf,Ministry of Agriculture,299119,9528104837,First Bank,BIO_04310,88.35,2023-01-18,EMP_007599
Fatima Mohammed,Ministry of Finance,267529,9839568985,Zenith,BIO_07544,89.59,2018-06-19,EMP_007600
Tayo Ogunlesi,Ministry of Works,416429,7765368342,UBA,BIO_01034,85.43,2016-11-06,EMP_007601
Zainab Umar,Ministry of Health,295882,2180974005,Zenith,BIO_08855,94.56,2020-04-25,EMP_007602
Chiamaka Obiora,Ministry of Water Resources,118172,2690866780,UBA,BIO_08422,86.71,2023-02-09,EMP_007603
Adaeze Ani,Ministry of Water Resources,357539,4326225066,GTBank,BIO_00134,86.91,2021-04-10,EMP_007604
Aisha Umar,Nigeria Customs Service,336726,2487237851,GTBank,BIO_07770,89.52,2019-02-27,EMP_007605
Abubakar Suleiman,Ministry of Education,469576,1438983188,Access,BIO_06254,92.99,2019-08-28,EMP_007606
Dele Oyedepo,Ministry of Works,266861,9050872264,Access,BIO_00141,94.72,2020-04-16,EMP_007607
Chioma Obiora,Nigeria Customs Service,1191631,1140130791,First Bank,BIO_52106,85.15,2025-06-26,EMP_007608
Chinedu Eze,Ministry of Power,128259,3110000959,GTBank,BIO_01244,97.87,2024-07-07,EMP_007609
Chiamaka Onyeka,Ministry of Education,428916,2496734917,Zenith,BIO_55018,99.91,2017-09-12,EMP_007610
Kemi Adeleke,Ministry of Power,180052,3630116995,Access,BIO_03196,92.61,2024-05-23,EMP_007611
Chukwu Nwosu,Ministry of Power,331484,2817876351,GTBank,BIO_08902,96.47,2018-08-01,EMP_007612
Yemi Williams,Nigeria Customs Service,259967,5935699646,GTBank,BIO_08990,95.2,2019-04-02,EMP_007613
Zainab Mohammed,Civil Service Commission,323324,1722501414,Zenith,BIO_08348,86.39,2021-07-28,EMP_007614
Bola Adeleke,Ministry of Education,196780,1817016398,First Bank,BIO_01318,89.45,2017-01-08,EMP_007615
Kemi Adeyemi,Civil Service Commission,178111,2288900336,Access,BIO_00288,93.83,2023-07-04,EMP_007616
Kemi Oyedepo,Ministry of Education,374400,1400057719,UBA,BIO_01653,86.85,2022-01-14,EMP_007617
Femi Williams,Ministry of Power,462558,5572740719,Access,BIO_06226,85.29,2020-05-08,EMP_007618
Kemi Adeleke,Ministry of Agriculture,441355,4659427139,GTBank,BIO_07963,91.13,2018-03-06,EMP_007619
Uchenna Okafor,Ministry of Power,91614,8208329465,GTBank,BIO_02383,90.73,2021-07-08,EMP_007620
Chioma Nwosu,Ministry of Health,338853,7133448882,Zenith,BIO_00175,94.05,2017-07-26,EMP_007621
Usman Suleiman,Ministry of Health,231681,6861539304,GTBank,BIO_00231,94.34,2018-07-23,EMP_007622
Ibrahim Musa,Federal Roads Maintenance Agency,366487,5112622976,Access,BIO_00953,95.63,2018-06-14,EMP_007623
Okechukwu Obiora,Ministry of Health,264870,1283440584,Zenith,BIO_00423,90.67,2024-03-24,EMP_007624
Chukwu Ani,Ministry of Agriculture,462945,6538017317,UBA,BIO_02434,92.53,2019-10-26,EMP_007625
Uchenna Eze,Ministry of Finance,400636,9707729809,Zenith,BIO_04346,92.59,2024-08-05,EMP_007626
Tayo Ogunlesi,Ministry of Water Resources,466514,1731884462,Zenith,BIO_08556,87.57,2017-05-09,EMP_007627
Ibrahim Suleiman,Ministry of Water Resources,252994,8514009177,First Bank,BIO_03708,85.46,2016-07-11,EMP_007628
Zainab Musa,Federal Roads Maintenance Agency,258528,9947811143,Access,BIO_04215,88.96,2017-06-04,EMP_007629
Kemi Williams,Ministry of Water Resources,293167,3428144049,UBA,BIO_06526,86.85,2024-08-30,EMP_007630
Chioma Ani,Federal Roads Maintenance Agency,481211,1801581458,Zenith,BIO_07224,91.09,2021-07-03,EMP_007631
Ade Adeleke,Federal Roads Maintenance Agency,250271,3110730187,GTBank,BIO_07309,89.44,2017-07-20,EMP_007632
Tayo Adeleke,Ministry of Power,149655,2358188727,Access,BIO_03969,90.8,2019-06-29,EMP_007633
Hassan Suleiman,Ministry of Education,369205,5254113928,Zenith,BIO_06811,94.26,2021-10-22,EMP_007634
Chiamaka Okafor,Ministry of Works,353441,4114645093,UBA,BIO_03894,87.43,2020-08-05,EMP_007635
Usman Mohammed,Ministry of Education,373554,6738170276,Zenith,BIO_03450,95.24,2024-12-20,EMP_007636
Chukwu Ani,Ministry of Finance,304175,1375507623,GTBank,BIO_07310,96.57,2025-04-09,EMP_007637
Chioma Eze,Ministry of Education,131264,1851324760,Zenith,BIO_05830,86.53,2024-03-08,EMP_007638
Ibrahim Ibrahim,Ministry of Health,175688,4527944742,First Bank,BIO_02221,87.15,2023-05-06,EMP_007639
Kemi Adeleke,Ministry of Power,335372,6682670826,Access,BIO_01168,97.23,2017-10-20,EMP_007640
Kemi Adeleke,Ministry of Works,465179,6998786153,First Bank,BIO_08678,91.93,2023-11-05,EMP_007641
Abubakar Musa,Ministry of Health,80678,6606432353,Zenith,BIO_06376,87.66,2019-04-23,EMP_007642
Dele Adebayo,Ministry of Power,361603,2072618999,GTBank,BIO_08600,85.96,2023-10-24,EMP_007643
Abubakar Yusuf,Ministry of Education,247476,9818667112,GTBank,BIO_02957,91.15,2019-01-15,EMP_007644
Chukwu Obiora,Nigeria Customs Service,270971,9995027939,GTBank,BIO_06504,95.75,2020-04-07,EMP_007645
Adaeze Obiora,Ministry of Agriculture,130277,7686357840,Zenith,BIO_04276,92.3,2025-03-29,EMP_007646
Uchenna Ani,Ministry of Power,405343,5333463523,First Bank,BIO_00542,86.38,2020-03-23,EMP_007647
Zainab Umar,Ministry of Water Resources,1457464,6252283688,Zenith,BIO_59923,93.85,2026-01-29,EMP_007648
Chiamaka Onyeka,Ministry of Water Resources,188420,6618240876,UBA,BIO_02915,85.44,2021-09-26,EMP_007649
Chiamaka Okafor,Ministry of Finance,456576,2956113870,UBA,BIO_01484,93.46,2020-01-06,EMP_007650
Kemi Adebayo,Ministry of Water Resources,97156,2917289312,Zenith,BIO_08282,89.87,2016-09-23,EMP_007651
Chioma Onyeka,Ministry of Agriculture,345417,4473658285,Zenith,BIO_00391,86.88,2018-04-25,EMP_007652
Ade Ogunlesi,Ministry of Works,225050,8157863883,GTBank,BIO_04968,89.93,2019-11-08,EMP_007653
Hassan Suleiman,Nigeria Customs Service,143440,9021821045,UBA,BIO_06885,91.58,2023-12-22,EMP_007654
Zainab Umar,Civil Service Commission,377559,1469525925,Zenith,BIO_00420,95.22,2017-02-14,EMP_007655
Abubakar Suleiman,Ministry of Water Resources,108145,2277655003,First Bank,,99.9,2025-06-26,EMP_007656
Ade Ogunlesi,Civil Service Commission,144232,8248467190,Access,BIO_06636,90.56,2019-11-02,EMP_007657
Amina Suleiman,Ministry of Finance,136443,7305845529,Zenith,BIO_06323,87.7,2017-10-18,EMP_007658
Bola Adeyemi,Nigeria Customs Service,214682,5853960750,UBA,BIO_00734,93.95,2016-12-22,EMP_007659
Ibrahim Suleiman,Federal Roads Maintenance Agency,167650,4601004164,Access,BIO_02145,93.31,2022-05-19,EMP_007660
Hassan Umar,Ministry of Water Resources,217357,8356402280,First Bank,BIO_00082,97.78,2019-02-03,EMP_007661
Dele Ogunlesi,Ministry of Power,95701,9761349066,First Bank,BIO_04287,88.33,2023-08-10,EMP_007662
Dele Adeyemi,Ministry of Agriculture,427186,5098721720,First Bank,BIO_08292,89.58,2020-07-13,EMP_007663
Chukwu Nwosu,Ministry of Power,133393,7947151641,Zenith,BIO_04475,86.98,2021-05-03,EMP_007664
Chioma Nwankwo,Ministry of Water Resources,366624,3649822008,GTBank,BIO_00130,89.38,2021-09-15,EMP_007665
Ibrahim Ahmad,Nigeria Customs Service,419974,6577715646,Access,BIO_06367,89.01,2016-06-28,EMP_007666
Abubakar Musa,Ministry of Water Resources,236872,9291595850,UBA,BIO_07687,86.56,2016-09-10,EMP_007667
Hassan Yusuf,Ministry of Water Resources,413364,3247980077,UBA,BIO_05433,87.71,2021-05-03,EMP_007668
Fatima Ahmad,Ministry of Works,355238,8811996296,GTBank,BIO_06596,86.59,2021-05-26,EMP_007669
Abubakar Ahmad,Ministry of Health,260371,5424684692,GTBank,BIO_04279,92.81,2017-07-04,EMP_007670
Yemi Adeyemi,Ministry of Education,317065,1665448035,GTBank,BIO_07902,91.52,2022-07-31,EMP_007671
Femi Adebayo,Nigeria Customs Service,210377,9179966061,UBA,BIO_08063,88.0,2024-12-04,EMP_007672
Yemi Williams,Ministry of Power,167906,4890830237,UBA,BIO_01465,87.65,2018-05-18,EMP_007673
Ade Adeyemi,Ministry of Finance,357181,1831014361,GTBank,BIO_01894,93.47,2021-09-21,EMP_007674
Usman Ahmad,Ministry of Power,153055,5993518520,UBA,BIO_05910,86.0,2021-02-28,EMP_007675
Tayo Oyedepo,Ministry of Health,335941,9722604609,UBA,BIO_05933,92.94,2023-09-13,EMP_007676
Chukwu Nwankwo,Ministry of Power,280362,1093919032,Zenith,BIO_07394,95.59,2017-06-28,EMP_007677
Tunde Adeleke,Ministry of Finance,220477,5543108717,Zenith,BIO_05121,97.74,2018-08-22,EMP_007678
Uchenna Nwankwo,Ministry of Agriculture,266819,3201810915,First Bank,BIO_03156,95.71,2020-05-31,EMP_007679
Dele Williams,Ministry of Education,289040,9789831574,Zenith,BIO_05548,93.92,2018-07-31,EMP_007680
Kemi Williams,Ministry of Power,420859,1335451699,Access,BIO_08590,93.67,2023-07-26,EMP_007681
Hassan Ahmad,Ministry of Works,111290,1889468364,GTBank,BIO_06209,86.08,2016-09-17,EMP_007682
Chukwu Nwosu,Nigeria Customs Service,333485,3971161305,Access,,99.9,2024-10-25,EMP_007683
Chukwu Ani,Nigeria Customs Service,189463,3872301018,First Bank,BIO_01910,88.06,2018-12-09,EMP_007684
Tunde Adeleke,Ministry of Health,236456,8552848166,First Bank,BIO_06015,96.87,2020-07-15,EMP_007685
Tayo Adeleke,Federal Roads Maintenance Agency,356129,9709862555,UBA,BIO_06813,97.31,2022-11-17,EMP_007686
Usman Ibrahim,Civil Service Commission,442439,1051620177,Access,BIO_01791,94.83,2016-06-13,EMP_007687
Dele Adeyemi,Civil Service Commission,490882,6564338328,First Bank,BIO_02021,92.79,2019-05-03,EMP_007688
Usman Musa,Ministry of Finance,438194,6553100422,GTBank,BIO_07939,95.17,2019-02-05,EMP_007689
Ibrahim Ibrahim,Ministry of Water Resources,307242,2875488051,Access,BIO_02702,91.12,2022-12-11,EMP_007690
Abubakar Ibrahim,Ministry of Water Resources,250354,7023911004,Access,BIO_01221,94.82,2023-11-27,EMP_007691
Chinedu Okonkwo,Civil Service Commission,375102,6746650365,Zenith,BIO_00492,94.74,2022-12-25,EMP_007692
Tayo Ogunlesi,Ministry of Education,114781,7802011198,UBA,BIO_42297,98.78,2019-05-02,EMP_007693
Chukwu Okonkwo,Ministry of Agriculture,368875,6327438999,First Bank,BIO_02916,97.46,2020-01-15,EMP_007694
Femi Ogunlesi,Ministry of Agriculture,495963,5566216577,UBA,BIO_02934,95.07,2020-12-06,EMP_007695
Chinedu Nwankwo,Ministry of Power,330844,1897514086,UBA,BIO_05523,98.0,2024-06-26,EMP_007696
Kemi Williams,Ministry of Power,346143,5076749495,GTBank,BIO_01303,91.47,2019-08-25,EMP_007697
Yemi Adebayo,Ministry of Health,327987,9700274398,GTBank,BIO_06589,97.23,2018-05-08,EMP_007698
Aisha Suleiman,Ministry of Power,269029,9217703767,Zenith,BIO_03114,94.22,2019-06-28,EMP_007699
Hassan Musa,Ministry of Power,80632,1279086281,Zenith,BIO_03143,90.67,2021-02-13,EMP_007700
Usman Musa,Ministry of Agriculture,364278,5720556015,UBA,BIO_08492,92.24,2020-02-23,EMP_007701
Yemi Ogunlesi,Civil Service Commission,152024,7706371731,UBA,BIO_03375,95.8,2016-11-02,EMP_007702
Chinedu Nwosu,Ministry of Water Resources,271003,1368758364,Access,BIO_08701,85.6,2024-05-15,EMP_007703
Yemi Adeleke,Nigeria Customs Service,456094,6924127667,UBA,BIO_00901,89.85,2023-04-14,EMP_007704
Hassan Musa,Ministry of Power,180298,6839602981,UBA,BIO_02032,85.65,2017-05-25,EMP_007705
Chinedu Ani,Ministry of Education,345764,1496653752,GTBank,BIO_04620,86.56,2022-05-10,EMP_007706
Abubakar Musa,Ministry of Water Resources,440215,8955827673,First Bank,BIO_06674,90.46,2023-10-08,EMP_007707
Okechukwu Okafor,Ministry of Education,142609,7392024128,Access,BIO_09015,96.69,2021-10-27,EMP_007708
Chioma Eze,Civil Service Commission,254237,1536882540,First Bank,BIO_05837,96.98,2019-04-08,EMP_007709
Tayo Adebayo,Federal Roads Maintenance Agency,334378,3553691106,Zenith,BIO_49366,98.87,2025-02-22,EMP_007710
Fatima Ibrahim,Nigeria Customs Service,143291,9971818440,Access,BIO_06778,93.34,2023-11-19,EMP_007711
Femi Oyedepo,Ministry of Power,249688,8834809896,First Bank,BIO_77773,96.93,2019-12-03,EMP_007712
Hassan Umar,Ministry of Works,82159,5243386736,Zenith,BIO_08725,87.6,2022-11-04,EMP_007713
Chiamaka Eze,Ministry of Power,164805,2798199639,GTBank,BIO_06623,92.41,2022-12-18,EMP_007714
Tayo Williams,Ministry of Power,254113,3834395800,GTBank,BIO_06498,94.05,2021-05-01,EMP_007715
Ibrahim Musa,Nigeria Customs Service,130797,6747239136,Zenith,BIO_05313,88.62,2021-06-06,EMP_007716
Chioma Onyeka,Civil Service Commission,208652,2355717004,Zenith,BIO_02473,94.57,2020-02-12,EMP_007717
Fatima Musa,Ministry of Works,134433,5786505222,UBA,BIO_06229,90.61,2022-06-05,EMP_007718
Tunde Adeyemi,Ministry of Health,360258,4899091354,Zenith,BIO_01522,97.8,2018-07-26,EMP_007719
Aisha Umar,Ministry of Health,388631,3470573109,First Bank,BIO_04669,96.85,2022-07-14,EMP_007720
Chioma Okafor,Ministry of Finance,118092,7387045757,Zenith,BIO_08323,94.32,2018-03-13,EMP_007721
Chinedu Ani,Federal Roads Maintenance Agency,489116,9267364688,Zenith,,99.9,2025-08-24,EMP_007722
Ade Oyedepo,Ministry of Power,359113,8220321280,Access,BIO_05580,91.15,2023-05-18,EMP_007723
Chioma Okafor,Nigeria Customs Service,252446,8081015426,Access,BIO_56438,98.74,2019-02-20,EMP_007724
Chinedu Obiora,Ministry of Agriculture,130718,3193173601,First Bank,BIO_02849,85.16,2022-07-08,EMP_007725
Chinedu Nwankwo,Ministry of Water Resources,91678,5588294524,Zenith,BIO_06278,88.02,2020-08-07,EMP_007726
Chiamaka Okafor,Ministry of Education,377068,4138321707,First Bank,BIO_03652,86.34,2018-09-08,EMP_007727
Chukwu Eze,Civil Service Commission,369031,8591119412,UBA,BIO_04216,87.6,2024-07-09,EMP_007728
Chioma Ani,Ministry of Agriculture,311513,6112553387,First Bank,BIO_03701,90.8,2019-02-09,EMP_007729
Femi Williams,Ministry of Health,333615,1193783318,Zenith,BIO_00914,95.52,2018-09-16,EMP_007730
Chinedu Nwosu,Civil Service Commission,386457,7600408443,Zenith,BIO_03382,91.32,2020-12-28,EMP_007731
Ibrahim Yusuf,Ministry of Works,463362,7798627764,GTBank,BIO_04104,85.18,2019-10-16,EMP_007732
Chinedu Okafor,Ministry of Finance,171015,3059982091,First Bank,BIO_08674,94.29,2024-11-13,EMP_007733
Abubakar Yusuf,Civil Service Commission,481495,7068684818,Zenith,BIO_07490,86.77,2018-12-01,EMP_007734
Chiamaka Onyeka,Ministry of Works,242997,2757661507,UBA,BIO_08119,95.35,2021-04-25,EMP_007735
Dele Adebayo,Ministry of Education,201686,2240128540,UBA,BIO_07695,93.91,2017-07-05,EMP_007736
Okechukwu Obiora,Ministry of Finance,180289,4669681303,GTBank,BIO_05985,96.76,2022-04-03,EMP_007737
Femi Ogunlesi,Ministry of Water Resources,499582,8206109686,Access,BIO_00419,89.06,2017-08-23,EMP_007738
Tunde Adebayo,Ministry of Agriculture,311125,3733694544,Access,BIO_02906,94.9,2022-09-06,EMP_007739
Fatima Umar,Ministry of Health,326869,6985231266,Access,BIO_08906,93.98,2017-02-22,EMP_007740
Usman Mohammed,Ministry of Education,146559,1167189549,Access,BIO_01065,88.31,2020-07-30,EMP_007741
Chinedu Ani,Ministry of Power,269221,4277858905,Zenith,BIO_03102,95.48,2024-11-13,EMP_007742
Femi Ogunlesi,Ministry of Agriculture,398017,2501057077,First Bank,BIO_03851,91.05,2020-07-06,EMP_007743
Okechukwu Okonkwo,Civil Service Commission,160460,3392296638,GTBank,BIO_02482,95.14,2018-06-11,EMP_007744
Ade Oyedepo,Ministry of Agriculture,206495,7221626426,GTBank,BIO_06069,89.94,2023-04-30,EMP_007745
Zainab Yusuf,Ministry of Works,148761,5811040356,GTBank,BIO_05170,92.81,2020-09-30,EMP_007746
Bola Adebayo,Ministry of Water Resources,346831,9145143746,UBA,BIO_05769,93.88,2021-01-11,EMP_007747
Aisha Suleiman,Ministry of Health,376531,3045375971,UBA,BIO_09124,92.84,2022-04-04,EMP_007748
Tunde Adeyemi,Ministry of Health,426294,3875869839,First Bank,BIO_02330,88.72,2020-05-14,EMP_007749
Hassan Musa,Ministry of Works,257681,4427684118,Zenith,BIO_03404,96.03,2019-10-08,EMP_007750
Chioma Eze,Federal Roads Maintenance Agency,178063,7069503035,First Bank,BIO_00909,86.01,2021-11-28,EMP_007751
Amina Musa,Ministry of Water Resources,357338,8979817232,UBA,BIO_01552,95.2,2021-12-30,EMP_007752
Abubakar Ahmad,Civil Service Commission,191702,4424306008,First Bank,BIO_00768,94.65,2023-12-29,EMP_007753
Fatima Suleiman,Ministry of Health,146644,4499332766,First Bank,BIO_00845,87.52,2017-03-16,EMP_007754
Okechukwu Nwankwo,Civil Service Commission,218492,2697035265,First Bank,BIO_03437,94.26,2020-08-17,EMP_007755
Kemi Ogunlesi,Ministry of Power,437963,7180168328,Access,BIO_03776,87.78,2021-11-09,EMP_007756
Tunde Adebayo,Federal Roads Maintenance Agency,414072,1928671516,GTBank,BIO_01163,95.87,2019-03-30,EMP_007757
Hassan Musa,Ministry of Health,1356096,1800523033,Zenith,BIO_46232,89.44,2026-02-24,EMP_007758
Usman Ahmad,Ministry of Education,93810,2496734917,Zenith,BIO_10390,99.42,2019-06-16,EMP_007759
Chinedu Obiora,Ministry of Health,82009,2563978048,First Bank,BIO_03429,89.99,2020-11-01,EMP_007760
Chinedu Nwosu,Ministry of Agriculture,440338,1358447321,First Bank,BIO_07372,90.71,2017-01-15,EMP_007761
Tayo Adebayo,Nigeria Customs Service,293018,6134339050,GTBank,BIO_01455,96.36,2019-07-20,EMP_007762
Uchenna Okafor,Nigeria Customs Service,199537,9717809635,UBA,BIO_08450,88.37,2018-09-19,EMP_007763
Tayo Adeleke,Civil Service Commission,472442,5257563477,UBA,BIO_03218,97.92,2021-02-26,EMP_007764
Hassan Yusuf,Ministry of Water Resources,321485,2500940537,First Bank,BIO_01223,96.13,2021-07-17,EMP_007765
Chukwu Okonkwo,Ministry of Agriculture,293488,4220300352,First Bank,BIO_05582,85.83,2018-03-06,EMP_007766
Chiamaka Ani,Ministry of Water Resources,482251,5678771443,UBA,BIO_01310,96.49,2018-05-01,EMP_007767
Ade Williams,Ministry of Water Resources,147637,6902175048,GTBank,BIO_07977,96.16,2016-11-07,EMP_007768
Chiamaka Okonkwo,Civil Service Commission,258770,3632204307,Access,BIO_07598,93.68,2020-01-05,EMP_007769
Chukwu Okonkwo,Civil Service Commission,499745,7984896186,UBA,BIO_03461,86.55,2024-06-02,EMP_007770
Yemi Williams,Ministry of Agriculture,126589,6167138974,Zenith,BIO_01468,95.55,2024-05-21,EMP_007771
Uchenna Okonkwo,Ministry of Finance,93165,1464434134,Access,BIO_01665,85.25,2021-06-10,EMP_007772
Zainab Mohammed,Ministry of Power,297541,6164874375,Zenith,BIO_02892,97.6,2020-10-19,EMP_007773
Ade Williams,Ministry of Health,259828,3813712765,Access,BIO_07191,88.99,2021-10-09,EMP_007774
Yemi Adeleke,Civil Service Commission,131310,6350346231,Access,BIO_00955,97.8,2020-01-28,EMP_007775
Chinedu Eze,Ministry of Finance,160884,5777166306,Access,BIO_07289,95.65,2017-09-25,EMP_007776
Adaeze Eze,Ministry of Finance,277637,5352531991,UBA,BIO_07636,87.19,2024-05-08,EMP_007777
Bola Adeleke,Ministry of Power,322951,6078248884,Access,BIO_02624,94.69,2024-12-28,EMP_007778
Amina Musa,Ministry of Education,239971,4890223851,Access,BIO_00631,93.52,2022-09-13,EMP_007779
Kemi Adeleke,Ministry of Education,379826,3791554195,GTBank,BIO_07990,85.89,2022-02-04,EMP_007780
Ibrahim Musa,Ministry of Power,363853,2505802075,UBA,BIO_05604,97.54,2020-09-03,EMP_007781
Uchenna Okonkwo,Ministry of Power,450284,2543705944,First Bank,BIO_06695,96.22,2024-05-05,EMP_007782
Hassan Ahmad,Ministry of Power,327550,6059279962,Zenith,BIO_03949,97.63,2019-10-16,EMP_007783
Yemi Williams,Federal Roads Maintenance Agency,262522,2035371238,First Bank,BIO_01671,87.36,2019-03-18,EMP_007784
Nnamdi Nwankwo,Ministry of Finance,905765,8320486451,First Bank,BIO_76537,91.46,2026-01-26,EMP_007785
Fatima Mohammed,Civil Service Commission,110682,8746225972,GTBank,BIO_05436,97.05,2021-09-02,EMP_007786
Femi Oyedepo,Ministry of Education,454615,4787850690,UBA,BIO_08343,90.21,2018-09-08,EMP_007787
Okechukwu Ani,Federal Roads Maintenance Agency,307495,1427201671,UBA,BIO_03703,93.75,2021-10-16,EMP_007788
Adaeze Okafor,Ministry of Agriculture,340492,6509838915,Zenith,BIO_00313,88.81,2020-02-26,EMP_007789
Dele Oyedepo,Ministry of Health,119878,2960182214,Access,BIO_05724,93.16,2025-03-06,EMP_007790
Amina Suleiman,Ministry of Water Resources,464963,4679337560,First Bank,BIO_05066,90.43,2019-03-24,EMP_007791
Hassan Mohammed,Civil Service Commission,335222,4659660486,First Bank,BIO_00116,97.41,2024-04-30,EMP_007792
Ibrahim Musa,Ministry of Works,171538,9282139540,First Bank,,99.9,2026-04-29,EMP_007793
Aisha Suleiman,Civil Service Commission,445074,4520940823,First Bank,BIO_00006,93.48,2023-01-04,EMP_007794
Adaeze Ani,Ministry of Agriculture,338584,7723153268,Zenith,BIO_09147,92.93,2025-05-02,EMP_007795
Zainab Yusuf,Ministry of Agriculture,82551,4582758728,GTBank,,99.9,2025-01-17,EMP_007796
Ibrahim Ahmad,Civil Service Commission,350100,9195504183,GTBank,BIO_04043,91.77,2023-04-20,EMP_007797
Dele Adebayo,Ministry of Power,420810,5438291463,UBA,BIO_05934,86.26,2024-09-06,EMP_007798
Chukwu Nwankwo,Ministry of Education,110864,7847338662,UBA,BIO_07731,96.33,2016-12-09,EMP_007799
Ibrahim Ahmad,Ministry of Education,400096,6367035977,Access,BIO_07455,95.2,2019-04-16,EMP_007800
Ibrahim Musa,Ministry of Health,254006,3463930708,Zenith,BIO_08367,92.07,2020-11-21,EMP_007801
Dele Williams,Ministry of Finance,420015,4222797249,Zenith,BIO_01715,87.41,2020-01-16,EMP_007802
Abubakar Yusuf,Ministry of Finance,300024,9119021189,Access,BIO_04919,90.3,2019-12-30,EMP_007803
Aisha Ahmad,Ministry of Power,345578,5729803889,GTBank,BIO_03677,96.51,2021-01-10,EMP_007804
Hassan Mohammed,Ministry of Health,168820,1258946694,First Bank,BIO_05990,89.08,2024-08-04,EMP_007805
Adaeze Onyeka,Ministry of Agriculture,322285,1001983784,Access,BIO_00996,96.97,2022-11-19,EMP_007806
Yemi Williams,Nigeria Customs Service,83582,4179999427,First Bank,BIO_07966,85.8,2023-09-24,EMP_007807
Chinedu Nwankwo,Ministry of Education,206042,3167890039,GTBank,BIO_04302,90.24,2021-08-05,EMP_007808
Adaeze Ani,Ministry of Health,128592,8334395725,UBA,BIO_06189,96.57,2024-12-24,EMP_007809
Tunde Adeyemi,Ministry of Power,476745,2946756390,Access,BIO_06085,95.61,2022-01-09,EMP_007810
Tunde Oyedepo,Ministry of Agriculture,148023,2524401121,Access,BIO_08417,89.76,2020-03-15,EMP_007811
Yemi Williams,Nigeria Customs Service,489639,3838473001,Access,,99.9,2024-06-07,EMP_007812
Chiamaka Nwankwo,Ministry of Water Resources,265814,4093953107,Zenith,BIO_08360,89.08,2020-12-18,EMP_007813
Adaeze Okonkwo,Ministry of Finance,229737,8117099279,First Bank,BIO_02415,92.14,2021-12-26,EMP_007814
Abubakar Umar,Ministry of Works,460738,1581772334,Zenith,BIO_05029,97.21,2016-07-12,EMP_007815
Dele Adeleke,Ministry of Power,266930,6554754788,GTBank,BIO_02422,94.29,2023-06-22,EMP_007816
Ibrahim Yusuf,Ministry of Education,496533,8491050516,GTBank,BIO_06201,87.99,2022-08-23,EMP_007817
Hassan Suleiman,Ministry of Power,464708,5685110818,GTBank,BIO_05100,87.29,2024-09-13,EMP_007818
Nnamdi Nwankwo,Nigeria Customs Service,269536,6466513111,First Bank,BIO_01883,86.17,2024-03-27,EMP_007819
Tayo Williams,Ministry of Health,485319,3956617494,UBA,BIO_05572,86.28,2024-01-07,EMP_007820
Chukwu Eze,Ministry of Education,378260,8494118609,GTBank,BIO_04383,97.37,2017-10-22,EMP_007821
Femi Ogunlesi,Ministry of Finance,96599,7580929906,Zenith,BIO_02992,93.36,2023-04-15,EMP_007822
Adaeze Nwosu,Ministry of Finance,332352,8728338705,Zenith,BIO_08008,87.57,2024-04-04,EMP_007823
Amina Ahmad,Nigeria Customs Service,224057,1227849451,UBA,BIO_04833,88.2,2016-09-23,EMP_007824
Dele Adebayo,Ministry of Education,275516,5693731465,GTBank,BIO_01660,96.37,2020-01-23,EMP_007825
Nnamdi Ani,Ministry of Health,446321,1227863687,First Bank,BIO_05117,92.35,2024-12-30,EMP_007826
Dele Adeyemi,Civil Service Commission,111751,3548641088,GTBank,BIO_05642,90.83,2018-05-06,EMP_007827
Hassan Mohammed,Federal Roads Maintenance Agency,497552,9482927084,GTBank,BIO_02905,92.72,2019-09-06,EMP_007828
Aisha Musa,Nigeria Customs Service,139317,7152634732,UBA,BIO_01587,96.47,2021-09-07,EMP_007829
Chinedu Nwosu,Ministry of Finance,82442,9899654024,UBA,BIO_88258,97.74,2023-05-07,EMP_007830
Amina Mohammed,Ministry of Agriculture,299054,9827056872,UBA,BIO_07530,87.26,2025-03-15,EMP_007831
Dele Williams,Ministry of Works,362717,2502357149,UBA,BIO_00292,94.59,2021-07-25,EMP_007832
Fatima Musa,Ministry of Water Resources,242449,4578237139,First Bank,BIO_06901,85.95,2018-03-28,EMP_007833
Chiamaka Nwosu,Ministry of Works,309590,3525921620,Zenith,BIO_09001,88.45,2021-03-26,EMP_007834
Femi Williams,Ministry of Works,138864,9275834452,GTBank,BIO_08544,92.93,2018-08-17,EMP_007835
Aisha Yusuf,Ministry of Power,152432,9676777289,UBA,BIO_02139,86.13,2023-08-27,EMP_007836
Tayo Adeleke,Federal Roads Maintenance Agency,196677,2500071757,First Bank,BIO_08296,90.42,2017-10-31,EMP_007837
Okechukwu Nwankwo,Ministry of Education,220577,5235122822,Zenith,BIO_05730,94.4,2020-06-19,EMP_007838
Adaeze Nwankwo,Ministry of Works,256352,2723611702,UBA,,99.9,2024-10-27,EMP_007839
Chioma Okonkwo,Ministry of Finance,442643,1368483701,Access,BIO_22526,98.43,2022-12-14,EMP_007840
Yemi Adeleke,Ministry of Health,450453,1464761197,Access,BIO_00145,93.18,2016-12-05,EMP_007841
Zainab Musa,Ministry of Education,241300,7792755758,UBA,BIO_07387,85.46,2020-10-01,EMP_007842
Okechukwu Nwankwo,Ministry of Agriculture,456710,5713709396,UBA,BIO_05314,95.84,2019-04-16,EMP_007843
Uchenna Ani,Ministry of Works,299171,3941308187,UBA,BIO_05787,87.62,2022-06-16,EMP_007844
Usman Suleiman,Nigeria Customs Service,454812,3405244542,Zenith,BIO_07755,85.48,2017-07-26,EMP_007845
Chinedu Ani,Federal Roads Maintenance Agency,132921,8880663031,Zenith,BIO_01584,93.31,2022-02-03,EMP_007846
Dele Williams,Ministry of Education,193888,4120481023,UBA,BIO_01594,87.79,2021-10-05,EMP_007847
Tunde Ogunlesi,Nigeria Customs Service,121395,5207793748,GTBank,BIO_00489,86.51,2025-01-16,EMP_007848
Tayo Williams,Ministry of Works,466940,5536446995,First Bank,BIO_02027,93.71,2024-11-03,EMP_007849
Chioma Onyeka,Ministry of Finance,212064,6992012693,Zenith,BIO_01689,87.24,2020-01-09,EMP_007850
Fatima Ahmad,Ministry of Works,462089,7662129950,First Bank,BIO_01232,97.32,2021-08-25,EMP_007851
Fatima Mohammed,Ministry of Health,280789,9101200764,First Bank,BIO_07850,89.06,2021-07-16,EMP_007852
Tayo Adeyemi,Ministry of Agriculture,265893,9124530728,Zenith,BIO_08237,97.01,2019-11-04,EMP_007853
Nnamdi Ani,Ministry of Works,200187,2099021637,GTBank,BIO_05989,85.63,2018-11-28,EMP_007854
Uchenna Okonkwo,Ministry of Power,335698,7063359158,Zenith,BIO_01816,95.53,2020-04-27,EMP_007855
Dele Adeyemi,Civil Service Commission,1268208,7830976634,Zenith,BIO_55189,97.03,2025-11-27,EMP_007856
Nnamdi Nwosu,Ministry of Finance,340857,6347714046,UBA,BIO_02819,97.39,2023-05-31,EMP_007857
Hassan Umar,Ministry of Education,296176,5870673980,GTBank,BIO_00942,85.72,2022-09-08,EMP_007858
Zainab Suleiman,Ministry of Finance,401097,1068704047,First Bank,BIO_04760,86.27,2024-08-30,EMP_007859
Femi Ogunlesi,Ministry of Power,466695,2450539062,UBA,BIO_00401,90.35,2017-12-11,EMP_007860
Usman Ibrahim,Ministry of Works,276561,8409008428,Access,BIO_07586,85.59,2018-11-19,EMP_007861
Chioma Nwosu,Ministry of Power,382569,3450300363,First Bank,BIO_08220,91.64,2021-08-03,EMP_007862
Abubakar Ahmad,Ministry of Health,456420,6262577302,Zenith,BIO_07849,88.89,2022-10-16,EMP_007863
Chioma Eze,Ministry of Education,440219,6081859424,GTBank,BIO_05845,88.04,2020-05-20,EMP_007864
Okechukwu Okafor,Federal Roads Maintenance Agency,191879,8734297440,First Bank,BIO_05268,94.9,2022-02-28,EMP_007865
Bola Ogunlesi,Ministry of Health,261604,9223341974,Zenith,BIO_06625,97.46,2019-02-13,EMP_007866
Chiamaka Ani,Ministry of Power,219963,6466947106,Access,BIO_09008,86.19,2019-06-26,EMP_007867
Chinedu Onyeka,Ministry of Agriculture,251508,8842811165,GTBank,BIO_00862,94.07,2023-09-28,EMP_007868
Zainab Ibrahim,Ministry of Works,85031,3625481378,Access,BIO_99241,99.39,2017-10-31,EMP_007869
Ade Adeleke,Ministry of Finance,99828,2851046199,GTBank,BIO_02201,87.05,2020-11-02,EMP_007870
Usman Mohammed,Civil Service Commission,457248,7821037914,First Bank,BIO_01727,92.94,2018-04-20,EMP_007871
Chioma Nwosu,Ministry of Agriculture,254368,6562434441,Access,BIO_01081,93.14,2023-10-03,EMP_007872
Uchenna Nwankwo,Ministry of Agriculture,436392,5737833894,UBA,BIO_04268,93.27,2023-02-02,EMP_007873
Femi Adeleke,Ministry of Education,116337,7735618504,Zenith,BIO_04711,89.19,2025-03-27,EMP_007874
Uchenna Ani,Ministry of Works,219873,4984141285,First Bank,BIO_01551,93.5,2024-07-24,EMP_007875
Aisha Musa,Nigeria Customs Service,110741,1292669687,GTBank,BIO_00977,97.43,2024-04-23,EMP_007876
Uchenna Ani,Civil Service Commission,357095,8360937516,UBA,BIO_00616,94.5,2022-02-15,EMP_007877
Abubakar Yusuf,Ministry of Power,432817,3078287462,Access,BIO_02844,97.4,2018-01-12,EMP_007878
Usman Ibrahim,Ministry of Health,188454,3741750781,GTBank,BIO_06290,89.85,2021-11-03,EMP_007879
Bola Oyedepo,Ministry of Works,90368,2210906227,Access,BIO_05555,90.01,2023-02-24,EMP_007880
Nnamdi Onyeka,Ministry of Power,479443,6871416070,Zenith,BIO_05659,95.31,2016-05-31,EMP_007881
Hassan Ibrahim,Ministry of Power,251191,3162976703,First Bank,BIO_08479,95.76,2019-12-01,EMP_007882
Fatima Mohammed,Nigeria Customs Service,315908,3925486889,Zenith,BIO_05574,88.51,2016-11-26,EMP_007883
Femi Williams,Ministry of Health,177778,6153774506,GTBank,BIO_02024,95.68,2017-08-01,EMP_007884
Nnamdi Ani,Nigeria Customs Service,228723,3861615651,GTBank,BIO_06896,94.52,2025-02-18,EMP_007885
Zainab Yusuf,Ministry of Agriculture,199560,4145493650,UBA,BIO_06602,92.56,2021-08-24,EMP_007886
Chukwu Ani,Ministry of Power,430027,1593191056,First Bank,BIO_06416,97.26,2024-04-06,EMP_007887
Femi Oyedepo,Ministry of Health,379335,5519986167,UBA,BIO_01363,90.75,2022-09-14,EMP_007888
Tayo Williams,Ministry of Health,152758,2899897775,GTBank,BIO_06461,90.02,2024-12-19,EMP_007889
Kemi Adebayo,Ministry of Finance,188621,8378418299,Zenith,BIO_02066,87.94,2019-12-13,EMP_007890
Fatima Ibrahim,Civil Service Commission,234170,2617878522,Access,BIO_02292,86.85,2019-02-11,EMP_007891
Aisha Suleiman,Nigeria Customs Service,81264,1201899138,UBA,BIO_08874,88.91,2023-12-01,EMP_007892
Chiamaka Eze,Ministry of Water Resources,367536,6954340299,UBA,BIO_04812,96.31,2020-03-31,EMP_007893
Tayo Oyedepo,Ministry of Health,366967,5175972146,GTBank,BIO_02207,92.45,2023-08-29,EMP_007894
Chiamaka Okafor,Ministry of Power,400209,9290440120,GTBank,BIO_46005,99.22,2016-10-14,EMP_007895
Bola Oyedepo,Ministry of Power,117247,3830343900,First Bank,BIO_09134,92.88,2020-05-17,EMP_007896
Okechukwu Nwosu,Nigeria Customs Service,461204,8567894426,UBA,BIO_01803,86.24,2021-09-20,EMP_007897
Abubakar Suleiman,Federal Roads Maintenance Agency,173079,5092633210,Zenith,BIO_03416,90.72,2018-10-19,EMP_007898
Usman Suleiman,Ministry of Health,207590,9172659506,First Bank,BIO_00822,90.02,2022-11-17,EMP_007899
Uchenna Ani,Ministry of Agriculture,274458,4084515951,First Bank,BIO_03543,91.35,2018-08-30,EMP_007900
Aisha Ahmad,Ministry of Education,157083,4215390879,First Bank,BIO_06311,97.69,2023-02-10,EMP_007901
Kemi Williams,Ministry of Agriculture,342132,8790528607,GTBank,BIO_05026,86.31,2021-05-20,EMP_007902
Fatima Ibrahim,Ministry of Finance,313496,2095926041,UBA,BIO_06304,95.26,2022-06-23,EMP_007903
Yemi Williams,Civil Service Commission,485057,5965929312,Access,BIO_03288,92.1,2022-03-05,EMP_007904
Chinedu Okonkwo,Ministry of Water Resources,233490,8891117652,Zenith,BIO_57277,98.16,2022-02-24,EMP_007905
Nnamdi Ani,Federal Roads Maintenance Agency,190469,8918446876,First Bank,BIO_02593,93.96,2021-04-29,EMP_007906
Dele Williams,Federal Roads Maintenance Agency,395109,2138133532,UBA,BIO_06410,85.28,2017-05-02,EMP_007907
Chukwu Okafor,Ministry of Water Resources,82040,7502142337,UBA,BIO_00120,90.51,2016-10-11,EMP_007908
Dele Adeyemi,Federal Roads Maintenance Agency,496468,3390687503,Access,BIO_03340,86.95,2019-05-11,EMP_007909
Femi Adeyemi,Ministry of Finance,164297,2029464644,Zenith,BIO_05595,89.91,2023-10-29,EMP_007910
Yemi Oyedepo,Ministry of Water Resources,307749,2353671706,Zenith,BIO_04070,90.77,2018-02-27,EMP_007911
Tunde Adeleke,Nigeria Customs Service,465687,2368672214,Zenith,BIO_04970,94.82,2022-11-24,EMP_007912
Ibrahim Ahmad,Civil Service Commission,102622,1524523567,First Bank,BIO_03107,90.79,2018-10-21,EMP_007913
Ade Adebayo,Civil Service Commission,187722,7103167495,Access,BIO_00132,85.27,2023-12-27,EMP_007914
Tayo Adeyemi,Ministry of Agriculture,446850,4070994459,GTBank,BIO_05717,92.48,2022-10-19,EMP_007915
Hassan Ibrahim,Civil Service Commission,394911,6428556503,First Bank,BIO_04241,96.74,2020-05-30,EMP_007916
Bola Adebayo,Ministry of Health,96696,5451830571,First Bank,BIO_04746,87.0,2024-06-13,EMP_007917
Yemi Adeyemi,Ministry of Health,462487,3395202690,UBA,BIO_04998,90.83,2024-03-13,EMP_007918
Tayo Adeyemi,Ministry of Education,414770,1500356062,Zenith,BIO_02084,94.22,2017-01-26,EMP_007919
Dele Williams,Ministry of Agriculture,214320,9748841344,UBA,BIO_06369,97.72,2018-06-13,EMP_007920
Yemi Adeyemi,Ministry of Agriculture,304853,2483023519,UBA,BIO_08934,88.12,2020-04-29,EMP_007921
Okechukwu Okafor,Ministry of Works,406541,1571222796,First Bank,BIO_00638,95.38,2019-10-18,EMP_007922
Chinedu Okafor,Ministry of Power,157691,4038563306,Access,BIO_08107,96.57,2016-11-03,EMP_007923
Zainab Mohammed,Civil Service Commission,294340,1793152431,GTBank,BIO_02380,97.69,2023-11-17,EMP_007924
Abubakar Suleiman,Nigeria Customs Service,293316,8863294285,Access,BIO_08416,89.97,2023-10-31,EMP_007925
Kemi Oyedepo,Nigeria Customs Service,225301,8702569708,Access,BIO_07397,91.53,2021-10-06,EMP_007926
Yemi Oyedepo,Ministry of Works,221385,7513613050,First Bank,BIO_01861,93.02,2024-07-29,EMP_007927
Uchenna Nwankwo,Nigeria Customs Service,418322,7358031161,Access,BIO_04522,97.35,2024-05-09,EMP_007928
Dele Adeyemi,Ministry of Power,375913,2344753716,GTBank,BIO_04515,92.66,2022-05-06,EMP_007929
Chinedu Obiora,Ministry of Water Resources,312734,4640838012,Access,BIO_07837,90.68,2017-11-04,EMP_007930
Chukwu Ani,Ministry of Finance,228701,4360206123,UBA,BIO_07389,92.09,2017-05-05,EMP_007931
Dele Ogunlesi,Ministry of Agriculture,221714,4571742474,First Bank,BIO_08894,95.0,2020-07-08,EMP_007932
Abubakar Ahmad,Ministry of Finance,229263,2183995468,Zenith,BIO_02013,93.43,2019-04-22,EMP_007933
Chioma Onyeka,Ministry of Water Resources,188804,2023824847,Access,BIO_01204,88.31,2019-10-19,EMP_007934
Ade Williams,Ministry of Health,275740,1821613456,GTBank,BIO_02016,88.41,2019-07-19,EMP_007935
Aisha Ibrahim,Nigeria Customs Service,467419,3736367526,Access,BIO_06607,89.72,2023-03-05,EMP_007936
Tayo Williams,Federal Roads Maintenance Agency,457596,3459064206,Access,BIO_08028,96.27,2023-09-17,EMP_007937
Fatima Umar,Ministry of Finance,127849,9034493155,Zenith,BIO_03376,88.74,2022-09-06,EMP_007938
Fatima Suleiman,Civil Service Commission,264679,9470793152,Zenith,BIO_01119,91.26,2024-11-14,EMP_007939
Dele Williams,Ministry of Finance,345452,1764810709,UBA,BIO_05928,96.14,2025-02-25,EMP_007940
Dele Adeleke,Federal Roads Maintenance Agency,151537,7992932462,Zenith,BIO_02749,94.64,2018-03-07,EMP_007941
Ade Adeyemi,Ministry of Agriculture,439701,5463003300,UBA,BIO_06465,91.69,2020-08-08,EMP_007942
Zainab Mohammed,Civil Service Commission,451810,3003528639,First Bank,BIO_06090,86.15,2019-05-18,EMP_007943
Ade Adebayo,Ministry of Power,442513,8224230482,UBA,BIO_08782,86.61,2020-02-05,EMP_007944
Tayo Adeyemi,Ministry of Agriculture,295365,7240526289,GTBank,BIO_05480,92.02,2019-10-07,EMP_007945
Aisha Musa,Ministry of Education,395404,8073764193,First Bank,,99.9,2025-09-14,EMP_007946
Fatima Ibrahim,Ministry of Finance,213160,9470227201,Zenith,BIO_08814,97.6,2020-09-03,EMP_007947
Okechukwu Ani,Ministry of Education,456900,2041306392,GTBank,BIO_04773,88.52,2018-03-03,EMP_007948
Ibrahim Musa,Federal Roads Maintenance Agency,497797,6872859312,First Bank,BIO_01547,92.56,2019-10-01,EMP_007949
Amina Umar,Ministry of Health,317825,4380312789,Zenith,BIO_00697,89.74,2019-08-07,EMP_007950
Chukwu Eze,Ministry of Works,226769,7582636820,Zenith,BIO_03756,94.83,2020-07-15,EMP_007951
Fatima Umar,Ministry of Health,179027,8985186096,First Bank,BIO_01879,87.7,2024-06-24,EMP_007952
Nnamdi Onyeka,Federal Roads Maintenance Agency,166017,1408153462,UBA,BIO_06166,88.39,2022-06-11,EMP_007953
Chiamaka Nwankwo,Ministry of Health,160919,3102714360,UBA,BIO_08099,91.48,2017-09-26,EMP_007954
Uchenna Onyeka,Civil Service Commission,467489,6213438223,First Bank,BIO_04359,96.49,2022-12-06,EMP_007955
Chioma Okonkwo,Ministry of Agriculture,245268,2618427858,Zenith,BIO_02617,93.01,2017-07-09,EMP_007956
Kemi Williams,Nigeria Customs Service,447761,4455574013,Access,BIO_03672,87.6,2018-10-05,EMP_007957
Chukwu Okafor,Ministry of Water Resources,377366,1284402079,UBA,BIO_05230,97.87,2019-10-05,EMP_007958
Chiamaka Ani,Ministry of Agriculture,349016,6115788300,Zenith,BIO_01686,85.94,2025-03-12,EMP_007959
Chinedu Ani,Ministry of Health,436897,8728122925,Access,BIO_02347,94.91,2020-08-30,EMP_007960
Chioma Okafor,Civil Service Commission,404945,4178675984,Zenith,BIO_32170,98.17,2021-06-01,EMP_007961
Dele Adeyemi,Ministry of Finance,367689,7373064613,GTBank,BIO_06757,89.69,2017-03-23,EMP_007962
Femi Adeyemi,Ministry of Finance,136625,6473953956,Access,BIO_04386,85.88,2017-12-22,EMP_007963
Okechukwu Ani,Ministry of Agriculture,491647,4859373574,GTBank,BIO_08380,96.56,2018-07-30,EMP_007964
Dele Adeyemi,Ministry of Agriculture,430794,5422373538,Access,,99.9,2025-01-25,EMP_007965
Amina Ahmad,Ministry of Water Resources,80509,6001745091,First Bank,BIO_07789,87.4,2023-01-16,EMP_007966
Tayo Adeleke,Ministry of Agriculture,367109,3630776900,First Bank,BIO_01906,93.51,2016-11-17,EMP_007967
Hassan Mohammed,Ministry of Agriculture,136773,3179789828,First Bank,BIO_05636,94.87,2018-10-30,EMP_007968
Adaeze Onyeka,Ministry of Power,333051,3774900081,First Bank,BIO_05672,95.16,2022-11-30,EMP_007969
Kemi Adeleke,Ministry of Works,239531,9804897961,UBA,BIO_03204,87.4,2017-04-19,EMP_007970
Chiamaka Onyeka,Federal Roads Maintenance Agency,406424,6296608837,GTBank,BIO_00798,85.69,2024-10-26,EMP_007971
Yemi Oyedepo,Federal Roads Maintenance Agency,188678,2227570355,Access,BIO_07352,87.84,2020-10-16,EMP_007972
Bola Adebayo,Federal Roads Maintenance Agency,360362,6003290159,Zenith,BIO_01302,92.26,2020-01-30,EMP_007973
Chioma Nwosu,Federal Roads Maintenance Agency,87973,2947935223,GTBank,BIO_06342,89.12,2022-10-26,EMP_007974
Dele Adeyemi,Ministry of Education,192761,1164831533,Zenith,BIO_83549,99.22,2024-10-22,EMP_007975
Femi Ogunlesi,Nigeria Customs Service,195314,5707827037,Zenith,BIO_03347,95.3,2024-06-22,EMP_007976
Okechukwu Okonkwo,Ministry of Power,299767,4384973197,GTBank,BIO_04858,88.5,2022-01-12,EMP_007977
Fatima Yusuf,Civil Service Commission,440283,8453556898,GTBank,BIO_08614,92.68,2016-08-31,EMP_007978
Uchenna Obiora,Ministry of Agriculture,267428,7577250515,Access,BIO_01784,94.8,2016-05-22,EMP_007979
Chukwu Nwankwo,Ministry of Works,128342,5427456266,Zenith,BIO_04891,95.94,2023-01-10,EMP_007980
Yemi Williams,Nigeria Customs Service,302630,8646078316,GTBank,BIO_07034,85.38,2023-04-19,EMP_007981
Amina Ahmad,Ministry of Finance,426321,9999319876,Access,BIO_04622,96.05,2023-07-23,EMP_007982
Dele Ogunlesi,Ministry of Agriculture,235744,2851928752,Zenith,BIO_05260,88.63,2022-11-11,EMP_007983
Adaeze Eze,Ministry of Health,133136,2661940326,Zenith,BIO_07548,96.61,2021-12-29,EMP_007984
Abubakar Umar,Civil Service Commission,343103,6341475855,Access,BIO_01729,88.36,2019-04-22,EMP_007985
Tunde Adeyemi,Ministry of Water Resources,447411,6506677691,GTBank,BIO_03177,96.49,2024-06-11,EMP_007986
Usman Ibrahim,Ministry of Water Resources,153021,5999603029,UBA,BIO_01908,95.43,2023-03-14,EMP_007987
Dele Adeyemi,Civil Service Commission,80764,8624910243,First Bank,BIO_08321,89.15,2020-10-04,EMP_007988
Ade Williams,Nigeria Customs Service,245233,4484430625,Zenith,BIO_01606,96.03,2023-04-08,EMP_007989
Tunde Ogunlesi,Civil Service Commission,409073,3923485472,Zenith,BIO_02532,85.56,2019-07-12,EMP_007990
Kemi Adebayo,Ministry of Agriculture,96616,2577357793,Access,BIO_00059,85.84,2021-11-06,EMP_007991
Tayo Ogunlesi,Ministry of Power,420525,8330021280,UBA,BIO_08361,95.85,2023-10-17,EMP_007992
Tayo Adeleke,Ministry of Health,80071,2707894299,UBA,BIO_07343,86.7,2016-06-13,EMP_007993
Chiamaka Okonkwo,Ministry of Education,145219,2052642333,GTBank,,99.9,2025-05-18,EMP_007994
Tayo Adebayo,Federal Roads Maintenance Agency,213210,1503217053,First Bank,BIO_07142,86.85,2025-02-04,EMP_007995
Chioma Nwankwo,Ministry of Works,426942,8956847179,Access,,99.9,2025-09-14,EMP_007996
Adaeze Nwankwo,Ministry of Health,477894,1698349923,Access,BIO_00133,85.9,2020-06-03,EMP_007997
Femi Williams,Federal Roads Maintenance Agency,277182,6693219118,Access,BIO_02391,87.63,2020-10-28,EMP_007998
Okechukwu Obiora,Ministry of Education,346981,9553097410,Access,BIO_08849,91.44,2024-09-30,EMP_007999
Ade Adeyemi,Ministry of Works,218699,3703647353,First Bank,BIO_00196,85.17,2017-05-20,EMP_008000
Chinedu Okonkwo,Ministry of Agriculture,150636,4300329268,Access,BIO_02985,90.35,2019-01-07,EMP_008001
Hassan Yusuf,Ministry of Finance,491001,8440300156,Zenith,BIO_00611,91.46,2025-04-22,EMP_008002
Tunde Oyedepo,Ministry of Water Resources,368650,5698863025,GTBank,BIO_02332,90.09,2022-10-19,EMP_008003
Femi Ogunlesi,Ministry of Power,457053,1411216698,First Bank,BIO_01139,86.4,2018-03-18,EMP_008004
Aisha Ahmad,Ministry of Agriculture,387078,5918930996,Zenith,BIO_04954,87.6,2024-06-28,EMP_008005
Chiamaka Onyeka,Ministry of Health,166041,6174687636,Zenith,BIO_00058,94.93,2017-01-18,EMP_008006
Zainab Musa,Civil Service Commission,421497,8257670576,Zenith,BIO_08295,89.03,2017-01-20,EMP_008007
Adaeze Okonkwo,Ministry of Water Resources,373043,2016439796,Access,BIO_08442,87.7,2018-03-17,EMP_008008
Okechukwu Eze,Ministry of Water Resources,414455,3331073619,First Bank,BIO_08245,93.49,2017-03-03,EMP_008009
Bola Oyedepo,Civil Service Commission,299172,5024658434,Zenith,BIO_07934,90.49,2023-08-29,EMP_008010
Femi Williams,Ministry of Works,255463,1731756193,GTBank,BIO_00859,89.64,2016-11-08,EMP_008011
Aisha Mohammed,Ministry of Finance,204019,2659902181,GTBank,BIO_03105,86.85,2017-02-21,EMP_008012
Ibrahim Mohammed,Ministry of Power,482310,4293015146,Zenith,BIO_04983,86.55,2020-08-05,EMP_008013
Adaeze Nwosu,Ministry of Agriculture,261967,2995563870,First Bank,BIO_03412,90.23,2025-04-22,EMP_008014
Tunde Adebayo,Federal Roads Maintenance Agency,110880,9402146541,First Bank,BIO_04203,92.38,2022-06-10,EMP_008015
Chioma Eze,Ministry of Health,196708,6629285727,GTBank,BIO_08554,85.19,2020-09-09,EMP_008016
Chioma Nwosu,Federal Roads Maintenance Agency,87105,6209188993,Zenith,BIO_01745,92.31,2020-06-29,EMP_008017
Usman Suleiman,Ministry of Water Resources,214981,6508559827,Access,,99.9,2024-09-01,EMP_008018
Bola Ogunlesi,Ministry of Water Resources,202582,3903833999,First Bank,BIO_00287,85.92,2019-04-04,EMP_008019
Chiamaka Okonkwo,Ministry of Health,398582,9233807688,Access,BIO_05462,93.43,2024-11-24,EMP_008020
Fatima Musa,Ministry of Health,368098,4700258205,GTBank,,99.9,2025-06-26,EMP_008021
Aisha Suleiman,Nigeria Customs Service,445747,3816337734,First Bank,BIO_05789,86.93,2021-11-07,EMP_008022
Kemi Williams,Ministry of Finance,188062,6930426897,Zenith,BIO_02646,89.2,2018-05-23,EMP_008023
Okechukwu Nwankwo,Ministry of Education,400795,8523655267,GTBank,BIO_01489,93.26,2016-10-17,EMP_008024
Ibrahim Ibrahim,Civil Service Commission,470344,8898376135,GTBank,BIO_07472,85.9,2017-02-10,EMP_008025
Bola Adeleke,Ministry of Water Resources,264173,6656956387,GTBank,BIO_06994,91.42,2022-05-21,EMP_008026
Aisha Umar,Ministry of Education,243716,8366771372,GTBank,BIO_02733,88.18,2022-10-26,EMP_008027
Bola Adebayo,Nigeria Customs Service,293316,3737472762,First Bank,BIO_01632,85.51,2021-05-13,EMP_008028
Hassan Mohammed,Nigeria Customs Service,82555,1587927263,Zenith,BIO_37441,99.59,2017-10-12,EMP_008029
Ade Adeleke,Ministry of Agriculture,122893,4059770424,GTBank,BIO_00376,94.51,2023-05-24,EMP_008030
Chioma Ani,Ministry of Power,164945,9337716873,GTBank,BIO_05766,95.55,2019-01-30,EMP_008031
Adaeze Nwankwo,Ministry of Water Resources,373825,7588750110,Access,BIO_05594,94.1,2021-09-06,EMP_008032
Uchenna Obiora,Nigeria Customs Service,246004,6120075601,Zenith,BIO_02907,91.16,2023-03-04,EMP_008033
Chioma Onyeka,Ministry of Finance,443720,7492768885,Access,BIO_06975,93.41,2019-03-19,EMP_008034
Usman Umar,Ministry of Works,305894,7969804423,Zenith,BIO_06598,86.57,2023-03-07,EMP_008035
Yemi Adeyemi,Ministry of Works,121016,7922296355,First Bank,BIO_06580,88.41,2017-08-20,EMP_008036
Tunde Adeyemi,Ministry of Agriculture,237682,7615618523,GTBank,BIO_05565,91.65,2018-05-09,EMP_008037
Uchenna Ani,Ministry of Education,337829,6219478008,GTBank,BIO_07630,86.51,2022-08-07,EMP_008038
Aisha Musa,Ministry of Finance,370564,6530065492,First Bank,BIO_05673,85.76,2022-09-21,EMP_008039
Abubakar Umar,Ministry of Works,215320,9719332937,Access,BIO_04500,90.09,2016-09-14,EMP_008040
Nnamdi Nwankwo,Federal Roads Maintenance Agency,360646,9485323729,First Bank,BIO_06599,85.07,2017-08-17,EMP_008041
Uchenna Nwankwo,Nigeria Customs Service,87065,8660285621,First Bank,BIO_06007,86.04,2023-11-22,EMP_008042
Chukwu Nwankwo,Ministry of Water Resources,129044,3097478915,UBA,BIO_00220,90.61,2020-03-01,EMP_008043
Yemi Williams,Ministry of Water Resources,196494,2496375914,UBA,BIO_07463,86.77,2022-12-31,EMP_008044
Chiamaka Nwankwo,Federal Roads Maintenance Agency,268394,3051101844,First Bank,BIO_04171,96.63,2024-08-27,EMP_008045
Femi Adeleke,Civil Service Commission,290316,1493624841,First Bank,BIO_63627,96.53,2019-08-15,EMP_008046
Zainab Musa,Nigeria Customs Service,272884,8677790545,First Bank,BIO_02064,94.17,2018-04-15,EMP_008047
Dele Oyedepo,Ministry of Health,108742,4209735291,UBA,BIO_01988,92.33,2024-09-25,EMP_008048
Femi Adeyemi,Ministry of Education,431735,6121936799,UBA,BIO_00102,93.88,2017-04-14,EMP_008049
Bola Adebayo,Ministry of Education,442906,1381964121,Access,BIO_07469,90.56,2023-08-09,EMP_008050
Nnamdi Nwosu,Ministry of Health,209493,5516290366,First Bank,BIO_07581,92.11,2023-12-21,EMP_008051
Amina Ahmad,Ministry of Health,318119,8172978863,GTBank,BIO_06360,86.0,2021-05-29,EMP_008052
Tunde Williams,Ministry of Education,354229,9631858808,First Bank,BIO_07681,96.43,2018-03-31,EMP_008053
Ibrahim Umar,Ministry of Agriculture,306275,8642276045,Access,BIO_03574,91.22,2021-08-30,EMP_008054
Chioma Nwosu,Civil Service Commission,457570,3339503580,GTBank,BIO_08762,86.28,2022-10-30,EMP_008055
Zainab Mohammed,Ministry of Power,327566,3238891661,Access,BIO_04576,88.31,2017-11-27,EMP_008056
Hassan Ahmad,Ministry of Education,369228,1917430500,UBA,BIO_07792,87.87,2020-08-02,EMP_008057
Ibrahim Musa,Ministry of Education,332142,7028104536,Zenith,BIO_03082,96.62,2022-09-15,EMP_008058
Nnamdi Obiora,Ministry of Power,387436,9294238025,First Bank,BIO_03002,93.4,2023-04-22,EMP_008059
Abubakar Ahmad,Federal Roads Maintenance Agency,400723,3881882099,First Bank,BIO_04612,93.02,2022-11-14,EMP_008060
Amina Ibrahim,Civil Service Commission,200498,5875801651,First Bank,BIO_01869,87.62,2021-12-27,EMP_008061
Aisha Yusuf,Ministry of Finance,456473,6182510592,Access,BIO_01478,86.08,2019-04-04,EMP_008062
Amina Suleiman,Ministry of Power,373466,7932124571,Access,BIO_08391,96.83,2020-12-02,EMP_008063
Amina Musa,Federal Roads Maintenance Agency,114890,2018795190,First Bank,,99.9,2026-02-08,EMP_008064
Ade Williams,Ministry of Works,231831,8985666640,Access,BIO_05393,88.88,2024-09-05,EMP_008065
Abubakar Ahmad,Civil Service Commission,457242,1194398895,GTBank,BIO_05510,95.46,2017-06-13,EMP_008066
Bola Adebayo,Ministry of Power,375014,9409247690,First Bank,BIO_01325,93.35,2019-03-11,EMP_008067
Ade Adebayo,Federal Roads Maintenance Agency,168963,3024960557,UBA,BIO_02323,85.88,2019-07-16,EMP_008068
Okechukwu Nwosu,Ministry of Agriculture,164966,9277658907,Zenith,BIO_02954,96.54,2022-09-03,EMP_008069
Dele Oyedepo,Federal Roads Maintenance Agency,401646,1188371052,Zenith,BIO_05611,93.48,2016-09-24,EMP_008070
Aisha Umar,Ministry of Health,360507,7267952475,UBA,BIO_07120,85.24,2020-02-23,EMP_008071
Fatima Ibrahim,Ministry of Agriculture,377040,5221790350,First Bank,BIO_02410,91.29,2020-03-05,EMP_008072
Ade Williams,Ministry of Finance,376451,7494266466,GTBank,,99.9,2026-02-02,EMP_008073
Ade Oyedepo,Ministry of Agriculture,407124,2063201245,Access,BIO_06753,94.07,2018-01-22,EMP_008074
Femi Adebayo,Ministry of Finance,1095099,1012700663,Access,BIO_93113,93.14,2025-08-19,EMP_008075
Tayo Williams,Ministry of Education,317693,8604299324,UBA,BIO_07377,91.58,2019-06-20,EMP_008076
Uchenna Okafor,Ministry of Works,421262,3254801516,Zenith,BIO_01707,88.15,2018-12-23,EMP_008077
Adaeze Okonkwo,Ministry of Education,179646,9501797175,Zenith,BIO_04708,88.91,2024-03-18,EMP_008078
Ibrahim Mohammed,Ministry of Works,357437,4903658387,UBA,BIO_05535,91.88,2019-07-30,EMP_008079
Ibrahim Musa,Ministry of Works,402141,4243305726,First Bank,BIO_04810,95.03,2016-12-13,EMP_008080
Zainab Umar,Ministry of Agriculture,362555,3096981987,First Bank,BIO_00373,97.59,2020-12-02,EMP_008081
Nnamdi Nwosu,Civil Service Commission,336059,5246638162,First Bank,BIO_05491,95.23,2017-08-13,EMP_008082
Bola Ogunlesi,Nigeria Customs Service,476733,3951656009,GTBank,BIO_32592,98.12,2022-02-23,EMP_008083
Abubakar Mohammed,Ministry of Education,439773,6821197265,GTBank,BIO_04037,96.86,2024-03-07,EMP_008084
Abubakar Ibrahim,Ministry of Finance,167428,3037700782,Zenith,BIO_02794,95.68,2016-06-23,EMP_008085
Tunde Ogunlesi,Ministry of Finance,97826,2333682956,First Bank,BIO_02853,87.91,2018-10-21,EMP_008086
Amina Musa,Ministry of Finance,416740,9565519645,First Bank,BIO_01558,97.54,2022-09-15,EMP_008087
Tayo Adebayo,Federal Roads Maintenance Agency,90711,4674780657,UBA,BIO_04469,85.97,2021-06-18,EMP_008088
Usman Umar,Federal Roads Maintenance Agency,147982,2666163360,Zenith,BIO_03284,88.98,2017-07-09,EMP_008089
Chukwu Okonkwo,Ministry of Water Resources,375728,7328567885,UBA,BIO_02411,92.53,2022-09-25,EMP_008090
Kemi Adeyemi,Ministry of Water Resources,282306,2329484199,UBA,BIO_06739,97.12,2017-07-31,EMP_008091
Nnamdi Onyeka,Nigeria Customs Service,408673,5811641549,Access,BIO_03968,88.44,2020-08-28,EMP_008092
Bola Ogunlesi,Ministry of Works,134133,4846374781,UBA,BIO_07341,97.73,2022-10-01,EMP_008093
Amina Ahmad,Ministry of Education,133078,8988029967,First Bank,BIO_01939,87.77,2018-01-05,EMP_008094
Fatima Mohammed,Ministry of Health,433960,3694538693,Access,BIO_08205,93.58,2021-07-02,EMP_008095
Adaeze Okafor,Ministry of Works,399126,9369272021,GTBank,BIO_01866,94.4,2018-11-28,EMP_008096
Fatima Umar,Civil Service Commission,218771,7238017418,Zenith,BIO_08401,95.46,2024-03-17,EMP_008097
Hassan Ibrahim,Ministry of Agriculture,183885,9797584422,First Bank,BIO_01122,90.38,2016-11-09,EMP_008098
Femi Williams,Civil Service Commission,435331,4178675984,Zenith,BIO_53289,98.27,2019-04-30,EMP_008099
Usman Suleiman,Nigeria Customs Service,317421,1570522254,GTBank,BIO_03000,95.84,2024-02-23,EMP_008100
Chiamaka Onyeka,Ministry of Works,191263,8652113894,Access,BIO_02035,88.3,2021-11-16,EMP_008101
Zainab Mohammed,Ministry of Finance,388838,4338455918,GTBank,BIO_07435,87.85,2021-03-26,EMP_008102
Nnamdi Okafor,Ministry of Water Resources,413003,7588053024,Access,BIO_01971,85.78,2018-01-08,EMP_008103
Amina Suleiman,Ministry of Water Resources,253428,2115107014,UBA,BIO_02875,86.37,2024-03-05,EMP_008104
Fatima Suleiman,Ministry of Works,391436,6870606769,Access,BIO_01788,90.13,2025-05-13,EMP_008105
Fatima Yusuf,Ministry of Finance,84519,6166735501,GTBank,BIO_05900,85.39,2022-09-09,EMP_008106
Femi Oyedepo,Ministry of Education,468162,1164831533,Zenith,BIO_80701,98.67,2017-02-19,EMP_008107
Amina Yusuf,Civil Service Commission,152532,4642742603,Access,BIO_03775,95.81,2023-03-11,EMP_008108
Femi Ogunlesi,Nigeria Customs Service,390996,7608736501,Access,BIO_01506,95.48,2017-02-17,EMP_008109
Femi Adeyemi,Ministry of Finance,436028,5971921017,First Bank,BIO_04808,90.98,2017-09-08,EMP_008110
Femi Williams,Ministry of Finance,89882,3882029415,Access,BIO_08539,95.84,2021-03-05,EMP_008111
Tunde Ogunlesi,Ministry of Health,365866,4466962302,First Bank,BIO_01509,91.97,2024-02-12,EMP_008112
Ibrahim Yusuf,Federal Roads Maintenance Agency,423732,1202102859,UBA,BIO_06935,97.7,2021-06-28,EMP_008113
Ade Adeyemi,Ministry of Health,182515,2586762241,Access,BIO_08910,85.13,2018-12-30,EMP_008114
Yemi Adeleke,Civil Service Commission,421642,6389144699,GTBank,BIO_00773,87.43,2017-08-05,EMP_008115
Ibrahim Umar,Civil Service Commission,151347,4950036632,GTBank,BIO_92352,98.43,2018-10-10,EMP_008116
Dele Oyedepo,Ministry of Education,279321,1668894437,Zenith,BIO_02538,96.33,2023-10-12,EMP_008117
Adaeze Nwosu,Ministry of Education,120873,1486345162,GTBank,BIO_07113,91.4,2024-01-07,EMP_008118
Tunde Oyedepo,Federal Roads Maintenance Agency,285390,1245059104,Zenith,BIO_07894,88.97,2023-10-23,EMP_008119
Ibrahim Suleiman,Ministry of Finance,301145,8131177103,UBA,BIO_07794,89.72,2021-08-03,EMP_008120
Hassan Mohammed,Nigeria Customs Service,346447,6152131867,UBA,BIO_03101,89.64,2019-03-28,EMP_008121
Tayo Adeyemi,Civil Service Commission,268786,9873185946,GTBank,BIO_00481,89.32,2022-06-14,EMP_008122
Chukwu Nwankwo,Nigeria Customs Service,187575,6345923744,GTBank,BIO_07688,93.07,2018-01-09,EMP_008123
Ade Adeyemi,Ministry of Power,101559,9251700317,Access,BIO_01595,88.0,2023-06-26,EMP_008124
Fatima Musa,Ministry of Education,1189737,2693631743,Access,BIO_34764,85.93,2025-07-19,EMP_008125
Bola Adebayo,Ministry of Education,335964,1601891703,UBA,BIO_09046,85.13,2017-11-13,EMP_008126
Bola Adeyemi,Ministry of Finance,422191,7114603765,Access,BIO_02995,88.11,2019-08-29,EMP_008127
Okechukwu Nwankwo,Civil Service Commission,91809,7858269091,UBA,BIO_01772,88.03,2016-09-03,EMP_008128
Aisha Ibrahim,Ministry of Works,349559,8475816693,Zenith,BIO_02225,86.3,2022-03-10,EMP_008129
Abubakar Ibrahim,Ministry of Water Resources,83764,8608849025,UBA,BIO_06252,89.88,2024-03-22,EMP_008130
Amina Yusuf,Ministry of Education,438730,2895535668,GTBank,BIO_00934,88.07,2020-01-04,EMP_008131
Kemi Williams,Ministry of Education,249247,6454274544,GTBank,BIO_05430,92.49,2023-05-15,EMP_008132
Ade Ogunlesi,Ministry of Agriculture,181235,6843761123,Zenith,BIO_02644,88.05,2019-07-16,EMP_008133
Ibrahim Umar,Civil Service Commission,410239,1356497522,UBA,BIO_01233,93.44,2018-08-03,EMP_008134
Fatima Yusuf,Civil Service Commission,454550,5933813376,GTBank,BIO_08317,89.35,2018-06-05,EMP_008135
Kemi Oyedepo,Nigeria Customs Service,400251,9120474357,UBA,BIO_02373,87.38,2022-01-12,EMP_008136
Nnamdi Okonkwo,Ministry of Health,423577,6985451782,Zenith,,99.9,2024-07-22,EMP_008137
Nnamdi Okonkwo,Ministry of Agriculture,324677,8323852032,Access,BIO_04945,87.15,2021-05-09,EMP_008138
Adaeze Okafor,Ministry of Power,210521,7848863566,UBA,BIO_01490,96.19,2021-07-24,EMP_008139
Hassan Ahmad,Ministry of Water Resources,386735,9572876524,UBA,BIO_08194,89.51,2017-07-19,EMP_008140
Chukwu Ani,Ministry of Education,397602,5587793263,Access,BIO_06029,91.29,2021-03-06,EMP_008141
Uchenna Ani,Nigeria Customs Service,301881,2513107927,First Bank,BIO_04667,90.54,2020-12-16,EMP_008142
Tunde Oyedepo,Ministry of Works,140247,1680485157,Zenith,,99.9,2025-05-13,EMP_008143
Chioma Obiora,Ministry of Health,319987,7690724257,First Bank,BIO_06325,97.24,2023-11-18,EMP_008144
Usman Ahmad,Ministry of Finance,198588,1133145944,GTBank,BIO_03276,95.18,2022-08-20,EMP_008145
Tunde Williams,Ministry of Health,267380,5659789490,GTBank,BIO_02858,95.01,2018-09-01,EMP_008146
Nnamdi Obiora,Ministry of Agriculture,260260,6460063717,Access,BIO_06256,89.52,2021-10-05,EMP_008147
Bola Adeleke,Ministry of Works,138779,7926070473,UBA,BIO_00086,97.95,2021-03-23,EMP_008148
Tayo Oyedepo,Civil Service Commission,298312,8295570630,First Bank,BIO_06385,86.25,2017-01-14,EMP_008149
Okechukwu Okonkwo,Ministry of Agriculture,226583,9284483048,GTBank,BIO_04167,96.01,2022-11-28,EMP_008150
Tayo Williams,Ministry of Works,81087,3857942632,GTBank,BIO_03995,96.77,2020-02-08,EMP_008151
Nnamdi Nwosu,Nigeria Customs Service,83115,7730821297,GTBank,BIO_00764,86.29,2024-03-04,EMP_008152
Femi Adebayo,Ministry of Power,216337,3616284217,Zenith,BIO_07859,95.08,2018-06-11,EMP_008153
Chinedu Ani,Federal Roads Maintenance Agency,348595,5735102715,First Bank,BIO_03252,92.75,2025-02-22,EMP_008154
Tayo Ogunlesi,Civil Service Commission,443853,3260229044,Zenith,,99.9,2026-03-29,EMP_008155
Zainab Umar,Nigeria Customs Service,186449,8632470792,UBA,BIO_06126,89.76,2023-02-27,EMP_008156
Femi Ogunlesi,Federal Roads Maintenance Agency,401111,4643341327,Zenith,,99.9,2025-06-11,EMP_008157
Ade Adebayo,Federal Roads Maintenance Agency,198462,8170210272,UBA,BIO_08765,93.72,2024-03-07,EMP_008158
Fatima Musa,Ministry of Agriculture,403595,6154048994,UBA,BIO_03052,94.91,2017-01-07,EMP_008159
Femi Ogunlesi,Ministry of Finance,303010,8018831215,Zenith,BIO_03556,91.72,2020-08-24,EMP_008160
Kemi Williams,Ministry of Agriculture,491062,5826480716,First Bank,BIO_01037,89.84,2016-10-18,EMP_008161
Aisha Musa,Ministry of Agriculture,387860,7989726360,First Bank,BIO_05646,88.3,2023-02-19,EMP_008162
Uchenna Onyeka,Ministry of Works,211256,8819969160,First Bank,BIO_05295,95.75,2023-07-25,EMP_008163
Femi Williams,Ministry of Power,494495,4073529314,UBA,BIO_05384,95.65,2020-06-08,EMP_008164
Fatima Mohammed,Ministry of Water Resources,268928,5800383830,First Bank,BIO_00538,93.86,2024-01-27,EMP_008165
Okechukwu Okonkwo,Ministry of Agriculture,263448,6932891956,Zenith,BIO_06513,91.75,2018-04-17,EMP_008166
Ade Oyedepo,Ministry of Water Resources,226763,8739964789,Access,BIO_01833,89.5,2016-09-22,EMP_008167
Fatima Suleiman,Civil Service Commission,237424,1740851968,Zenith,BIO_02361,91.38,2018-10-09,EMP_008168
Chioma Okonkwo,Ministry of Water Resources,290561,2311222144,GTBank,BIO_03079,86.48,2016-06-18,EMP_008169
Fatima Mohammed,Federal Roads Maintenance Agency,285198,9602364833,GTBank,BIO_08052,86.71,2019-04-06,EMP_008170
Tayo Adeleke,Ministry of Works,161628,5530481660,Zenith,BIO_03830,97.61,2019-04-05,EMP_008171
Ibrahim Musa,Ministry of Education,291909,2512215800,GTBank,BIO_03258,95.62,2021-05-01,EMP_008172
Chinedu Okonkwo,Federal Roads Maintenance Agency,484356,5465737560,First Bank,BIO_09037,85.35,2018-05-10,EMP_008173
Ade Oyedepo,Ministry of Works,215771,6872168189,UBA,BIO_01919,97.35,2016-09-16,EMP_008174
Yemi Adeleke,Civil Service Commission,145800,4917566008,GTBank,BIO_06862,86.37,2023-12-18,EMP_008175
Ade Ogunlesi,Ministry of Works,302131,5244332656,GTBank,BIO_04105,87.76,2024-05-03,EMP_008176
Adaeze Okonkwo,Ministry of Works,446958,4990278524,Zenith,BIO_06549,88.89,2018-12-17,EMP_008177
Chinedu Obiora,Civil Service Commission,241543,9309077890,GTBank,BIO_01970,95.05,2018-02-17,EMP_008178
Chiamaka Okonkwo,Ministry of Agriculture,210180,4728364799,GTBank,BIO_07147,91.36,2025-04-19,EMP_008179
Tunde Adebayo,Ministry of Water Resources,412609,5062843161,UBA,BIO_01236,87.4,2018-04-23,EMP_008180
Nnamdi Okonkwo,Federal Roads Maintenance Agency,380118,4720677911,First Bank,BIO_06050,92.48,2019-06-18,EMP_008181
Chioma Nwosu,Ministry of Education,117451,8055137150,UBA,BIO_07993,87.37,2020-05-27,EMP_008182
Amina Yusuf,Ministry of Finance,189349,7437068004,GTBank,BIO_71279,98.98,2016-06-19,EMP_008183
Tunde Adeleke,Nigeria Customs Service,323123,9877996476,First Bank,BIO_06293,89.36,2024-03-18,EMP_008184
Fatima Musa,Civil Service Commission,329991,3396503558,Zenith,BIO_04121,85.16,2024-02-13,EMP_008185
Zainab Ahmad,Ministry of Water Resources,397445,9308124896,First Bank,BIO_04323,91.23,2022-02-26,EMP_008186
Uchenna Okonkwo,Ministry of Works,451590,5906357261,Zenith,BIO_02317,89.84,2018-04-22,EMP_008187
Chukwu Okafor,Ministry of Education,281943,4215320255,First Bank,BIO_07277,85.46,2016-06-14,EMP_008188
Fatima Yusuf,Ministry of Finance,282302,8350996892,Zenith,BIO_07411,97.12,2020-05-10,EMP_008189
Fatima Musa,Ministry of Power,216115,9052896134,UBA,BIO_05341,89.92,2021-11-29,EMP_008190
Ibrahim Musa,Ministry of Education,162693,2741789593,UBA,BIO_05422,89.33,2024-10-22,EMP_008191
Zainab Mohammed,Ministry of Agriculture,278701,9180549476,Zenith,BIO_00963,92.26,2024-08-15,EMP_008192
Yemi Oyedepo,Ministry of Works,378589,9496235405,Access,BIO_06162,89.86,2023-12-11,EMP_008193
Ade Adebayo,Ministry of Health,457436,6693732086,GTBank,BIO_04639,86.01,2017-09-09,EMP_008194
Zainab Ibrahim,Ministry of Works,360641,1728098257,GTBank,BIO_01149,85.04,2023-07-29,EMP_008195
Uchenna Ani,Ministry of Health,348579,3201999349,GTBank,BIO_07400,91.8,2024-08-18,EMP_008196
Chinedu Okafor,Ministry of Health,291219,7565141319,First Bank,BIO_03627,86.56,2024-04-10,EMP_008197
Chukwu Okafor,Civil Service Commission,407432,3955811466,GTBank,BIO_04993,96.35,2017-10-28,EMP_008198
Adaeze Nwosu,Ministry of Finance,377034,9257403298,Zenith,BIO_07219,86.26,2022-06-14,EMP_008199
Tayo Ogunlesi,Ministry of Agriculture,102332,2869220755,First Bank,BIO_04101,95.19,2022-01-14,EMP_008200
Amina Mohammed,Ministry of Health,298789,7235006461,GTBank,BIO_02660,89.15,2024-10-23,EMP_008201
Amina Musa,Ministry of Agriculture,240357,6333156925,UBA,,99.9,2025-12-17,EMP_008202
Abubakar Mohammed,Civil Service Commission,156894,8087227514,Access,BIO_06620,89.88,2019-05-29,EMP_008203
Chinedu Obiora,Ministry of Power,385887,5406841692,GTBank,BIO_01659,92.79,2024-06-16,EMP_008204
Femi Adeyemi,Ministry of Education,193247,8542423240,Access,BIO_88258,97.87,2023-04-29,EMP_008205
Yemi Williams,Ministry of Finance,459917,3872108721,GTBank,BIO_00784,89.3,2018-09-15,EMP_008206
Ibrahim Yusuf,Ministry of Power,216499,9513319920,Zenith,BIO_01891,94.33,2019-06-02,EMP_008207
Zainab Ibrahim,Ministry of Education,176303,5573596389,Access,BIO_05317,94.45,2022-09-24,EMP_008208
Kemi Oyedepo,Civil Service Commission,99933,8554431925,First Bank,BIO_07621,96.29,2017-06-11,EMP_008209
Okechukwu Okafor,Civil Service Commission,284209,7416096183,GTBank,BIO_00508,95.0,2024-09-14,EMP_008210
Kemi Adeyemi,Ministry of Water Resources,420548,7313432676,First Bank,BIO_05495,90.13,2017-12-06,EMP_008211
Chukwu Okafor,Ministry of Finance,192226,3958275792,Zenith,BIO_05508,95.01,2018-04-07,EMP_008212
Adaeze Okonkwo,Civil Service Commission,307907,1796942072,Zenith,BIO_08820,93.57,2023-04-13,EMP_008213
Tayo Adeleke,Ministry of Health,174037,5211647909,Access,BIO_04246,96.1,2022-03-09,EMP_008214
Dele Ogunlesi,Ministry of Water Resources,248139,7290300076,UBA,BIO_00737,85.13,2021-04-08,EMP_008215
Abubakar Suleiman,Ministry of Health,110424,8976564801,First Bank,BIO_04517,92.89,2020-02-20,EMP_008216
Abubakar Musa,Civil Service Commission,155351,8893638116,Zenith,BIO_01388,87.34,2019-09-03,EMP_008217
Usman Ahmad,Ministry of Education,381556,3383508089,Access,BIO_09053,93.08,2018-06-06,EMP_008218
Chukwu Ani,Ministry of Health,351060,5528800096,GTBank,BIO_04027,94.61,2019-08-08,EMP_008219
Chioma Nwankwo,Ministry of Health,430477,3303093190,Access,BIO_06083,89.7,2017-06-19,EMP_008220
Uchenna Okonkwo,Ministry of Education,475535,4417948692,GTBank,BIO_06133,97.27,2019-08-02,EMP_008221
Bola Adeleke,Civil Service Commission,205687,4178675984,Zenith,BIO_59781,99.88,2016-09-24,EMP_008222
Uchenna Nwosu,Ministry of Water Resources,203989,9548419628,UBA,BIO_08236,93.51,2020-07-10,EMP_008223
Chukwu Ani,Ministry of Education,499581,6894915146,GTBank,BIO_63765,99.9,2017-04-10,EMP_008224
Tayo Oyedepo,Ministry of Health,350142,1700559631,First Bank,BIO_08031,92.08,2020-10-20,EMP_008225
Chioma Ani,Federal Roads Maintenance Agency,956673,7518194289,UBA,BIO_12389,85.17,2026-04-16,EMP_008226
Fatima Musa,Ministry of Power,83301,8907235699,Zenith,BIO_77910,98.47,2018-07-03,EMP_008227
Bola Oyedepo,Ministry of Education,242829,5169840807,Zenith,BIO_00758,88.17,2022-01-11,EMP_008228
Chukwu Nwankwo,Civil Service Commission,419253,3448615626,GTBank,BIO_06206,94.51,2023-08-30,EMP_008229
Amina Musa,Ministry of Agriculture,262961,3648213853,GTBank,,99.9,2024-07-06,EMP_008230
Usman Mohammed,Civil Service Commission,322114,9317264491,Access,BIO_03314,96.52,2025-03-29,EMP_008231
Usman Suleiman,Ministry of Power,455155,4045240333,GTBank,BIO_04640,97.24,2017-07-16,EMP_008232
Chiamaka Obiora,Ministry of Works,283165,1833448243,Zenith,BIO_02941,91.91,2023-02-18,EMP_008233
Amina Ibrahim,Ministry of Works,234127,5691582686,UBA,,99.9,2026-01-24,EMP_008234
Amina Ahmad,Ministry of Agriculture,249655,6130307319,Zenith,BIO_09137,90.57,2020-05-26,EMP_008235
Chukwu Okafor,Civil Service Commission,248102,6896671015,UBA,BIO_00108,87.72,2018-03-19,EMP_008236
Tunde Adebayo,Ministry of Works,369101,7351700707,First Bank,BIO_05048,90.08,2022-05-08,EMP_008237
Kemi Adebayo,Federal Roads Maintenance Agency,205642,2790902254,Access,BIO_09068,94.66,2024-10-28,EMP_008238
Dele Oyedepo,Ministry of Works,448789,7166809041,Access,BIO_05098,92.24,2016-10-29,EMP_008239
Usman Ahmad,Nigeria Customs Service,99973,1213741932,Access,BIO_00064,90.83,2016-12-15,EMP_008240
Chukwu Okonkwo,Ministry of Health,463392,5522131862,Access,BIO_00214,92.43,2016-12-12,EMP_008241
Nnamdi Okafor,Ministry of Works,400083,3858871732,Zenith,BIO_06088,96.76,2019-10-15,EMP_008242
Femi Adeleke,Civil Service Commission,245268,1322069563,First Bank,BIO_42297,97.67,2023-04-21,EMP_008243
Bola Williams,Nigeria Customs Service,360494,9999907480,Zenith,BIO_03539,96.02,2024-08-06,EMP_008244
Fatima Ibrahim,Nigeria Customs Service,290151,1583804166,Access,BIO_05945,91.52,2021-02-21,EMP_008245
Uchenna Onyeka,Ministry of Works,243795,1331699619,First Bank,BIO_01542,95.16,2018-09-11,EMP_008246
Zainab Suleiman,Ministry of Agriculture,99439,8511073071,Access,,99.9,2025-12-06,EMP_008247
Yemi Oyedepo,Ministry of Works,163892,1816523159,Zenith,BIO_05380,86.41,2024-08-30,EMP_008248
Ibrahim Ibrahim,Nigeria Customs Service,488717,1339564253,UBA,BIO_07275,91.37,2025-01-02,EMP_008249
Tayo Ogunlesi,Ministry of Water Resources,263188,8535144405,UBA,BIO_07749,92.88,2022-12-04,EMP_008250
Chioma Nwankwo,Ministry of Health,145807,7659029963,UBA,BIO_04201,86.72,2022-11-01,EMP_008251
Dele Ogunlesi,Civil Service Commission,347267,7082811264,UBA,BIO_04732,96.32,2023-09-16,EMP_008252
Chiamaka Okonkwo,Ministry of Health,149964,1367148167,GTBank,BIO_04754,95.72,2025-01-16,EMP_008253
Fatima Ibrahim,Ministry of Works,300342,5335220143,First Bank,BIO_00015,90.84,2021-07-20,EMP_008254
Tayo Adeleke,Ministry of Education,486741,1167749695,UBA,BIO_11469,98.02,2024-12-10,EMP_008255
Aisha Ibrahim,Ministry of Works,356513,5561942230,GTBank,BIO_01313,87.63,2017-09-12,EMP_008256
Ibrahim Ahmad,Ministry of Water Resources,400045,9187938836,GTBank,BIO_04014,95.5,2021-12-21,EMP_008257
Amina Ibrahim,Ministry of Works,138333,7744203455,UBA,BIO_06677,89.13,2021-11-30,EMP_008258
Chiamaka Okonkwo,Ministry of Works,416952,2815906305,First Bank,BIO_08373,94.84,2020-01-02,EMP_008259
Ibrahim Musa,Ministry of Power,457292,3702033439,Zenith,BIO_06858,96.36,2019-08-21,EMP_008260
Ade Ogunlesi,Nigeria Customs Service,281258,2164802019,Zenith,BIO_01475,88.5,2023-03-08,EMP_008261
Chiamaka Onyeka,Civil Service Commission,392142,6346588057,Zenith,BIO_06428,97.24,2017-03-14,EMP_008262
Chioma Ani,Ministry of Finance,483463,8851680987,GTBank,BIO_56438,96.84,2022-04-30,EMP_008263
Adaeze Nwosu,Ministry of Works,149922,9408806367,Access,BIO_00634,89.91,2020-12-14,EMP_008264
Nnamdi Onyeka,Ministry of Power,436335,2883809063,GTBank,,99.9,2025-07-02,EMP_008265
Tayo Williams,Nigeria Customs Service,128922,2703803253,Zenith,BIO_01107,87.25,2023-08-28,EMP_008266
Bola Williams,Ministry of Power,237117,7874570534,Zenith,BIO_08605,92.5,2018-01-28,EMP_008267
Chiamaka Onyeka,Civil Service Commission,497090,5630941276,UBA,BIO_07088,95.03,2023-11-14,EMP_008268
Kemi Adeleke,Civil Service Commission,346731,7202235690,Zenith,BIO_08716,94.37,2020-08-25,EMP_008269
Okechukwu Okonkwo,Ministry of Agriculture,398949,1403074773,First Bank,BIO_06961,86.11,2018-02-21,EMP_008270
Abubakar Ibrahim,Ministry of Health,193182,4056337794,GTBank,BIO_08352,88.95,2022-03-04,EMP_008271
Okechukwu Nwankwo,Ministry of Finance,87409,6892812010,Access,BIO_04798,90.83,2021-09-23,EMP_008272
Aisha Musa,Ministry of Works,298957,5397569826,First Bank,BIO_06576,96.7,2025-04-24,EMP_008273
Bola Adeyemi,Ministry of Water Resources,163103,3490824610,Access,BIO_08179,95.54,2025-03-13,EMP_008274
Fatima Musa,Ministry of Health,333136,4743277553,Access,BIO_02605,86.45,2019-12-25,EMP_008275
Nnamdi Okonkwo,Ministry of Education,380311,2155171593,First Bank,BIO_08079,87.22,2018-11-11,EMP_008276
Amina Yusuf,Nigeria Customs Service,419284,1049948205,GTBank,BIO_00682,97.76,2021-05-22,EMP_008277
Adaeze Ani,Ministry of Education,226832,7811378681,UBA,BIO_03880,89.79,2021-01-30,EMP_008278
Femi Oyedepo,Ministry of Works,470041,9720501456,Access,BIO_22875,97.1,2022-10-09,EMP_008279
Nnamdi Nwosu,Ministry of Health,208615,3398934793,GTBank,BIO_02043,90.66,2019-04-17,EMP_008280
Kemi Adebayo,Ministry of Power,122567,8399173505,Access,BIO_00339,91.91,2019-01-20,EMP_008281
Zainab Suleiman,Ministry of Health,257830,5847455679,UBA,BIO_08950,93.26,2021-06-21,EMP_008282
Ade Oyedepo,Ministry of Education,194862,1027627372,Access,BIO_05520,85.52,2022-01-18,EMP_008283
Femi Adeyemi,Ministry of Water Resources,400913,6093046889,Access,BIO_00620,95.71,2018-01-18,EMP_008284
Kemi Adeyemi,Ministry of Finance,462865,1970916882,UBA,BIO_03086,88.28,2021-06-12,EMP_008285
Yemi Adeleke,Ministry of Water Resources,88286,8393426575,GTBank,BIO_03902,88.68,2020-04-11,EMP_008286
Chukwu Okafor,Ministry of Water Resources,290798,5512892430,GTBank,BIO_01681,95.04,2016-11-01,EMP_008287
Tayo Oyedepo,Federal Roads Maintenance Agency,176857,5633302235,Access,BIO_00713,86.97,2020-11-01,EMP_008288
Chukwu Nwosu,Ministry of Finance,201989,4587527587,Access,BIO_08542,86.37,2022-05-21,EMP_008289
Nnamdi Onyeka,Civil Service Commission,102693,1540941269,First Bank,BIO_07419,90.44,2016-08-13,EMP_008290
Hassan Ibrahim,Ministry of Finance,432776,5178471144,UBA,,99.9,2024-10-27,EMP_008291
Abubakar Suleiman,Ministry of Water Resources,147750,2052601289,Access,BIO_06775,91.43,2018-05-28,EMP_008292
Chukwu Eze,Civil Service Commission,403390,4963929350,Zenith,BIO_06451,91.17,2017-09-14,EMP_008293
Dele Ogunlesi,Ministry of Agriculture,394268,7492858822,First Bank,BIO_00050,87.65,2021-03-18,EMP_008294
Yemi Williams,Nigeria Customs Service,466543,5100112045,First Bank,BIO_06616,86.06,2021-05-14,EMP_008295
Okechukwu Nwankwo,Federal Roads Maintenance Agency,124921,4148367736,First Bank,BIO_05041,97.97,2017-12-18,EMP_008296
Ibrahim Ahmad,Federal Roads Maintenance Agency,298248,8536772888,Zenith,BIO_03535,92.72,2020-01-07,EMP_008297
Aisha Ibrahim,Ministry of Power,433283,7769830627,UBA,BIO_05667,88.87,2019-02-28,EMP_008298
Ade Ogunlesi,Nigeria Customs Service,278221,4686648004,First Bank,BIO_07195,87.86,2017-03-25,EMP_008299
Adaeze Obiora,Nigeria Customs Service,289864,9669177919,First Bank,BIO_06899,85.36,2017-09-24,EMP_008300
Fatima Ahmad,Ministry of Power,426572,8688861408,Access,BIO_04301,88.6,2018-06-11,EMP_008301
Chinedu Nwankwo,Ministry of Finance,495733,1201499593,UBA,BIO_00596,95.0,2023-01-11,EMP_008302
Fatima Ibrahim,Ministry of Education,395663,6787239474,Zenith,BIO_07000,89.95,2021-02-05,EMP_008303
Hassan Musa,Ministry of Works,260180,4139055403,UBA,BIO_04484,94.38,2020-06-13,EMP_008304
Adaeze Nwosu,Ministry of Education,242120,6867184316,Zenith,BIO_02587,93.88,2021-03-05,EMP_008305
Okechukwu Okonkwo,Federal Roads Maintenance Agency,194305,9452267311,UBA,BIO_00540,87.2,2019-10-28,EMP_008306
Aisha Umar,Nigeria Customs Service,81439,4159363132,GTBank,BIO_01733,93.5,2021-01-10,EMP_008307
Kemi Adebayo,Ministry of Finance,490734,3434868969,First Bank,BIO_05772,92.32,2020-05-07,EMP_008308
Chiamaka Okafor,Federal Roads Maintenance Agency,430640,2666857817,First Bank,BIO_03129,96.43,2024-07-17,EMP_008309
Fatima Musa,Ministry of Agriculture,347625,2032177604,First Bank,BIO_00498,90.22,2019-08-06,EMP_008310
Usman Yusuf,Nigeria Customs Service,356307,3133789506,Zenith,,99.9,2025-04-30,EMP_008311
Ade Ogunlesi,Nigeria Customs Service,417220,3041489867,UBA,BIO_00341,92.55,2023-10-11,EMP_008312
Chukwu Obiora,Ministry of Education,491609,2496734917,Zenith,BIO_70998,98.64,2023-05-29,EMP_008313
Femi Adeleke,Ministry of Water Resources,341259,7775900764,First Bank,BIO_08536,95.02,2020-05-28,EMP_008314
Chinedu Eze,Ministry of Health,273102,2873664546,Access,BIO_02460,93.88,2016-09-18,EMP_008315
Tunde Adeyemi,Ministry of Agriculture,184823,7235687617,GTBank,BIO_08278,93.11,2017-08-04,EMP_008316
Aisha Yusuf,Ministry of Works,307161,8018134233,First Bank,BIO_05383,94.6,2021-08-05,EMP_008317
Chiamaka Ani,Civil Service Commission,448594,7915910322,UBA,BIO_01815,91.66,2021-08-14,EMP_008318
Ibrahim Musa,Ministry of Health,445052,6288475844,First Bank,BIO_05906,94.1,2017-07-02,EMP_008319
Aisha Yusuf,Nigeria Customs Service,80011,3143664801,GTBank,BIO_04552,91.05,2022-09-16,EMP_008320
Aisha Ahmad,Ministry of Education,343830,4921645084,UBA,BIO_01517,92.92,2019-01-27,EMP_008321
Zainab Suleiman,Ministry of Finance,396835,7019416010,UBA,BIO_01386,96.13,2019-09-11,EMP_008322
Okechukwu Okonkwo,Federal Roads Maintenance Agency,493003,9004036629,Zenith,BIO_05180,88.46,2020-05-28,EMP_008323
Yemi Ogunlesi,Ministry of Health,188468,6303805442,Access,BIO_07248,97.2,2017-03-12,EMP_008324
Nnamdi Eze,Ministry of Agriculture,355014,1905570797,UBA,BIO_08959,89.07,2019-01-05,EMP_008325
Femi Oyedepo,Ministry of Water Resources,314509,8243829974,UBA,BIO_09013,91.99,2018-02-27,EMP_008326
Yemi Oyedepo,Ministry of Health,328882,2189666633,First Bank,BIO_07886,96.77,2024-05-02,EMP_008327
Hassan Musa,Ministry of Works,420280,9606375231,First Bank,BIO_07052,90.57,2019-05-09,EMP_008328
Zainab Ibrahim,Ministry of Agriculture,334269,5806850994,GTBank,BIO_08947,93.55,2024-07-05,EMP_008329
Ade Oyedepo,Ministry of Finance,383985,5105798846,First Bank,BIO_01521,87.9,2022-11-18,EMP_008330
Chioma Okonkwo,Civil Service Commission,169468,1830016584,UBA,BIO_08545,86.44,2024-04-18,EMP_008331
Nnamdi Nwankwo,Civil Service Commission,492615,3795777221,First Bank,BIO_04404,89.73,2021-03-14,EMP_008332
Tunde Oyedepo,Ministry of Agriculture,259468,7676331278,First Bank,BIO_62999,96.38,2021-11-08,EMP_008333
Chukwu Ani,Civil Service Commission,149483,2217856611,GTBank,BIO_08423,96.02,2022-11-23,EMP_008334
Chiamaka Nwosu,Ministry of Works,319291,6973015021,Access,BIO_03387,93.56,2022-06-11,EMP_008335
Chukwu Okonkwo,Ministry of Power,375129,6203707109,Access,BIO_00129,94.14,2018-10-19,EMP_008336
Ibrahim Umar,Ministry of Health,493686,5027165354,UBA,BIO_04115,87.66,2022-08-18,EMP_008337
Femi Oyedepo,Ministry of Agriculture,220025,1148355281,Zenith,BIO_07919,92.23,2022-12-25,EMP_008338
Bola Ogunlesi,Nigeria Customs Service,167015,9750708873,UBA,BIO_05294,87.39,2024-12-20,EMP_008339
Abubakar Yusuf,Ministry of Agriculture,183941,9447210319,GTBank,BIO_06519,85.1,2022-10-16,EMP_008340
Yemi Ogunlesi,Ministry of Agriculture,352311,6937280636,GTBank,BIO_07973,91.29,2021-02-08,EMP_008341
Bola Ogunlesi,Civil Service Commission,252387,8789675028,First Bank,BIO_06240,89.73,2024-01-08,EMP_008342
Chiamaka Okonkwo,Nigeria Customs Service,239583,1204333466,UBA,BIO_05442,94.02,2020-06-09,EMP_008343
Aisha Yusuf,Ministry of Agriculture,394476,8458509527,Access,BIO_00820,86.57,2022-03-16,EMP_008344
Uchenna Eze,Nigeria Customs Service,232856,7567434071,Zenith,BIO_02130,96.33,2018-04-09,EMP_008345
Ibrahim Musa,Ministry of Power,175305,7018636344,GTBank,BIO_08657,93.11,2024-11-22,EMP_008346
Usman Suleiman,Ministry of Health,187327,8918164357,Zenith,BIO_00276,88.65,2023-11-21,EMP_008347
Uchenna Ani,Ministry of Education,361350,3265074254,GTBank,BIO_04720,90.63,2020-10-18,EMP_008348
Kemi Ogunlesi,Ministry of Finance,289098,3421570125,Access,BIO_01393,89.15,2022-11-29,EMP_008349
Tayo Williams,Civil Service Commission,475218,4594444480,First Bank,BIO_05125,94.9,2019-07-18,EMP_008350
Femi Adeyemi,Nigeria Customs Service,415679,7082323901,Zenith,BIO_00204,94.17,2024-07-23,EMP_008351
Tunde Adeleke,Ministry of Finance,413562,7003557553,GTBank,BIO_07649,93.18,2022-03-02,EMP_008352
Chiamaka Onyeka,Ministry of Finance,164873,4922597124,First Bank,,99.9,2026-04-13,EMP_008353
Aisha Musa,Nigeria Customs Service,363133,8883020626,First Bank,BIO_04540,90.69,2020-10-25,EMP_008354
Bola Ogunlesi,Nigeria Customs Service,171522,6302479328,First Bank,BIO_08549,89.35,2019-08-16,EMP_008355
Uchenna Eze,Ministry of Agriculture,415575,8395288080,Zenith,BIO_04124,95.17,2017-11-16,EMP_008356
Okechukwu Obiora,Ministry of Finance,178139,1170752805,First Bank,BIO_02074,90.33,2020-07-05,EMP_008357
Chioma Obiora,Ministry of Water Resources,298334,5398171528,GTBank,BIO_04830,85.12,2016-11-25,EMP_008358
Yemi Oyedepo,Ministry of Agriculture,427812,6472321143,UBA,BIO_04643,86.17,2022-12-11,EMP_008359
Yemi Adeyemi,Ministry of Works,281054,2381274365,Zenith,BIO_05463,96.06,2025-03-25,EMP_008360
Hassan Ibrahim,Ministry of Works,247549,3267089783,GTBank,BIO_01234,92.72,2021-06-16,EMP_008361
Adaeze Ani,Ministry of Works,126634,2703315683,Access,BIO_01064,89.15,2016-11-24,EMP_008362
Tunde Oyedepo,Ministry of Power,192737,9570457572,GTBank,BIO_78926,98.72,2019-06-05,EMP_008363
Amina Yusuf,Ministry of Agriculture,91104,6416429206,GTBank,BIO_06110,96.79,2017-01-15,EMP_008364
Chinedu Nwankwo,Ministry of Education,261974,3234549942,UBA,BIO_08134,92.76,2022-04-11,EMP_008365
Ibrahim Yusuf,Ministry of Finance,368677,5819271911,Zenith,,99.9,2026-02-02,EMP_008366
Aisha Suleiman,Civil Service Commission,499484,8855222693,GTBank,BIO_08965,88.52,2022-05-01,EMP_008367
Aisha Yusuf,Ministry of Power,216564,2562616656,UBA,BIO_08951,90.79,2016-12-05,EMP_008368
Amina Suleiman,Ministry of Water Resources,449631,9041948980,Access,BIO_07974,87.23,2018-10-21,EMP_008369
Femi Adebayo,Ministry of Power,311210,7599484320,Access,BIO_08710,92.51,2022-04-13,EMP_008370
Fatima Musa,Ministry of Finance,317413,2392012286,GTBank,BIO_08684,91.73,2019-03-23,EMP_008371
Chukwu Obiora,Ministry of Finance,424074,2055486454,UBA,BIO_06017,87.12,2020-07-21,EMP_008372
Bola Adeleke,Ministry of Agriculture,416827,4872009751,First Bank,BIO_00335,91.84,2021-05-24,EMP_008373
Uchenna Ani,Ministry of Finance,138101,4410683881,Zenith,BIO_02100,96.16,2017-02-21,EMP_008374
Tayo Adebayo,Federal Roads Maintenance Agency,220930,2327370745,First Bank,BIO_08524,95.87,2018-04-09,EMP_008375
Fatima Suleiman,Ministry of Agriculture,92282,4723478049,Access,BIO_00221,86.42,2018-04-03,EMP_008376
Dele Adebayo,Ministry of Finance,162428,6165399352,GTBank,BIO_01931,97.53,2021-08-20,EMP_008377
Kemi Adeleke,Federal Roads Maintenance Agency,180698,8852857132,First Bank,BIO_01948,91.89,2023-08-05,EMP_008378
Amina Ahmad,Civil Service Commission,457012,3468681416,Zenith,BIO_06663,95.3,2021-09-04,EMP_008379
Amina Musa,Ministry of Education,371610,7426603152,First Bank,BIO_05968,92.63,2021-07-31,EMP_008380
Chiamaka Ani,Civil Service Commission,235189,4510849928,Zenith,BIO_07740,89.5,2022-06-08,EMP_008381
Chiamaka Ani,Ministry of Education,390675,2192794829,Access,BIO_02757,95.37,2019-06-05,EMP_008382
Fatima Yusuf,Civil Service Commission,269063,1047879535,UBA,BIO_02247,91.98,2020-11-12,EMP_008383
Ibrahim Umar,Nigeria Customs Service,447352,5489172027,GTBank,BIO_00765,87.95,2018-10-05,EMP_008384
Femi Williams,Civil Service Commission,93975,5523610608,Access,BIO_00872,86.24,2024-07-15,EMP_008385
Zainab Umar,Ministry of Education,359879,1164831533,Zenith,BIO_74986,99.22,2020-02-05,EMP_008386
Chukwu Okonkwo,Ministry of Agriculture,313174,8356736624,UBA,BIO_01911,85.86,2020-10-14,EMP_008387
Hassan Yusuf,Civil Service Commission,369921,6645883357,UBA,BIO_08563,85.28,2021-12-12,EMP_008388
Fatima Umar,Federal Roads Maintenance Agency,268166,5013421300,GTBank,,99.9,2024-06-02,EMP_008389
Chinedu Eze,Nigeria Customs Service,198993,6073236691,Zenith,,99.9,2026-04-19,EMP_008390
Ibrahim Umar,Civil Service Commission,212390,9142642195,UBA,BIO_06715,89.59,2020-03-30,EMP_008391
Amina Yusuf,Ministry of Education,309517,8600539388,UBA,,99.9,2025-12-01,EMP_008392
Okechukwu Okonkwo,Nigeria Customs Service,376596,6955057931,GTBank,,99.9,2024-11-06,EMP_008393
Usman Mohammed,Ministry of Agriculture,204807,2699794120,Zenith,BIO_04698,93.93,2021-06-22,EMP_008394
Abubakar Musa,Nigeria Customs Service,499163,2800983293,First Bank,BIO_06693,93.12,2025-05-10,EMP_008395
Chioma Onyeka,Ministry of Finance,169331,7358139049,GTBank,BIO_07257,97.3,2023-11-19,EMP_008396
Zainab Ahmad,Federal Roads Maintenance Agency,95081,9511525231,Access,BIO_03540,90.63,2018-11-07,EMP_008397
Adaeze Eze,Ministry of Finance,194934,7211513112,UBA,BIO_37335,96.59,2021-04-27,EMP_008398
Hassan Ahmad,Ministry of Finance,467933,9598380800,Access,BIO_04414,86.7,2025-01-13,EMP_008399
Ade Williams,Civil Service Commission,301719,3903841007,Zenith,BIO_08354,92.55,2025-02-19,EMP_008400
Ibrahim Yusuf,Ministry of Power,451616,2423496660,Access,BIO_01269,95.89,2025-01-02,EMP_008401
Fatima Ibrahim,Ministry of Works,456518,3821414987,Access,BIO_06968,96.02,2024-04-29,EMP_008402
Chukwu Onyeka,Ministry of Education,246123,6516572945,UBA,BIO_05013,85.92,2019-11-10,EMP_008403
Hassan Suleiman,Ministry of Power,460900,6364767446,Zenith,BIO_03648,91.37,2021-11-26,EMP_008404
Uchenna Obiora,Ministry of Agriculture,283363,2922312240,Zenith,BIO_02817,89.46,2019-01-09,EMP_008405
Adaeze Nwankwo,Civil Service Commission,156208,6401680295,First Bank,BIO_02772,89.76,2018-12-25,EMP_008406
Yemi Adeleke,Civil Service Commission,475582,5033010925,UBA,BIO_08865,91.38,2023-01-02,EMP_008407
Tayo Adeyemi,Ministry of Agriculture,415754,6535258456,UBA,BIO_04319,95.68,2019-02-05,EMP_008408
Bola Ogunlesi,Nigeria Customs Service,352586,4941375825,Zenith,BIO_09014,87.28,2016-11-28,EMP_008409
Nnamdi Nwosu,Ministry of Power,143772,2502228959,UBA,BIO_02888,91.21,2016-06-16,EMP_008410
Hassan Ibrahim,Ministry of Agriculture,334417,3332930929,UBA,,99.9,2025-08-07,EMP_008411
Yemi Oyedepo,Federal Roads Maintenance Agency,356470,9132937208,First Bank,BIO_08138,93.71,2024-09-09,EMP_008412
Aisha Umar,Ministry of Water Resources,465677,5180336297,GTBank,BIO_03566,87.96,2024-06-25,EMP_008413
Chioma Ani,Ministry of Health,325667,1296563188,UBA,BIO_00235,92.09,2023-05-27,EMP_008414
Chiamaka Ani,Ministry of Finance,295681,9146334885,First Bank,BIO_03761,88.27,2025-04-17,EMP_008415
Uchenna Onyeka,Ministry of Agriculture,355098,7236213492,Zenith,BIO_08665,85.08,2021-02-28,EMP_008416
Zainab Ibrahim,Civil Service Commission,371859,3449882645,Zenith,BIO_03094,96.82,2017-01-06,EMP_008417
Chinedu Okafor,Ministry of Power,343537,9688517600,UBA,BIO_02981,90.33,2018-10-02,EMP_008418
Tunde Ogunlesi,Ministry of Water Resources,337456,3541242635,First Bank,BIO_03674,85.79,2021-04-30,EMP_008419
Chioma Eze,Ministry of Health,253257,9450050793,Zenith,BIO_00511,94.79,2017-11-29,EMP_008420
Bola Adeleke,Nigeria Customs Service,447938,3004169797,First Bank,BIO_04306,93.71,2020-04-27,EMP_008421
Chiamaka Eze,Ministry of Agriculture,339786,4152722411,UBA,BIO_08304,92.25,2022-07-16,EMP_008422
Zainab Ahmad,Civil Service Commission,81018,1222524900,First Bank,BIO_08017,98.0,2018-12-27,EMP_008423
Abubakar Ibrahim,Ministry of Finance,359837,2827682576,GTBank,BIO_05903,87.3,2020-11-10,EMP_008424
Tayo Williams,Ministry of Works,436115,3041363602,Zenith,BIO_08248,87.4,2020-02-20,EMP_008425
Kemi Ogunlesi,Ministry of Agriculture,300763,7293903693,GTBank,BIO_06068,86.53,2021-11-05,EMP_008426
Amina Suleiman,Ministry of Finance,354619,1297178983,GTBank,BIO_07259,96.39,2019-03-08,EMP_008427
Fatima Yusuf,Civil Service Commission,159066,8058675176,First Bank,,99.9,2024-11-26,EMP_008428
Chukwu Eze,Nigeria Customs Service,220966,2775373267,First Bank,BIO_03710,89.11,2021-03-02,EMP_008429
Tunde Oyedepo,Ministry of Water Resources,444800,9906746009,GTBank,BIO_02496,86.35,2023-12-31,EMP_008430
Femi Adeyemi,Nigeria Customs Service,230306,6097401354,First Bank,BIO_02446,87.97,2022-11-14,EMP_008431
Chiamaka Nwankwo,Ministry of Education,482603,9603574514,Access,BIO_03231,89.63,2017-03-18,EMP_008432
Tayo Adeyemi,Ministry of Water Resources,373046,1477462635,First Bank,BIO_08984,85.97,2024-08-05,EMP_008433
Chukwu Okonkwo,Ministry of Power,184838,9588584237,UBA,BIO_03779,96.59,2018-11-21,EMP_008434
Kemi Adeyemi,Ministry of Water Resources,218099,3854460070,Zenith,BIO_07172,87.91,2022-11-01,EMP_008435
Usman Umar,Ministry of Education,283995,9266238133,Access,BIO_02623,94.77,2017-12-26,EMP_008436
Tunde Oyedepo,Ministry of Health,145995,1903740891,Zenith,BIO_07184,93.94,2019-02-22,EMP_008437
Zainab Ahmad,Federal Roads Maintenance Agency,320423,7374886688,Zenith,BIO_05558,86.99,2022-03-01,EMP_008438
Dele Ogunlesi,Ministry of Health,179912,9239701133,Zenith,BIO_00456,96.2,2017-07-29,EMP_008439
Amina Mohammed,Nigeria Customs Service,173819,2137363826,Zenith,BIO_02487,94.65,2017-04-10,EMP_008440
Abubakar Musa,Ministry of Finance,170538,2580680702,First Bank,BIO_05671,90.17,2024-03-15,EMP_008441
Chioma Onyeka,Ministry of Power,190863,2307323624,UBA,BIO_00388,87.6,2021-11-23,EMP_008442
Aisha Musa,Ministry of Agriculture,473327,4571785853,GTBank,BIO_03197,85.61,2021-03-08,EMP_008443
Yemi Oyedepo,Ministry of Finance,104275,2128076250,GTBank,BIO_31295,98.9,2019-01-13,EMP_008444
Chukwu Nwosu,Ministry of Education,439462,6850245254,Access,BIO_28992,97.29,2020-09-10,EMP_008445
Chinedu Nwosu,Ministry of Health,325601,6169529921,Zenith,BIO_00835,90.04,2017-08-12,EMP_008446
Chioma Eze,Ministry of Finance,265231,1203129476,First Bank,,99.9,2025-08-11,EMP_008447
Fatima Umar,Civil Service Commission,437243,4640207382,UBA,BIO_05849,90.29,2022-09-28,EMP_008448
Chukwu Nwosu,Ministry of Water Resources,179322,4683155345,GTBank,BIO_01411,88.38,2023-12-22,EMP_008449
Adaeze Nwankwo,Civil Service Commission,116133,6497258306,First Bank,BIO_05797,88.75,2024-11-27,EMP_008450
Usman Mohammed,Nigeria Customs Service,470360,3227993456,First Bank,BIO_07458,92.17,2024-10-02,EMP_008451
Chinedu Onyeka,Ministry of Finance,480548,2041855600,First Bank,BIO_02080,96.03,2022-01-29,EMP_008452
Chinedu Onyeka,Federal Roads Maintenance Agency,345983,8541283672,GTBank,BIO_05298,86.01,2017-10-14,EMP_008453
Chukwu Okafor,Ministry of Power,331274,2576083717,GTBank,BIO_05712,96.09,2021-05-10,EMP_008454
Hassan Mohammed,Nigeria Customs Service,354555,9829596079,UBA,BIO_03012,90.14,2023-11-02,EMP_008455
Fatima Musa,Ministry of Finance,294382,9831046532,Access,BIO_06297,96.64,2021-12-28,EMP_008456
Adaeze Onyeka,Ministry of Finance,348801,1020238922,Zenith,BIO_05952,92.47,2016-10-16,EMP_008457
Chioma Eze,Ministry of Education,305489,5641414145,GTBank,BIO_03501,97.44,2022-02-22,EMP_008458
Abubakar Yusuf,Nigeria Customs Service,367179,7836080278,First Bank,BIO_08456,94.53,2018-11-10,EMP_008459
Kemi Oyedepo,Ministry of Health,358285,7114418524,UBA,BIO_05330,86.43,2024-05-11,EMP_008460
Kemi Oyedepo,Ministry of Power,354218,5176084321,Zenith,BIO_01663,90.06,2018-05-16,EMP_008461
Tunde Williams,Civil Service Commission,380489,1601694759,Zenith,BIO_04263,97.28,2017-03-04,EMP_008462
Nnamdi Eze,Ministry of Health,483693,8366518129,First Bank,BIO_03959,87.65,2020-03-20,EMP_008463
Uchenna Onyeka,Federal Roads Maintenance Agency,239687,3630234370,Access,BIO_02166,97.99,2022-04-03,EMP_008464
Ibrahim Musa,Ministry of Agriculture,183074,6431465667,First Bank,BIO_00230,91.86,2023-07-24,EMP_008465
Femi Ogunlesi,Ministry of Works,395424,7989499665,First Bank,BIO_05033,89.6,2020-09-08,EMP_008466
Yemi Adebayo,Ministry of Works,401958,6351263425,GTBank,BIO_08161,85.28,2022-04-18,EMP_008467
Dele Adeleke,Federal Roads Maintenance Agency,155416,4886420592,Access,BIO_05810,97.17,2023-04-06,EMP_008468
Amina Ibrahim,Ministry of Water Resources,321644,8962284043,Access,BIO_02625,86.96,2020-01-10,EMP_008469
Chioma Ani,Ministry of Agriculture,368074,6494356109,Access,BIO_03467,90.18,2024-10-21,EMP_008470
Zainab Ahmad,Ministry of Agriculture,466183,2042732901,Zenith,BIO_04870,95.95,2020-01-03,EMP_008471
Kemi Ogunlesi,Ministry of Finance,96587,3841577664,First Bank,BIO_02041,89.91,2017-04-15,EMP_008472
Hassan Ibrahim,Ministry of Health,416980,2850281280,Access,BIO_03326,88.69,2020-08-20,EMP_008473
Nnamdi Okonkwo,Ministry of Power,330116,4297603490,GTBank,BIO_04623,92.81,2022-03-03,EMP_008474
Dele Oyedepo,Federal Roads Maintenance Agency,329368,6368621956,Access,BIO_07758,90.89,2022-12-20,EMP_008475
Ade Oyedepo,Ministry of Agriculture,261130,7343026697,Access,BIO_04774,86.87,2016-09-19,EMP_008476
Uchenna Nwankwo,Federal Roads Maintenance Agency,264295,2512324140,Access,BIO_07948,86.25,2024-11-27,EMP_008477
Okechukwu Nwosu,Ministry of Education,399923,7496152528,GTBank,BIO_02539,96.18,2018-03-25,EMP_008478
Aisha Umar,Ministry of Education,472049,5892662837,UBA,BIO_02268,94.79,2023-05-13,EMP_008479
Aisha Ibrahim,Ministry of Education,387573,6881717482,Zenith,BIO_04697,85.22,2024-10-11,EMP_008480
Chioma Nwosu,Ministry of Health,388775,1652057374,Zenith,BIO_05416,97.95,2021-10-11,EMP_008481
Hassan Umar,Federal Roads Maintenance Agency,322164,7464342922,First Bank,BIO_05318,86.62,2022-04-16,EMP_008482
Tunde Ogunlesi,Ministry of Health,342768,9536012209,Zenith,BIO_06334,97.87,2018-03-27,EMP_008483
Femi Williams,Nigeria Customs Service,145625,1592162729,Access,BIO_09025,91.31,2024-03-26,EMP_008484
Usman Mohammed,Federal Roads Maintenance Agency,228745,6799422489,UBA,BIO_07109,87.49,2022-01-22,EMP_008485
Chinedu Nwosu,Ministry of Agriculture,308521,4980639238,First Bank,BIO_05570,95.44,2016-12-27,EMP_008486
Chiamaka Ani,Civil Service Commission,352680,5461431132,Zenith,BIO_06965,91.7,2022-09-24,EMP_008487
Bola Ogunlesi,Ministry of Water Resources,174027,1491514863,Zenith,BIO_04586,85.25,2019-06-02,EMP_008488
Fatima Suleiman,Civil Service Commission,304855,9013104287,Zenith,BIO_02788,86.48,2017-01-12,EMP_008489
Femi Adebayo,Ministry of Works,166533,8094077741,UBA,BIO_03456,95.03,2023-08-24,EMP_008490
Fatima Suleiman,Federal Roads Maintenance Agency,273911,8173899311,Zenith,BIO_06384,89.13,2021-02-04,EMP_008491
Ibrahim Ahmad,Nigeria Customs Service,118271,6544516239,Access,BIO_04062,91.4,2016-05-14,EMP_008492
Tayo Adeleke,Ministry of Finance,336348,1412363259,First Bank,BIO_06065,97.42,2017-06-05,EMP_008493
Chukwu Onyeka,Ministry of Finance,487570,1181183836,GTBank,,99.9,2025-12-26,EMP_008494
Tayo Oyedepo,Ministry of Power,268610,5624214617,UBA,BIO_02476,85.39,2023-01-05,EMP_008495
Yemi Adeyemi,Federal Roads Maintenance Agency,289315,7785955478,First Bank,BIO_00385,94.73,2018-06-05,EMP_008496
Ibrahim Ibrahim,Federal Roads Maintenance Agency,245898,4859916474,GTBank,BIO_06639,95.83,2020-03-11,EMP_008497
Kemi Williams,Ministry of Power,407862,4879894519,First Bank,BIO_02928,97.29,2022-06-05,EMP_008498
Aisha Musa,Ministry of Agriculture,326086,7367102898,Access,BIO_02549,97.23,2017-02-12,EMP_008499
Usman Ibrahim,Federal Roads Maintenance Agency,352695,4519612849,Access,BIO_04213,85.79,2017-10-31,EMP_008500
Usman Ahmad,Ministry of Agriculture,332947,7505194411,First Bank,BIO_01241,91.49,2022-02-01,EMP_008501
Femi Oyedepo,Ministry of Power,273678,9288465012,First Bank,BIO_02295,88.59,2019-12-03,EMP_008502
Chinedu Okonkwo,Ministry of Education,324645,1623684637,First Bank,BIO_06810,87.14,2022-04-14,EMP_008503
Fatima Umar,Ministry of Education,116328,2915259928,Zenith,BIO_02106,92.73,2016-06-16,EMP_008504
Fatima Mohammed,Ministry of Finance,345589,5252466396,GTBank,BIO_03232,87.98,2017-11-25,EMP_008505
Adaeze Nwosu,Ministry of Education,203263,8947126934,Zenith,BIO_05146,89.23,2020-09-12,EMP_008506
Femi Ogunlesi,Ministry of Health,240307,4559035214,UBA,BIO_07228,89.59,2019-04-15,EMP_008507
Fatima Ahmad,Ministry of Works,155468,9740789702,Access,BIO_03370,90.83,2021-02-15,EMP_008508
Okechukwu Okonkwo,Federal Roads Maintenance Agency,458043,3655928592,First Bank,BIO_04631,91.81,2017-03-17,EMP_008509
Abubakar Musa,Civil Service Commission,137976,6545576590,Access,BIO_05413,93.88,2020-08-20,EMP_008510
Zainab Umar,Ministry of Works,100804,2274644093,Access,BIO_01379,94.38,2018-12-21,EMP_008511
Zainab Musa,Civil Service Commission,499045,5336379440,UBA,BIO_02822,86.51,2017-01-23,EMP_008512
Tunde Oyedepo,Ministry of Water Resources,466087,7628886089,Access,BIO_05996,93.38,2020-03-09,EMP_008513
Tayo Oyedepo,Federal Roads Maintenance Agency,99272,3932514655,First Bank,BIO_04142,87.51,2023-05-24,EMP_008514
Uchenna Nwosu,Ministry of Water Resources,276114,7564432006,GTBank,BIO_00010,95.12,2022-05-03,EMP_008515
Chinedu Nwosu,Nigeria Customs Service,392935,1462531957,UBA,BIO_02689,91.46,2020-03-01,EMP_008516
Zainab Suleiman,Ministry of Health,492429,6550796740,GTBank,BIO_02389,96.44,2020-01-15,EMP_008517
Yemi Adeleke,Nigeria Customs Service,156403,5888696361,First Bank,BIO_07318,87.32,2019-09-30,EMP_008518
Zainab Umar,Ministry of Finance,300619,8128325202,Zenith,BIO_09042,89.59,2016-12-18,EMP_008519
Fatima Ahmad,Ministry of Water Resources,268624,7725589305,GTBank,BIO_02935,94.45,2019-06-03,EMP_008520
Nnamdi Nwosu,Ministry of Health,149078,9702719720,UBA,BIO_08746,93.29,2018-06-24,EMP_008521
Yemi Adeleke,Ministry of Works,239585,6501454940,First Bank,BIO_02001,97.86,2025-03-04,EMP_008522
Chioma Okonkwo,Federal Roads Maintenance Agency,98049,4575831023,GTBank,BIO_06831,87.38,2019-07-10,EMP_008523
Bola Ogunlesi,Ministry of Agriculture,180752,8794488982,Zenith,BIO_07529,97.79,2018-04-07,EMP_008524
Adaeze Okafor,Federal Roads Maintenance Agency,291348,4691626535,First Bank,BIO_03705,96.06,2022-09-30,EMP_008525
Abubakar Ahmad,Ministry of Works,193395,2286720782,First Bank,BIO_06859,95.77,2017-06-27,EMP_008526
Tunde Adebayo,Ministry of Power,239019,9290440120,GTBank,BIO_76557,99.27,2018-08-06,EMP_008527
Chinedu Okafor,Ministry of Agriculture,363998,2662634359,UBA,BIO_01956,89.32,2017-01-15,EMP_008528
Adaeze Obiora,Ministry of Works,237423,6325243267,UBA,BIO_07148,86.72,2016-08-18,EMP_008529
Okechukwu Ani,Civil Service Commission,329785,1442194851,First Bank,BIO_00098,96.77,2016-05-22,EMP_008530
Chukwu Eze,Ministry of Water Resources,338072,5492354336,UBA,BIO_05140,93.7,2016-09-15,EMP_008531
Hassan Suleiman,Ministry of Agriculture,419085,4551071942,UBA,BIO_04959,89.35,2020-03-26,EMP_008532
Dele Oyedepo,Nigeria Customs Service,222796,2185217623,First Bank,BIO_05036,95.3,2020-12-22,EMP_008533
Chinedu Okafor,Civil Service Commission,380590,7404869314,UBA,,99.9,2026-01-20,EMP_008534
Chinedu Okafor,Ministry of Finance,102924,6310510074,GTBank,BIO_06102,92.74,2017-10-03,EMP_008535
Dele Adebayo,Ministry of Water Resources,194264,4165540613,Zenith,BIO_04633,90.43,2023-10-29,EMP_008536
Uchenna Obiora,Ministry of Agriculture,157301,5207600130,UBA,BIO_07856,96.6,2020-12-29,EMP_008537
Aisha Ahmad,Ministry of Water Resources,419783,2106251314,First Bank,BIO_02887,94.85,2020-01-31,EMP_008538
Kemi Adeleke,Ministry of Health,332549,2922152367,Access,BIO_08339,86.32,2020-07-27,EMP_008539
Amina Ahmad,Ministry of Power,374184,2089524882,Zenith,BIO_02004,92.78,2025-01-12,EMP_008540
Zainab Umar,Ministry of Water Resources,382412,2298727962,GTBank,BIO_07583,93.72,2016-08-16,EMP_008541
Chioma Onyeka,Federal Roads Maintenance Agency,164143,2878961682,Access,BIO_06707,95.49,2017-04-01,EMP_008542
Kemi Oyedepo,Federal Roads Maintenance Agency,267071,8295608400,Access,BIO_07863,91.01,2016-06-25,EMP_008543
Okechukwu Nwosu,Civil Service Commission,402187,2902788567,GTBank,BIO_41038,99.24,2024-06-18,EMP_008544
Dele Oyedepo,Ministry of Power,269636,4511658171,Access,BIO_08587,97.83,2017-07-30,EMP_008545
Hassan Ahmad,Ministry of Health,269763,6226046840,UBA,BIO_03728,95.96,2019-08-25,EMP_008546
Zainab Ibrahim,Ministry of Power,224552,1555180348,Zenith,BIO_07218,88.76,2025-03-14,EMP_008547
Yemi Adeyemi,Ministry of Health,106285,9723394467,UBA,BIO_04596,96.37,2020-06-18,EMP_008548
Femi Adeleke,Ministry of Finance,374814,4154111780,GTBank,BIO_00223,93.49,2018-10-19,EMP_008549
Chinedu Nwosu,Nigeria Customs Service,225791,9653181555,GTBank,BIO_05890,94.64,2023-01-22,EMP_008550
Amina Umar,Ministry of Education,468019,1297759375,Access,BIO_01143,95.27,2023-01-08,EMP_008551
Femi Williams,Ministry of Works,1316691,8536085622,Access,BIO_76608,85.52,2025-09-18,EMP_008552
Fatima Umar,Ministry of Health,216027,6291704376,GTBank,BIO_08739,97.37,2024-07-29,EMP_008553
Femi Adeyemi,Ministry of Finance,1233162,6413275104,Access,BIO_75505,85.14,2026-01-20,EMP_008554
Bola Ogunlesi,Ministry of Finance,184531,8175024913,Zenith,BIO_01531,90.33,2017-07-02,EMP_008555
Ibrahim Mohammed,Ministry of Education,296638,6132324584,GTBank,BIO_08338,90.04,2023-02-28,EMP_008556
Adaeze Nwosu,Ministry of Water Resources,244798,8207069233,UBA,BIO_08963,97.23,2021-07-19,EMP_008557
Amina Suleiman,Ministry of Education,432806,3970758864,GTBank,BIO_06424,92.55,2025-03-02,EMP_008558
Ade Oyedepo,Ministry of Power,144231,7243520785,GTBank,BIO_01205,87.98,2024-03-11,EMP_008559
Chinedu Nwosu,Ministry of Education,246382,4572803474,UBA,BIO_00723,87.68,2016-07-01,EMP_008560
Zainab Yusuf,Ministry of Health,296443,8418488185,UBA,BIO_05940,97.92,2016-07-22,EMP_008561
Chukwu Okafor,Nigeria Customs Service,202539,9644617213,Access,BIO_02961,89.13,2024-02-16,EMP_008562
Chukwu Nwosu,Ministry of Finance,365686,7690510489,GTBank,BIO_03606,89.89,2019-11-07,EMP_008563
Zainab Ahmad,Civil Service Commission,450038,6315142698,Access,BIO_08518,91.35,2025-03-21,EMP_008564
Uchenna Nwankwo,Ministry of Power,158252,1426314368,UBA,BIO_04962,88.87,2023-02-20,EMP_008565
Chiamaka Eze,Ministry of Works,454733,6590604112,First Bank,BIO_06271,87.22,2025-03-26,EMP_008566
Abubakar Mohammed,Ministry of Water Resources,83735,1891380279,UBA,BIO_07169,89.33,2020-01-09,EMP_008567
Abubakar Umar,Ministry of Power,249275,8133254735,Access,BIO_07047,86.19,2017-02-12,EMP_008568
Chinedu Nwosu,Federal Roads Maintenance Agency,413129,2911361328,UBA,BIO_01103,93.86,2024-02-06,EMP_008569
Kemi Adebayo,Ministry of Finance,139875,5096428607,GTBank,BIO_04541,91.47,2023-07-30,EMP_008570
Ade Williams,Ministry of Education,156748,3057483410,Access,BIO_00569,89.98,2022-08-10,EMP_008571
Abubakar Ahmad,Ministry of Education,94394,6414436018,First Bank,BIO_04835,95.81,2022-06-22,EMP_008572
Chinedu Okonkwo,Civil Service Commission,161150,1731835197,First Bank,BIO_04372,94.48,2019-01-16,EMP_008573
Bola Oyedepo,Ministry of Finance,400513,7067009663,Access,BIO_07848,85.08,2017-01-19,EMP_008574
Fatima Musa,Federal Roads Maintenance Agency,325140,3360892482,Zenith,BIO_05150,93.72,2020-03-24,EMP_008575
Bola Adebayo,Federal Roads Maintenance Agency,142314,1716349433,First Bank,,99.9,2025-01-15,EMP_008576
Usman Suleiman,Ministry of Agriculture,141215,6118519439,Zenith,BIO_03690,86.47,2018-07-18,EMP_008577
Femi Ogunlesi,Nigeria Customs Service,117149,2304242540,First Bank,BIO_06339,87.36,2020-07-29,EMP_008578
Yemi Ogunlesi,Ministry of Water Resources,460080,5861189998,First Bank,BIO_08887,91.42,2024-10-19,EMP_008579
Ibrahim Suleiman,Ministry of Finance,172706,1162738006,Zenith,BIO_05882,89.67,2021-04-02,EMP_008580
Ibrahim Suleiman,Ministry of Power,94873,8483885972,UBA,BIO_06710,97.79,2022-05-10,EMP_008581
Okechukwu Ani,Ministry of Finance,260308,7437068004,GTBank,BIO_70611,99.28,2019-08-26,EMP_008582
Uchenna Eze,Nigeria Customs Service,321350,1906251748,Access,BIO_00586,89.72,2020-12-09,EMP_008583
Chioma Ani,Nigeria Customs Service,106187,5761091064,Access,BIO_05405,97.11,2021-12-18,EMP_008584
Dele Ogunlesi,Ministry of Finance,130530,1401835964,Access,BIO_08789,89.29,2024-08-17,EMP_008585
Kemi Oyedepo,Federal Roads Maintenance Agency,281451,5956306333,Access,,99.9,2024-08-12,EMP_008586
Adaeze Nwosu,Ministry of Works,401496,9274418741,Zenith,BIO_08995,95.18,2020-10-08,EMP_008587
Chukwu Nwosu,Civil Service Commission,446933,5517830089,Zenith,BIO_07736,86.17,2016-07-09,EMP_008588
Ade Adeyemi,Nigeria Customs Service,1168212,1201342402,GTBank,BIO_86650,95.8,2025-06-26,EMP_008589
Fatima Mohammed,Civil Service Commission,397349,5980966058,GTBank,BIO_01431,90.08,2017-08-07,EMP_008590
Bola Ogunlesi,Civil Service Commission,228491,2362682742,UBA,BIO_08799,97.91,2025-05-02,EMP_008591
Chukwu Nwankwo,Ministry of Agriculture,322541,4425484250,Access,BIO_76581,96.39,2022-03-21,EMP_008592
Usman Ahmad,Civil Service Commission,437116,5608109928,Access,BIO_01983,86.57,2024-03-22,EMP_008593
Hassan Ibrahim,Ministry of Water Resources,144960,1226019758,First Bank,BIO_05850,97.69,2024-05-10,EMP_008594
Okechukwu Nwankwo,Ministry of Works,268550,9335368240,First Bank,BIO_07457,85.95,2017-11-17,EMP_008595
Uchenna Ani,Ministry of Health,323069,8167101084,Zenith,BIO_04793,89.18,2022-11-02,EMP_008596
Yemi Williams,Ministry of Agriculture,188997,1212447103,UBA,BIO_04588,97.46,2023-02-01,EMP_008597
Abubakar Ahmad,Ministry of Education,488636,4995032545,GTBank,BIO_03538,91.56,2018-09-30,EMP_008598
Dele Adebayo,Nigeria Customs Service,228436,7621786553,Zenith,BIO_02175,86.64,2020-08-06,EMP_008599
Amina Ibrahim,Ministry of Education,453235,1953499986,GTBank,BIO_08780,95.0,2020-05-09,EMP_008600
Chioma Okafor,Nigeria Customs Service,403716,8181700011,Access,BIO_03577,96.85,2024-08-19,EMP_008601
Abubakar Yusuf,Nigeria Customs Service,124818,1314575462,UBA,BIO_07639,85.09,2023-03-08,EMP_008602
Kemi Adeleke,Ministry of Agriculture,115068,6155362504,Access,BIO_02428,87.01,2018-08-06,EMP_008603
Tayo Oyedepo,Ministry of Power,493451,4022797046,Access,BIO_05326,93.14,2021-04-30,EMP_008604
Tayo Adeleke,Nigeria Customs Service,140842,9713752250,UBA,BIO_06857,86.27,2022-03-04,EMP_008605
Bola Oyedepo,Ministry of Health,206425,7903284430,GTBank,BIO_03324,86.39,2018-04-22,EMP_008606
Abubakar Umar,Ministry of Power,942383,6159675199,UBA,BIO_77971,95.07,2025-07-25,EMP_008607
Amina Ahmad,Civil Service Commission,373480,2215286859,Access,BIO_01432,90.73,2024-10-17,EMP_008608
Nnamdi Onyeka,Federal Roads Maintenance Agency,492582,8892653639,First Bank,BIO_02339,89.74,2023-09-26,EMP_008609
Femi Adeleke,Ministry of Education,246790,5073758040,Zenith,BIO_03220,94.0,2017-02-26,EMP_008610
Zainab Musa,Ministry of Finance,464992,3519054021,GTBank,BIO_03342,88.29,2024-06-19,EMP_008611
Femi Adeyemi,Ministry of Finance,453841,4539245037,First Bank,BIO_05073,93.51,2022-06-14,EMP_008612
Aisha Ibrahim,Nigeria Customs Service,398941,5036246212,Access,BIO_02541,90.63,2018-06-19,EMP_008613
Chukwu Ani,Ministry of Finance,475356,1081949239,Zenith,BIO_92352,99.0,2021-01-08,EMP_008614
Usman Mohammed,Federal Roads Maintenance Agency,368440,2674414775,First Bank,BIO_06303,93.31,2022-11-30,EMP_008615
Nnamdi Eze,Ministry of Finance,118515,8374130711,UBA,BIO_04226,94.66,2017-09-19,EMP_008616
Nnamdi Okonkwo,Ministry of Education,169603,5750071470,UBA,BIO_05141,97.37,2016-11-02,EMP_008617
Amina Umar,Ministry of Finance,428872,6275240452,Access,BIO_07096,87.72,2021-09-06,EMP_008618
Zainab Ahmad,Ministry of Water Resources,258050,5564643650,GTBank,BIO_01792,92.44,2024-09-14,EMP_008619
Chioma Okonkwo,Civil Service Commission,112269,7049389260,First Bank,BIO_01238,87.76,2024-11-08,EMP_008620
Okechukwu Ani,Ministry of Education,172433,8660540868,GTBank,BIO_01023,96.23,2021-04-02,EMP_008621
Hassan Musa,Civil Service Commission,256632,4543653300,UBA,BIO_07930,87.59,2025-02-14,EMP_008622
Ade Williams,Ministry of Works,84128,5172474606,GTBank,BIO_03192,93.36,2024-03-20,EMP_008623
Okechukwu Onyeka,Ministry of Power,232756,4183933253,Access,BIO_06551,95.64,2021-06-07,EMP_008624
Dele Oyedepo,Civil Service Commission,281966,3000410764,GTBank,BIO_07149,96.39,2016-10-08,EMP_008625
Fatima Mohammed,Federal Roads Maintenance Agency,271944,6501305639,UBA,BIO_07177,97.17,2017-09-14,EMP_008626
Amina Musa,Ministry of Agriculture,165517,8682401280,First Bank,BIO_08940,95.96,2022-12-16,EMP_008627
Yemi Adeleke,Ministry of Water Resources,461038,8389150198,First Bank,BIO_03244,87.98,2023-06-02,EMP_008628
Hassan Musa,Ministry of Works,319709,3913945109,GTBank,BIO_04361,85.76,2019-04-22,EMP_008629
Aisha Mohammed,Ministry of Agriculture,1214802,1870907729,GTBank,BIO_23856,86.23,2025-09-14,EMP_008630
Fatima Ahmad,Federal Roads Maintenance Agency,340034,2822801956,UBA,BIO_00244,94.56,2025-04-24,EMP_008631
Bola Adeyemi,Ministry of Finance,154196,2613558755,Zenith,BIO_04025,85.12,2020-09-03,EMP_008632
Uchenna Onyeka,Ministry of Works,90135,6159411419,Zenith,BIO_06507,94.43,2019-06-03,EMP_008633
Aisha Ibrahim,Ministry of Works,312287,4005187491,UBA,BIO_05064,85.34,2016-08-20,EMP_008634
Amina Yusuf,Ministry of Power,478854,1687432944,UBA,BIO_01787,95.15,2021-04-12,EMP_008635
Chinedu Obiora,Ministry of Education,274420,8457918505,UBA,BIO_00868,92.48,2016-06-08,EMP_008636
Kemi Adeyemi,Ministry of Agriculture,355024,9293580200,Zenith,BIO_08143,85.19,2018-01-24,EMP_008637
Hassan Umar,Nigeria Customs Service,150118,9657878026,UBA,BIO_04139,96.92,2023-12-06,EMP_008638
Kemi Oyedepo,Ministry of Education,101055,7070019396,UBA,BIO_05287,95.95,2024-06-30,EMP_008639
Hassan Suleiman,Nigeria Customs Service,119075,5069185240,Zenith,BIO_02177,90.91,2019-08-30,EMP_008640
Kemi Adebayo,Federal Roads Maintenance Agency,187039,4571343491,First Bank,BIO_08089,90.03,2016-08-30,EMP_008641
Aisha Yusuf,Civil Service Commission,186101,1278075985,First Bank,BIO_04192,90.99,2023-04-23,EMP_008642
Chinedu Okonkwo,Ministry of Health,251907,4014163570,GTBank,BIO_03948,86.97,2024-02-16,EMP_008643
Femi Adeleke,Ministry of Water Resources,393948,2242792860,Zenith,BIO_06835,87.43,2023-02-02,EMP_008644
Dele Williams,Ministry of Power,122148,1960173641,Zenith,BIO_05270,97.26,2019-09-19,EMP_008645
Chinedu Eze,Ministry of Power,373174,5668144253,GTBank,BIO_05960,89.65,2020-10-25,EMP_008646
Usman Mohammed,Ministry of Works,124844,2514948964,Access,BIO_03203,91.26,2018-04-10,EMP_008647
Yemi Adeleke,Ministry of Education,251220,1164831533,Zenith,BIO_27852,98.21,2024-05-18,EMP_008648
Chukwu Okonkwo,Ministry of Education,1474158,5683131143,Zenith,BIO_65244,97.02,2025-07-30,EMP_008649
Usman Umar,Ministry of Agriculture,485222,4195259682,Zenith,BIO_07659,96.14,2018-04-04,EMP_008650
Uchenna Onyeka,Nigeria Customs Service,174200,6576449146,Zenith,BIO_07712,95.38,2020-06-12,EMP_008651
Uchenna Okonkwo,Federal Roads Maintenance Agency,441938,8887874873,UBA,BIO_01822,86.89,2023-08-17,EMP_008652
Usman Yusuf,Ministry of Agriculture,475939,1340935203,UBA,,99.9,2025-06-16,EMP_008653
Chinedu Ani,Ministry of Works,482917,3058102516,Access,BIO_08405,89.91,2023-12-04,EMP_008654
Usman Ibrahim,Ministry of Agriculture,380403,1292803139,UBA,BIO_06795,91.3,2025-01-24,EMP_008655
Ibrahim Yusuf,Ministry of Works,387978,3233456910,Access,,99.9,2024-11-17,EMP_008656
Femi Adebayo,Ministry of Works,81837,7680316263,Zenith,BIO_19906,99.18,2018-07-15,EMP_008657
Chukwu Obiora,Ministry of Health,199967,1950852829,Access,BIO_41104,96.85,2023-02-23,EMP_008658
Fatima Mohammed,Ministry of Water Resources,440660,9548488148,First Bank,BIO_08646,91.36,2024-03-25,EMP_008659
Zainab Suleiman,Nigeria Customs Service,374505,6474455290,GTBank,BIO_07860,88.87,2019-08-28,EMP_008660
Usman Mohammed,Ministry of Works,362161,6979554583,GTBank,BIO_00442,89.22,2017-09-08,EMP_008661
Femi Adeleke,Federal Roads Maintenance Agency,219921,1185537729,Zenith,BIO_06100,97.87,2018-11-21,EMP_008662
Chioma Obiora,Ministry of Power,199576,9175862592,UBA,BIO_03291,96.65,2018-02-16,EMP_008663
Chiamaka Okafor,Ministry of Finance,246228,2882761229,Zenith,BIO_01404,90.87,2016-10-03,EMP_008664
Chinedu Nwankwo,Ministry of Health,278372,7686420114,First Bank,BIO_07118,93.02,2023-06-19,EMP_008665
Femi Williams,Ministry of Water Resources,239006,8329902316,Zenith,BIO_08629,85.1,2019-03-30,EMP_008666
Chiamaka Ani,Ministry of Education,225552,6798968224,Access,BIO_00368,96.81,2022-06-13,EMP_008667
Chioma Onyeka,Ministry of Health,477783,7246456348,First Bank,BIO_02972,97.0,2020-02-18,EMP_008668
Femi Adeyemi,Ministry of Finance,230812,8071976639,GTBank,BIO_04191,89.41,2023-07-08,EMP_008669
Tunde Ogunlesi,Ministry of Finance,145746,2368691133,Zenith,BIO_00496,88.98,2023-10-17,EMP_008670
Fatima Ibrahim,Ministry of Power,151694,1588943693,GTBank,BIO_02101,88.23,2019-01-20,EMP_008671
Fatima Ibrahim,Ministry of Power,263420,5708303852,Zenith,BIO_06158,91.9,2017-07-18,EMP_008672
Hassan Yusuf,Ministry of Power,309521,1054191453,UBA,BIO_02827,85.57,2018-10-11,EMP_008673
Usman Mohammed,Nigeria Customs Service,408949,8476354517,Access,BIO_08754,95.33,2016-10-02,EMP_008674
Adaeze Obiora,Ministry of Water Resources,98468,8092221981,First Bank,BIO_07444,94.02,2024-07-19,EMP_008675
Uchenna Ani,Federal Roads Maintenance Agency,394292,7878850041,GTBank,BIO_05373,95.14,2020-04-18,EMP_008676
Uchenna Ani,Federal Roads Maintenance Agency,1392361,4394175686,First Bank,BIO_14445,90.12,2026-01-16,EMP_008677
Abubakar Mohammed,Ministry of Education,328061,9919709668,Access,BIO_08451,91.77,2024-12-18,EMP_008678
Abubakar Musa,Ministry of Water Resources,414104,5367168015,First Bank,BIO_06078,85.06,2018-05-02,EMP_008679
Uchenna Obiora,Civil Service Commission,360178,1862740415,UBA,BIO_05374,89.33,2021-07-01,EMP_008680
Uchenna Ani,Ministry of Water Resources,196719,7346897189,Access,BIO_06286,92.74,2017-04-01,EMP_008681
Kemi Adeleke,Civil Service Commission,131169,2698694960,Zenith,BIO_04367,85.87,2023-08-01,EMP_008682
Femi Oyedepo,Civil Service Commission,454944,9578800680,UBA,BIO_01257,90.81,2021-02-04,EMP_008683
Chiamaka Okonkwo,Civil Service Commission,154189,6112062998,GTBank,BIO_04502,92.02,2020-07-26,EMP_008684
Usman Umar,Ministry of Water Resources,324009,3405106266,GTBank,BIO_00602,86.52,2021-09-16,EMP_008685
Chinedu Okafor,Nigeria Customs Service,408713,7743488836,Access,BIO_01645,89.91,2021-03-26,EMP_008686
Chinedu Nwankwo,Ministry of Water Resources,428056,1426904122,First Bank,BIO_06908,92.39,2021-10-19,EMP_008687
Uchenna Onyeka,Ministry of Power,276170,9835511427,Zenith,BIO_06612,92.34,2022-01-02,EMP_008688
Tunde Oyedepo,Ministry of Health,210813,4647829461,Zenith,BIO_02256,89.55,2024-09-19,EMP_008689
Ibrahim Ibrahim,Ministry of Finance,177152,4674109553,First Bank,BIO_08275,95.25,2024-10-02,EMP_008690
Tayo Ogunlesi,Ministry of Finance,1305949,8734834467,UBA,BIO_67089,86.43,2026-05-07,EMP_008691
Zainab Suleiman,Ministry of Agriculture,344625,7288138860,UBA,BIO_06917,93.8,2017-11-09,EMP_008692
Chukwu Ani,Ministry of Works,126129,9497378872,UBA,BIO_02542,94.63,2019-03-15,EMP_008693
Uchenna Obiora,Civil Service Commission,163773,1925452348,GTBank,BIO_00769,95.83,2025-01-23,EMP_008694
Chiamaka Onyeka,Ministry of Power,283129,8299907579,Zenith,BIO_06629,87.71,2018-09-16,EMP_008695
Chiamaka Obiora,Civil Service Commission,84337,1692153147,UBA,BIO_03595,86.39,2020-03-07,EMP_008696
Usman Musa,Ministry of Health,85601,2071448709,GTBank,BIO_07230,89.58,2022-07-19,EMP_008697
Chukwu Ani,Ministry of Works,406646,4959506471,Access,BIO_08168,95.03,2021-04-11,EMP_008698
Chinedu Okonkwo,Ministry of Health,338125,7068967359,Zenith,BIO_04918,87.12,2022-07-04,EMP_008699
Chinedu Onyeka,Ministry of Health,361403,7516697025,UBA,BIO_07161,91.74,2017-06-28,EMP_008700
Chiamaka Nwosu,Nigeria Customs Service,373782,4331812641,First Bank,BIO_00986,97.61,2021-07-29,EMP_008701
Chioma Nwankwo,Federal Roads Maintenance Agency,209007,9588468563,Zenith,BIO_08197,91.7,2020-10-26,EMP_008702
Chiamaka Nwankwo,Ministry of Finance,162258,4325843073,UBA,BIO_07629,90.58,2023-01-10,EMP_008703
Amina Umar,Ministry of Finance,340939,3149156409,Zenith,BIO_03493,93.5,2022-12-28,EMP_008704
Kemi Adebayo,Ministry of Finance,276148,2872775074,Access,BIO_01544,97.8,2021-06-27,EMP_008705
Hassan Umar,Ministry of Finance,278723,4648047117,GTBank,BIO_02466,89.74,2020-03-11,EMP_008706
Kemi Williams,Ministry of Finance,380089,8197784555,Access,BIO_07907,91.88,2018-08-22,EMP_008707
Ade Adebayo,Ministry of Agriculture,279695,5586246316,GTBank,BIO_00314,93.98,2017-05-28,EMP_008708
Adaeze Nwosu,Ministry of Water Resources,1181870,2590847443,Access,BIO_19860,90.96,2025-09-22,EMP_008709
Aisha Suleiman,Ministry of Finance,388663,2190994760,GTBank,BIO_04354,87.53,2024-05-24,EMP_008710
Zainab Yusuf,Ministry of Education,257494,4999537042,Zenith,BIO_04974,88.97,2019-10-28,EMP_008711
Yemi Adeyemi,Ministry of Education,147102,9674815899,Zenith,BIO_02980,96.72,2022-11-10,EMP_008712
Hassan Musa,Ministry of Power,258802,1114257275,UBA,BIO_08818,95.71,2019-06-09,EMP_008713
Zainab Ibrahim,Ministry of Works,377846,8393971022,GTBank,BIO_03401,92.67,2023-06-20,EMP_008714
Zainab Ibrahim,Ministry of Agriculture,343278,3712181483,First Bank,BIO_08857,94.61,2022-09-19,EMP_008715
Usman Umar,Civil Service Commission,180505,7944263146,UBA,BIO_08565,85.27,2023-10-20,EMP_008716
Hassan Ahmad,Federal Roads Maintenance Agency,493854,3361781632,Zenith,BIO_01420,89.77,2025-01-10,EMP_008717
Tunde Adeyemi,Nigeria Customs Service,180725,1831257201,Zenith,BIO_03824,94.93,2020-12-19,EMP_008718
Kemi Adebayo,Federal Roads Maintenance Agency,353922,7219561339,First Bank,BIO_07167,91.66,2020-10-24,EMP_008719
Hassan Ibrahim,Ministry of Water Resources,165696,2869104014,Access,BIO_04724,88.44,2025-02-04,EMP_008720
Chinedu Nwosu,Ministry of Education,258102,5073450762,Zenith,BIO_01140,95.21,2019-10-30,EMP_008721
Dele Ogunlesi,Ministry of Education,244135,7909517462,First Bank,BIO_02425,85.87,2018-07-28,EMP_008722
Tunde Adeleke,Ministry of Finance,459951,8987793749,Access,BIO_00114,91.88,2018-02-05,EMP_008723
Adaeze Ani,Ministry of Power,373612,4452647972,GTBank,BIO_00280,86.78,2023-05-16,EMP_008724
Kemi Adeyemi,Civil Service Commission,496259,9676656879,UBA,BIO_01224,88.25,2020-05-05,EMP_008725
Chioma Eze,Ministry of Agriculture,932696,6432364988,UBA,BIO_30842,90.31,2025-12-14,EMP_008726
Bola Adeleke,Ministry of Agriculture,475638,2833321695,GTBank,BIO_06539,85.37,2024-05-25,EMP_008727
Usman Musa,Nigeria Customs Service,305383,4644892793,Zenith,,99.9,2024-08-21,EMP_008728
Dele Ogunlesi,Ministry of Agriculture,320616,4113522464,GTBank,BIO_04333,92.87,2021-09-03,EMP_008729
Chiamaka Obiora,Ministry of Finance,126050,1432798656,GTBank,BIO_02839,88.26,2024-12-15,EMP_008730
Nnamdi Nwosu,Ministry of Power,189863,4519112919,Access,BIO_01703,90.57,2020-09-18,EMP_008731
Usman Yusuf,Ministry of Water Resources,308876,9795024864,GTBank,BIO_07816,97.86,2021-12-31,EMP_008732
Bola Oyedepo,Ministry of Finance,211313,6570708431,UBA,BIO_03694,85.43,2019-04-13,EMP_008733
Aisha Yusuf,Ministry of Water Resources,461766,3201607544,Zenith,BIO_03542,87.86,2022-07-09,EMP_008734
Abubakar Musa,Ministry of Health,241826,7612115415,Access,BIO_06180,95.16,2023-03-07,EMP_008735
Zainab Yusuf,Ministry of Agriculture,223070,9666164926,Zenith,BIO_07107,85.01,2021-11-04,EMP_008736
Ibrahim Musa,Ministry of Water Resources,339487,2796784917,GTBank,BIO_01182,97.59,2016-07-27,EMP_008737
Okechukwu Nwosu,Ministry of Education,345870,6870755527,Zenith,BIO_01020,90.36,2021-12-02,EMP_008738
Okechukwu Eze,Ministry of Works,309727,1914534114,Zenith,BIO_05077,85.15,2020-06-12,EMP_008739
Uchenna Obiora,Ministry of Works,241688,5414087041,GTBank,BIO_00600,94.9,2020-12-12,EMP_008740
Dele Adeyemi,Ministry of Power,104678,9290440120,GTBank,BIO_38608,99.26,2021-02-16,EMP_008741
Uchenna Okonkwo,Ministry of Water Resources,468801,5757425571,Access,BIO_08497,95.68,2021-10-11,EMP_008742
Aisha Suleiman,Ministry of Power,154439,4984175738,GTBank,BIO_04417,95.92,2016-07-09,EMP_008743
Okechukwu Ani,Ministry of Power,287223,5180186857,GTBank,BIO_86035,96.12,2019-10-24,EMP_008744
Okechukwu Okonkwo,Ministry of Education,322423,5290862773,First Bank,BIO_00966,94.33,2023-09-29,EMP_008745
Zainab Mohammed,Ministry of Power,220088,6001126028,First Bank,BIO_00959,94.45,2018-07-22,EMP_008746
Usman Musa,Ministry of Power,468745,1184365421,GTBank,BIO_08873,87.05,2022-10-21,EMP_008747
Aisha Umar,Federal Roads Maintenance Agency,141398,1012884299,First Bank,BIO_00505,94.7,2020-02-17,EMP_008748
Bola Adebayo,Ministry of Water Resources,495103,8269508953,Access,BIO_02390,86.64,2022-11-25,EMP_008749
Chukwu Obiora,Ministry of Agriculture,482414,7903240364,First Bank,BIO_04180,85.6,2019-07-14,EMP_008750
Tayo Oyedepo,Ministry of Finance,137188,6661758998,First Bank,BIO_00150,93.71,2021-07-09,EMP_008751
Chinedu Nwankwo,Ministry of Finance,180807,1653655089,First Bank,BIO_04554,97.32,2017-05-10,EMP_008752
Hassan Ahmad,Ministry of Finance,408676,4521318982,Zenith,BIO_07823,97.69,2018-06-10,EMP_008753
Ibrahim Yusuf,Ministry of Power,499654,9356369189,Access,BIO_05329,86.61,2024-07-08,EMP_008754
Yemi Adeyemi,Ministry of Finance,303740,7649116846,Zenith,BIO_08180,90.68,2019-12-04,EMP_008755
Usman Musa,Federal Roads Maintenance Agency,132278,8532849370,Zenith,BIO_07010,93.75,2021-10-15,EMP_008756
Bola Adeyemi,Ministry of Power,459070,9627338803,Access,BIO_05545,87.91,2023-07-20,EMP_008757
Adaeze Okafor,Ministry of Finance,95468,9961561258,Access,BIO_02368,88.02,2016-07-18,EMP_008758
Aisha Musa,Ministry of Water Resources,364910,8288881088,First Bank,BIO_05674,89.86,2020-11-22,EMP_008759
Ibrahim Ahmad,Ministry of Works,402486,9942963878,First Bank,BIO_07137,95.38,2020-06-28,EMP_008760
Uchenna Okafor,Federal Roads Maintenance Agency,308351,1108674768,Zenith,BIO_01183,85.39,2016-08-23,EMP_008761
Ibrahim Suleiman,Ministry of Education,280335,7783564179,First Bank,BIO_01680,91.32,2016-11-21,EMP_008762
Chukwu Eze,Nigeria Customs Service,374321,8374319678,GTBank,BIO_03706,92.22,2024-03-27,EMP_008763
Femi Adeyemi,Ministry of Power,348735,8154628790,UBA,BIO_02878,91.81,2024-06-10,EMP_008764
Aisha Umar,Ministry of Power,244848,6836193421,GTBank,BIO_00143,86.9,2024-09-10,EMP_008765
Dele Williams,Ministry of Education,144498,1164831533,Zenith,BIO_97021,98.95,2020-02-14,EMP_008766
Tayo Adeyemi,Nigeria Customs Service,244913,7260542665,UBA,BIO_02728,91.96,2024-12-03,EMP_008767
Aisha Suleiman,Ministry of Water Resources,397289,8700802856,Access,BIO_02102,87.33,2019-10-24,EMP_008768
Ibrahim Ibrahim,Ministry of Power,421754,1747830194,UBA,BIO_06128,89.84,2022-07-25,EMP_008769
Hassan Umar,Ministry of Education,129808,8777058102,Access,BIO_02282,97.21,2023-12-10,EMP_008770
Tayo Williams,Civil Service Commission,380050,7487418333,Access,BIO_08002,89.68,2023-10-15,EMP_008771
Hassan Yusuf,Ministry of Education,336716,5980785763,Zenith,BIO_04653,86.49,2022-07-26,EMP_008772
Chioma Okonkwo,Civil Service Commission,205132,6155205539,First Bank,BIO_02611,86.06,2024-07-08,EMP_008773
Chiamaka Okonkwo,Ministry of Education,294448,7280778827,Zenith,BIO_00791,97.02,2017-09-28,EMP_008774
Dele Adebayo,Civil Service Commission,230714,1022979319,UBA,BIO_07320,85.67,2016-10-30,EMP_008775
Uchenna Ani,Ministry of Power,111723,3977142540,First Bank,BIO_06652,92.55,2019-10-19,EMP_008776
Okechukwu Nwankwo,Civil Service Commission,80385,2612351043,UBA,BIO_00366,90.53,2016-06-06,EMP_008777
Chiamaka Okafor,Ministry of Finance,448356,7461193113,GTBank,BIO_01062,93.21,2023-09-06,EMP_008778
Adaeze Okafor,Ministry of Water Resources,266344,1813580850,GTBank,BIO_07633,95.02,2023-04-04,EMP_008779
Fatima Musa,Ministry of Water Resources,495822,5235842534,First Bank,BIO_04175,85.65,2021-11-24,EMP_008780
Kemi Adeleke,Ministry of Health,346793,7746708847,UBA,BIO_05251,91.49,2019-01-29,EMP_008781
Abubakar Umar,Ministry of Water Resources,201314,1159486969,UBA,BIO_02833,94.48,2018-09-17,EMP_008782
Bola Adeyemi,Ministry of Power,385277,9377577558,Access,BIO_02378,94.03,2021-09-16,EMP_008783
Aisha Yusuf,Ministry of Finance,492443,9434061514,First Bank,BIO_08576,85.14,2021-07-07,EMP_008784
Kemi Williams,Ministry of Works,201186,2895861934,Zenith,BIO_08231,87.93,2018-01-19,EMP_008785
Okechukwu Nwankwo,Federal Roads Maintenance Agency,498740,2105509509,GTBank,BIO_02281,96.7,2019-08-13,EMP_008786
Kemi Adebayo,Ministry of Works,405014,7740856491,GTBank,BIO_08390,96.7,2016-05-15,EMP_008787
Okechukwu Nwosu,Nigeria Customs Service,89665,1299605575,First Bank,BIO_02868,88.71,2023-12-02,EMP_008788
Okechukwu Onyeka,Ministry of Works,184295,2922702687,UBA,BIO_06650,93.95,2021-05-06,EMP_008789
Chinedu Ani,Ministry of Health,172110,3998149965,Zenith,BIO_04067,96.09,2024-01-21,EMP_008790
Usman Suleiman,Ministry of Education,333996,8886147996,First Bank,BIO_05004,85.68,2025-01-07,EMP_008791
Aisha Suleiman,Ministry of Health,492621,7651157575,GTBank,BIO_08384,94.96,2022-11-17,EMP_008792
Femi Williams,Federal Roads Maintenance Agency,180340,7384075977,UBA,BIO_08882,87.96,2021-01-22,EMP_008793
Chinedu Nwosu,Ministry of Health,410780,1056942844,Zenith,BIO_06799,94.63,2020-10-02,EMP_008794
Femi Oyedepo,Federal Roads Maintenance Agency,378331,1847700705,GTBank,BIO_01435,93.13,2022-07-31,EMP_008795
Chioma Obiora,Ministry of Agriculture,1384109,2370105370,Access,BIO_80289,85.44,2025-05-26,EMP_008796
Tayo Adeleke,Federal Roads Maintenance Agency,937396,9314906570,GTBank,BIO_69346,85.31,2026-01-17,EMP_008797
Yemi Adeyemi,Nigeria Customs Service,142991,3387535597,UBA,BIO_05008,93.25,2017-06-17,EMP_008798
Chiamaka Ani,Ministry of Education,141435,6631582622,Zenith,BIO_06118,85.71,2019-11-07,EMP_008799
Tayo Adeyemi,Nigeria Customs Service,280107,5481006213,UBA,BIO_04905,89.83,2021-08-19,EMP_008800
Amina Ahmad,Ministry of Works,476160,6689118856,UBA,BIO_05274,85.41,2024-09-16,EMP_008801
Abubakar Musa,Ministry of Water Resources,207940,1860456251,UBA,BIO_06328,93.36,2017-08-18,EMP_008802
Fatima Mohammed,Civil Service Commission,226184,4996174091,UBA,BIO_06645,85.29,2023-01-26,EMP_008803
Chiamaka Obiora,Ministry of Works,283076,1445669515,GTBank,BIO_00097,93.1,2019-09-25,EMP_008804
Tunde Adeyemi,Ministry of Finance,139522,6486004568,UBA,BIO_05053,91.37,2023-11-15,EMP_008805
Abubakar Yusuf,Federal Roads Maintenance Agency,203640,4418501264,GTBank,BIO_06095,94.56,2024-06-28,EMP_008806
Dele Adeyemi,Ministry of Water Resources,131541,2310327615,GTBank,BIO_01805,85.42,2023-08-28,EMP_008807
Kemi Ogunlesi,Civil Service Commission,405882,5173820115,First Bank,BIO_01718,87.47,2017-09-08,EMP_008808
Ade Adebayo,Ministry of Finance,434306,3775553112,UBA,,99.9,2024-10-08,EMP_008809
Chiamaka Nwankwo,Ministry of Agriculture,284740,5590277716,UBA,BIO_00567,90.84,2016-08-20,EMP_008810
Aisha Ibrahim,Ministry of Health,321478,2833346077,Access,BIO_00106,91.74,2019-12-31,EMP_008811
Tayo Adeleke,Ministry of Agriculture,111649,5310672609,First Bank,BIO_04852,85.82,2019-04-07,EMP_008812
Chiamaka Obiora,Ministry of Agriculture,278910,8033254489,First Bank,BIO_03374,92.41,2023-01-19,EMP_008813
Chiamaka Nwankwo,Ministry of Works,473890,1739007483,Access,BIO_12918,96.58,2021-08-20,EMP_008814
Hassan Yusuf,Ministry of Finance,367928,5566526671,GTBank,BIO_04984,92.29,2022-10-16,EMP_008815
Ibrahim Yusuf,Federal Roads Maintenance Agency,370127,6034851255,GTBank,BIO_03996,94.5,2021-10-22,EMP_008816
Nnamdi Eze,Ministry of Finance,152771,6591128790,First Bank,BIO_06004,92.58,2024-07-16,EMP_008817
Chukwu Eze,Ministry of Works,200417,6302256270,UBA,BIO_05619,85.41,2024-11-14,EMP_008818
Femi Ogunlesi,Ministry of Finance,283817,6482333801,First Bank,BIO_02850,85.31,2017-05-15,EMP_008819
Ade Adeleke,Federal Roads Maintenance Agency,301976,5729094499,UBA,BIO_04648,90.03,2024-06-04,EMP_008820
Dele Oyedepo,Ministry of Power,246432,7017329480,Access,BIO_02169,86.91,2018-02-07,EMP_008821
Dele Oyedepo,Ministry of Power,235266,6499870680,First Bank,,99.9,2025-07-21,EMP_008822
Tayo Adeleke,Ministry of Finance,489276,5248686116,Access,BIO_42172,97.18,2021-04-24,EMP_008823
Aisha Ahmad,Nigeria Customs Service,444753,2173448799,GTBank,BIO_06756,89.63,2025-03-04,EMP_008824
Nnamdi Obiora,Ministry of Health,425778,1401466437,UBA,BIO_04237,95.64,2025-02-13,EMP_008825
Tayo Ogunlesi,Nigeria Customs Service,249353,3126929906,UBA,BIO_03631,93.97,2025-01-28,EMP_008826
Chukwu Okafor,Ministry of Power,118086,7566370955,Access,,99.9,2024-09-26,EMP_008827
Uchenna Okafor,Nigeria Customs Service,299454,9940459230,First Bank,BIO_02502,97.33,2016-11-16,EMP_008828
Fatima Musa,Nigeria Customs Service,261375,8614815792,First Bank,BIO_08641,91.02,2017-03-04,EMP_008829
Aisha Ahmad,Federal Roads Maintenance Agency,485229,7933859149,Access,BIO_02301,94.38,2021-02-04,EMP_008830
Hassan Mohammed,Ministry of Health,353467,2246358296,UBA,BIO_05432,93.34,2021-03-21,EMP_008831
Okechukwu Eze,Nigeria Customs Service,158267,2165375964,GTBank,BIO_01502,90.06,2020-04-30,EMP_008832
Ibrahim Ahmad,Ministry of Finance,482230,7705293199,Zenith,BIO_03521,87.55,2019-04-12,EMP_008833
Bola Williams,Ministry of Agriculture,483934,2462305029,Zenith,BIO_05939,91.35,2025-04-02,EMP_008834
Chiamaka Ani,Ministry of Health,137940,2137508545,GTBank,BIO_03201,95.25,2020-08-11,EMP_008835
Chukwu Okonkwo,Ministry of Finance,360856,1679529824,First Bank,BIO_01421,96.6,2016-11-15,EMP_008836
Ibrahim Ahmad,Ministry of Education,291930,1804835310,GTBank,BIO_02240,88.23,2024-04-08,EMP_008837
Ibrahim Yusuf,Ministry of Finance,496590,9340218592,Access,BIO_05980,96.54,2020-01-09,EMP_008838
Adaeze Okafor,Ministry of Works,157957,9739952871,UBA,BIO_01697,97.57,2020-10-29,EMP_008839
Tayo Adebayo,Ministry of Agriculture,167533,6859139864,GTBank,BIO_06535,86.71,2018-03-06,EMP_008840
Okechukwu Nwankwo,Civil Service Commission,480674,4422714481,Zenith,BIO_02375,94.5,2019-01-07,EMP_008841
Amina Ahmad,Ministry of Water Resources,365076,1484081160,GTBank,BIO_06137,88.82,2016-07-11,EMP_008842
Nnamdi Okonkwo,Federal Roads Maintenance Agency,387212,1619678955,UBA,BIO_07746,97.66,2021-03-11,EMP_008843
Ibrahim Yusuf,Ministry of Health,335959,1274091868,GTBank,BIO_08144,89.97,2021-06-02,EMP_008844
Hassan Mohammed,Ministry of Education,201749,1554113397,First Bank,BIO_06644,89.49,2020-08-18,EMP_008845
Abubakar Suleiman,Ministry of Water Resources,375632,2844606761,GTBank,BIO_02639,96.33,2023-06-28,EMP_008846
Okechukwu Onyeka,Ministry of Works,324639,7311425021,GTBank,BIO_04334,90.83,2016-08-26,EMP_008847
Amina Ahmad,Civil Service Commission,491995,4973015193,UBA,BIO_01374,91.47,2023-03-31,EMP_008848
Tunde Adebayo,Ministry of Finance,100242,9800375816,Zenith,BIO_09061,95.37,2024-02-20,EMP_008849
Uchenna Obiora,Ministry of Finance,400182,5902268215,Zenith,BIO_03144,87.26,2018-11-04,EMP_008850
Nnamdi Okafor,Federal Roads Maintenance Agency,111517,9126176462,Zenith,BIO_00991,85.42,2022-05-05,EMP_008851
Chinedu Onyeka,Ministry of Water Resources,386908,6014989537,UBA,BIO_06430,88.51,2023-06-23,EMP_008852
Bola Adebayo,Ministry of Water Resources,208563,2808128272,GTBank,BIO_03304,92.76,2025-03-05,EMP_008853
Adaeze Nwosu,Ministry of Power,330279,8308077047,Zenith,BIO_08021,92.78,2016-11-20,EMP_008854
Aisha Ahmad,Ministry of Agriculture,200886,6897407046,GTBank,BIO_07741,93.05,2020-03-16,EMP_008855
Chioma Nwankwo,Ministry of Agriculture,114756,9877987345,GTBank,BIO_00089,97.79,2020-01-27,EMP_008856
Hassan Mohammed,Ministry of Works,184098,3697752105,Zenith,BIO_08755,89.65,2016-11-06,EMP_008857
Kemi Oyedepo,Ministry of Finance,346483,9975415582,Access,BIO_04072,91.05,2016-10-11,EMP_008858
Ade Adeleke,Ministry of Power,151525,8907235699,Zenith,BIO_78667,99.97,2020-06-23,EMP_008859
Uchenna Obiora,Federal Roads Maintenance Agency,333056,1057517945,First Bank,BIO_00819,90.69,2022-07-28,EMP_008860
Chinedu Onyeka,Ministry of Agriculture,425025,7719063744,UBA,BIO_01425,94.42,2024-03-06,EMP_008861
Ade Ogunlesi,Ministry of Agriculture,204706,1533768880,UBA,BIO_03440,85.13,2022-02-20,EMP_008862
Adaeze Nwosu,Ministry of Finance,240791,1288003944,Zenith,BIO_06822,88.75,2021-08-24,EMP_008863
Usman Yusuf,Ministry of Health,367085,9833618791,First Bank,BIO_00833,85.36,2019-11-09,EMP_008864
Femi Ogunlesi,Federal Roads Maintenance Agency,175944,9836536829,Access,BIO_04871,90.81,2021-08-13,EMP_008865
Chinedu Okafor,Ministry of Power,404124,7083141690,First Bank,BIO_08009,86.76,2020-12-04,EMP_008866
Amina Ahmad,Civil Service Commission,138325,2937828696,UBA,BIO_02486,87.22,2016-09-24,EMP_008867
Tunde Adeleke,Ministry of Health,496326,5846902991,First Bank,BIO_00517,93.84,2020-12-20,EMP_008868
Usman Mohammed,Ministry of Water Resources,429571,6901214090,UBA,BIO_06434,94.44,2020-06-17,EMP_008869
Ade Ogunlesi,Ministry of Water Resources,102117,9620721758,GTBank,BIO_03152,85.04,2023-10-23,EMP_008870
Aisha Yusuf,Civil Service Commission,340139,5427877105,Zenith,BIO_02508,93.75,2021-01-18,EMP_008871
Femi Adebayo,Ministry of Finance,461868,6521724513,Access,BIO_07077,95.18,2017-01-10,EMP_008872
Chinedu Okonkwo,Ministry of Health,282861,8332306458,UBA,BIO_00022,93.58,2019-06-25,EMP_008873
Chukwu Obiora,Civil Service Commission,170446,6777230299,Zenith,BIO_00109,92.34,2016-05-27,EMP_008874
Adaeze Onyeka,Federal Roads Maintenance Agency,411832,5345179465,Zenith,BIO_02919,85.27,2019-09-26,EMP_008875
Hassan Ahmad,Ministry of Power,293630,7674622195,First Bank,BIO_66339,97.99,2020-04-16,EMP_008876
Dele Ogunlesi,Ministry of Finance,174664,5822681150,UBA,BIO_05995,96.44,2021-09-09,EMP_008877
Uchenna Okonkwo,Ministry of Agriculture,415232,1939887425,First Bank,BIO_00262,87.08,2023-08-07,EMP_008878
Hassan Suleiman,Ministry of Health,319120,7395543309,UBA,BIO_01625,96.89,2020-12-17,EMP_008879
Zainab Mohammed,Ministry of Agriculture,451918,7137910893,UBA,,99.9,2025-09-28,EMP_008880
Amina Ahmad,Ministry of Education,159363,2829951784,UBA,BIO_01198,86.94,2023-11-13,EMP_008881
Ade Williams,Ministry of Agriculture,226903,2179964626,Access,BIO_05334,89.93,2023-08-18,EMP_008882
Tayo Williams,Ministry of Water Resources,343188,3042577300,First Bank,BIO_05509,94.63,2020-12-05,EMP_008883
Femi Adebayo,Ministry of Education,458378,1331657708,Access,BIO_03527,92.36,2016-12-04,EMP_008884
Tayo Williams,Ministry of Water Resources,318671,5523561414,Access,BIO_07401,95.27,2022-01-22,EMP_008885
Adaeze Onyeka,Civil Service Commission,232964,3273489153,Access,BIO_05166,95.9,2018-05-21,EMP_008886
Kemi Oyedepo,Ministry of Water Resources,496219,1501133385,First Bank,BIO_04085,91.32,2017-10-24,EMP_008887
Dele Williams,Federal Roads Maintenance Agency,478015,5148750827,GTBank,BIO_07270,96.92,2019-09-01,EMP_008888
Aisha Ibrahim,Civil Service Commission,362586,1246321482,Zenith,BIO_01753,96.04,2016-06-07,EMP_008889
Chioma Ani,Ministry of Finance,95184,7098028413,First Bank,BIO_03434,87.6,2019-12-16,EMP_008890
Chinedu Ani,Ministry of Power,401081,1881025945,UBA,BIO_05657,94.76,2020-06-21,EMP_008891
Femi Adeleke,Ministry of Works,444293,3877075879,Access,BIO_07908,92.35,2019-08-04,EMP_008892
Ade Adebayo,Federal Roads Maintenance Agency,142436,9251915991,Access,,99.9,2025-10-30,EMP_008893
Zainab Musa,Civil Service Commission,230988,8018015393,First Bank,BIO_06546,86.41,2016-06-05,EMP_008894
Hassan Suleiman,Ministry of Works,394492,8791269645,First Bank,BIO_06196,97.9,2016-05-15,EMP_008895
Okechukwu Eze,Ministry of Water Resources,242918,5260111664,UBA,BIO_52881,96.95,2019-12-05,EMP_008896
Dele Adeleke,Ministry of Finance,392099,7989884332,UBA,BIO_01073,93.12,2018-08-06,EMP_008897
Okechukwu Eze,Federal Roads Maintenance Agency,442081,3713000575,Access,BIO_05583,90.41,2023-06-30,EMP_008898
Fatima Umar,Ministry of Health,433952,2621311817,Access,BIO_05676,94.18,2018-02-27,EMP_008899
Chiamaka Nwosu,Ministry of Works,106259,5132979487,First Bank,BIO_03918,96.59,2017-03-30,EMP_008900
Bola Williams,Federal Roads Maintenance Agency,211328,5269291348,First Bank,BIO_07767,90.06,2024-12-01,EMP_008901
Femi Adebayo,Ministry of Power,480803,1277566783,First Bank,BIO_07045,86.69,2019-10-04,EMP_008902
Yemi Adebayo,Ministry of Health,88217,6477271549,Access,BIO_06821,88.93,2017-02-24,EMP_008903
Chukwu Ani,Ministry of Finance,371407,4479885221,GTBank,BIO_03121,92.52,2019-03-21,EMP_008904
Dele Adeleke,Ministry of Water Resources,486254,3686045055,GTBank,BIO_01596,97.11,2024-01-27,EMP_008905
Tayo Adebayo,Ministry of Health,457760,2853547312,Zenith,BIO_05992,87.82,2023-12-15,EMP_008906
Femi Ogunlesi,Ministry of Education,99182,5495206080,UBA,BIO_04371,86.36,2018-09-24,EMP_008907
Chioma Nwankwo,Civil Service Commission,175641,2242522430,First Bank,BIO_08077,93.5,2017-04-25,EMP_008908
Tayo Adeleke,Federal Roads Maintenance Agency,271324,1710866141,GTBank,BIO_00742,90.94,2018-07-23,EMP_008909
Yemi Adebayo,Ministry of Agriculture,247610,7056289638,First Bank,BIO_04253,97.95,2020-06-14,EMP_008910
Ibrahim Suleiman,Ministry of Agriculture,295993,5138926974,UBA,BIO_04880,87.95,2019-12-09,EMP_008911
Uchenna Obiora,Ministry of Power,317284,7174924726,Access,BIO_07307,85.37,2021-05-30,EMP_008912
Hassan Musa,Federal Roads Maintenance Agency,1343910,6144795337,Access,BIO_29124,92.07,2025-11-16,EMP_008913
Chiamaka Okafor,Civil Service Commission,393385,1746342195,Access,BIO_07756,85.4,2025-02-09,EMP_008914
Hassan Umar,Ministry of Finance,250784,7590080528,UBA,BIO_02856,87.95,2020-03-28,EMP_008915
Chukwu Okafor,Ministry of Education,121684,7550050918,UBA,BIO_07413,97.12,2020-12-06,EMP_008916
Chukwu Nwosu,Ministry of Power,118086,6083496524,Zenith,BIO_02235,85.03,2019-05-17,EMP_008917
Fatima Ahmad,Civil Service Commission,485171,2390587972,GTBank,BIO_01444,89.87,2016-07-11,EMP_008918
Tayo Adebayo,Ministry of Works,81681,6928845336,Zenith,BIO_08872,95.37,2019-09-26,EMP_008919
Yemi Adeyemi,Ministry of Water Resources,163972,6800081357,Zenith,BIO_04257,95.06,2018-08-31,EMP_008920
Chukwu Onyeka,Ministry of Finance,206155,6248731709,Zenith,BIO_00126,97.57,2025-03-15,EMP_008921
Femi Ogunlesi,Civil Service Commission,124332,3362282583,First Bank,BIO_02329,96.82,2021-11-10,EMP_008922
Kemi Adeyemi,Ministry of Power,146555,8743736038,First Bank,BIO_02163,94.92,2020-11-08,EMP_008923
Chinedu Okafor,Nigeria Customs Service,155293,4519791144,UBA,BIO_02592,85.42,2018-04-07,EMP_008924
Okechukwu Okonkwo,Ministry of Agriculture,298883,7962826957,UBA,BIO_00812,93.17,2020-09-10,EMP_008925
Fatima Ibrahim,Ministry of Finance,137576,8428894501,GTBank,BIO_05616,92.34,2022-03-28,EMP_008926
Yemi Williams,Nigeria Customs Service,344201,8624678259,Access,BIO_09063,88.58,2020-02-06,EMP_008927
Bola Williams,Ministry of Water Resources,413329,4498850321,Zenith,BIO_00285,87.63,2022-12-29,EMP_008928
Tunde Adebayo,Ministry of Water Resources,181401,3782905513,Zenith,BIO_03030,94.84,2022-08-02,EMP_008929
Uchenna Eze,Ministry of Agriculture,128222,7845880501,UBA,BIO_04322,93.05,2017-01-23,EMP_008930
Tayo Adebayo,Ministry of Water Resources,165494,8801091331,UBA,BIO_03181,87.91,2019-05-25,EMP_008931
Hassan Musa,Federal Roads Maintenance Agency,305520,5811177269,GTBank,BIO_00076,97.38,2019-03-08,EMP_008932
Zainab Ibrahim,Federal Roads Maintenance Agency,494981,7811350728,First Bank,BIO_08540,95.72,2024-06-03,EMP_008933
Bola Adebayo,Federal Roads Maintenance Agency,169451,5190300756,UBA,BIO_01176,91.64,2016-10-08,EMP_008934
Adaeze Onyeka,Ministry of Finance,437610,9420665616,UBA,BIO_04066,89.21,2019-12-27,EMP_008935
Tunde Adeleke,Ministry of Education,404586,4047963864,UBA,BIO_01397,89.1,2018-12-27,EMP_008936
Bola Williams,Ministry of Education,475227,3461393886,Access,BIO_02951,87.84,2016-08-11,EMP_008937
Abubakar Suleiman,Civil Service Commission,169677,9955444364,GTBank,BIO_00717,89.05,2022-04-19,EMP_008938
Nnamdi Ani,Nigeria Customs Service,276722,8474799622,UBA,BIO_08645,95.93,2020-06-15,EMP_008939
Nnamdi Okafor,Ministry of Power,490921,7240841457,GTBank,BIO_01744,93.98,2023-02-26,EMP_008940
Chukwu Eze,Ministry of Health,460208,6727336436,First Bank,BIO_06025,94.63,2021-03-09,EMP_008941
Femi Oyedepo,Ministry of Finance,361374,1326983896,Zenith,BIO_64048,96.44,2023-11-03,EMP_008942
Bola Oyedepo,Ministry of Works,333895,1206633971,Access,BIO_08769,89.91,2018-03-23,EMP_008943
Tayo Oyedepo,Ministry of Health,130756,8877226207,Access,BIO_05363,86.87,2023-11-16,EMP_008944
Femi Adeyemi,Ministry of Water Resources,90416,4076010491,Zenith,BIO_01893,95.29,2021-07-11,EMP_008945
Bola Ogunlesi,Ministry of Water Resources,415576,7365421692,UBA,BIO_01779,96.29,2016-08-30,EMP_008946
Usman Ahmad,Nigeria Customs Service,414143,9267595133,First Bank,BIO_00853,91.47,2022-07-02,EMP_008947
Okechukwu Nwankwo,Federal Roads Maintenance Agency,351589,2485284498,First Bank,BIO_08757,85.15,2022-08-23,EMP_008948
Uchenna Nwosu,Ministry of Education,457779,7552701159,First Bank,BIO_05126,90.26,2016-06-18,EMP_008949
Amina Umar,Ministry of Water Resources,272643,4119148770,UBA,BIO_02797,95.73,2020-09-30,EMP_008950
Tayo Adebayo,Ministry of Agriculture,88785,4812040671,Access,BIO_07076,88.45,2018-09-19,EMP_008951
Chinedu Obiora,Ministry of Agriculture,349566,8984399402,GTBank,BIO_08335,92.56,2023-09-28,EMP_008952
Hassan Yusuf,Ministry of Power,244099,1697089633,UBA,BIO_08667,85.71,2023-11-13,EMP_008953
Amina Yusuf,Ministry of Finance,493945,6008502424,GTBank,BIO_05600,89.1,2024-06-03,EMP_008954
Kemi Oyedepo,Federal Roads Maintenance Agency,461254,8370090598,UBA,BIO_03254,92.22,2023-04-13,EMP_008955
Adaeze Obiora,Ministry of Health,341680,4240274308,UBA,BIO_05272,86.98,2022-04-16,EMP_008956
Chinedu Nwosu,Civil Service Commission,494628,1603996094,Access,BIO_06144,92.23,2019-12-25,EMP_008957
Amina Yusuf,Civil Service Commission,164277,5969982824,First Bank,BIO_08683,94.01,2019-12-11,EMP_008958
Chiamaka Eze,Ministry of Finance,209208,6238448155,First Bank,BIO_07064,96.31,2022-06-29,EMP_008959
Nnamdi Onyeka,Ministry of Finance,157821,5156857092,GTBank,BIO_07247,85.0,2025-01-19,EMP_008960
Chiamaka Nwankwo,Nigeria Customs Service,302235,3168322575,Zenith,BIO_05385,95.6,2021-06-12,EMP_008961
Adaeze Nwosu,Federal Roads Maintenance Agency,225887,2777654956,First Bank,BIO_06055,85.79,2022-02-22,EMP_008962
Abubakar Umar,Ministry of Finance,480045,4142352041,Zenith,BIO_04441,90.83,2019-04-22,EMP_008963
Chioma Obiora,Federal Roads Maintenance Agency,134759,8065400349,Zenith,BIO_01263,94.75,2018-05-11,EMP_008964
Ibrahim Ibrahim,Ministry of Power,414778,1955475748,UBA,BIO_07999,86.86,2024-12-03,EMP_008965
Amina Ahmad,Ministry of Health,333572,3190083657,GTBank,BIO_07227,89.06,2017-12-27,EMP_008966
Dele Oyedepo,Civil Service Commission,243214,1520428177,First Bank,BIO_04499,95.83,2017-02-19,EMP_008967
Chinedu Okafor,Ministry of Power,263843,5899258213,GTBank,BIO_03704,87.39,2020-09-21,EMP_008968
Hassan Umar,Ministry of Power,489245,8847417931,Zenith,BIO_00158,97.71,2024-01-28,EMP_008969
Okechukwu Onyeka,Ministry of Agriculture,185401,2681452176,Zenith,,99.9,2025-02-20,EMP_008970
Fatima Umar,Ministry of Education,269349,1238795972,Zenith,BIO_01817,89.17,2019-01-10,EMP_008971
Tunde Adeleke,Ministry of Health,307289,6267881536,Zenith,BIO_05229,87.55,2021-03-06,EMP_008972
Chiamaka Nwosu,Federal Roads Maintenance Agency,355481,1346957850,UBA,BIO_03409,92.88,2018-08-15,EMP_008973
Tunde Adeyemi,Ministry of Finance,142823,8959918061,Zenith,BIO_05908,96.51,2022-05-19,EMP_008974
Fatima Ibrahim,Ministry of Power,310698,8847785435,Access,,99.9,2025-07-30,EMP_008975
Tunde Oyedepo,Ministry of Power,254477,2608246034,First Bank,BIO_03942,92.19,2016-07-18,EMP_008976
Usman Umar,Federal Roads Maintenance Agency,305401,5998655479,GTBank,BIO_01414,94.72,2024-03-21,EMP_008977
Bola Adebayo,Ministry of Power,284068,9361059954,Access,BIO_04317,88.14,2023-08-01,EMP_008978
Dele Williams,Federal Roads Maintenance Agency,174340,6559779064,GTBank,BIO_02333,88.36,2021-03-08,EMP_008979
Dele Adeyemi,Ministry of Agriculture,336766,6573800325,Zenith,BIO_07321,87.66,2021-06-07,EMP_008980
Kemi Adeyemi,Ministry of Power,437941,2170093051,Access,BIO_06770,90.03,2017-05-08,EMP_008981
Kemi Adeleke,Federal Roads Maintenance Agency,167108,2196036264,Access,BIO_00099,85.01,2017-05-17,EMP_008982
Uchenna Okafor,Ministry of Education,176186,3942814739,Zenith,BIO_07162,90.35,2020-06-27,EMP_008983
Aisha Ibrahim,Ministry of Power,228639,4374889839,First Bank,BIO_00506,87.83,2018-05-07,EMP_008984
Tunde Oyedepo,Ministry of Finance,93354,4924602323,First Bank,BIO_01407,90.97,2019-11-24,EMP_008985
Ibrahim Yusuf,Nigeria Customs Service,327751,1750706235,UBA,BIO_02649,89.38,2021-06-07,EMP_008986
Zainab Musa,Ministry of Agriculture,168860,2222482732,First Bank,BIO_02738,88.85,2017-02-26,EMP_008987
Kemi Oyedepo,Ministry of Agriculture,493406,7764940726,First Bank,BIO_01947,91.43,2022-03-01,EMP_008988
Ibrahim Yusuf,Ministry of Water Resources,402372,4119512482,GTBank,,99.9,2026-01-18,EMP_008989
Tunde Adebayo,Ministry of Power,462046,6641494739,UBA,BIO_04278,96.12,2019-11-15,EMP_008990
Usman Umar,Nigeria Customs Service,91886,5755119894,First Bank,BIO_08941,86.72,2017-12-24,EMP_008991
Ade Ogunlesi,Ministry of Power,306232,6572251730,Zenith,BIO_05370,90.37,2024-03-01,EMP_008992
Nnamdi Onyeka,Ministry of Health,243759,7502670529,UBA,BIO_00305,94.43,2017-01-04,EMP_008993
Aisha Ibrahim,Ministry of Agriculture,387276,7028291518,Zenith,BIO_03384,85.24,2019-07-19,EMP_008994
Usman Musa,Ministry of Works,499355,5145762026,UBA,BIO_01111,91.6,2021-03-29,EMP_008995
Amina Yusuf,Ministry of Education,149965,7160445464,UBA,BIO_04005,90.92,2024-09-27,EMP_008996
Bola Adebayo,Ministry of Health,135014,1917507529,GTBank,BIO_05285,85.32,2020-01-15,EMP_008997
Nnamdi Onyeka,Ministry of Education,156389,8287454947,Access,BIO_05726,89.1,2022-03-23,EMP_008998
Chinedu Okonkwo,Nigeria Customs Service,112315,8378561841,First Bank,BIO_04091,97.98,2022-01-30,EMP_008999
Chioma Ani,Ministry of Works,290393,1497951024,Zenith,BIO_02054,95.77,2023-01-28,EMP_009000
Uchenna Onyeka,Ministry of Water Resources,244461,3521422740,Access,BIO_05321,91.9,2021-10-16,EMP_009001
Hassan Yusuf,Ministry of Water Resources,445281,1131033943,UBA,BIO_08169,95.71,2023-04-11,EMP_009002
Chinedu Okafor,Ministry of Agriculture,496987,4953235241,GTBank,BIO_09128,90.37,2024-01-17,EMP_009003
Tunde Ogunlesi,Nigeria Customs Service,297526,3095699267,GTBank,BIO_04727,93.15,2017-08-08,EMP_009004
Amina Yusuf,Ministry of Power,137615,9955591079,UBA,BIO_09039,92.96,2020-08-28,EMP_009005
Amina Umar,Ministry of Education,461307,9308054939,Access,BIO_08288,89.56,2017-11-22,EMP_009006
Tayo Adeleke,Ministry of Agriculture,204748,1480120564,Access,BIO_06610,94.25,2023-12-10,EMP_009007
Fatima Musa,Ministry of Health,478235,1366186844,Zenith,BIO_02871,85.46,2017-03-19,EMP_009008
Ibrahim Ahmad,Ministry of Health,246222,1530365364,UBA,BIO_08953,94.77,2017-09-08,EMP_009009
Abubakar Ahmad,Ministry of Agriculture,466139,8843936469,GTBank,BIO_07537,85.28,2016-07-17,EMP_009010
Ibrahim Mohammed,Civil Service Commission,267756,8101359764,Zenith,BIO_09062,97.04,2023-05-19,EMP_009011
Uchenna Obiora,Ministry of Power,86298,1890773911,Zenith,BIO_06101,86.55,2025-01-03,EMP_009012
Tayo Adeyemi,Ministry of Health,364064,4995156252,Access,BIO_00046,89.04,2017-02-12,EMP_009013
Hassan Ahmad,Federal Roads Maintenance Agency,324004,8868019825,GTBank,BIO_09091,92.75,2023-11-20,EMP_009014
Abubakar Suleiman,Ministry of Education,454861,1765013120,Access,,99.9,2025-07-15,EMP_009015
Usman Mohammed,Ministry of Agriculture,416326,5296119663,First Bank,BIO_08234,91.22,2019-03-30,EMP_009016
Amina Ahmad,Ministry of Finance,440325,3815704047,Access,BIO_08115,91.87,2024-03-07,EMP_009017
Adaeze Nwankwo,Ministry of Works,355100,6257229431,UBA,BIO_00440,90.22,2024-06-20,EMP_009018
Ibrahim Ibrahim,Ministry of Agriculture,449096,5035214518,First Bank,BIO_08695,85.48,2017-07-16,EMP_009019
Chioma Eze,Ministry of Health,314795,8522651671,GTBank,BIO_00017,85.59,2024-03-26,EMP_009020
Tayo Adeleke,Civil Service Commission,169860,9683733401,First Bank,BIO_09148,96.36,2016-09-25,EMP_009021
Uchenna Nwosu,Federal Roads Maintenance Agency,217262,1312343754,Access,BIO_08647,91.3,2020-01-18,EMP_009022
Okechukwu Okonkwo,Ministry of Finance,1474763,8138689770,Access,BIO_70647,90.64,2026-02-08,EMP_009023
Femi Adebayo,Nigeria Customs Service,214691,2831913116,UBA,BIO_01650,93.49,2025-03-02,EMP_009024
Chioma Nwosu,Ministry of Education,460955,9332409303,Access,BIO_03075,87.91,2018-07-21,EMP_009025
Chiamaka Nwankwo,Federal Roads Maintenance Agency,153968,7379918149,GTBank,BIO_08832,87.4,2022-04-07,EMP_009026
Tunde Ogunlesi,Nigeria Customs Service,334180,2571737936,Access,BIO_08797,87.17,2018-05-18,EMP_009027
Bola Williams,Federal Roads Maintenance Agency,360463,4532344125,First Bank,BIO_01048,97.98,2017-04-30,EMP_009028
Chukwu Ani,Ministry of Education,190388,6798424821,GTBank,BIO_06763,94.03,2024-03-11,EMP_009029
Ibrahim Ahmad,Federal Roads Maintenance Agency,354633,4484083771,GTBank,BIO_02455,92.38,2016-06-07,EMP_009030
Kemi Ogunlesi,Federal Roads Maintenance Agency,122633,1742531402,Access,BIO_08727,94.48,2020-03-10,EMP_009031
Tayo Adeleke,Ministry of Agriculture,407916,4448964281,First Bank,BIO_00371,90.14,2022-03-28,EMP_009032
Hassan Umar,Ministry of Agriculture,227148,5892570568,Zenith,BIO_01044,86.95,2021-08-09,EMP_009033
Abubakar Ahmad,Civil Service Commission,418047,5286403373,UBA,BIO_04800,89.32,2020-09-17,EMP_009034
Tayo Oyedepo,Ministry of Agriculture,348184,1144237709,First Bank,BIO_08496,95.1,2018-01-06,EMP_009035
Okechukwu Nwosu,Ministry of Finance,346251,1667719062,Zenith,BIO_05705,95.03,2023-04-04,EMP_009036
Ade Adeleke,Ministry of Agriculture,288171,6307346329,GTBank,BIO_00458,95.76,2021-02-08,EMP_009037
Tayo Williams,Federal Roads Maintenance Agency,316790,2607705448,First Bank,BIO_05030,92.6,2020-12-23,EMP_009038
Nnamdi Obiora,Ministry of Works,383237,2279528420,GTBank,BIO_03845,92.36,2022-01-13,EMP_009039
Nnamdi Obiora,Civil Service Commission,385532,4702336833,Access,BIO_08393,92.21,2017-12-20,EMP_009040
Adaeze Obiora,Ministry of Power,355747,9440804816,Access,BIO_06255,95.23,2022-08-03,EMP_009041
Chioma Onyeka,Ministry of Power,477295,9600591839,Access,BIO_07774,96.03,2019-07-23,EMP_009042
Kemi Adeyemi,Nigeria Customs Service,239493,2343724908,GTBank,BIO_05969,96.38,2024-07-17,EMP_009043
Amina Umar,Civil Service Commission,299267,4096458268,UBA,BIO_07600,88.42,2023-10-26,EMP_009044
Usman Suleiman,Ministry of Works,437014,2956049717,GTBank,BIO_07306,92.62,2017-05-01,EMP_009045
Hassan Mohammed,Ministry of Water Resources,262146,3599959428,First Bank,BIO_03754,95.61,2017-10-18,EMP_009046
Ibrahim Ahmad,Civil Service Commission,448421,7652903793,First Bank,BIO_04261,93.37,2021-11-30,EMP_009047
Femi Adebayo,Nigeria Customs Service,458247,5273263099,First Bank,BIO_05218,88.32,2019-10-04,EMP_009048
Dele Adeyemi,Ministry of Works,220278,1453443861,First Bank,BIO_00729,93.7,2021-04-06,EMP_009049
Hassan Ahmad,Ministry of Health,472424,6837594532,Access,BIO_06034,88.63,2021-10-04,EMP_009050
Abubakar Mohammed,Ministry of Agriculture,239830,1481789880,Access,BIO_01964,87.44,2022-05-24,EMP_009051
Tunde Adeyemi,Federal Roads Maintenance Agency,372220,8082848340,UBA,BIO_03647,95.43,2022-08-13,EMP_009052
Kemi Adeyemi,Ministry of Finance,371606,3933823996,UBA,BIO_04415,85.44,2022-07-20,EMP_009053
Chiamaka Nwosu,Ministry of Water Resources,413150,7552789290,Access,BIO_03730,95.92,2016-09-15,EMP_009054
Aisha Musa,Ministry of Finance,93107,9690825449,GTBank,BIO_07069,94.69,2024-12-08,EMP_009055
Ibrahim Suleiman,Ministry of Power,320298,7088794857,Zenith,BIO_00808,89.83,2017-03-15,EMP_009056
Adaeze Okonkwo,Ministry of Water Resources,243801,5618046100,Zenith,BIO_07396,87.23,2024-04-16,EMP_009057
Ibrahim Ahmad,Ministry of Water Resources,177953,3981297602,First Bank,BIO_05275,90.26,2018-07-31,EMP_009058
Okechukwu Obiora,Ministry of Education,209183,6983280954,Access,BIO_01229,93.93,2020-05-20,EMP_009059
Chinedu Okafor,Federal Roads Maintenance Agency,185425,3553691106,Zenith,BIO_56915,99.83,2016-05-22,EMP_009060
Chinedu Eze,Nigeria Customs Service,197231,4622844081,GTBank,BIO_02895,90.82,2019-05-04,EMP_009061
Amina Ahmad,Ministry of Finance,367368,9742211948,GTBank,BIO_08185,89.48,2022-11-23,EMP_009062
Yemi Adeyemi,Ministry of Education,374469,3051198538,Access,BIO_08879,93.59,2018-07-23,EMP_009063
Chiamaka Okonkwo,Ministry of Health,416497,4711968673,Zenith,BIO_06155,92.28,2019-07-23,EMP_009064
Tunde Oyedepo,Civil Service Commission,475007,9862166916,Zenith,BIO_06195,93.89,2018-09-19,EMP_009065
Chiamaka Nwosu,Federal Roads Maintenance Agency,150605,6577479478,First Bank,BIO_04621,92.16,2024-05-08,EMP_009066
Aisha Mohammed,Ministry of Finance,296210,7948827301,First Bank,BIO_03682,88.06,2022-02-11,EMP_009067
Chukwu Eze,Ministry of Power,407782,3250877784,Access,BIO_05486,90.58,2019-01-02,EMP_009068
Fatima Ibrahim,Civil Service Commission,408707,7305800611,Zenith,BIO_02184,93.48,2025-01-02,EMP_009069
Femi Williams,Ministry of Agriculture,400717,9569187289,Access,BIO_04219,88.01,2020-10-14,EMP_009070
Tayo Adeyemi,Nigeria Customs Service,131409,3186141565,Zenith,BIO_07239,96.34,2022-11-03,EMP_009071
Chiamaka Eze,Civil Service Commission,458309,8432199044,First Bank,BIO_07071,85.1,2022-08-19,EMP_009072
Bola Adeleke,Ministry of Water Resources,121579,1756819770,Zenith,BIO_07944,89.95,2023-03-07,EMP_009073
Ibrahim Mohammed,Ministry of Finance,496483,8610674389,Zenith,BIO_00979,91.47,2017-01-03,EMP_009074
Tunde Williams,Federal Roads Maintenance Agency,403327,6448917872,UBA,BIO_07949,95.45,2020-06-15,EMP_009075
Amina Ahmad,Ministry of Works,259604,7580245173,Zenith,BIO_08363,89.66,2017-12-09,EMP_009076
Uchenna Okafor,Ministry of Water Resources,464050,2290141816,GTBank,BIO_99745,96.65,2025-04-09,EMP_009077
Aisha Suleiman,Civil Service Commission,211947,5502743278,Zenith,BIO_04465,88.88,2019-05-07,EMP_009078
Zainab Ibrahim,Ministry of Water Resources,468537,7880933538,Access,BIO_09006,96.8,2023-12-28,EMP_009079
Chiamaka Nwankwo,Ministry of Power,192270,7892235117,GTBank,BIO_07263,90.82,2023-07-11,EMP_009080
Dele Oyedepo,Nigeria Customs Service,199743,8400696843,Zenith,BIO_00374,97.34,2019-06-11,EMP_009081
Usman Mohammed,Ministry of Water Resources,295344,6305381889,UBA,BIO_00753,89.17,2018-09-28,EMP_009082
Chinedu Okafor,Ministry of Finance,304264,9005800666,First Bank,BIO_02739,91.37,2016-11-15,EMP_009083
Tayo Ogunlesi,Civil Service Commission,301982,4085272218,Access,BIO_08774,93.3,2022-07-09,EMP_009084
Uchenna Ani,Ministry of Water Resources,1015285,2920476522,Zenith,BIO_87948,94.43,2025-10-07,EMP_009085
Zainab Yusuf,Ministry of Education,1159998,7817916907,GTBank,BIO_83181,86.13,2025-12-27,EMP_009086
Dele Adebayo,Nigeria Customs Service,284064,3497175888,Zenith,BIO_07812,86.25,2023-07-25,EMP_009087
Kemi Ogunlesi,Ministry of Health,327020,1594522681,Access,BIO_03483,91.13,2017-05-31,EMP_009088
Okechukwu Okafor,Ministry of Power,177961,8339325503,Zenith,BIO_20958,98.88,2021-05-29,EMP_009089
Chioma Eze,Federal Roads Maintenance Agency,394474,3553691106,Zenith,BIO_90471,98.73,2019-02-14,EMP_009090
Kemi Adeleke,Ministry of Education,220990,3885503242,First Bank,BIO_04801,97.29,2024-12-26,EMP_009091
Dele Oyedepo,Nigeria Customs Service,334099,7425041491,Zenith,BIO_03985,89.88,2017-07-29,EMP_009092
Hassan Yusuf,Ministry of Agriculture,237988,5270192154,GTBank,BIO_07903,89.14,2023-03-08,EMP_009093
Tunde Oyedepo,Ministry of Education,371243,3518270704,Access,BIO_00561,88.79,2018-10-19,EMP_009094
Amina Umar,Ministry of Education,415387,7115013659,Zenith,BIO_09055,88.72,2023-09-06,EMP_009095
Okechukwu Okonkwo,Ministry of Education,187056,3102304353,Zenith,BIO_07558,87.97,2023-02-24,EMP_009096
Ibrahim Umar,Ministry of Works,284933,1363649752,UBA,BIO_00529,91.63,2023-04-28,EMP_009097
Femi Ogunlesi,Ministry of Agriculture,133397,1034724385,First Bank,BIO_07988,94.47,2024-12-16,EMP_009098
Kemi Adeleke,Nigeria Customs Service,365758,3747808037,Zenith,BIO_07996,86.1,2018-02-20,EMP_009099
Chukwu Ani,Civil Service Commission,402124,9566404727,GTBank,BIO_01196,85.61,2022-03-23,EMP_009100
Chiamaka Obiora,Ministry of Finance,160133,6713507116,First Bank,BIO_02847,94.42,2017-04-21,EMP_009101
Fatima Mohammed,Civil Service Commission,304658,3304050138,UBA,BIO_04086,91.51,2022-10-18,EMP_009102
Fatima Yusuf,Ministry of Finance,113970,7448639772,GTBank,BIO_08217,94.15,2019-10-23,EMP_009103
Femi Williams,Nigeria Customs Service,448076,9052956214,UBA,BIO_01813,93.41,2018-01-20,EMP_009104
Bola Ogunlesi,Ministry of Finance,263444,1102803302,Access,BIO_00656,97.8,2024-08-01,EMP_009105
Hassan Musa,Civil Service Commission,478913,9251580846,First Bank,BIO_00662,86.68,2024-07-31,EMP_009106
Hassan Ibrahim,Federal Roads Maintenance Agency,1269799,7943195109,UBA,BIO_79941,97.99,2026-04-04,EMP_009107
Kemi Adeleke,Ministry of Finance,207773,7524224876,Zenith,BIO_07513,97.89,2018-12-23,EMP_009108
Ibrahim Yusuf,Federal Roads Maintenance Agency,205209,8686716657,Access,BIO_08586,96.23,2023-04-13,EMP_009109
Nnamdi Eze,Nigeria Customs Service,353269,3637785053,First Bank,BIO_08551,85.89,2017-11-04,EMP_009110
Hassan Suleiman,Nigeria Customs Service,94494,2137918248,GTBank,BIO_08696,92.28,2018-06-05,EMP_009111
Okechukwu Okafor,Ministry of Health,123561,7928925983,Zenith,BIO_07381,94.16,2016-05-26,EMP_009112
Dele Oyedepo,Federal Roads Maintenance Agency,273434,6158899664,First Bank,BIO_07312,96.66,2020-10-30,EMP_009113
Ade Oyedepo,Ministry of Education,356180,7551851616,Zenith,BIO_03034,87.63,2023-03-24,EMP_009114
Aisha Suleiman,Ministry of Education,266259,5339174924,Access,BIO_04151,87.63,2018-11-07,EMP_009115
Chinedu Obiora,Federal Roads Maintenance Agency,108199,1337120625,Access,BIO_08125,91.58,2020-06-05,EMP_009116
Okechukwu Nwosu,Ministry of Agriculture,473549,7300090702,Access,BIO_07127,87.22,2023-05-07,EMP_009117
Nnamdi Nwankwo,Ministry of Works,129128,9471771482,Zenith,BIO_02099,91.96,2022-02-15,EMP_009118
Fatima Mohammed,Ministry of Agriculture,153666,6483421812,UBA,BIO_02930,96.84,2023-03-30,EMP_009119
Tayo Adebayo,Ministry of Power,299104,6047634743,UBA,BIO_00438,91.7,2017-12-17,EMP_009120
Chinedu Ani,Ministry of Water Resources,223479,2838038894,GTBank,BIO_00060,86.82,2023-08-06,EMP_009121
Chioma Onyeka,Ministry of Health,199781,9810840558,First Bank,BIO_08853,93.83,2019-12-27,EMP_009122
Abubakar Mohammed,Ministry of Finance,198557,7062818759,GTBank,BIO_01949,85.66,2021-01-30,EMP_009123
Zainab Mohammed,Ministry of Health,336860,6566199690,Zenith,BIO_00118,87.54,2018-04-18,EMP_009124
Femi Adeyemi,Ministry of Power,416484,3004358454,First Bank,BIO_07009,97.6,2021-02-24,EMP_009125
Chukwu Onyeka,Ministry of Agriculture,409313,5572091891,First Bank,BIO_50265,97.98,2022-12-14,EMP_009126
Aisha Ibrahim,Ministry of Health,141092,2670611671,GTBank,BIO_02304,97.46,2019-05-04,EMP_009127
Kemi Adeyemi,Ministry of Works,386762,5065563286,GTBank,BIO_00364,90.39,2023-03-26,EMP_009128
Tayo Adeleke,Ministry of Finance,285216,4218875932,UBA,BIO_06475,93.32,2022-02-24,EMP_009129
Chioma Obiora,Civil Service Commission,262489,4178675984,Zenith,BIO_46608,98.58,2022-01-09,EMP_009130
Chiamaka Eze,Ministry of Education,373179,1842011692,GTBank,BIO_04081,96.57,2017-02-15,EMP_009131
Yemi Ogunlesi,Nigeria Customs Service,404315,6388973084,First Bank,BIO_05181,86.79,2016-10-31,EMP_009132
Fatima Umar,Nigeria Customs Service,446480,5883634805,First Bank,,99.9,2025-03-17,EMP_009133
Dele Adebayo,Ministry of Power,448530,3301313165,Zenith,BIO_05844,93.02,2021-03-20,EMP_009134
Ibrahim Yusuf,Ministry of Finance,359263,9807683780,UBA,BIO_03913,85.93,2024-05-10,EMP_009135
Tunde Adebayo,Ministry of Health,360127,8594953916,GTBank,BIO_00367,95.33,2018-05-07,EMP_009136
Aisha Umar,Ministry of Education,111025,2329742113,GTBank,BIO_08713,89.17,2022-07-31,EMP_009137
Femi Williams,Ministry of Finance,240733,3399709483,First Bank,BIO_06544,87.39,2024-09-16,EMP_009138
Yemi Adebayo,Ministry of Education,293063,8663221295,GTBank,BIO_02621,89.49,2018-12-08,EMP_009139
Amina Ibrahim,Ministry of Finance,195842,8722901285,GTBank,BIO_04965,85.2,2021-07-04,EMP_009140
Usman Suleiman,Ministry of Education,142539,8637473183,Zenith,BIO_03760,85.33,2017-10-05,EMP_009141
Femi Adeyemi,Ministry of Power,197050,4510423026,UBA,BIO_00858,94.03,2020-02-02,EMP_009142
Zainab Umar,Ministry of Works,148088,7112247850,Access,BIO_04823,94.05,2020-03-03,EMP_009143
Bola Williams,Federal Roads Maintenance Agency,297577,3478010940,Zenith,BIO_01005,88.28,2019-07-01,EMP_009144
Chiamaka Onyeka,Nigeria Customs Service,246838,7825193040,Access,BIO_00502,97.67,2021-02-18,EMP_009145
Abubakar Musa,Ministry of Water Resources,486891,7373080037,Zenith,BIO_04458,88.12,2019-01-30,EMP_009146
Chinedu Ani,Ministry of Agriculture,352278,8729098855,Access,BIO_08526,91.11,2019-05-05,EMP_009147
Adaeze Nwankwo,Civil Service Commission,455542,5543353495,Access,BIO_06690,92.1,2023-01-11,EMP_009148
Uchenna Eze,Ministry of Water Resources,136045,4925542014,Access,BIO_08521,96.44,2020-12-21,EMP_009149
Aisha Mohammed,Federal Roads Maintenance Agency,286675,4310240603,UBA,BIO_02036,88.49,2019-07-03,EMP_009150
Ade Adeleke,Federal Roads Maintenance Agency,143702,7374383267,Zenith,BIO_08568,89.25,2018-08-03,EMP_009151
Amina Musa,Ministry of Power,441033,4953063233,GTBank,BIO_05358,94.22,2020-10-22,EMP_009152
Chiamaka Okafor,Civil Service Commission,124836,6749901873,First Bank,BIO_05339,85.74,2016-05-16,EMP_009153
Fatima Umar,Ministry of Agriculture,149907,4348723425,UBA,BIO_08886,86.67,2017-02-02,EMP_009154
Femi Williams,Nigeria Customs Service,309561,2021973969,GTBank,BIO_01250,92.65,2025-02-28,EMP_009155
Amina Musa,Civil Service Commission,437879,9149807574,Zenith,,99.9,2025-06-11,EMP_009156
Bola Williams,Ministry of Agriculture,99521,4228953079,GTBank,BIO_04766,86.4,2022-04-15,EMP_009157
Okechukwu Obiora,Federal Roads Maintenance Agency,203381,2178212413,Access,BIO_01781,92.64,2020-07-29,EMP_009158
Chioma Nwosu,Federal Roads Maintenance Agency,405408,4323991845,Access,BIO_01535,90.4,2021-07-18,EMP_009159
Femi Ogunlesi,Ministry of Works,491609,7209339277,Access,BIO_08763,95.57,2024-11-27,EMP_009160
Ibrahim Suleiman,Ministry of Water Resources,178241,7205277740,GTBank,BIO_01135,93.88,2018-01-16,EMP_009161
Okechukwu Okafor,Federal Roads Maintenance Agency,292543,5738230812,First Bank,BIO_46095,99.09,2016-09-12,EMP_009162
Chinedu Okafor,Ministry of Education,180688,9211410300,UBA,BIO_06878,95.62,2018-09-07,EMP_009163
Tunde Oyedepo,Ministry of Agriculture,198518,5843254243,Zenith,BIO_08954,92.85,2017-06-05,EMP_009164
Tayo Oyedepo,Ministry of Power,461875,9608585896,First Bank,BIO_02132,90.8,2016-07-08,EMP_009165
Ibrahim Yusuf,Ministry of Water Resources,177847,5922602977,Access,BIO_02325,86.28,2023-06-14,EMP_009166
Aisha Ahmad,Ministry of Education,259239,3398358249,Zenith,BIO_06931,90.64,2016-06-20,EMP_009167
Tunde Williams,Ministry of Water Resources,216403,1065255593,Access,BIO_05205,91.33,2019-06-21,EMP_009168
Abubakar Umar,Federal Roads Maintenance Agency,478463,7536630683,Access,BIO_04272,92.22,2020-10-05,EMP_009169
Nnamdi Onyeka,Ministry of Water Resources,481154,5586482448,Access,BIO_02525,88.54,2024-10-08,EMP_009170
Tayo Williams,Ministry of Education,213253,9152301143,UBA,BIO_06675,88.61,2019-09-18,EMP_009171
Adaeze Okonkwo,Ministry of Water Resources,266950,7707143631,Access,BIO_03489,90.94,2022-04-11,EMP_009172
Aisha Yusuf,Ministry of Health,402620,6248341780,Access,BIO_05981,85.21,2021-06-30,EMP_009173
Kemi Williams,Civil Service Commission,468099,8923510538,Access,BIO_07905,88.73,2019-12-07,EMP_009174
Kemi Adeyemi,Ministry of Agriculture,481113,3074462633,First Bank,BIO_03219,89.41,2025-03-25,EMP_009175
Chiamaka Nwankwo,Ministry of Finance,495869,5619248207,GTBank,BIO_02732,87.63,2020-02-20,EMP_009176
Chinedu Nwosu,Ministry of Works,155259,8840236275,Access,BIO_04616,88.43,2017-04-18,EMP_009177
Usman Mohammed,Federal Roads Maintenance Agency,355881,4212079423,First Bank,BIO_02218,86.22,2018-04-16,EMP_009178
Uchenna Onyeka,Ministry of Works,494956,8807130484,UBA,BIO_00470,89.45,2020-04-16,EMP_009179
Femi Adeleke,Ministry of Power,383469,4515222354,Access,BIO_02289,97.69,2021-04-19,EMP_009180
Fatima Umar,Ministry of Agriculture,279144,7129397858,GTBank,BIO_03713,95.23,2023-07-21,EMP_009181
Chiamaka Okonkwo,Civil Service Commission,303645,2859210100,UBA,BIO_08723,91.8,2020-09-11,EMP_009182
Okechukwu Onyeka,Ministry of Agriculture,86288,8967847153,First Bank,,99.9,2025-12-02,EMP_009183
Dele Oyedepo,Ministry of Education,313439,7188994415,First Bank,BIO_08790,88.64,2024-03-23,EMP_009184
Chukwu Okonkwo,Ministry of Works,180789,5322865768,First Bank,BIO_08969,88.99,2023-05-24,EMP_009185
Okechukwu Eze,Ministry of Works,213606,4159579441,First Bank,BIO_04879,97.43,2022-09-13,EMP_009186
Zainab Suleiman,Nigeria Customs Service,197139,2316398752,Access,BIO_00639,96.57,2021-05-05,EMP_009187
Chinedu Onyeka,Ministry of Works,166782,4045992856,Zenith,BIO_25027,98.77,2020-04-24,EMP_009188
Abubakar Yusuf,Ministry of Finance,310115,2672517012,Access,BIO_08803,86.81,2016-07-16,EMP_009189
Ibrahim Ahmad,Ministry of Water Resources,126473,1959775547,UBA,BIO_03679,87.63,2023-09-29,EMP_009190
Hassan Suleiman,Federal Roads Maintenance Agency,82967,5577027914,Access,BIO_08366,87.82,2024-11-26,EMP_009191
Nnamdi Nwankwo,Ministry of Finance,273580,1862949405,GTBank,BIO_05312,97.42,2020-07-09,EMP_009192
Nnamdi Obiora,Ministry of Health,281792,8397383784,GTBank,BIO_06552,92.79,2025-03-04,EMP_009193
Chiamaka Onyeka,Ministry of Agriculture,1365809,8535669468,UBA,BIO_47907,97.53,2025-12-02,EMP_009194
Uchenna Onyeka,Ministry of Power,325679,2769567696,Zenith,BIO_06588,97.36,2017-02-24,EMP_009195
Uchenna Obiora,Ministry of Power,285755,1573994641,Zenith,BIO_01501,92.06,2016-12-30,EMP_009196
Femi Ogunlesi,Ministry of Power,206214,6571389679,Zenith,BIO_00673,92.97,2024-01-17,EMP_009197
Yemi Adeleke,Civil Service Commission,191169,3651114389,Zenith,BIO_00222,97.24,2023-11-13,EMP_009198
Tayo Adebayo,Ministry of Power,900386,7861924724,Access,BIO_48406,85.77,2025-07-28,EMP_009199
Ibrahim Musa,Ministry of Power,426571,8675899092,Access,BIO_06852,96.86,2024-06-28,EMP_009200
Uchenna Ani,Ministry of Health,318255,8519764534,First Bank,BIO_07538,94.12,2019-03-02,EMP_009201
Yemi Ogunlesi,Nigeria Customs Service,266957,7616156141,UBA,BIO_04463,96.6,2020-01-11,EMP_009202
Chioma Eze,Ministry of Education,314358,4692436860,First Bank,,99.9,2025-09-29,EMP_009203
Femi Ogunlesi,Nigeria Customs Service,102982,9323329670,UBA,BIO_05350,86.2,2019-04-28,EMP_009204
Bola Oyedepo,Ministry of Education,214800,1899158090,Zenith,BIO_06212,86.76,2024-02-07,EMP_009205
Kemi Adeleke,Ministry of Health,197469,2115705620,UBA,BIO_02966,90.71,2017-01-01,EMP_009206
Fatima Ibrahim,Ministry of Works,466488,6162928257,Zenith,BIO_03305,88.45,2021-03-26,EMP_009207
Chukwu Okafor,Civil Service Commission,329726,1916700364,GTBank,BIO_06053,91.49,2023-08-07,EMP_009208
Abubakar Ahmad,Civil Service Commission,497876,8271624750,GTBank,BIO_04010,86.51,2019-09-29,EMP_009209
Usman Umar,Ministry of Finance,1313417,9361866718,Zenith,BIO_67154,87.79,2025-05-27,EMP_009210
Dele Oyedepo,Ministry of Works,316053,6614202725,UBA,BIO_00096,94.43,2021-04-03,EMP_009211
Yemi Oyedepo,Ministry of Power,468296,9513322689,GTBank,BIO_06350,92.85,2022-04-01,EMP_009212
Ibrahim Suleiman,Ministry of Agriculture,492437,5973130406,UBA,BIO_02110,92.42,2019-02-16,EMP_009213
Uchenna Eze,Ministry of Works,182033,2943149333,GTBank,BIO_02270,92.85,2018-11-10,EMP_009214
Ibrahim Suleiman,Ministry of Finance,266036,8553817884,Zenith,BIO_07383,89.4,2017-11-02,EMP_009215
Abubakar Mohammed,Ministry of Works,177297,8979520009,Access,BIO_02009,85.39,2019-04-29,EMP_009216
Bola Williams,Ministry of Health,135226,8652233006,Zenith,BIO_08484,87.39,2021-07-01,EMP_009217
Abubakar Ahmad,Federal Roads Maintenance Agency,299392,7680789430,Access,BIO_04791,91.24,2020-10-21,EMP_009218
Tunde Adeyemi,Nigeria Customs Service,283829,5677722892,First Bank,BIO_01881,88.22,2024-12-24,EMP_009219
Tayo Adeyemi,Ministry of Power,944817,5646515970,GTBank,BIO_79821,93.84,2025-09-11,EMP_009220
Abubakar Musa,Ministry of Works,180480,4115709260,GTBank,BIO_07379,94.55,2024-09-17,EMP_009221
Kemi Ogunlesi,Federal Roads Maintenance Agency,448290,7176883858,UBA,,99.9,2024-11-24,EMP_009222
Uchenna Nwosu,Ministry of Finance,188043,6066993700,UBA,BIO_00342,89.98,2023-05-20,EMP_009223
Hassan Ahmad,Ministry of Works,229951,9514272218,Access,BIO_08572,96.14,2023-10-31,EMP_009224
Uchenna Nwankwo,Federal Roads Maintenance Agency,250847,5600874061,GTBank,BIO_00563,97.89,2020-09-13,EMP_009225
Okechukwu Nwosu,Federal Roads Maintenance Agency,366324,7342069581,GTBank,BIO_01245,94.89,2023-05-10,EMP_009226
Hassan Ahmad,Ministry of Works,165328,5321230723,Access,BIO_07484,93.06,2020-12-27,EMP_009227
Zainab Ibrahim,Federal Roads Maintenance Agency,376999,3710783875,UBA,BIO_01913,97.61,2017-08-30,EMP_009228
Chiamaka Nwosu,Ministry of Education,420583,2078955509,Access,BIO_01655,89.45,2020-04-13,EMP_009229
Bola Oyedepo,Civil Service Commission,167644,4020863647,GTBank,BIO_00974,95.39,2018-05-02,EMP_009230
Dele Adeleke,Federal Roads Maintenance Agency,311445,4567941020,Access,BIO_00061,87.57,2020-03-26,EMP_009231
Fatima Musa,Ministry of Works,384561,8195281589,Zenith,BIO_05387,88.21,2018-07-15,EMP_009232
Kemi Adeyemi,Ministry of Water Resources,188249,3086999116,Zenith,BIO_02266,97.86,2022-07-31,EMP_009233
Chiamaka Eze,Federal Roads Maintenance Agency,377548,2234389836,GTBank,BIO_00917,88.29,2023-12-12,EMP_009234
Tunde Adeleke,Ministry of Power,415654,3127389852,UBA,BIO_04952,85.28,2020-10-11,EMP_009235
Fatima Mohammed,Nigeria Customs Service,489373,9090658383,First Bank,BIO_05926,91.56,2022-04-05,EMP_009236
Usman Suleiman,Ministry of Water Resources,214909,8403225790,Access,BIO_08636,87.91,2017-04-16,EMP_009237
Bola Oyedepo,Ministry of Finance,130559,8120986451,Zenith,BIO_05765,92.25,2018-12-30,EMP_009238
Femi Adeleke,Ministry of Education,227284,1164831533,Zenith,BIO_85930,99.96,2019-12-03,EMP_009239
Bola Adebayo,Ministry of Water Resources,309136,5232676868,Zenith,BIO_09142,92.56,2023-09-14,EMP_009240
Abubakar Musa,Ministry of Works,122183,5371023090,UBA,BIO_07888,88.68,2020-07-12,EMP_009241
Femi Oyedepo,Ministry of Education,199406,8944463041,UBA,BIO_00253,86.27,2024-07-26,EMP_009242
Hassan Musa,Ministry of Works,164573,7848756331,GTBank,BIO_07524,97.1,2024-09-04,EMP_009243
Yemi Adeleke,Ministry of Agriculture,348395,9518845754,Access,BIO_03957,92.02,2024-12-15,EMP_009244
Ade Adeyemi,Nigeria Customs Service,472065,4890946773,First Bank,BIO_05503,90.71,2020-02-27,EMP_009245
Yemi Williams,Ministry of Works,110536,9349264797,GTBank,BIO_01790,89.46,2016-10-20,EMP_009246
Tayo Ogunlesi,Ministry of Education,467443,5028177606,Zenith,BIO_01657,97.55,2019-01-23,EMP_009247
Abubakar Ahmad,Ministry of Works,284676,5525983036,GTBank,BIO_06042,85.26,2022-07-09,EMP_009248
Ade Adeyemi,Federal Roads Maintenance Agency,450009,8873623927,First Bank,,99.9,2024-06-29,EMP_009249
Nnamdi Ani,Ministry of Health,376878,6832443695,Zenith,BIO_06072,97.83,2021-03-16,EMP_009250
Ade Oyedepo,Nigeria Customs Service,353224,8516237617,First Bank,BIO_05543,94.52,2017-11-05,EMP_009251
Usman Suleiman,Ministry of Water Resources,145996,2420845415,First Bank,BIO_03689,96.5,2022-02-02,EMP_009252
Bola Williams,Ministry of Water Resources,383286,9954772846,GTBank,BIO_07624,91.99,2017-11-20,EMP_009253
Chukwu Eze,Ministry of Health,373641,8923070446,UBA,BIO_05221,96.39,2018-06-14,EMP_009254
Amina Mohammed,Civil Service Commission,477492,9521317110,GTBank,BIO_05644,94.3,2018-12-28,EMP_009255
Bola Adeyemi,Ministry of Power,489001,5511099855,Zenith,BIO_08102,88.81,2017-05-13,EMP_009256
Ibrahim Musa,Ministry of Works,193745,3869553116,First Bank,BIO_03623,94.86,2022-01-19,EMP_009257
Hassan Ibrahim,Ministry of Water Resources,264382,7606562268,First Bank,BIO_07192,93.46,2020-07-10,EMP_009258
Tunde Adeyemi,Nigeria Customs Service,481457,3730857568,Zenith,BIO_01403,88.99,2022-07-21,EMP_009259
Chioma Nwankwo,Ministry of Agriculture,427480,3138965242,Zenith,BIO_06746,93.6,2023-09-13,EMP_009260
Femi Ogunlesi,Ministry of Works,272501,6495520324,UBA,BIO_06506,90.23,2023-09-11,EMP_009261
Tayo Ogunlesi,Ministry of Works,194317,9700235872,First Bank,BIO_02912,95.35,2018-12-01,EMP_009262
Dele Oyedepo,Ministry of Agriculture,406441,8543618471,Access,BIO_00278,85.29,2022-12-25,EMP_009263
Uchenna Ani,Civil Service Commission,148896,4404411956,Zenith,BIO_06534,96.71,2022-04-02,EMP_009264
Zainab Umar,Nigeria Customs Service,140601,5266061716,Access,BIO_05242,95.66,2018-01-07,EMP_009265
Kemi Oyedepo,Ministry of Finance,103168,8868685000,UBA,BIO_00646,94.7,2019-05-23,EMP_009266
Chinedu Eze,Ministry of Agriculture,172710,5547419705,First Bank,BIO_06395,91.89,2016-06-10,EMP_009267
Hassan Mohammed,Ministry of Works,326204,5409139677,Access,BIO_02206,92.26,2021-01-22,EMP_009268
Tunde Williams,Ministry of Finance,213195,9035537615,First Bank,BIO_06138,85.39,2019-06-28,EMP_009269
Femi Adeyemi,Ministry of Finance,347078,8917046202,UBA,BIO_00092,85.21,2024-02-04,EMP_009270
Ade Adebayo,Nigeria Customs Service,190446,4325610111,Access,BIO_07134,90.65,2017-01-31,EMP_009271
Tayo Adebayo,Ministry of Health,142926,7340534820,Zenith,BIO_05032,96.95,2018-08-20,EMP_009272
Ibrahim Ahmad,Civil Service Commission,138016,4869893771,Zenith,BIO_06359,95.18,2020-11-12,EMP_009273
Usman Yusuf,Nigeria Customs Service,111679,3013488387,GTBank,BIO_03798,93.95,2022-07-26,EMP_009274
Ibrahim Suleiman,Ministry of Water Resources,257924,1228949964,Zenith,BIO_01438,97.82,2022-02-24,EMP_009275
Abubakar Yusuf,Ministry of Works,292432,7455374047,Zenith,BIO_04545,92.39,2018-05-25,EMP_009276
Uchenna Nwankwo,Federal Roads Maintenance Agency,304360,8258600148,Zenith,BIO_02505,87.48,2016-10-04,EMP_009277
Zainab Ibrahim,Ministry of Education,431422,4082504139,Zenith,BIO_04881,96.18,2016-09-19,EMP_009278
Usman Yusuf,Ministry of Power,124002,6486947803,Access,BIO_00778,94.84,2021-10-03,EMP_009279
Hassan Suleiman,Ministry of Education,379179,5099393115,GTBank,BIO_06820,92.97,2022-06-16,EMP_009280
Zainab Ibrahim,Ministry of Finance,343598,6539086223,GTBank,BIO_00612,92.97,2020-03-24,EMP_009281
Chiamaka Eze,Ministry of Agriculture,190679,7677653089,Access,BIO_07985,91.27,2018-09-02,EMP_009282
Zainab Umar,Ministry of Power,83663,9786017671,First Bank,BIO_06109,91.45,2020-07-30,EMP_009283
Chioma Onyeka,Ministry of Power,437727,9365930779,GTBank,BIO_05993,91.05,2021-09-24,EMP_009284
Chiamaka Okonkwo,Ministry of Power,350877,6641097675,Access,BIO_03273,85.54,2018-06-29,EMP_009285
Abubakar Musa,Nigeria Customs Service,374810,4477792054,Zenith,BIO_01709,88.37,2024-09-28,EMP_009286
Adaeze Eze,Ministry of Works,367553,2238421444,UBA,BIO_02255,96.2,2019-07-05,EMP_009287
Okechukwu Nwosu,Ministry of Education,156661,5125114782,First Bank,BIO_06220,87.47,2021-04-23,EMP_009288
Nnamdi Onyeka,Ministry of Works,251989,2353619644,First Bank,BIO_03262,95.28,2017-06-02,EMP_009289
Abubakar Ibrahim,Ministry of Water Resources,183004,8952722244,GTBank,BIO_07204,93.61,2024-11-26,EMP_009290
Ibrahim Mohammed,Ministry of Education,493784,1197519884,Access,BIO_07708,88.01,2019-09-21,EMP_009291
Ade Adebayo,Ministry of Works,167612,7731974459,GTBank,BIO_09023,95.88,2019-10-22,EMP_009292
Kemi Oyedepo,Federal Roads Maintenance Agency,351770,1525056504,UBA,BIO_04024,92.59,2022-02-11,EMP_009293
Ade Ogunlesi,Ministry of Power,269340,3119152139,GTBank,BIO_01549,89.65,2021-04-09,EMP_009294
Tunde Williams,Ministry of Agriculture,462122,3492679269,Access,BIO_04385,89.37,2020-08-18,EMP_009295
Chiamaka Nwosu,Ministry of Water Resources,237366,8662875275,GTBank,BIO_02367,95.83,2025-04-21,EMP_009296
Chukwu Ani,Ministry of Finance,117838,1902692459,GTBank,BIO_08660,85.62,2016-12-02,EMP_009297
Ibrahim Mohammed,Nigeria Customs Service,392344,5990028285,UBA,BIO_05918,89.84,2022-02-12,EMP_009298
Bola Adeyemi,Ministry of Water Resources,268229,7419087423,GTBank,BIO_05998,88.57,2019-03-20,EMP_009299
Chinedu Nwosu,Ministry of Water Resources,480165,1403445795,Access,BIO_01516,92.76,2019-01-20,EMP_009300
Abubakar Musa,Ministry of Agriculture,469240,3464827995,First Bank,BIO_00512,96.76,2023-04-14,EMP_009301
Tayo Adeyemi,Ministry of Health,404360,4588070048,GTBank,BIO_01954,90.39,2017-06-07,EMP_009302
Kemi Adeleke,Ministry of Water Resources,257309,4593699338,Access,BIO_01067,87.54,2022-12-26,EMP_009303
Adaeze Nwosu,Ministry of Health,192892,6564537336,First Bank,BIO_05897,96.78,2019-12-29,EMP_009304
Uchenna Eze,Nigeria Customs Service,452866,3557752670,Access,BIO_07605,94.47,2016-11-16,EMP_009305
Bola Oyedepo,Ministry of Power,119180,4788102087,Zenith,BIO_62705,99.89,2019-06-30,EMP_009306
Yemi Adeyemi,Ministry of Water Resources,232747,2352101149,GTBank,BIO_01218,97.92,2024-04-22,EMP_009307
Uchenna Ani,Ministry of Works,215361,6956448194,Zenith,BIO_03836,94.76,2019-09-04,EMP_009308
Tayo Adeleke,Ministry of Finance,228009,5037436823,GTBank,BIO_07904,96.73,2024-06-18,EMP_009309
Bola Adeyemi,Nigeria Customs Service,143047,4908863830,GTBank,BIO_03180,97.07,2023-07-22,EMP_009310
Bola Adeyemi,Ministry of Health,208073,1665225690,GTBank,BIO_01038,87.6,2022-02-18,EMP_009311
Femi Adeleke,Ministry of Water Resources,1013057,5506494018,GTBank,BIO_60113,92.19,2026-01-17,EMP_009312
Uchenna Eze,Ministry of Agriculture,340746,2475460953,UBA,BIO_08978,85.98,2016-12-26,EMP_009313
Chioma Ani,Ministry of Agriculture,220700,3417612850,Access,BIO_05286,91.2,2025-03-21,EMP_009314
Chinedu Eze,Ministry of Finance,213602,8589030765,UBA,BIO_03722,86.18,2023-09-18,EMP_009315
Adaeze Okafor,Ministry of Power,418984,5216426221,UBA,BIO_07369,89.02,2023-12-31,EMP_009316
Adaeze Okafor,Ministry of Health,396098,2567431685,UBA,BIO_00976,96.98,2020-06-26,EMP_009317
Adaeze Eze,Ministry of Works,291875,7565726371,Zenith,BIO_08825,90.37,2017-08-02,EMP_009318
Chukwu Okafor,Ministry of Agriculture,183938,7039809920,Zenith,BIO_02357,94.66,2020-02-14,EMP_009319
Chinedu Obiora,Ministry of Education,291985,1933200092,First Bank,BIO_00441,88.0,2023-02-01,EMP_009320
Okechukwu Okafor,Ministry of Health,369957,5969857195,Access,BIO_02068,91.03,2019-04-06,EMP_009321
Nnamdi Nwosu,Ministry of Works,120734,7390837679,Access,BIO_05550,86.6,2018-10-02,EMP_009322
Usman Ahmad,Ministry of Health,487754,4739678361,UBA,BIO_00826,90.04,2024-06-11,EMP_009323
Kemi Oyedepo,Ministry of Power,217630,8849967724,Zenith,BIO_08529,91.05,2018-02-08,EMP_009324
Uchenna Okafor,Federal Roads Maintenance Agency,112668,8858566397,Zenith,BIO_07350,85.17,2023-08-14,EMP_009325
Tunde Oyedepo,Ministry of Power,128521,9031153624,GTBank,BIO_05023,92.21,2019-03-29,EMP_009326
Femi Williams,Ministry of Works,204271,2761548577,Zenith,BIO_06248,88.62,2021-10-12,EMP_009327
Abubakar Yusuf,Ministry of Education,95444,4455871556,GTBank,BIO_08098,94.45,2025-01-25,EMP_009328
Nnamdi Eze,Ministry of Power,421574,3268035606,UBA,,99.9,2026-03-07,EMP_009329
Abubakar Suleiman,Ministry of Finance,139570,4613869206,UBA,BIO_06942,95.73,2023-12-14,EMP_009330
Nnamdi Okafor,Ministry of Finance,293421,4622820014,First Bank,BIO_03790,90.37,2016-08-11,EMP_009331
Abubakar Musa,Ministry of Works,419285,3244578101,GTBank,BIO_06322,96.65,2021-05-08,EMP_009332
Abubakar Ahmad,Ministry of Health,200255,2033779103,GTBank,BIO_08045,85.23,2018-07-22,EMP_009333
Chukwu Nwankwo,Ministry of Water Resources,285691,3715689587,GTBank,BIO_07592,95.12,2017-02-20,EMP_009334
Okechukwu Nwosu,Ministry of Works,457683,1563326118,First Bank,BIO_03686,85.47,2022-07-27,EMP_009335
Yemi Adeyemi,Ministry of Water Resources,469683,3929505744,Zenith,BIO_06993,94.39,2023-04-22,EMP_009336
Chiamaka Nwosu,Ministry of Education,240343,4566739290,First Bank,BIO_06295,87.61,2024-11-19,EMP_009337
Tunde Williams,Ministry of Health,217909,6842371103,First Bank,BIO_02777,90.19,2018-06-22,EMP_009338
Chukwu Nwankwo,Ministry of Works,227527,5019474311,Access,BIO_02298,96.32,2019-03-23,EMP_009339
Bola Adeyemi,Ministry of Health,220069,4713019544,Zenith,BIO_03945,91.19,2022-12-18,EMP_009340
Fatima Mohammed,Ministry of Water Resources,192996,5961487177,Access,BIO_01102,91.67,2024-10-03,EMP_009341
Kemi Oyedepo,Ministry of Education,303526,3246339810,First Bank,BIO_08259,90.53,2020-03-29,EMP_009342
Nnamdi Ani,Ministry of Works,490999,7360603965,Access,BIO_57277,98.67,2024-09-17,EMP_009343
Bola Adebayo,Ministry of Health,406489,4220334227,UBA,BIO_00151,89.74,2024-07-20,EMP_009344
Chioma Okonkwo,Nigeria Customs Service,263182,6688007454,GTBank,BIO_41104,98.66,2022-09-22,EMP_009345
Chinedu Nwosu,Ministry of Works,188318,7692537114,First Bank,BIO_06327,90.34,2024-08-06,EMP_009346
Fatima Ibrahim,Ministry of Agriculture,297213,3658068554,Zenith,BIO_04228,97.87,2018-03-26,EMP_009347
Abubakar Mohammed,Nigeria Customs Service,477346,7468374079,Zenith,BIO_03548,97.63,2017-09-19,EMP_009348
Yemi Adeyemi,Ministry of Finance,295054,7830328559,UBA,BIO_03279,89.28,2023-03-24,EMP_009349
Tunde Adebayo,Ministry of Finance,216948,6173266819,GTBank,BIO_41038,96.3,2019-07-16,EMP_009350
Kemi Williams,Federal Roads Maintenance Agency,302076,2624553827,UBA,,99.9,2025-02-24,EMP_009351
Tunde Adeleke,Federal Roads Maintenance Agency,132611,5979337078,UBA,BIO_03093,89.31,2017-04-10,EMP_009352
Hassan Umar,Nigeria Customs Service,136905,2655629482,First Bank,BIO_05542,85.06,2018-03-18,EMP_009353
Femi Oyedepo,Ministry of Power,443454,1405380207,Access,BIO_05884,89.3,2018-01-31,EMP_009354
Chukwu Obiora,Ministry of Agriculture,296528,9107976324,GTBank,BIO_01088,91.64,2020-03-15,EMP_009355
Zainab Ahmad,Ministry of Water Resources,148578,4508337583,Access,BIO_04866,89.22,2023-11-06,EMP_009356
Chinedu Okonkwo,Ministry of Education,100035,1164831533,Zenith,BIO_72074,98.05,2022-12-31,EMP_009357
Ade Adeleke,Ministry of Education,207210,1329365956,GTBank,BIO_03050,90.71,2023-10-26,EMP_009358
Uchenna Nwankwo,Ministry of Agriculture,480646,2088983639,GTBank,BIO_08159,85.63,2021-09-15,EMP_009359
Chinedu Nwankwo,Ministry of Power,477842,1511147468,Access,BIO_36501,99.4,2025-05-09,EMP_009360
Ade Williams,Ministry of Health,81861,9282330185,Zenith,BIO_08074,96.08,2019-08-18,EMP_009361
Chioma Nwosu,Civil Service Commission,422030,1482597215,UBA,BIO_08078,88.44,2018-12-25,EMP_009362
Okechukwu Okafor,Federal Roads Maintenance Agency,219295,9557665769,Access,BIO_03625,95.27,2024-11-22,EMP_009363
Chioma Okonkwo,Ministry of Agriculture,95644,3497251194,GTBank,BIO_07880,95.51,2021-03-15,EMP_009364
Femi Oyedepo,Ministry of Water Resources,214006,1181674460,UBA,BIO_04684,96.65,2024-10-31,EMP_009365
Nnamdi Eze,Ministry of Education,478051,2512315647,Access,BIO_05280,97.72,2018-03-14,EMP_009366
Tunde Oyedepo,Ministry of Water Resources,466986,2054782170,First Bank,BIO_03876,85.49,2018-10-05,EMP_009367
Aisha Musa,Ministry of Power,279286,7099204365,Zenith,BIO_04920,96.1,2024-10-28,EMP_009368
Ibrahim Ahmad,Ministry of Power,415931,9290440120,GTBank,BIO_28896,98.19,2019-04-25,EMP_009369
Abubakar Yusuf,Ministry of Power,138100,9054978641,GTBank,BIO_05584,86.68,2019-08-09,EMP_009370
Kemi Adebayo,Federal Roads Maintenance Agency,403740,5617429293,GTBank,BIO_08264,95.46,2017-12-28,EMP_009371
Tunde Adebayo,Ministry of Agriculture,361070,1085381971,Access,BIO_06134,96.05,2018-03-02,EMP_009372
Yemi Ogunlesi,Nigeria Customs Service,378599,4838028906,GTBank,BIO_07846,85.51,2017-09-13,EMP_009373
Abubakar Ahmad,Ministry of Health,100404,8057778901,First Bank,BIO_05631,96.91,2017-07-06,EMP_009374
Amina Ibrahim,Ministry of Works,240486,9852006492,Zenith,BIO_95827,97.48,2018-11-30,EMP_009375
Usman Yusuf,Ministry of Works,315874,4729090771,Zenith,BIO_04638,96.54,2025-02-05,EMP_009376
Dele Adeyemi,Civil Service Commission,160031,7095182740,Access,BIO_08669,85.33,2021-02-05,EMP_009377
Hassan Mohammed,Nigeria Customs Service,262735,6340407641,Zenith,BIO_08324,87.41,2024-08-23,EMP_009378
Chinedu Obiora,Federal Roads Maintenance Agency,1278203,9230755985,First Bank,BIO_20530,95.67,2026-03-13,EMP_009379
Zainab Musa,Ministry of Agriculture,210698,1403076285,First Bank,BIO_07962,86.16,2020-01-03,EMP_009380
Chukwu Obiora,Federal Roads Maintenance Agency,134553,9675405559,GTBank,BIO_07251,90.04,2023-11-04,EMP_009381
Dele Adeleke,Ministry of Agriculture,82663,2397488937,UBA,BIO_05681,96.97,2018-04-12,EMP_009382
Femi Adebayo,Federal Roads Maintenance Agency,227927,9557163267,UBA,BIO_06397,97.75,2021-06-14,EMP_009383
Okechukwu Onyeka,Nigeria Customs Service,220205,8559160354,UBA,BIO_01760,90.77,2020-09-28,EMP_009384
Zainab Ibrahim,Ministry of Works,174262,8976906025,UBA,BIO_00219,85.79,2019-10-24,EMP_009385
Chioma Ani,Ministry of Education,85293,8971985110,First Bank,BIO_01778,88.9,2023-05-20,EMP_009386
Chiamaka Okafor,Ministry of Power,150184,9875282982,First Bank,BIO_07482,94.17,2019-12-27,EMP_009387
Abubakar Yusuf,Ministry of Water Resources,135505,9317951880,GTBank,BIO_00192,93.96,2020-01-09,EMP_009388
Tunde Adebayo,Ministry of Agriculture,261973,4346360319,First Bank,BIO_07552,95.56,2019-04-20,EMP_009389
Okechukwu Ani,Federal Roads Maintenance Agency,287776,6687789557,Zenith,BIO_06771,88.98,2019-05-17,EMP_009390
Chioma Okafor,Ministry of Agriculture,451047,8862339358,Access,BIO_01950,91.87,2017-06-21,EMP_009391
Kemi Williams,Ministry of Health,220598,9273574033,UBA,BIO_05499,91.73,2020-07-20,EMP_009392
Nnamdi Eze,Nigeria Customs Service,483928,2929489906,Zenith,BIO_07058,86.4,2018-05-16,EMP_009393
Tayo Adeleke,Ministry of Finance,444080,7822654100,Zenith,BIO_07497,95.41,2018-09-21,EMP_009394
Chiamaka Ani,Ministry of Works,314105,5108888470,UBA,BIO_03663,94.42,2024-07-10,EMP_009395
Adaeze Okafor,Ministry of Health,354753,3718687797,Zenith,BIO_03164,95.2,2019-04-16,EMP_009396
Chinedu Ani,Ministry of Education,451710,7975859858,Zenith,BIO_01203,94.39,2017-12-14,EMP_009397
Kemi Adebayo,Ministry of Works,429503,6810231812,GTBank,BIO_01510,92.07,2017-09-22,EMP_009398
Kemi Oyedepo,Nigeria Customs Service,95623,4029079781,Zenith,BIO_01106,85.94,2023-06-02,EMP_009399
Fatima Mohammed,Federal Roads Maintenance Agency,364757,4913305229,Access,BIO_02970,86.28,2016-10-29,EMP_009400
Ibrahim Ahmad,Civil Service Commission,496323,6738603009,Access,BIO_08080,94.93,2016-06-15,EMP_009401
Usman Musa,Civil Service Commission,171621,8636164534,Access,BIO_04562,89.21,2017-04-07,EMP_009402
Adaeze Okonkwo,Ministry of Power,440285,3176604906,GTBank,BIO_07938,96.05,2017-08-07,EMP_009403
Yemi Williams,Civil Service Commission,446697,5866696798,Zenith,BIO_05512,96.5,2025-02-15,EMP_009404
Nnamdi Ani,Ministry of Water Resources,195068,4149852527,GTBank,BIO_01482,97.08,2023-09-28,EMP_009405
Zainab Musa,Ministry of Agriculture,166632,7179274088,First Bank,BIO_08761,97.17,2021-10-25,EMP_009406
Fatima Yusuf,Ministry of Health,186546,7845834312,Access,BIO_06514,90.45,2019-05-13,EMP_009407
Chinedu Obiora,Ministry of Health,320995,8040646887,Access,BIO_05822,97.65,2020-06-11,EMP_009408
Tunde Oyedepo,Ministry of Power,404675,3216299847,First Bank,BIO_01706,95.21,2021-11-28,EMP_009409
Yemi Oyedepo,Ministry of Agriculture,176152,4352129250,First Bank,BIO_01259,85.4,2020-02-01,EMP_009410
Dele Adeleke,Ministry of Water Resources,1283627,8603168237,UBA,BIO_71347,89.01,2025-09-07,EMP_009411
Nnamdi Eze,Ministry of Water Resources,455842,7130366402,Zenith,BIO_01461,93.47,2017-09-26,EMP_009412
Chiamaka Eze,Nigeria Customs Service,487034,8082226949,GTBank,BIO_03453,93.85,2020-03-27,EMP_009413
Femi Ogunlesi,Ministry of Education,452064,3658943691,Zenith,BIO_00665,90.9,2017-06-04,EMP_009414
Ade Adebayo,Ministry of Agriculture,179606,2588192859,Access,BIO_02061,90.31,2023-03-21,EMP_009415
Chukwu Nwosu,Ministry of Power,284808,8571727482,UBA,BIO_42172,97.41,2021-05-06,EMP_009416
Adaeze Obiora,Ministry of Education,162649,7832457408,Zenith,,99.9,2025-01-09,EMP_009417
Usman Ibrahim,Nigeria Customs Service,359324,7868803821,GTBank,BIO_02632,93.9,2018-08-26,EMP_009418
Tayo Adeyemi,Ministry of Water Resources,325503,1071662620,Zenith,,99.9,2026-03-04,EMP_009419
Abubakar Ahmad,Ministry of Power,408876,3085639246,Access,BIO_08729,87.01,2024-07-08,EMP_009420
Dele Adebayo,Ministry of Agriculture,189721,2978902329,First Bank,BIO_09073,97.6,2019-05-16,EMP_009421
Hassan Yusuf,Ministry of Education,189018,1498488766,Zenith,BIO_61118,99.16,2018-10-18,EMP_009422
Abubakar Ibrahim,Ministry of Health,190455,4885288829,UBA,BIO_02524,86.94,2018-09-25,EMP_009423
Okechukwu Nwosu,Civil Service Commission,268024,2287733017,UBA,,99.9,2025-11-13,EMP_009424
Femi Ogunlesi,Ministry of Agriculture,113943,1623340082,First Bank,BIO_03509,97.35,2021-09-07,EMP_009425
Chiamaka Obiora,Ministry of Agriculture,218255,1495233215,Access,BIO_05885,88.05,2021-07-12,EMP_009426
Nnamdi Okafor,Ministry of Health,276746,6850091255,Access,BIO_05067,87.24,2018-05-19,EMP_009427
Tunde Adebayo,Ministry of Finance,109678,9079521671,UBA,BIO_06066,89.66,2017-09-26,EMP_009428
Okechukwu Obiora,Civil Service Commission,236899,8574972246,UBA,BIO_02223,96.53,2021-08-04,EMP_009429
Aisha Yusuf,Ministry of Power,348917,8897642673,UBA,BIO_03393,91.53,2023-11-22,EMP_009430
Fatima Mohammed,Ministry of Power,497402,6204987934,UBA,BIO_03117,97.31,2025-02-24,EMP_009431
Zainab Ahmad,Ministry of Health,497144,6991430627,Zenith,BIO_01467,87.16,2023-03-25,EMP_009432
Chioma Nwankwo,Ministry of Health,115303,7038019649,Access,BIO_04570,85.13,2020-08-18,EMP_009433
Aisha Ibrahim,Ministry of Works,96835,1715519730,Access,BIO_01980,90.12,2019-03-08,EMP_009434
Femi Adeleke,Ministry of Water Resources,285733,7556913507,GTBank,BIO_04418,91.94,2025-03-25,EMP_009435
Yemi Williams,Ministry of Power,199763,4568009517,First Bank,BIO_01673,88.15,2017-05-27,EMP_009436
Tayo Adeyemi,Nigeria Customs Service,449398,8484673238,GTBank,,99.9,2026-04-25,EMP_009437
Nnamdi Obiora,Ministry of Health,353143,3987667633,UBA,BIO_05143,87.24,2018-03-20,EMP_009438
Usman Ahmad,Ministry of Finance,271386,1083916837,First Bank,BIO_06469,85.24,2017-08-26,EMP_009439
Aisha Suleiman,Ministry of Works,410808,6393639230,UBA,BIO_02643,96.12,2020-03-25,EMP_009440
Ade Adebayo,Ministry of Education,287582,2312168704,Zenith,BIO_07438,91.05,2019-09-30,EMP_009441
Uchenna Nwankwo,Ministry of Health,447521,2847991455,First Bank,BIO_02818,87.96,2017-06-22,EMP_009442
Chukwu Nwosu,Ministry of Finance,352213,2457401695,Access,BIO_00839,88.75,2021-04-03,EMP_009443
Zainab Mohammed,Ministry of Health,150906,1225880695,Zenith,BIO_05289,87.36,2022-10-21,EMP_009444
Zainab Mohammed,Ministry of Water Resources,344642,3067358678,Access,BIO_03541,89.64,2022-12-23,EMP_009445
Chioma Ani,Ministry of Water Resources,390917,5294686087,Zenith,BIO_08731,88.51,2019-12-03,EMP_009446
Adaeze Okonkwo,Ministry of Education,473647,1164831533,Zenith,BIO_85999,99.21,2020-11-18,EMP_009447
Chioma Okonkwo,Ministry of Agriculture,497532,3201139803,First Bank,BIO_07269,92.64,2024-01-03,EMP_009448
Fatima Umar,Ministry of Health,345745,5898872372,GTBank,BIO_03635,93.9,2018-11-08,EMP_009449
Uchenna Obiora,Ministry of Power,362527,3648427214,Access,BIO_04299,93.58,2018-05-25,EMP_009450
Nnamdi Okonkwo,Ministry of Education,321409,9687270732,First Bank,BIO_03662,89.71,2020-10-19,EMP_009451
Adaeze Ani,Ministry of Agriculture,227091,6636103411,GTBank,BIO_07197,97.18,2019-03-18,EMP_009452
Zainab Ibrahim,Ministry of Power,445724,3192278156,First Bank,BIO_02241,95.15,2019-04-16,EMP_009453
Tayo Williams,Nigeria Customs Service,284814,2315482065,GTBank,BIO_03952,96.48,2016-05-24,EMP_009454
Aisha Yusuf,Ministry of Education,436876,3670536911,Access,BIO_02408,92.44,2023-04-03,EMP_009455
Adaeze Okonkwo,Civil Service Commission,472886,9199697669,GTBank,BIO_07539,85.13,2018-02-10,EMP_009456
Dele Oyedepo,Ministry of Power,476910,4168366484,Access,BIO_08189,97.88,2024-02-21,EMP_009457
Adaeze Obiora,Federal Roads Maintenance Agency,1250282,4141371399,UBA,BIO_14352,95.26,2026-01-28,EMP_009458
Yemi Adeleke,Ministry of Education,229705,8009948771,Access,BIO_02185,95.7,2019-11-12,EMP_009459
Abubakar Suleiman,Ministry of Finance,310168,8039745412,Access,BIO_08124,94.28,2023-03-09,EMP_009460
Uchenna Okonkwo,Ministry of Power,318993,6884430651,GTBank,BIO_03744,86.74,2024-01-18,EMP_009461
Okechukwu Nwosu,Ministry of Water Resources,234558,7781575423,Zenith,BIO_01574,88.81,2020-02-29,EMP_009462
Femi Williams,Ministry of Health,396099,8399770059,Zenith,BIO_03603,89.33,2020-06-11,EMP_009463
Aisha Yusuf,Ministry of Education,430486,4808573906,GTBank,BIO_02944,91.57,2020-08-31,EMP_009464
Tunde Adeleke,Ministry of Health,112241,8548216474,GTBank,BIO_01339,91.05,2023-04-24,EMP_009465
Ibrahim Mohammed,Ministry of Finance,229432,1412578684,GTBank,BIO_00790,90.38,2019-06-14,EMP_009466
Chioma Obiora,Ministry of Works,213514,5474698190,UBA,BIO_04481,96.87,2021-05-26,EMP_009467
Uchenna Okonkwo,Nigeria Customs Service,357042,5476728934,UBA,BIO_03245,90.11,2025-03-16,EMP_009468
Tayo Adeleke,Ministry of Power,476230,5599298751,GTBank,BIO_02199,93.37,2023-03-12,EMP_009469
Aisha Umar,Civil Service Commission,471208,2327373205,First Bank,BIO_01530,88.36,2017-07-04,EMP_009470
Kemi Oyedepo,Ministry of Works,169432,5719687423,Zenith,BIO_02168,85.9,2020-12-23,EMP_009471
Aisha Ibrahim,Federal Roads Maintenance Agency,356861,9623269083,GTBank,BIO_08724,95.49,2024-09-20,EMP_009472
Tayo Williams,Ministry of Education,333618,6894915146,GTBank,BIO_67329,99.19,2021-09-07,EMP_009473
Hassan Suleiman,Federal Roads Maintenance Agency,215248,1052219809,Zenith,BIO_05912,92.2,2019-11-29,EMP_009474
Aisha Ibrahim,Ministry of Power,465390,8515602789,UBA,BIO_07050,87.4,2019-08-17,EMP_009475
Usman Ibrahim,Ministry of Works,165640,4045992856,Zenith,BIO_57465,99.84,2017-05-21,EMP_009476
Usman Ibrahim,Nigeria Customs Service,1448671,4074176053,GTBank,BIO_30338,90.73,2025-08-27,EMP_009477
Ade Ogunlesi,Ministry of Power,499271,2271856713,First Bank,BIO_02580,86.2,2021-05-06,EMP_009478
Chiamaka Okafor,Ministry of Finance,497353,9647799320,GTBank,BIO_00455,92.36,2018-04-15,EMP_009479
Yemi Adeleke,Ministry of Power,263934,3250343851,Zenith,BIO_01649,95.77,2018-12-08,EMP_009480
Fatima Ahmad,Civil Service Commission,106851,4748406469,Access,BIO_05526,95.39,2023-08-14,EMP_009481
Chiamaka Eze,Federal Roads Maintenance Agency,407782,6267534204,First Bank,BIO_04424,93.03,2022-08-22,EMP_009482
Tunde Adeleke,Civil Service Commission,278953,2067809060,First Bank,BIO_04365,90.43,2024-10-17,EMP_009483
Abubakar Yusuf,Ministry of Education,496064,7635204404,First Bank,BIO_02824,97.55,2018-12-03,EMP_009484
Tayo Oyedepo,Ministry of Agriculture,320482,4035998377,GTBank,BIO_02371,95.73,2017-01-16,EMP_009485
Tunde Adebayo,Ministry of Finance,180197,1749250858,First Bank,BIO_07632,97.03,2018-06-22,EMP_009486
Bola Ogunlesi,Ministry of Power,238009,2594106478,UBA,BIO_06579,96.88,2018-03-07,EMP_009487
Nnamdi Obiora,Ministry of Agriculture,481869,9993886756,UBA,BIO_03572,89.59,2020-05-29,EMP_009488
Tayo Adebayo,Ministry of Power,245970,4044952465,First Bank,BIO_01011,90.36,2016-09-11,EMP_009489
Chiamaka Onyeka,Ministry of Power,159077,3643411227,Access,BIO_02212,91.24,2021-06-28,EMP_009490
Ibrahim Umar,Civil Service Commission,381128,1608600944,GTBank,BIO_03141,96.18,2016-07-17,EMP_009491
Nnamdi Eze,Ministry of Health,100633,7035138763,Zenith,BIO_08337,90.76,2018-02-11,EMP_009492
Bola Adebayo,Ministry of Works,477019,1080964639,GTBank,BIO_08752,87.47,2021-12-21,EMP_009493
Ibrahim Musa,Ministry of Works,323968,1672202103,Zenith,BIO_02086,94.69,2025-03-08,EMP_009494
Chioma Okonkwo,Ministry of Water Resources,473188,5034173240,UBA,BIO_02399,89.73,2018-01-10,EMP_009495
Yemi Ogunlesi,Federal Roads Maintenance Agency,494620,1660992156,Access,BIO_03035,92.41,2018-04-09,EMP_009496
Aisha Ahmad,Civil Service Commission,360227,7082272704,UBA,BIO_05263,97.66,2021-04-20,EMP_009497
Amina Ahmad,Ministry of Works,382764,7680316263,Zenith,BIO_15317,98.94,2019-04-16,EMP_009498
Fatima Suleiman,Ministry of Power,294065,4197532013,Access,BIO_04432,91.0,2019-03-21,EMP_009499
Tunde Oyedepo,Ministry of Agriculture,317784,5988420466,First Bank,BIO_07316,93.78,2017-03-08,EMP_009500
Nnamdi Obiora,Ministry of Education,182141,2496734917,Zenith,BIO_22260,98.25,2016-10-05,EMP_009501
Okechukwu Nwosu,Ministry of Works,1379486,6797690781,Access,BIO_96989,90.93,2025-07-29,EMP_009502
Tayo Adebayo,Ministry of Works,484219,4966490525,Access,,99.9,2026-02-03,EMP_009503
Hassan Ahmad,Ministry of Finance,100600,4515122308,Zenith,BIO_07730,92.06,2016-10-09,EMP_009504
Dele Oyedepo,Ministry of Education,172213,2428918294,First Bank,BIO_00446,85.61,2023-10-01,EMP_009505
Amina Umar,Ministry of Works,345467,4651245123,UBA,BIO_06726,90.66,2022-12-11,EMP_009506
Hassan Ibrahim,Ministry of Agriculture,323117,5299568905,Zenith,BIO_04597,89.13,2024-03-03,EMP_009507
Femi Williams,Ministry of Agriculture,483163,5587306351,Zenith,BIO_01609,94.81,2021-11-01,EMP_009508
Adaeze Ani,Ministry of Finance,278135,7643666663,GTBank,BIO_02603,87.56,2019-02-05,EMP_009509
Chioma Onyeka,Ministry of Works,478980,3122973174,GTBank,BIO_69930,97.14,2021-09-13,EMP_009510
Chukwu Okafor,Ministry of Power,461164,1917427584,Access,BIO_08741,92.36,2022-05-07,EMP_009511
Nnamdi Onyeka,Ministry of Agriculture,176565,7010639573,Access,BIO_03747,93.33,2025-01-26,EMP_009512
Adaeze Nwankwo,Ministry of Power,390608,7814152688,First Bank,,99.9,2025-08-24,EMP_009513
Amina Ibrahim,Federal Roads Maintenance Agency,104930,9007358775,Zenith,BIO_02832,93.11,2018-08-01,EMP_009514
Hassan Musa,Ministry of Health,92562,7036266700,Zenith,BIO_04520,90.33,2019-10-11,EMP_009515
Adaeze Okonkwo,Nigeria Customs Service,275206,8539511860,First Bank,BIO_07671,88.09,2017-11-28,EMP_009516
Chiamaka Okonkwo,Ministry of Works,1441712,5614816834,UBA,BIO_88461,85.45,2026-02-07,EMP_009517
Chiamaka Okafor,Ministry of Finance,120998,4903834807,First Bank,BIO_45412,96.81,2024-09-01,EMP_009518
Abubakar Mohammed,Ministry of Water Resources,269800,7152989826,First Bank,BIO_02115,85.6,2024-03-27,EMP_009519
Bola Adeleke,Ministry of Health,284513,6486578950,UBA,BIO_05167,92.53,2023-09-02,EMP_009520
Bola Williams,Ministry of Works,483597,5329320697,Zenith,BIO_02627,97.19,2020-04-26,EMP_009521
Chukwu Eze,Ministry of Works,105669,4045992856,Zenith,BIO_54220,99.57,2022-09-01,EMP_009522
Femi Oyedepo,Nigeria Customs Service,246591,8168039158,UBA,BIO_05741,95.89,2023-07-11,EMP_009523
Chioma Okafor,Nigeria Customs Service,228359,8142928219,Zenith,BIO_03228,96.79,2022-04-26,EMP_009524
Ade Adeyemi,Ministry of Health,413353,8044913990,Access,BIO_06379,89.06,2016-10-16,EMP_009525
Uchenna Ani,Ministry of Education,126497,8490627681,Zenith,,99.9,2024-12-19,EMP_009526
Ibrahim Ibrahim,Ministry of Water Resources,440919,2536945688,Zenith,BIO_00450,94.62,2024-10-24,EMP_009527
Adaeze Onyeka,Ministry of Health,458324,6556861519,UBA,BIO_04761,97.96,2022-08-03,EMP_009528
Zainab Umar,Ministry of Works,176023,4180957789,Access,BIO_00031,97.26,2019-04-10,EMP_009529
Dele Adebayo,Civil Service Commission,427408,5476803365,GTBank,BIO_68876,99.23,2018-06-30,EMP_009530
Chioma Ani,Nigeria Customs Service,248698,1738242566,Zenith,BIO_08783,95.17,2022-08-09,EMP_009531
Femi Adebayo,Ministry of Agriculture,430975,2676285964,UBA,BIO_04509,97.65,2025-02-05,EMP_009532
Fatima Suleiman,Ministry of Education,431220,1823977463,Access,BIO_01853,94.5,2020-05-20,EMP_009533
Bola Williams,Ministry of Health,81661,3677280522,GTBank,BIO_02761,97.03,2020-01-04,EMP_009534
Dele Adeleke,Civil Service Commission,316732,6080128812,First Bank,BIO_05888,96.51,2022-02-05,EMP_009535
Abubakar Ahmad,Ministry of Water Resources,927434,2934562276,First Bank,BIO_74872,93.14,2025-12-12,EMP_009536
Yemi Ogunlesi,Ministry of Finance,208939,1136299071,UBA,BIO_07926,96.52,2020-03-25,EMP_009537
Aisha Musa,Federal Roads Maintenance Agency,107399,7994833656,UBA,BIO_00218,94.54,2021-07-27,EMP_009538
Chukwu Ani,Ministry of Finance,375948,8389304644,UBA,BIO_02710,97.24,2019-04-21,EMP_009539
Abubakar Umar,Ministry of Agriculture,178326,2242751261,Access,BIO_06344,92.35,2019-10-25,EMP_009540
Usman Ahmad,Ministry of Finance,203980,8023806216,First Bank,BIO_01097,87.67,2024-02-24,EMP_009541
Tunde Ogunlesi,Ministry of Health,1431245,1672264467,Zenith,BIO_82870,93.19,2026-04-19,EMP_009542
Abubakar Ahmad,Federal Roads Maintenance Agency,178544,3069298167,UBA,BIO_03999,88.99,2018-12-31,EMP_009543
Ade Adeyemi,Nigeria Customs Service,356321,7622370787,Zenith,BIO_04723,88.15,2018-03-02,EMP_009544
Chiamaka Nwankwo,Ministry of Education,95148,4991911663,UBA,BIO_05967,90.21,2021-05-03,EMP_009545
Aisha Musa,Ministry of Finance,103927,8059717117,GTBank,BIO_01349,92.88,2016-10-21,EMP_009546
Kemi Ogunlesi,Ministry of Works,305828,4045992856,Zenith,BIO_90121,98.03,2017-07-06,EMP_009547
Aisha Yusuf,Ministry of Health,119686,8148169945,UBA,BIO_05497,92.95,2023-04-19,EMP_009548
Usman Yusuf,Ministry of Works,364564,6333716860,First Bank,BIO_06299,85.75,2020-09-24,EMP_009549
Adaeze Nwosu,Ministry of Power,402918,1161372974,Zenith,BIO_00804,86.09,2016-12-30,EMP_009550
Adaeze Obiora,Civil Service Commission,477841,3611706026,First Bank,BIO_00766,89.8,2019-10-19,EMP_009551
Kemi Oyedepo,Nigeria Customs Service,283155,7458175113,UBA,BIO_00018,87.34,2020-01-14,EMP_009552
Femi Adebayo,Ministry of Power,149109,2726293242,First Bank,BIO_03808,90.47,2020-02-02,EMP_009553
Usman Yusuf,Ministry of Finance,470651,3927728642,Zenith,BIO_01926,89.38,2023-06-23,EMP_009554
Nnamdi Eze,Ministry of Agriculture,285924,4856279378,GTBank,BIO_05621,85.52,2019-09-07,EMP_009555
Dele Williams,Ministry of Power,175637,4546555917,Zenith,BIO_05052,95.65,2023-09-18,EMP_009556
Okechukwu Obiora,Nigeria Customs Service,299721,5162089578,First Bank,BIO_03312,96.39,2018-05-09,EMP_009557
Ibrahim Musa,Nigeria Customs Service,299290,3774599920,Zenith,BIO_08369,87.02,2022-02-15,EMP_009558
Abubakar Mohammed,Nigeria Customs Service,205840,6745764641,GTBank,BIO_06358,91.11,2024-07-04,EMP_009559
Bola Adeleke,Ministry of Water Resources,319662,3589519051,GTBank,BIO_05075,86.54,2018-08-01,EMP_009560
Tayo Williams,Ministry of Finance,341100,4807517280,Zenith,BIO_76581,98.4,2022-10-05,EMP_009561
Ade Adebayo,Ministry of Health,324749,7200218592,Access,BIO_02943,97.52,2021-10-07,EMP_009562
Chukwu Onyeka,Ministry of Works,230693,6360460174,Access,BIO_03614,86.56,2021-07-13,EMP_009563
Ade Adebayo,Ministry of Finance,386384,2446850258,Zenith,,99.9,2025-12-15,EMP_009564
Femi Adeyemi,Nigeria Customs Service,177870,3015424965,First Bank,BIO_07917,93.33,2021-08-26,EMP_009565
Kemi Adebayo,Ministry of Health,327585,8806288334,Access,,99.9,2024-12-10,EMP_009566
Chukwu Onyeka,Ministry of Agriculture,361714,3840780886,Access,BIO_08329,95.52,2022-04-29,EMP_009567
Tayo Oyedepo,Ministry of Power,118755,6551208507,First Bank,BIO_02078,88.43,2025-04-18,EMP_009568
Hassan Mohammed,Civil Service Commission,423386,4917683347,GTBank,BIO_04636,92.72,2016-10-29,EMP_009569
Yemi Oyedepo,Nigeria Customs Service,183013,2110142477,Zenith,BIO_07667,89.73,2017-06-22,EMP_009570
Chioma Okonkwo,Nigeria Customs Service,382914,7549834923,Zenith,BIO_04288,88.78,2022-05-21,EMP_009571
Amina Musa,Ministry of Finance,233498,7001184115,First Bank,BIO_01400,93.02,2021-01-09,EMP_009572
Abubakar Yusuf,Federal Roads Maintenance Agency,398607,9034205577,GTBank,BIO_00012,87.46,2018-04-08,EMP_009573
Bola Ogunlesi,Civil Service Commission,130601,4790826664,UBA,BIO_05587,97.86,2025-05-11,EMP_009574
Uchenna Nwankwo,Ministry of Agriculture,397465,8781169484,GTBank,BIO_03651,90.91,2024-07-02,EMP_009575
Dele Adeleke,Federal Roads Maintenance Agency,1089763,6277517342,Access,BIO_32177,89.2,2026-02-13,EMP_009576
Chukwu Okafor,Federal Roads Maintenance Agency,159306,9757208186,Zenith,BIO_08623,92.28,2023-05-17,EMP_009577
Aisha Ahmad,Ministry of Finance,270304,3425272287,Access,BIO_03590,94.94,2021-04-04,EMP_009578
Femi Williams,Ministry of Works,280621,9885398499,Zenith,BIO_03910,96.39,2022-10-06,EMP_009579
Kemi Adebayo,Civil Service Commission,961986,7781759731,Zenith,BIO_77308,90.71,2026-02-07,EMP_009580
Chiamaka Nwankwo,Nigeria Customs Service,398350,1625783173,Access,BIO_08839,91.83,2019-01-04,EMP_009581
Chukwu Okonkwo,Ministry of Power,320821,6971493611,UBA,BIO_06422,86.99,2019-05-11,EMP_009582
Zainab Ahmad,Ministry of Education,267360,5848317088,Access,BIO_07329,94.87,2023-07-07,EMP_009583
Okechukwu Nwosu,Civil Service Commission,119510,1727826882,First Bank,BIO_03431,96.69,2017-04-05,EMP_009584
Zainab Ibrahim,Ministry of Works,473968,6176619896,Access,BIO_05279,91.4,2019-05-29,EMP_009585
Femi Adebayo,Ministry of Power,261516,7685494441,UBA,BIO_03537,92.87,2018-03-04,EMP_009586
Tunde Oyedepo,Nigeria Customs Service,470179,8739483357,First Bank,BIO_01174,94.6,2019-09-16,EMP_009587
Tayo Williams,Ministry of Finance,285948,2857199129,Zenith,BIO_08095,86.03,2018-11-22,EMP_009588
Abubakar Yusuf,Civil Service Commission,147976,2481382022,GTBank,BIO_03575,93.17,2022-03-09,EMP_009589
Adaeze Okafor,Ministry of Health,174506,6146300696,First Bank,BIO_02771,85.3,2023-10-13,EMP_009590
Ade Adebayo,Nigeria Customs Service,259270,1587927263,Zenith,BIO_44783,98.14,2020-12-28,EMP_009591
Chinedu Okafor,Civil Service Commission,220748,6240868324,First Bank,BIO_08092,86.75,2021-07-09,EMP_009592
Okechukwu Obiora,Ministry of Water Resources,363903,1663816700,Zenith,BIO_05498,91.63,2023-11-29,EMP_009593
Dele Williams,Ministry of Education,247371,4117578696,Zenith,BIO_06762,92.02,2021-04-23,EMP_009594
Adaeze Nwosu,Civil Service Commission,99998,8310457204,Zenith,BIO_03099,97.8,2018-10-22,EMP_009595
Tunde Williams,Ministry of Education,269654,2022905038,Access,BIO_03124,88.56,2018-11-17,EMP_009596
Uchenna Obiora,Federal Roads Maintenance Agency,434074,2307144526,Zenith,BIO_08842,87.36,2018-03-18,EMP_009597
Aisha Ahmad,Ministry of Education,459918,9286138983,Access,BIO_03654,88.99,2018-06-05,EMP_009598
Ibrahim Ibrahim,Ministry of Works,146889,7826006311,Access,,99.9,2025-12-24,EMP_009599
Dele Adebayo,Ministry of Power,443355,2976359775,Access,BIO_08267,85.5,2022-05-25,EMP_009600
Yemi Adeyemi,Ministry of Health,419880,2604961599,Access,BIO_00635,92.26,2023-08-26,EMP_009601
Aisha Ahmad,Ministry of Health,482248,1901384417,First Bank,BIO_06215,85.33,2023-06-01,EMP_009602
Femi Ogunlesi,Federal Roads Maintenance Agency,198611,7191805729,Access,BIO_02279,86.47,2023-10-24,EMP_009603
Chukwu Nwosu,Ministry of Health,412407,5112886218,Access,BIO_04155,92.64,2022-07-31,EMP_009604
Tayo Williams,Ministry of Water Resources,197782,4942592484,Access,BIO_00689,88.75,2020-06-16,EMP_009605
Fatima Ahmad,Ministry of Power,232628,7745404186,Access,BIO_07858,85.4,2024-11-10,EMP_009606
Adaeze Obiora,Ministry of Works,269523,7318645991,Access,BIO_00148,93.39,2023-06-28,EMP_009607
Chiamaka Ani,Ministry of Power,102286,9656107665,UBA,BIO_01463,97.76,2022-06-17,EMP_009608
Adaeze Nwosu,Ministry of Education,285125,2242974375,UBA,BIO_06593,95.88,2017-07-05,EMP_009609
Okechukwu Okafor,Ministry of Power,244987,3372421339,Zenith,BIO_02189,94.97,2017-05-24,EMP_009610
Abubakar Umar,Nigeria Customs Service,314788,5860374743,First Bank,BIO_04332,86.62,2023-02-13,EMP_009611
Uchenna Nwankwo,Ministry of Power,498789,6179557361,Access,BIO_01581,89.96,2017-05-11,EMP_009612
Aisha Mohammed,Federal Roads Maintenance Agency,417285,2162192557,UBA,BIO_06181,88.21,2017-01-23,EMP_009613
Bola Adeleke,Civil Service Commission,478398,7320710706,UBA,BIO_02412,95.1,2023-11-30,EMP_009614
Abubakar Musa,Ministry of Power,380850,8929447834,Zenith,BIO_03616,92.3,2021-01-03,EMP_009615
Nnamdi Okafor,Ministry of Education,235098,8863175903,First Bank,BIO_00375,88.0,2023-12-18,EMP_009616
Chiamaka Eze,Ministry of Education,387142,3841902734,Zenith,BIO_02812,87.44,2023-06-28,EMP_009617
Hassan Umar,Civil Service Commission,406459,3887941947,First Bank,BIO_05808,87.1,2019-04-02,EMP_009618
Okechukwu Okonkwo,Ministry of Education,443140,7497136482,Zenith,BIO_00576,93.47,2019-03-29,EMP_009619
Chukwu Okonkwo,Ministry of Power,353293,1970966644,UBA,,99.9,2024-06-05,EMP_009620
Chinedu Okonkwo,Ministry of Finance,166168,3785424851,UBA,BIO_04560,91.15,2017-12-10,EMP_009621
Kemi Adeyemi,Ministry of Works,277350,6352351814,GTBank,BIO_03558,95.28,2018-02-13,EMP_009622
Hassan Musa,Civil Service Commission,346869,5476803365,GTBank,BIO_51616,98.66,2017-12-15,EMP_009623
Adaeze Nwosu,Ministry of Works,328785,2169218178,First Bank,BIO_02028,87.68,2025-01-22,EMP_009624
Okechukwu Eze,Nigeria Customs Service,191330,8118473381,Access,BIO_00459,85.62,2020-12-16,EMP_009625
Tunde Adeyemi,Ministry of Power,490362,1212415251,Access,BIO_08808,97.52,2021-08-11,EMP_009626
Adaeze Okafor,Federal Roads Maintenance Agency,387397,3991421576,UBA,BIO_05211,89.29,2020-05-03,EMP_009627
Hassan Mohammed,Ministry of Health,257579,9919909395,Access,BIO_04030,93.16,2018-02-06,EMP_009628
Amina Suleiman,Ministry of Works,298255,6310238855,GTBank,BIO_02492,93.8,2018-07-20,EMP_009629
Ibrahim Ahmad,Ministry of Power,356671,1101818650,GTBank,BIO_01214,90.69,2024-01-01,EMP_009630
Hassan Mohammed,Ministry of Agriculture,258592,7675545388,GTBank,BIO_05044,96.16,2018-07-11,EMP_009631
Amina Suleiman,Federal Roads Maintenance Agency,330198,3940832903,Access,BIO_01720,89.2,2020-03-09,EMP_009632
Tunde Adebayo,Civil Service Commission,197427,4996979676,GTBank,BIO_08096,95.94,2022-06-05,EMP_009633
Fatima Musa,Ministry of Finance,359575,1920802609,First Bank,BIO_08087,86.18,2025-03-19,EMP_009634
Ibrahim Suleiman,Ministry of Water Resources,173004,3956700840,UBA,BIO_01851,92.18,2024-05-31,EMP_009635
Aisha Suleiman,Ministry of Agriculture,433595,3797397782,Zenith,BIO_03481,93.36,2023-08-11,EMP_009636
Okechukwu Obiora,Ministry of Education,327907,6326446986,Zenith,BIO_04842,89.07,2018-04-17,EMP_009637
Chukwu Obiora,Ministry of Health,258994,6660759631,Zenith,BIO_05457,95.17,2019-01-20,EMP_009638
Hassan Mohammed,Ministry of Agriculture,80114,9178845825,Zenith,BIO_04252,92.57,2023-01-07,EMP_009639
Amina Suleiman,Ministry of Education,357208,7817981241,GTBank,BIO_01373,97.12,2019-12-19,EMP_009640
Chinedu Ani,Nigeria Customs Service,409872,4066837468,First Bank,BIO_07669,92.47,2023-02-27,EMP_009641
Bola Williams,Ministry of Health,499662,7139165702,First Bank,BIO_00605,85.66,2021-09-13,EMP_009642
Ade Ogunlesi,Nigeria Customs Service,249547,4268143301,UBA,BIO_08003,95.76,2024-11-25,EMP_009643
Usman Umar,Nigeria Customs Service,427689,2585150535,GTBank,BIO_05248,94.28,2020-03-24,EMP_009644
Amina Ibrahim,Ministry of Health,118952,7509358314,UBA,BIO_07982,90.75,2022-06-23,EMP_009645
Ade Williams,Ministry of Agriculture,272366,3185640454,GTBank,BIO_03403,94.17,2016-06-10,EMP_009646
Chioma Ani,Civil Service Commission,153554,1033519318,Zenith,BIO_05690,85.4,2016-09-24,EMP_009647
Nnamdi Eze,Nigeria Customs Service,154032,4931625881,GTBank,BIO_07065,93.46,2022-11-12,EMP_009648
Chiamaka Nwankwo,Ministry of Education,232511,9615446801,Access,BIO_06900,96.31,2024-10-28,EMP_009649
Tayo Adeyemi,Ministry of Agriculture,309516,3257964825,Zenith,BIO_06825,93.76,2020-05-12,EMP_009650
Tunde Ogunlesi,Ministry of Education,358639,3658294668,UBA,BIO_06204,93.25,2024-02-11,EMP_009651
Dele Oyedepo,Ministry of Education,367482,6112645739,UBA,BIO_07728,85.12,2018-09-30,EMP_009652
Ibrahim Yusuf,Civil Service Commission,225453,7228766344,UBA,BIO_07059,90.31,2022-04-20,EMP_009653
Uchenna Okafor,Ministry of Works,486410,1208825184,First Bank,BIO_01483,95.46,2018-05-29,EMP_009654
Tunde Ogunlesi,Ministry of Education,195070,5227609882,Access,BIO_06046,91.0,2021-08-05,EMP_009655
Ade Ogunlesi,Ministry of Health,457619,1660144094,First Bank,BIO_00189,89.91,2021-01-24,EMP_009656
Tayo Adebayo,Ministry of Health,193633,3228655629,Access,BIO_03643,93.28,2022-10-06,EMP_009657
Nnamdi Okafor,Civil Service Commission,220893,5476803365,GTBank,BIO_16208,99.25,2017-12-18,EMP_009658
Hassan Mohammed,Ministry of Finance,202942,3999561979,First Bank,BIO_06351,96.49,2024-11-27,EMP_009659
Zainab Yusuf,Ministry of Water Resources,235727,6760816595,UBA,,99.9,2025-09-24,EMP_009660
Tayo Williams,Ministry of Agriculture,304108,3080344436,UBA,BIO_02424,85.66,2025-01-01,EMP_009661
Ade Williams,Federal Roads Maintenance Agency,418983,6775332216,UBA,BIO_01112,90.97,2023-12-26,EMP_009662
Usman Ahmad,Civil Service Commission,297372,3052958531,GTBank,BIO_01477,87.54,2017-01-17,EMP_009663
Kemi Ogunlesi,Ministry of Power,241826,3615995470,Zenith,BIO_05434,94.3,2019-10-10,EMP_009664
Bola Adebayo,Ministry of Works,456218,7772655664,UBA,BIO_03822,90.78,2017-09-03,EMP_009665
Yemi Adeyemi,Civil Service Commission,386341,9744025757,Access,BIO_07183,85.5,2021-12-24,EMP_009666
Amina Ibrahim,Ministry of Works,291563,1922967242,GTBank,BIO_04170,88.33,2017-07-04,EMP_009667
Amina Musa,Civil Service Commission,318268,6323230238,UBA,BIO_03769,93.34,2018-04-11,EMP_009668
Bola Adeleke,Ministry of Health,392600,8315627085,GTBank,BIO_06057,94.4,2021-06-04,EMP_009669
Dele Oyedepo,Nigeria Customs Service,308634,1133326598,UBA,BIO_05116,88.0,2023-02-22,EMP_009670
Aisha Suleiman,Ministry of Education,108927,5211702655,Access,BIO_07477,87.01,2017-08-15,EMP_009671
Zainab Mohammed,Ministry of Power,91831,7238470266,GTBank,BIO_07867,95.39,2018-01-24,EMP_009672
Adaeze Nwankwo,Ministry of Works,140637,1845473362,First Bank,BIO_06788,85.7,2025-02-13,EMP_009673
Hassan Mohammed,Nigeria Customs Service,267893,6139283556,Access,BIO_05440,86.7,2024-03-13,EMP_009674
Chiamaka Eze,Ministry of Health,126618,7625457532,GTBank,BIO_06316,94.25,2023-10-18,EMP_009675
Tunde Oyedepo,Ministry of Works,80770,3478455892,GTBank,BIO_02694,93.09,2024-11-17,EMP_009676
Ade Williams,Ministry of Agriculture,150691,4146077040,GTBank,BIO_03259,97.3,2023-12-02,EMP_009677
Uchenna Eze,Nigeria Customs Service,182107,9233255998,GTBank,BIO_01771,87.93,2024-12-28,EMP_009678
Tayo Ogunlesi,Nigeria Customs Service,359041,9139756191,First Bank,BIO_00338,89.91,2017-08-02,EMP_009679
Usman Ibrahim,Ministry of Water Resources,338185,1826463818,GTBank,BIO_02665,88.47,2025-01-24,EMP_009680
Femi Williams,Nigeria Customs Service,481023,9195719861,UBA,BIO_04188,85.04,2022-11-04,EMP_009681
Tunde Adeyemi,Ministry of Agriculture,454791,5710517362,Zenith,BIO_06016,94.28,2020-11-20,EMP_009682
Chiamaka Onyeka,Civil Service Commission,453472,1591615142,Zenith,BIO_08284,97.5,2022-06-15,EMP_009683
Nnamdi Eze,Ministry of Health,267319,3531538157,Access,BIO_00208,95.62,2016-08-16,EMP_009684
Tayo Adeyemi,Civil Service Commission,429008,6094328443,First Bank,BIO_04644,88.93,2025-05-08,EMP_009685
Yemi Oyedepo,Ministry of Health,96730,9166254118,UBA,BIO_08955,94.66,2017-01-02,EMP_009686
Nnamdi Okonkwo,Ministry of Power,473528,8287768208,GTBank,BIO_08884,86.39,2023-03-08,EMP_009687
Okechukwu Nwosu,Ministry of Agriculture,438307,3148693611,UBA,BIO_02561,97.98,2024-12-01,EMP_009688
Abubakar Yusuf,Ministry of Power,288433,2576106497,Zenith,BIO_06047,90.48,2020-02-02,EMP_009689
Abubakar Musa,Nigeria Customs Service,343253,1513076836,UBA,BIO_03569,95.76,2021-09-24,EMP_009690
Fatima Ibrahim,Ministry of Water Resources,169117,6068494724,Access,BIO_06154,95.01,2017-06-18,EMP_009691
Zainab Yusuf,Federal Roads Maintenance Agency,105354,1069340319,Access,,99.9,2025-08-13,EMP_009692
Chiamaka Onyeka,Federal Roads Maintenance Agency,434445,8742410868,Access,BIO_08441,90.54,2020-12-05,EMP_009693
Tunde Adebayo,Ministry of Power,95988,5101645122,Zenith,BIO_01770,90.59,2023-01-09,EMP_009694
Dele Williams,Ministry of Finance,191143,5645250077,UBA,BIO_08690,89.38,2021-09-03,EMP_009695
Ibrahim Musa,Ministry of Education,129173,4825167019,GTBank,BIO_08604,89.39,2017-03-03,EMP_009696
Bola Adeleke,Ministry of Health,377451,3359413348,Access,BIO_05046,86.87,2019-10-18,EMP_009697
Okechukwu Ani,Ministry of Agriculture,210203,1852764141,First Bank,BIO_05165,90.91,2023-09-09,EMP_009698
Fatima Ahmad,Ministry of Finance,209933,6342796779,GTBank,BIO_08967,87.28,2016-06-15,EMP_009699
Ade Ogunlesi,Ministry of Water Resources,413083,5548233644,GTBank,BIO_06448,85.74,2023-01-19,EMP_009700
Tunde Adeyemi,Ministry of Health,409674,9556243480,First Bank,BIO_08776,86.07,2024-12-16,EMP_009701
Abubakar Ahmad,Ministry of Works,120411,3314611670,Zenith,BIO_06279,88.85,2023-10-05,EMP_009702
Ibrahim Umar,Ministry of Health,224231,3114310978,UBA,BIO_06270,88.0,2017-10-26,EMP_009703
Chukwu Obiora,Civil Service Commission,163840,5831302213,Zenith,BIO_02899,93.67,2024-09-07,EMP_009704
Femi Oyedepo,Federal Roads Maintenance Agency,499833,5007237213,GTBank,BIO_04838,91.85,2020-12-08,EMP_009705
Aisha Umar,Ministry of Works,365058,3683037749,First Bank,BIO_03805,91.67,2024-10-11,EMP_009706
Yemi Adeyemi,Ministry of Power,159865,1478289477,UBA,BIO_08904,96.37,2023-04-09,EMP_009707
Amina Umar,Ministry of Agriculture,261594,5328063083,Zenith,BIO_00474,96.54,2019-06-03,EMP_009708
Chiamaka Obiora,Ministry of Finance,348733,7639104943,Zenith,BIO_05592,87.83,2022-11-13,EMP_009709
Uchenna Obiora,Civil Service Commission,447342,6033854785,Zenith,BIO_01630,96.71,2023-04-29,EMP_009710
Kemi Oyedepo,Civil Service Commission,217160,9917775745,UBA,BIO_04419,85.95,2018-11-20,EMP_009711
Chioma Okafor,Federal Roads Maintenance Agency,315370,2907538486,Zenith,BIO_08032,90.61,2024-10-16,EMP_009712
Hassan Yusuf,Nigeria Customs Service,276298,8835661782,First Bank,BIO_07936,91.69,2024-12-12,EMP_009713
Uchenna Obiora,Federal Roads Maintenance Agency,96876,1125989705,Access,BIO_05354,87.91,2022-12-17,EMP_009714
Zainab Suleiman,Ministry of Power,436684,5287196035,Access,BIO_07371,88.27,2017-06-01,EMP_009715
Ibrahim Ibrahim,Ministry of Education,209701,2496734917,Zenith,BIO_77571,98.12,2024-01-05,EMP_009716
Nnamdi Onyeka,Civil Service Commission,283536,5469219057,Access,BIO_01091,87.45,2016-10-10,EMP_009717
Abubakar Ibrahim,Ministry of Education,318649,8480777888,GTBank,BIO_02025,93.04,2016-08-12,EMP_009718
Kemi Ogunlesi,Ministry of Power,238985,3508661320,UBA,BIO_03402,91.94,2018-08-02,EMP_009719
Zainab Ahmad,Ministry of Health,281878,9611255109,Zenith,BIO_01342,87.69,2020-10-23,EMP_009720
Okechukwu Onyeka,Ministry of Health,129565,4070163351,GTBank,BIO_00254,96.36,2017-03-09,EMP_009721
Hassan Suleiman,Ministry of Works,222244,1831849988,GTBank,,99.9,2024-11-24,EMP_009722
Kemi Adeyemi,Civil Service Commission,363219,4826129347,UBA,BIO_00321,93.66,2022-02-15,EMP_009723
Chioma Okonkwo,Civil Service Commission,454963,2719147299,UBA,BIO_04077,87.9,2024-06-27,EMP_009724
Adaeze Nwosu,Federal Roads Maintenance Agency,495474,4315666963,First Bank,BIO_05119,94.09,2023-06-25,EMP_009725
Okechukwu Ani,Ministry of Education,283843,2783153482,First Bank,BIO_07913,86.69,2022-12-28,EMP_009726
Abubakar Suleiman,Ministry of Power,142702,2957359580,First Bank,BIO_01334,90.46,2022-11-24,EMP_009727
Dele Adeyemi,Ministry of Water Resources,251372,7850701205,Zenith,BIO_02183,97.48,2022-06-19,EMP_009728
Usman Suleiman,Ministry of Water Resources,436819,5896596543,GTBank,BIO_02263,88.96,2020-03-26,EMP_009729
Chinedu Ani,Civil Service Commission,296248,1584266882,UBA,BIO_01738,86.04,2017-11-02,EMP_009730
Femi Williams,Ministry of Education,154141,2496734917,Zenith,BIO_33028,98.25,2016-05-30,EMP_009731
Fatima Ahmad,Ministry of Power,311497,2701715500,First Bank,BIO_01283,88.73,2021-04-24,EMP_009732
Bola Adeleke,Ministry of Finance,274855,3912789590,Zenith,BIO_05965,90.32,2022-07-02,EMP_009733
Tayo Oyedepo,Ministry of Power,80798,9854347022,UBA,BIO_07416,95.15,2024-02-29,EMP_009734
Bola Adeleke,Civil Service Commission,244165,2568651525,Access,BIO_03853,88.82,2019-01-02,EMP_009735
Zainab Musa,Nigeria Customs Service,416462,8306101228,GTBank,BIO_08281,95.67,2017-11-12,EMP_009736
Abubakar Mohammed,Ministry of Health,261212,8159808943,Access,BIO_05819,87.04,2025-03-04,EMP_009737
Yemi Adeyemi,Civil Service Commission,443311,5476803365,GTBank,BIO_95893,98.76,2018-09-12,EMP_009738
Okechukwu Onyeka,Federal Roads Maintenance Agency,499804,5994305706,UBA,BIO_06972,91.9,2017-08-20,EMP_009739
Okechukwu Ani,Ministry of Works,188604,6836829643,UBA,BIO_03941,94.32,2016-07-20,EMP_009740
Chukwu Obiora,Ministry of Works,189903,6632530729,Zenith,BIO_00946,97.43,2021-06-18,EMP_009741
Adaeze Okonkwo,Ministry of Finance,257115,5269140664,UBA,BIO_03168,86.62,2019-05-31,EMP_009742
Tunde Ogunlesi,Ministry of Power,463354,4089132227,Zenith,BIO_03621,96.36,2019-12-03,EMP_009743
Okechukwu Obiora,Ministry of Agriculture,214985,3643076956,First Bank,BIO_07542,96.49,2023-11-29,EMP_009744
Tunde Ogunlesi,Civil Service Commission,409818,2180374345,GTBank,BIO_05420,94.64,2017-01-10,EMP_009745
Femi Williams,Ministry of Power,115643,8169675743,Zenith,BIO_02982,85.4,2024-12-09,EMP_009746
Bola Adebayo,Ministry of Health,414190,6878030188,Access,BIO_08685,86.29,2018-11-08,EMP_009747
Tayo Adeleke,Civil Service Commission,221558,2837343140,UBA,BIO_03729,96.84,2023-05-28,EMP_009748
Adaeze Okafor,Ministry of Works,180983,8790506750,First Bank,BIO_01123,86.15,2021-10-01,EMP_009749
Aisha Yusuf,Ministry of Power,308055,9773119191,First Bank,BIO_08007,96.37,2019-11-05,EMP_009750
Uchenna Nwankwo,Ministry of Works,497722,7566708595,Access,BIO_03239,87.39,2020-06-19,EMP_009751
Chinedu Okonkwo,Federal Roads Maintenance Agency,116023,4519401485,First Bank,BIO_07828,96.73,2019-11-28,EMP_009752
Abubakar Yusuf,Nigeria Customs Service,180661,5424304151,First Bank,BIO_02726,93.62,2017-06-12,EMP_009753
Adaeze Okonkwo,Ministry of Education,348640,4742746369,Zenith,BIO_08843,88.19,2021-02-23,EMP_009754
Bola Adeleke,Nigeria Customs Service,174684,5120938149,GTBank,BIO_62999,98.28,2025-02-20,EMP_009755
Kemi Williams,Ministry of Agriculture,315454,7377627469,GTBank,BIO_04559,88.49,2023-12-14,EMP_009756
Nnamdi Obiora,Civil Service Commission,328299,4361064077,First Bank,BIO_04836,96.84,2022-02-17,EMP_009757
Fatima Musa,Ministry of Water Resources,411488,4175893716,GTBank,BIO_04128,95.72,2023-05-17,EMP_009758
Ade Ogunlesi,Ministry of Finance,212130,5420732148,Access,BIO_00997,94.0,2023-01-05,EMP_009759
Tunde Oyedepo,Ministry of Health,298042,4591338768,UBA,BIO_05172,93.07,2023-11-15,EMP_009760
Okechukwu Okonkwo,Ministry of Agriculture,258793,9597742318,First Bank,,99.9,2024-10-06,EMP_009761
Dele Adebayo,Civil Service Commission,164698,1748581851,Access,BIO_08230,93.0,2021-05-03,EMP_009762
Kemi Adebayo,Ministry of Education,431513,3618089876,First Bank,BIO_03685,95.98,2019-01-15,EMP_009763
Ade Williams,Ministry of Health,252064,6893705303,UBA,BIO_09084,92.51,2016-09-02,EMP_009764
Nnamdi Obiora,Ministry of Finance,491688,2678728635,First Bank,BIO_01776,86.02,2019-03-27,EMP_009765
Bola Williams,Ministry of Water Resources,88112,3654611054,Access,BIO_07626,90.62,2024-09-16,EMP_009766
Tunde Adebayo,Ministry of Power,264714,5919215909,GTBank,BIO_08353,96.74,2021-01-15,EMP_009767
Zainab Musa,Ministry of Power,283482,4551010570,Access,BIO_04518,95.37,2021-08-17,EMP_009768
Amina Musa,Ministry of Water Resources,183624,6510155119,Access,,99.9,2024-07-18,EMP_009769
Aisha Yusuf,Ministry of Power,481198,4479653868,GTBank,BIO_02884,91.93,2024-03-26,EMP_009770
Amina Yusuf,Ministry of Health,407201,3900678425,UBA,BIO_08662,87.1,2017-01-22,EMP_009771
Chioma Nwankwo,Civil Service Commission,318286,5090499913,GTBank,BIO_08400,91.22,2024-01-20,EMP_009772
Amina Suleiman,Ministry of Water Resources,399369,2120226392,GTBank,BIO_04460,96.12,2022-03-27,EMP_009773
Ibrahim Suleiman,Civil Service Commission,286664,4216600945,Zenith,BIO_02938,94.8,2024-11-06,EMP_009774
Yemi Adeyemi,Ministry of Education,107269,7997804546,First Bank,BIO_03408,93.69,2022-01-08,EMP_009775
Abubakar Umar,Ministry of Agriculture,494032,4141343114,GTBank,BIO_06336,97.33,2018-04-11,EMP_009776
Fatima Ahmad,Ministry of Power,415913,3410744861,Zenith,BIO_05250,85.9,2016-09-19,EMP_009777
Dele Adeyemi,Nigeria Customs Service,212318,1509693835,Zenith,BIO_02867,85.99,2020-02-06,EMP_009778
Uchenna Ani,Ministry of Education,129474,7820742936,Access,BIO_09123,95.15,2020-11-22,EMP_009779
Tayo Adeyemi,Federal Roads Maintenance Agency,492987,1901010075,GTBank,BIO_07454,85.99,2025-01-21,EMP_009780
Zainab Musa,Civil Service Commission,100143,5134708757,UBA,BIO_05267,85.86,2020-09-24,EMP_009781
Abubakar Umar,Ministry of Water Resources,193860,2941090895,First Bank,BIO_02133,93.92,2019-04-12,EMP_009782
Ade Adeyemi,Ministry of Power,196672,2630243949,GTBank,BIO_07199,86.41,2021-10-22,EMP_009783
Adaeze Onyeka,Ministry of Water Resources,98008,9504796864,Access,BIO_04935,92.39,2022-01-27,EMP_009784
Adaeze Ani,Ministry of Finance,359946,5597455633,GTBank,BIO_02628,87.35,2022-01-06,EMP_009785
Tayo Oyedepo,Civil Service Commission,242279,1254075902,Zenith,BIO_00875,88.59,2018-08-01,EMP_009786
Chukwu Obiora,Civil Service Commission,160784,4292170827,UBA,BIO_03436,92.29,2017-03-02,EMP_009787
Aisha Umar,Civil Service Commission,95963,3577697775,First Bank,BIO_07650,92.12,2022-07-06,EMP_009788
Nnamdi Obiora,Ministry of Agriculture,85940,3446956173,UBA,BIO_06140,88.49,2024-05-20,EMP_009789
Abubakar Ibrahim,Ministry of Water Resources,158564,7934133318,GTBank,BIO_05911,94.67,2023-04-30,EMP_009790
Amina Ibrahim,Civil Service Commission,357995,3940915850,UBA,,99.9,2025-03-26,EMP_009791
Usman Yusuf,Ministry of Power,167542,3516565016,GTBank,BIO_00051,87.2,2020-12-24,EMP_009792
Adaeze Obiora,Ministry of Water Resources,195831,4493434766,Zenith,BIO_06816,87.35,2016-05-31,EMP_009793
Ibrahim Mohammed,Ministry of Education,92626,1164831533,Zenith,BIO_54264,98.66,2016-10-27,EMP_009794
Dele Williams,Ministry of Finance,420129,9277980073,GTBank,BIO_07845,85.29,2022-05-10,EMP_009795
Chioma Obiora,Ministry of Works,251616,5663790691,Zenith,BIO_01385,93.09,2023-05-31,EMP_009796
Chioma Ani,Ministry of Health,291544,2178006514,First Bank,BIO_07404,91.23,2022-06-18,EMP_009797
Uchenna Okafor,Ministry of Finance,120550,1413361221,Zenith,BIO_05303,94.61,2021-08-02,EMP_009798
Tunde Ogunlesi,Ministry of Power,444154,5951794191,First Bank,BIO_03064,94.26,2021-09-11,EMP_009799
Abubakar Mohammed,Ministry of Water Resources,231839,5399052921,Zenith,BIO_09130,86.81,2019-05-15,EMP_009800
Usman Yusuf,Ministry of Education,110901,4020766122,First Bank,BIO_02872,90.3,2020-01-29,EMP_009801
Dele Ogunlesi,Civil Service Commission,944737,1653404784,Access,BIO_89461,96.12,2025-11-21,EMP_009802
Usman Mohammed,Federal Roads Maintenance Agency,354286,4884939536,First Bank,BIO_02359,85.67,2025-01-21,EMP_009803
Nnamdi Nwosu,Nigeria Customs Service,344565,9996708791,First Bank,BIO_02760,87.05,2018-11-16,EMP_009804
Bola Adeleke,Ministry of Finance,287420,1166676315,First Bank,BIO_02893,88.76,2017-03-25,EMP_009805
Chioma Okonkwo,Ministry of Education,94406,1164831533,Zenith,BIO_58829,99.91,2024-11-07,EMP_009806
Amina Yusuf,Ministry of Power,396319,8874820645,First Bank,BIO_06337,95.91,2019-03-10,EMP_009807
Tunde Adeyemi,Ministry of Agriculture,298621,6588394372,GTBank,BIO_06793,85.61,2022-11-12,EMP_009808
Zainab Umar,Ministry of Power,134859,7338568167,Access,BIO_01316,93.82,2023-11-22,EMP_009809
Chinedu Nwankwo,Ministry of Health,118919,9046516007,Access,BIO_03773,94.15,2019-07-13,EMP_009810
Bola Oyedepo,Nigeria Customs Service,182124,7703632301,First Bank,BIO_00034,93.91,2017-02-10,EMP_009811
Fatima Yusuf,Ministry of Works,292060,3589755619,First Bank,BIO_00722,90.76,2020-09-21,EMP_009812
Dele Oyedepo,Civil Service Commission,94038,6771985095,Access,BIO_05418,94.56,2017-10-23,EMP_009813
Fatima Suleiman,Ministry of Power,422921,3440629889,Zenith,BIO_01324,90.09,2020-06-14,EMP_009814
Bola Adeleke,Ministry of Agriculture,357382,8284429468,Zenith,BIO_03058,92.72,2023-11-04,EMP_009815
Chioma Nwosu,Ministry of Power,141975,9302858256,Zenith,BIO_03602,87.05,2018-12-23,EMP_009816
Chukwu Onyeka,Ministry of Education,295055,3322376653,UBA,BIO_07618,93.84,2016-06-15,EMP_009817
Tayo Williams,Ministry of Water Resources,401459,8655310357,Access,BIO_08974,85.11,2025-02-17,EMP_009818
Aisha Mohammed,Ministry of Education,416417,8470059846,First Bank,BIO_03165,85.69,2020-03-07,EMP_009819
Chioma Ani,Nigeria Customs Service,472217,9676759185,Zenith,BIO_07284,94.3,2016-09-23,EMP_009820
Aisha Ibrahim,Ministry of Water Resources,114470,6882497964,Access,BIO_09149,91.78,2022-12-25,EMP_009821
Uchenna Nwosu,Ministry of Works,341432,6638448198,UBA,BIO_05061,95.13,2025-04-14,EMP_009822
Usman Ibrahim,Ministry of Health,196792,5953595470,Zenith,BIO_02752,92.85,2020-06-14,EMP_009823
Ade Adeleke,Ministry of Agriculture,102997,9125614426,First Bank,BIO_08047,93.3,2020-01-18,EMP_009824
Tayo Oyedepo,Ministry of Education,453679,5717593045,GTBank,BIO_04462,90.91,2020-10-12,EMP_009825
Tunde Adeleke,Ministry of Works,469479,1555126810,Access,BIO_08638,94.86,2017-05-11,EMP_009826
Ibrahim Ahmad,Nigeria Customs Service,377170,8175595045,Zenith,,99.9,2024-11-02,EMP_009827
Okechukwu Okonkwo,Ministry of Education,365014,4190388223,UBA,BIO_08186,89.06,2024-02-25,EMP_009828
Ibrahim Mohammed,Ministry of Health,440385,7154848571,First Bank,BIO_03850,91.32,2022-07-20,EMP_009829
Nnamdi Nwosu,Ministry of Water Resources,115306,1161998943,UBA,BIO_01626,87.53,2020-12-06,EMP_009830
Uchenna Okafor,Ministry of Finance,129714,7657995680,First Bank,BIO_05147,96.26,2017-12-11,EMP_009831
Chiamaka Okonkwo,Ministry of Health,378656,5499796232,First Bank,BIO_07222,90.79,2018-05-25,EMP_009832
Chiamaka Eze,Civil Service Commission,427954,9784594231,UBA,BIO_04561,97.68,2017-03-21,EMP_009833
Adaeze Onyeka,Ministry of Works,337789,6513373941,Zenith,BIO_58145,98.82,2025-02-20,EMP_009834
Chiamaka Ani,Federal Roads Maintenance Agency,324982,8505172884,GTBank,BIO_06984,87.52,2020-03-11,EMP_009835
Tunde Ogunlesi,Ministry of Works,338413,4382676702,Access,BIO_06890,89.72,2018-11-05,EMP_009836
Fatima Ahmad,Ministry of Agriculture,130849,1073229062,First Bank,BIO_02873,94.05,2021-04-15,EMP_009837
Chiamaka Ani,Ministry of Finance,350148,5237160853,First Bank,BIO_04529,90.35,2023-01-02,EMP_009838
Aisha Suleiman,Nigeria Customs Service,483567,5532521821,Zenith,BIO_06364,91.01,2021-10-16,EMP_009839
Tunde Williams,Civil Service Commission,81436,8268436110,Zenith,BIO_04117,88.77,2024-01-22,EMP_009840
Dele Adeyemi,Nigeria Customs Service,371613,9561733560,Zenith,BIO_05169,95.34,2016-07-08,EMP_009841
Bola Adebayo,Ministry of Education,239780,1164831533,Zenith,BIO_67618,99.26,2025-04-12,EMP_009842
Chiamaka Eze,Ministry of Power,495542,6146228067,Access,BIO_05866,90.4,2016-07-29,EMP_009843
Tunde Adebayo,Ministry of Water Resources,365177,7337632282,UBA,BIO_05115,91.0,2018-01-26,EMP_009844
Femi Ogunlesi,Civil Service Commission,256923,3321271931,GTBank,BIO_04164,92.39,2024-02-21,EMP_009845
Amina Umar,Ministry of Power,194574,6415693141,GTBank,,99.9,2024-09-01,EMP_009846
Bola Adebayo,Ministry of Finance,323010,1766616632,GTBank,BIO_01978,85.85,2023-08-01,EMP_009847
Nnamdi Eze,Ministry of Education,389123,7350364149,GTBank,BIO_02683,92.1,2019-08-14,EMP_009848
Yemi Williams,Ministry of Finance,337266,5185041736,Zenith,BIO_00161,96.87,2025-01-30,EMP_009849
Ade Ogunlesi,Ministry of Water Resources,453872,7906698407,GTBank,BIO_05773,96.34,2020-07-20,EMP_009850
Femi Adebayo,Ministry of Finance,103078,7686939528,First Bank,BIO_07070,89.17,2018-08-10,EMP_009851
Nnamdi Eze,Ministry of Finance,197898,8920111407,Access,BIO_08862,97.84,2020-11-07,EMP_009852
Tayo Williams,Civil Service Commission,197219,1420030282,First Bank,BIO_06977,88.12,2020-04-27,EMP_009853
Dele Ogunlesi,Federal Roads Maintenance Agency,144051,6428100191,Zenith,BIO_06784,93.07,2016-07-15,EMP_009854
Amina Ibrahim,Federal Roads Maintenance Agency,365365,4957158341,Access,BIO_02727,97.8,2017-12-01,EMP_009855
Adaeze Obiora,Ministry of Agriculture,446721,2560900094,UBA,BIO_07871,87.44,2022-08-18,EMP_009856
Amina Suleiman,Nigeria Customs Service,184959,8438719900,GTBank,BIO_06508,85.97,2022-03-03,EMP_009857
Tunde Ogunlesi,Ministry of Water Resources,119759,6105659034,First Bank,BIO_07300,87.95,2022-04-13,EMP_009858
Amina Suleiman,Ministry of Works,249445,4039573835,Access,BIO_07819,92.0,2021-08-01,EMP_009859
Nnamdi Nwankwo,Federal Roads Maintenance Agency,163335,1725689798,GTBank,BIO_00574,86.48,2017-11-02,EMP_009860
Tayo Adeyemi,Ministry of Education,440568,7671474335,Zenith,,99.9,2024-12-12,EMP_009861
Femi Adeleke,Ministry of Education,184704,3300311156,Zenith,BIO_00477,85.22,2020-06-07,EMP_009862
Hassan Ibrahim,Federal Roads Maintenance Agency,338973,2670645506,Access,BIO_05352,89.0,2019-07-08,EMP_009863
Fatima Ahmad,Ministry of Education,424761,6196172902,GTBank,BIO_01113,96.48,2021-03-06,EMP_009864
Chioma Eze,Ministry of Agriculture,185540,2447357736,Access,BIO_01582,97.9,2019-09-30,EMP_009865
Adaeze Onyeka,Federal Roads Maintenance Agency,341975,9491805938,UBA,BIO_00580,89.38,2019-06-25,EMP_009866
Ade Oyedepo,Ministry of Health,327723,4871488546,GTBank,BIO_03223,91.75,2024-08-11,EMP_009867
Uchenna Nwankwo,Federal Roads Maintenance Agency,148842,6883072928,First Bank,BIO_01561,90.41,2023-07-13,EMP_009868
Chinedu Nwankwo,Ministry of Water Resources,103790,8578904977,Zenith,BIO_07862,94.61,2023-12-24,EMP_009869
Ade Oyedepo,Ministry of Health,164803,3055172556,First Bank,BIO_01837,87.33,2024-06-04,EMP_009870
Ade Oyedepo,Ministry of Power,345700,3613538176,Access,BIO_00767,86.98,2022-01-19,EMP_009871
Chioma Ani,Ministry of Water Resources,250276,7022269611,UBA,BIO_05301,95.71,2025-01-20,EMP_009872
Ibrahim Musa,Ministry of Works,384546,4909339845,Zenith,BIO_07784,87.19,2025-01-30,EMP_009873
Yemi Oyedepo,Civil Service Commission,428774,8344946715,Zenith,BIO_04927,96.37,2024-08-04,EMP_009874
Abubakar Ibrahim,Nigeria Customs Service,190234,9883646034,Zenith,BIO_02459,95.34,2021-07-07,EMP_009875
Dele Ogunlesi,Ministry of Health,360110,9411077226,UBA,BIO_08279,92.42,2020-04-20,EMP_009876
Ibrahim Ahmad,Ministry of Finance,470572,6971586918,UBA,BIO_07146,95.22,2025-03-09,EMP_009877
Chukwu Nwosu,Federal Roads Maintenance Agency,319666,2652264135,GTBank,BIO_06216,91.7,2016-10-14,EMP_009878
Zainab Yusuf,Ministry of Power,263208,4245972504,GTBank,BIO_01447,87.84,2018-05-29,EMP_009879
Chukwu Onyeka,Nigeria Customs Service,486430,5076199948,First Bank,BIO_07302,86.38,2019-11-06,EMP_009880
Tayo Adeleke,Ministry of Finance,482535,4039946274,UBA,BIO_04877,97.22,2022-03-28,EMP_009881
Chukwu Ani,Ministry of Works,414733,5250030988,Access,BIO_03133,91.53,2024-08-22,EMP_009882
Zainab Yusuf,Ministry of Agriculture,197779,5726658023,First Bank,BIO_04112,96.24,2024-04-29,EMP_009883
Tayo Williams,Ministry of Power,208613,2446254892,GTBank,BIO_07051,94.18,2018-02-09,EMP_009884
Bola Ogunlesi,Ministry of Power,399856,7543963963,Zenith,BIO_01683,97.86,2024-09-23,EMP_009885
Chinedu Okafor,Nigeria Customs Service,179089,3693867179,Access,BIO_05089,86.02,2020-06-04,EMP_009886
Bola Oyedepo,Federal Roads Maintenance Agency,307172,2754909588,Access,BIO_02658,93.16,2019-10-28,EMP_009887
Adaeze Onyeka,Federal Roads Maintenance Agency,341275,1093748405,GTBank,BIO_07783,96.52,2018-03-20,EMP_009888
Usman Musa,Civil Service Commission,285940,9688909353,UBA,BIO_07952,85.65,2019-07-12,EMP_009889
Chukwu Onyeka,Federal Roads Maintenance Agency,468491,5185720200,GTBank,BIO_00740,93.56,2017-04-17,EMP_009890
Amina Umar,Ministry of Works,401431,3781424833,GTBank,BIO_07714,95.78,2024-05-13,EMP_009891
Ade Oyedepo,Federal Roads Maintenance Agency,203684,6210313690,UBA,BIO_00154,88.7,2023-03-11,EMP_009892
Kemi Adeyemi,Ministry of Works,488052,4045992856,Zenith,BIO_73895,98.61,2025-04-16,EMP_009893
Kemi Oyedepo,Ministry of Education,128193,1438484401,UBA,BIO_01155,93.75,2017-05-19,EMP_009894
Chinedu Okafor,Civil Service Commission,357419,1313226876,GTBank,BIO_02451,89.84,2022-10-16,EMP_009895
Tayo Adeyemi,Federal Roads Maintenance Agency,161432,3646341648,GTBank,BIO_08141,85.43,2017-04-04,EMP_009896
Chinedu Okafor,Ministry of Education,106108,6066855679,Zenith,BIO_08127,89.34,2020-04-24,EMP_009897
Abubakar Yusuf,Civil Service Commission,93961,5222139299,First Bank,BIO_02456,93.21,2017-09-09,EMP_009898
Yemi Ogunlesi,Civil Service Commission,160165,4199385524,Access,BIO_04909,86.2,2020-09-14,EMP_009899
Zainab Ibrahim,Ministry of Power,291247,7658439232,UBA,BIO_06951,96.76,2018-02-09,EMP_009900
Hassan Umar,Ministry of Water Resources,496725,9619381143,GTBank,BIO_04314,88.35,2023-05-26,EMP_009901
Dele Adeleke,Ministry of Finance,240934,2089463502,UBA,BIO_04618,88.11,2020-03-17,EMP_009902
Bola Ogunlesi,Ministry of Education,300579,4285337399,Zenith,BIO_07412,97.74,2019-07-31,EMP_009903
Chioma Nwankwo,Ministry of Health,393352,4816823995,UBA,BIO_02979,95.65,2020-09-07,EMP_009904
Ade Adeyemi,Ministry of Education,237253,5848023724,UBA,BIO_07610,92.55,2018-09-20,EMP_009905
Uchenna Okafor,Civil Service Commission,1010634,1190929598,GTBank,BIO_21689,93.92,2025-12-09,EMP_009906
Zainab Mohammed,Ministry of Power,462170,1276949918,First Bank,BIO_02634,94.86,2021-03-12,EMP_009907
Usman Umar,Ministry of Water Resources,316721,8706727928,UBA,BIO_01282,86.11,2024-01-18,EMP_009908
Ibrahim Umar,Civil Service Commission,351023,5407031800,GTBank,BIO_07760,88.9,2020-11-16,EMP_009909
Ade Adebayo,Ministry of Power,294437,1147470148,UBA,BIO_03528,97.31,2021-02-20,EMP_009910
Tunde Williams,Ministry of Finance,448029,7267247112,Access,BIO_05320,95.7,2020-02-19,EMP_009911
Okechukwu Nwankwo,Ministry of Finance,169111,5703782739,First Bank,BIO_00380,85.82,2022-06-09,EMP_009912
Chinedu Ani,Federal Roads Maintenance Agency,167556,7682176939,GTBank,BIO_07209,92.88,2020-06-14,EMP_009913
Chinedu Onyeka,Ministry of Agriculture,401071,8940891326,GTBank,BIO_06918,94.67,2018-11-06,EMP_009914
Usman Umar,Ministry of Agriculture,128618,8065215404,Access,BIO_06517,92.3,2017-08-21,EMP_009915
Nnamdi Obiora,Ministry of Finance,383522,4705503077,UBA,BIO_03222,96.89,2021-11-28,EMP_009916
Kemi Ogunlesi,Ministry of Education,216273,9686280979,UBA,BIO_07877,90.23,2021-10-26,EMP_009917
Uchenna Nwankwo,Nigeria Customs Service,976645,6035058962,Zenith,BIO_74090,92.69,2026-02-19,EMP_009918
Ibrahim Musa,Federal Roads Maintenance Agency,407347,8054199875,Zenith,BIO_07331,97.81,2024-08-18,EMP_009919
Amina Ahmad,Ministry of Education,292102,1440565560,Access,BIO_06355,86.78,2018-01-15,EMP_009920
Chiamaka Ani,Ministry of Power,175510,1918467348,Zenith,BIO_02801,92.0,2023-03-05,EMP_009921
Chioma Okonkwo,Nigeria Customs Service,431549,7440291003,Zenith,BIO_05484,88.6,2022-12-10,EMP_009922
Zainab Mohammed,Ministry of Works,379348,3668268010,First Bank,BIO_01409,95.63,2025-02-04,EMP_009923
Nnamdi Ani,Federal Roads Maintenance Agency,369316,2200642340,UBA,BIO_04018,87.24,2019-08-12,EMP_009924
Uchenna Nwankwo,Ministry of Health,228818,1933163272,Access,BIO_01287,92.25,2021-11-16,EMP_009925
Tayo Adeleke,Ministry of Works,165042,4548414590,Access,BIO_00770,93.02,2017-09-29,EMP_009926
Zainab Umar,Ministry of Health,281619,4011041261,First Bank,BIO_01252,88.51,2024-05-13,EMP_009927
Chukwu Ani,Ministry of Water Resources,96997,9735558270,First Bank,BIO_04575,92.51,2016-07-30,EMP_009928
Uchenna Nwankwo,Ministry of Water Resources,405444,4978568609,Access,BIO_09146,86.99,2024-05-04,EMP_009929
Aisha Ahmad,Ministry of Education,275659,5444910546,Access,BIO_00970,89.76,2022-05-03,EMP_009930
Chioma Eze,Ministry of Finance,449896,4215825199,Zenith,BIO_01078,91.11,2018-12-25,EMP_009931
Kemi Ogunlesi,Ministry of Finance,470912,5604057809,UBA,BIO_05894,86.67,2020-05-26,EMP_009932
Chiamaka Eze,Ministry of Health,330451,5438067770,UBA,BIO_08816,88.32,2021-02-06,EMP_009933
Dele Ogunlesi,Ministry of Education,145730,4652758991,GTBank,BIO_04039,92.47,2021-11-16,EMP_009934
Fatima Umar,Federal Roads Maintenance Agency,232124,5511542438,Zenith,BIO_07143,92.9,2020-07-29,EMP_009935
Dele Adebayo,Ministry of Education,384632,1696627476,UBA,BIO_08072,91.61,2018-02-20,EMP_009936
Fatima Umar,Ministry of Works,406823,7784079278,First Bank,BIO_04815,90.76,2021-04-03,EMP_009937
Chinedu Nwosu,Ministry of Power,87253,1385461471,Zenith,BIO_06827,91.45,2025-02-14,EMP_009938
Uchenna Obiora,Ministry of Finance,325618,3865449795,UBA,BIO_02762,87.58,2023-02-13,EMP_009939
Kemi Oyedepo,Ministry of Health,215586,5143758325,Access,BIO_05613,97.67,2023-03-11,EMP_009940
Adaeze Okonkwo,Ministry of Finance,395789,9432145348,GTBank,BIO_03827,93.27,2025-03-07,EMP_009941
Kemi Williams,Ministry of Education,484691,9202854860,UBA,BIO_00228,90.97,2020-11-17,EMP_009942
Femi Oyedepo,Federal Roads Maintenance Agency,221359,3109363395,Zenith,BIO_08705,97.76,2025-04-24,EMP_009943
Chinedu Eze,Ministry of Water Resources,138991,1075110521,Access,BIO_00319,90.41,2024-03-30,EMP_009944
Tunde Adeyemi,Ministry of Health,304668,3460164608,GTBank,BIO_02795,95.04,2020-02-19,EMP_009945
Uchenna Okafor,Ministry of Education,320853,6758106398,First Bank,BIO_03520,97.24,2022-08-04,EMP_009946
Uchenna Nwankwo,Federal Roads Maintenance Agency,233336,6067846385,UBA,BIO_03122,95.53,2018-05-21,EMP_009947
Tayo Ogunlesi,Ministry of Health,340578,1471085945,First Bank,BIO_03908,90.42,2017-12-18,EMP_009948
Zainab Ibrahim,Ministry of Education,418201,8059057707,GTBank,BIO_07043,94.45,2023-01-05,EMP_009949
Aisha Mohammed,Ministry of Health,307272,4016724330,UBA,BIO_04321,95.37,2018-10-23,EMP_009950
Amina Ahmad,Civil Service Commission,123433,6628473912,First Bank,BIO_01222,96.99,2023-04-27,EMP_009951
Chinedu Ani,Ministry of Health,125339,2992214961,UBA,BIO_06991,86.74,2023-12-11,EMP_009952
Tayo Oyedepo,Ministry of Power,350669,7597100650,UBA,BIO_06824,88.07,2016-07-29,EMP_009953
Chioma Okafor,Nigeria Customs Service,371832,1808611379,UBA,BIO_08211,88.69,2020-02-02,EMP_009954
Tayo Adeleke,Nigeria Customs Service,334534,7059072541,Zenith,BIO_00206,85.57,2017-04-19,EMP_009955
Bola Adebayo,Ministry of Finance,395073,3472629747,Zenith,BIO_07699,88.23,2021-12-19,EMP_009956
Hassan Ahmad,Ministry of Agriculture,152700,8044216109,Access,BIO_05688,91.42,2018-06-20,EMP_009957
Adaeze Nwankwo,Ministry of Agriculture,1023071,2885094880,First Bank,BIO_62784,89.19,2026-03-30,EMP_009958
Dele Adeleke,Federal Roads Maintenance Agency,256556,5202076883,First Bank,BIO_09021,86.97,2018-03-31,EMP_009959
Ade Williams,Ministry of Power,228652,3957117317,GTBank,BIO_03893,85.35,2018-04-30,EMP_009960
Amina Ahmad,Ministry of Works,332637,6890265078,First Bank,BIO_01984,97.84,2019-07-30,EMP_009961
Tayo Adebayo,Federal Roads Maintenance Agency,157395,1761918043,Zenith,BIO_05923,96.39,2016-11-01,EMP_009962
Fatima Ahmad,Ministry of Works,282292,8268014316,UBA,BIO_08812,89.51,2022-10-25,EMP_009963
Femi Oyedepo,Ministry of Works,495130,1898801650,UBA,BIO_02081,86.34,2018-11-29,EMP_009964
Chukwu Obiora,Ministry of Water Resources,265126,6837133635,First Bank,BIO_03348,90.25,2021-04-18,EMP_009965
Chinedu Onyeka,Ministry of Water Resources,117411,7069367570,First Bank,BIO_01566,94.67,2021-02-27,EMP_009966
Aisha Ibrahim,Ministry of Power,343686,8626010068,GTBank,BIO_01567,88.99,2022-04-28,EMP_009967
Femi Adebayo,Civil Service Commission,315760,9550244871,First Bank,BIO_08928,95.74,2022-10-12,EMP_009968
Chukwu Eze,Ministry of Agriculture,390390,2055730238,UBA,BIO_03368,87.81,2023-01-07,EMP_009969
Chioma Nwosu,Ministry of Power,290046,5933229034,Access,BIO_07296,87.21,2022-10-09,EMP_009970
Dele Ogunlesi,Ministry of Works,497231,1350537493,First Bank,BIO_04551,92.28,2025-01-27,EMP_009971
Hassan Musa,Ministry of Health,126613,9979868670,First Bank,BIO_03514,97.66,2018-12-13,EMP_009972
Chioma Okafor,Federal Roads Maintenance Agency,359102,3359369110,First Bank,BIO_00081,88.15,2024-11-15,EMP_009973
Okechukwu Nwosu,Nigeria Customs Service,339268,8039931580,Zenith,BIO_08791,86.08,2016-06-08,EMP_009974
Fatima Umar,Nigeria Customs Service,308827,9332521740,First Bank,BIO_08594,95.44,2016-10-31,EMP_009975
Bola Ogunlesi,Ministry of Agriculture,234578,2609614149,Zenith,BIO_06847,86.04,2024-07-14,EMP_009976
Yemi Adeleke,Ministry of Health,469723,8686557407,UBA,BIO_07427,89.52,2023-09-18,EMP_009977
Bola Adeleke,Ministry of Power,84706,3229496340,First Bank,BIO_05753,96.88,2016-07-01,EMP_009978
Yemi Adeyemi,Ministry of Power,123191,2881222180,UBA,BIO_03624,86.96,2024-03-28,EMP_009979
Amina Umar,Civil Service Commission,308089,1057317289,GTBank,BIO_04693,96.47,2019-12-09,EMP_009980
Chioma Obiora,Ministry of Agriculture,336218,2946370076,Access,BIO_00593,87.98,2018-11-05,EMP_009981
Amina Ahmad,Ministry of Water Resources,349352,1758158409,Zenith,BIO_02902,89.66,2017-07-13,EMP_009982
Chinedu Okafor,Federal Roads Maintenance Agency,394505,9532422516,UBA,BIO_08585,90.12,2022-04-28,EMP_009983
Tunde Adeyemi,Federal Roads Maintenance Agency,496124,6329589773,Zenith,BIO_04196,88.7,2024-09-12,EMP_009984
Aisha Yusuf,Ministry of Water Resources,159240,6539629877,UBA,BIO_08597,86.59,2023-08-28,EMP_009985
Uchenna Okonkwo,Civil Service Commission,453400,6984835425,Zenith,BIO_40517,97.35,2023-08-23,EMP_009986
Okechukwu Okonkwo,Federal Roads Maintenance Agency,434283,1178630204,Zenith,BIO_05599,86.95,2023-10-10,EMP_009987
Abubakar Yusuf,Ministry of Works,484393,7730919597,UBA,BIO_07945,94.4,2017-12-22,EMP_009988
Chioma Okafor,Ministry of Health,271292,8331616980,Zenith,BIO_01687,86.82,2022-07-21,EMP_009989
Amina Suleiman,Ministry of Education,396378,9770052849,Zenith,BIO_06045,89.26,2021-07-12,EMP_009990
Okechukwu Eze,Ministry of Power,187746,2065958631,First Bank,BIO_00675,93.1,2020-12-02,EMP_009991
Chinedu Nwosu,Ministry of Finance,124094,1021946089,First Bank,BIO_05729,97.25,2018-01-24,EMP_009992
Okechukwu Okafor,Ministry of Finance,429232,5690071362,UBA,BIO_06266,88.75,2025-02-23,EMP_009993
Nnamdi Ani,Nigeria Customs Service,206175,2980619323,First Bank,BIO_06407,88.89,2025-03-15,EMP_009994
Hassan Ahmad,Ministry of Education,105075,8256820020,First Bank,BIO_08522,86.62,2021-06-03,EMP_009995
Usman Ahmad,Ministry of Water Resources,216832,5151899076,GTBank,BIO_07574,86.02,2019-04-24,EMP_009996
Ade Ogunlesi,Ministry of Power,224186,6633177313,First Bank,BIO_05971,91.97,2021-06-17,EMP_009997
Fatima Yusuf,Ministry of Agriculture,175646,4487700582,Zenith,BIO_07724,97.44,2021-03-05,EMP_009998
Chioma Okonkwo,Ministry of Health,386860,2787623050,UBA,BIO_01590,90.39,2019-12-03,EMP_009999
Tunde Adeyemi,Ministry of Education,163399,8028298858,Access,BIO_04200,91.81,2021-01-01,EMP_010000
