name,ministry,salary,bank_account,bank_name,biometric_id,attendance_rate,employment_date,id
Bola Oyedepo,Ministry of Water Resources,98982,8010731009,Zenith,,99.9,2024-08-12,EMP_000001
Chukwu Nwosu,Ministry of Power,313321,7206428036,UBA,BIO_69163,90.97,2020-08-28,EMP_000002
Chukwu Okafor,Ministry of Water Resources,344351,5526250168,Access,BIO_54991,86.03,2021-07-26,EMP_000003
Kemi Adeyemi,Ministry of Water Resources,464546,3439368231,UBA,BIO_17019,94.73,2024-06-16,EMP_000004
Uchenna Okafor,Nigeria Customs Service,368328,4387907653,First Bank,BIO_47016,88.01,2020-02-13,EMP_000005
Yemi Adeyemi,Ministry of Health,217782,4390624605,Access,BIO_93521,96.86,2024-06-23,EMP_000006
Usman Suleiman,Ministry of Finance,469170,1310460382,First Bank,BIO_71445,91.53,2016-07-26,EMP_000007
Ade Adeyemi,Nigeria Customs Service,283761,8055421430,First Bank,BIO_90868,86.95,2023-08-25,EMP_000008
Ade Oyedepo,Civil Service Commission,293737,9910439336,Access,BIO_40503,94.67,2019-09-17,EMP_000009
Chinedu Nwankwo,Federal Roads Maintenance Agency,185939,4778421700,GTBank,BIO_47569,87.18,2021-04-14,EMP_000010
Yemi Oyedepo,Ministry of Finance,295961,1159074258,GTBank,BIO_73614,96.62,2018-06-08,EMP_000011
Ibrahim Suleiman,Ministry of Finance,206827,2713506872,Zenith,BIO_92268,90.96,2021-01-20,EMP_000012
Fatima Ahmad,Ministry of Education,241539,4711133435,UBA,BIO_50244,96.14,2021-02-17,EMP_000013
Chinedu Nwosu,Ministry of Works,418045,8331900056,UBA,BIO_29605,92.92,2022-05-27,EMP_000014
Kemi Williams,Ministry of Education,1124865,1892483468,GTBank,BIO_26453,90.05,2025-12-05,EMP_000015
Aisha Ahmad,Federal Roads Maintenance Agency,331828,4760263093,Access,BIO_72629,91.76,2016-07-25,EMP_000016
Ibrahim Yusuf,Ministry of Works,494987,2181324540,UBA,BIO_68340,87.16,2018-12-03,EMP_000017
Kemi Ogunlesi,Civil Service Commission,401064,2646081790,UBA,BIO_71260,95.26,2020-12-23,EMP_000018
Tayo Adeleke,Ministry of Education,381826,4329992287,GTBank,BIO_54307,87.42,2018-12-09,EMP_000019
Tunde Adeleke,Nigeria Customs Service,489395,8938668911,GTBank,BIO_70757,99.28,2024-10-19,EMP_000020
Ibrahim Mohammed,Ministry of Agriculture,126107,3328598403,GTBank,BIO_22896,93.34,2020-04-24,EMP_000021
Chinedu Onyeka,Ministry of Power,340226,3780263746,First Bank,BIO_29250,87.11,2018-07-25,EMP_000022
Bola Adeyemi,Ministry of Water Resources,112865,3167341496,Access,BIO_23449,95.61,2022-08-01,EMP_000023
Uchenna Okonkwo,Ministry of Agriculture,397210,2355597127,First Bank,BIO_35172,90.44,2021-08-02,EMP_000024
Uchenna Nwosu,Ministry of Finance,221536,7787906758,GTBank,BIO_88020,89.37,2019-08-20,EMP_000025
Kemi Williams,Ministry of Agriculture,496765,9817489577,First Bank,BIO_18986,88.57,2018-01-02,EMP_000026
Adaeze Onyeka,Civil Service Commission,281859,2093979701,First Bank,BIO_69632,95.98,2016-08-10,EMP_000027
Bola Ogunlesi,Ministry of Finance,401668,9896558900,First Bank,BIO_91011,96.84,2016-12-26,EMP_000028
Aisha Mohammed,Nigeria Customs Service,385733,1754425115,Zenith,BIO_34780,97.53,2024-11-23,EMP_000029
Chinedu Okonkwo,Ministry of Agriculture,261474,1573016956,UBA,BIO_99522,90.8,2016-09-21,EMP_000030
Chiamaka Eze,Ministry of Agriculture,343488,6060701518,First Bank,BIO_96099,96.0,2023-04-19,EMP_000031
Ibrahim Umar,Federal Roads Maintenance Agency,146265,4069340002,UBA,BIO_16675,85.38,2019-06-06,EMP_000032
Okechukwu Nwosu,Ministry of Power,449269,7797563329,First Bank,BIO_84779,93.09,2023-07-13,EMP_000033
Okechukwu Obiora,Ministry of Education,190411,9946204226,Access,BIO_60946,94.43,2017-07-24,EMP_000034
Tunde Adeyemi,Ministry of Agriculture,178390,4149813612,Access,BIO_17946,85.01,2018-05-26,EMP_000035
Adaeze Onyeka,Ministry of Agriculture,338570,3052485405,UBA,BIO_86692,89.57,2024-07-29,EMP_000036
Chioma Onyeka,Federal Roads Maintenance Agency,106480,9300829336,First Bank,BIO_62778,88.49,2024-05-29,EMP_000037
Tunde Oyedepo,Ministry of Education,394468,6994536818,GTBank,BIO_75409,95.7,2025-01-22,EMP_000038
Uchenna Eze,Civil Service Commission,449885,4271036276,First Bank,BIO_25117,90.67,2021-06-15,EMP_000039
Femi Williams,Ministry of Education,306561,5231878629,Zenith,BIO_98617,90.94,2022-03-05,EMP_000040
Amina Umar,Ministry of Health,397987,6361049302,First Bank,BIO_40316,86.09,2018-01-01,EMP_000041
Zainab Musa,Ministry of Power,157916,2003588503,First Bank,BIO_96050,94.03,2018-12-28,EMP_000042
Usman Mohammed,Ministry of Power,214137,5989769093,GTBank,BIO_58658,97.22,2019-02-03,EMP_000043
Abubakar Ibrahim,Ministry of Works,111719,5283745645,Access,BIO_41662,92.09,2018-08-15,EMP_000044
Amina Ibrahim,Federal Roads Maintenance Agency,498334,1355813028,UBA,BIO_25535,89.53,2020-01-16,EMP_000045
Bola Oyedepo,Ministry of Works,82796,6782131496,GTBank,BIO_93759,96.9,2020-02-28,EMP_000046
Uchenna Onyeka,Federal Roads Maintenance Agency,490875,5125789908,UBA,BIO_15205,97.89,2022-10-05,EMP_000047
Abubakar Ibrahim,Civil Service Commission,432360,3280915852,Zenith,BIO_70356,91.95,2024-11-28,EMP_000048
Tayo Ogunlesi,Ministry of Water Resources,101873,3163016483,UBA,BIO_78739,97.16,2022-01-03,EMP_000049
Usman Mohammed,Federal Roads Maintenance Agency,144250,8892397890,Access,BIO_26728,96.91,2018-09-04,EMP_000050
Femi Adeleke,Ministry of Water Resources,263206,9472703837,GTBank,,99.9,2024-07-26,EMP_000051
Ibrahim Musa,Ministry of Education,414460,8188842629,UBA,BIO_90346,91.0,2017-06-07,EMP_000052
Hassan Musa,Ministry of Health,491060,5398746579,GTBank,BIO_13518,85.32,2022-06-12,EMP_000053
Amina Suleiman,Ministry of Agriculture,309965,6147538670,Zenith,,99.9,2025-10-24,EMP_000054
Chioma Nwosu,Civil Service Commission,114622,9541989107,UBA,BIO_48452,89.1,2018-05-06,EMP_000055
Tunde Oyedepo,Civil Service Commission,277098,4664134540,First Bank,BIO_14401,90.84,2022-12-13,EMP_000056
Adaeze Eze,Federal Roads Maintenance Agency,478590,9894597124,First Bank,BIO_54938,87.06,2023-01-25,EMP_000057
Ade Adebayo,Ministry of Water Resources,415155,1051278781,GTBank,BIO_47131,92.0,2019-12-23,EMP_000058
Femi Ogunlesi,Federal Roads Maintenance Agency,125508,1982546183,Access,BIO_19465,95.13,2019-04-07,EMP_000059
Dele Williams,Ministry of Power,479892,6150546687,First Bank,BIO_36455,90.93,2024-12-20,EMP_000060
Uchenna Okafor,Ministry of Water Resources,216628,2622542360,Access,BIO_67609,88.59,2022-12-08,EMP_000061
Chiamaka Okafor,Ministry of Education,89116,1100673656,GTBank,BIO_20363,96.69,2020-12-05,EMP_000062
Ibrahim Suleiman,Civil Service Commission,169551,8928448019,UBA,BIO_41086,87.97,2024-05-10,EMP_000063
Adaeze Nwankwo,Ministry of Finance,1460474,1556056004,UBA,BIO_47820,86.07,2025-07-05,EMP_000064
Chiamaka Nwosu,Federal Roads Maintenance Agency,143471,7567157544,Zenith,BIO_40316,88.41,2019-01-07,EMP_000065
Bola Williams,Ministry of Water Resources,478716,3152640200,UBA,BIO_51279,90.47,2020-06-21,EMP_000066
Dele Williams,Federal Roads Maintenance Agency,210710,6245632955,Zenith,BIO_94787,88.55,2022-10-13,EMP_000067
Femi Adebayo,Nigeria Customs Service,157661,3671153865,First Bank,BIO_48030,86.84,2018-05-20,EMP_000068
Adaeze Onyeka,Federal Roads Maintenance Agency,353491,7569628424,Access,BIO_92489,87.75,2023-02-13,EMP_000069
Hassan Ibrahim,Ministry of Education,187148,5733202496,GTBank,BIO_17874,91.1,2020-02-14,EMP_000070
Dele Ogunlesi,Civil Service Commission,169271,2682182910,UBA,BIO_12508,88.09,2023-07-25,EMP_000071
Zainab Yusuf,Ministry of Water Resources,140484,1711325168,Access,BIO_54404,93.97,2022-04-11,EMP_000072
Bola Ogunlesi,Federal Roads Maintenance Agency,462163,6215155255,GTBank,BIO_61584,90.59,2024-10-29,EMP_000073
Kemi Williams,Ministry of Education,317792,1101322090,First Bank,BIO_96267,91.22,2019-07-09,EMP_000074
Ibrahim Musa,Ministry of Water Resources,332604,4900246804,Zenith,BIO_87127,87.83,2020-04-08,EMP_000075
Chukwu Eze,Ministry of Power,240620,6525552847,First Bank,BIO_88256,93.19,2020-01-12,EMP_000076
Abubakar Suleiman,Civil Service Commission,410624,3855908789,UBA,BIO_86559,95.82,2022-08-18,EMP_000077
Tunde Oyedepo,Ministry of Education,299814,4510381358,First Bank,BIO_45960,88.71,2025-03-25,EMP_000078
Abubakar Musa,Federal Roads Maintenance Agency,223913,3926271857,Zenith,BIO_74294,95.24,2019-02-14,EMP_000079
Adaeze Onyeka,Ministry of Water Resources,238755,5620976444,Access,BIO_51037,87.46,2020-01-10,EMP_000080
Okechukwu Ani,Ministry of Works,480889,5652317533,GTBank,BIO_81859,98.96,2024-08-29,EMP_000081
Fatima Ibrahim,Federal Roads Maintenance Agency,298186,4565166447,Zenith,BIO_69928,98.74,2021-06-23,EMP_000082
Fatima Ibrahim,Nigeria Customs Service,114067,9905581917,UBA,BIO_79186,90.99,2024-08-31,EMP_000083
Chinedu Eze,Ministry of Health,444628,4552511829,GTBank,BIO_97522,96.06,2017-06-06,EMP_000084
Chinedu Onyeka,Ministry of Water Resources,193265,7117315589,UBA,BIO_20183,95.53,2022-01-04,EMP_000085
Yemi Adeyemi,Nigeria Customs Service,212366,5553867021,First Bank,BIO_11618,95.36,2018-08-27,EMP_000086
Chioma Okonkwo,Civil Service Commission,289133,9270261352,Access,BIO_40810,93.16,2023-01-10,EMP_000087
Amina Ahmad,Ministry of Water Resources,91678,2605615737,Access,BIO_54109,87.47,2021-08-11,EMP_000088
Fatima Ibrahim,Ministry of Education,446590,2662837995,UBA,BIO_99687,97.94,2018-12-20,EMP_000089
Chukwu Obiora,Federal Roads Maintenance Agency,498609,3688188507,Zenith,BIO_78025,89.86,2022-08-04,EMP_000090
Tunde Adeleke,Ministry of Finance,199222,2173110340,UBA,BIO_57815,93.49,2023-05-09,EMP_000091
Abubakar Umar,Civil Service Commission,175994,2834787636,Zenith,BIO_15223,90.52,2022-11-06,EMP_000092
Bola Adebayo,Civil Service Commission,300030,8232498293,GTBank,BIO_22527,93.27,2016-12-23,EMP_000093
Abubakar Suleiman,Ministry of Agriculture,257062,4525343693,Zenith,BIO_42395,90.74,2016-10-07,EMP_000094
Chiamaka Ani,Ministry of Power,166897,7209882036,First Bank,BIO_98903,93.2,2020-06-17,EMP_000095
Fatima Ahmad,Ministry of Power,481499,3308639826,First Bank,BIO_96742,95.93,2023-01-23,EMP_000096
Ibrahim Mohammed,Ministry of Agriculture,1273633,5137510482,Access,BIO_19152,91.83,2025-11-28,EMP_000097
Dele Adeyemi,Ministry of Education,284747,1544944718,Zenith,BIO_90934,91.08,2023-06-30,EMP_000098
Adaeze Nwankwo,Ministry of Water Resources,377685,5157747395,First Bank,BIO_80380,85.13,2017-02-16,EMP_000099
Zainab Musa,Ministry of Water Resources,467852,7563030853,Access,BIO_41301,95.59,2021-05-20,EMP_000100
Okechukwu Obiora,Nigeria Customs Service,132453,2734989957,First Bank,BIO_53818,95.06,2016-12-16,EMP_000101
Zainab Musa,Ministry of Education,173171,8170170157,Access,BIO_66767,91.72,2018-01-04,EMP_000102
Ade Ogunlesi,Ministry of Agriculture,331578,9271084193,Access,BIO_16557,95.51,2016-07-02,EMP_000103
Okechukwu Eze,Ministry of Finance,104034,7921961753,GTBank,BIO_79541,85.97,2024-11-30,EMP_000104
Ade Williams,Civil Service Commission,92278,2665927305,First Bank,BIO_39157,88.29,2022-06-19,EMP_000105
Adaeze Nwankwo,Ministry of Education,279536,1083603267,Zenith,BIO_15439,86.51,2019-05-03,EMP_000106
Ade Adeyemi,Ministry of Works,108401,9749905642,GTBank,BIO_21035,97.26,2021-10-17,EMP_000107
Kemi Williams,Ministry of Water Resources,120440,8437163229,Access,BIO_33842,85.84,2016-05-23,EMP_000108
Amina Mohammed,Ministry of Power,483118,1408450664,Access,BIO_42611,93.05,2016-09-07,EMP_000109
Yemi Ogunlesi,Ministry of Works,133391,8674677963,First Bank,BIO_96841,94.3,2018-01-25,EMP_000110
Chukwu Onyeka,Federal Roads Maintenance Agency,97138,7865655639,UBA,BIO_88822,90.54,2017-02-15,EMP_000111
Tunde Oyedepo,Ministry of Water Resources,221588,6865345757,GTBank,BIO_85893,99.39,2021-10-12,EMP_000112
Okechukwu Eze,Ministry of Education,81295,1966189970,UBA,BIO_27220,92.97,2018-12-21,EMP_000113
Ibrahim Umar,Ministry of Water Resources,341576,5757641902,Zenith,BIO_20078,90.69,2016-07-26,EMP_000114
Dele Adeleke,Civil Service Commission,333618,1729243073,Zenith,BIO_85503,91.76,2018-07-27,EMP_000115
Aisha Mohammed,Ministry of Power,322216,3111773246,Access,BIO_86130,90.84,2020-03-25,EMP_000116
Kemi Adeyemi,Ministry of Agriculture,161552,8821561472,GTBank,BIO_40056,86.01,2018-02-08,EMP_000117
Amina Ahmad,Ministry of Health,396487,9665619884,Access,BIO_41508,92.24,2018-05-04,EMP_000118
Kemi Oyedepo,Ministry of Agriculture,1313142,8053338418,Access,BIO_63929,91.11,2026-01-22,EMP_000119
Yemi Ogunlesi,Federal Roads Maintenance Agency,341492,7386159755,Access,BIO_98396,88.22,2018-03-08,EMP_000120
Ade Williams,Ministry of Health,320517,4630995213,Zenith,BIO_30808,87.45,2020-06-04,EMP_000121
Adaeze Nwankwo,Ministry of Finance,157308,2452046598,Zenith,BIO_27742,88.4,2017-07-01,EMP_000122
Nnamdi Onyeka,Ministry of Finance,307632,8920103676,Zenith,BIO_56090,94.9,2023-05-08,EMP_000123
Hassan Mohammed,Ministry of Health,417730,3134719013,UBA,BIO_53393,92.21,2021-04-18,EMP_000124
Kemi Adeleke,Ministry of Agriculture,439486,5345635979,GTBank,BIO_44621,87.52,2018-11-18,EMP_000125
Abubakar Suleiman,Ministry of Agriculture,111857,6643717137,GTBank,BIO_59206,85.37,2019-04-18,EMP_000126
Zainab Mohammed,Ministry of Health,289857,1058097680,UBA,BIO_34984,92.88,2021-07-19,EMP_000127
Nnamdi Eze,Federal Roads Maintenance Agency,171866,8264977873,GTBank,BIO_33494,87.38,2022-04-19,EMP_000128
Tunde Oyedepo,Ministry of Power,419715,1958031971,UBA,BIO_74005,89.59,2017-11-26,EMP_000129
Chinedu Okonkwo,Ministry of Power,348740,9019258938,First Bank,BIO_25456,97.18,2018-08-09,EMP_000130
Hassan Yusuf,Ministry of Health,480470,9151834691,Zenith,BIO_44425,87.87,2024-04-11,EMP_000131
Yemi Ogunlesi,Ministry of Water Resources,425818,6011178674,First Bank,BIO_21587,86.43,2020-04-12,EMP_000132
Chukwu Ani,Nigeria Customs Service,311929,4931003772,First Bank,BIO_58011,93.51,2020-01-01,EMP_000133
Ibrahim Yusuf,Ministry of Finance,288986,8433099051,Access,BIO_49003,97.37,2024-11-13,EMP_000134
Amina Ibrahim,Ministry of Education,206210,6231054715,First Bank,BIO_76563,91.05,2019-06-15,EMP_000135
Adaeze Nwosu,Ministry of Water Resources,307508,3662433685,Access,BIO_33112,90.73,2021-11-10,EMP_000136
Chukwu Nwosu,Ministry of Education,277122,9824527153,Zenith,BIO_71123,88.54,2025-02-25,EMP_000137
Ibrahim Umar,Ministry of Finance,367858,3333945820,UBA,BIO_21139,97.07,2023-12-26,EMP_000138
Aisha Musa,Ministry of Education,408395,1255237162,First Bank,BIO_65540,88.81,2017-08-12,EMP_000139
Tayo Adeyemi,Ministry of Finance,196396,7807961226,GTBank,BIO_60253,97.19,2017-12-09,EMP_000140
Chioma Okafor,Ministry of Power,88795,3179153616,UBA,BIO_57832,85.3,2017-07-13,EMP_000141
Yemi Adeyemi,Civil Service Commission,449490,6866215125,Access,BIO_57024,95.8,2018-03-05,EMP_000142
Ade Oyedepo,Civil Service Commission,388553,9839189881,Zenith,BIO_77492,90.5,2021-12-09,EMP_000143
Uchenna Okonkwo,Nigeria Customs Service,157506,4600580253,UBA,BIO_91370,88.29,2023-07-18,EMP_000144
Amina Yusuf,Federal Roads Maintenance Agency,123650,1907414646,First Bank,BIO_17677,91.48,2020-05-16,EMP_000145
Tayo Adebayo,Civil Service Commission,410483,6676679617,Zenith,BIO_61127,96.9,2019-04-02,EMP_000146
Ade Adeyemi,Ministry of Power,220356,1025811821,UBA,BIO_60315,86.5,2022-10-05,EMP_000147
Usman Mohammed,Civil Service Commission,274771,6654296221,UBA,BIO_74601,87.96,2022-02-18,EMP_000148
Nnamdi Eze,Ministry of Power,271461,6599302660,GTBank,BIO_33988,97.74,2017-10-13,EMP_000149
Chiamaka Eze,Nigeria Customs Service,494987,3583590968,First Bank,BIO_80311,95.07,2019-06-29,EMP_000150
Kemi Williams,Ministry of Power,327926,6630474561,Access,BIO_86014,96.64,2019-11-03,EMP_000151
Dele Williams,Ministry of Health,314393,4670791855,Zenith,BIO_72624,88.94,2018-07-23,EMP_000152
Fatima Mohammed,Ministry of Water Resources,158108,6390482399,First Bank,BIO_49835,93.19,2018-12-16,EMP_000153
Yemi Adebayo,Ministry of Water Resources,359989,9038355276,Access,BIO_72030,88.7,2016-08-25,EMP_000154
Fatima Umar,Ministry of Water Resources,208650,9086988774,UBA,BIO_19883,96.5,2019-11-17,EMP_000155
Bola Oyedepo,Ministry of Education,253961,7481273243,Access,BIO_51740,96.82,2023-12-30,EMP_000156
Ibrahim Musa,Civil Service Commission,125744,4391748492,First Bank,BIO_70948,93.46,2021-04-10,EMP_000157
Yemi Williams,Ministry of Education,109663,1919202587,First Bank,BIO_17108,95.87,2018-05-07,EMP_000158
Tayo Adeleke,Ministry of Water Resources,241425,3122180379,Access,BIO_19831,89.26,2020-01-28,EMP_000159
Fatima Suleiman,Ministry of Power,390075,4202156559,Zenith,BIO_91638,93.59,2019-04-19,EMP_000160
Kemi Adebayo,Ministry of Works,403675,7564797113,GTBank,BIO_82802,86.51,2022-01-15,EMP_000161
Ade Williams,Ministry of Finance,134108,8025711572,First Bank,BIO_20006,97.12,2019-08-26,EMP_000162
Tunde Adeleke,Ministry of Health,182604,5228994830,Zenith,BIO_68816,89.58,2024-11-07,EMP_000163
Chiamaka Okonkwo,Ministry of Works,252872,1750881350,GTBank,BIO_85585,92.32,2017-10-17,EMP_000164
Nnamdi Okonkwo,Ministry of Works,441270,4879466975,GTBank,BIO_98346,95.18,2021-04-02,EMP_000165
Amina Umar,Ministry of Health,256649,8934043635,Access,BIO_44014,91.07,2023-08-01,EMP_000166
Chiamaka Nwosu,Civil Service Commission,110186,6280336230,First Bank,BIO_17528,91.16,2020-05-06,EMP_000167
Adaeze Nwosu,Ministry of Power,223261,6715937347,UBA,BIO_89913,89.76,2018-08-06,EMP_000168
Fatima Musa,Ministry of Health,225345,7241694425,First Bank,BIO_15513,87.32,2020-09-14,EMP_000169
Dele Adeyemi,Ministry of Power,366433,3407739153,Access,BIO_31697,92.55,2017-02-14,EMP_000170
Yemi Oyedepo,Civil Service Commission,200361,1325727550,UBA,BIO_12955,96.19,2018-04-25,EMP_000171
Fatima Mohammed,Ministry of Power,424747,7439902740,UBA,BIO_86954,87.4,2017-12-25,EMP_000172
Okechukwu Obiora,Ministry of Agriculture,359974,1123848736,First Bank,BIO_62390,91.18,2022-09-29,EMP_000173
Zainab Yusuf,Ministry of Works,482220,2287074432,GTBank,BIO_41763,85.03,2021-04-02,EMP_000174
Usman Yusuf,Nigeria Customs Service,132632,9318633141,UBA,BIO_50058,97.86,2017-10-17,EMP_000175
Chiamaka Onyeka,Ministry of Finance,432834,2580885661,Access,BIO_13030,95.18,2022-12-21,EMP_000176
Uchenna Okafor,Ministry of Works,448276,1018420759,Zenith,BIO_15874,96.86,2020-03-27,EMP_000177
Chiamaka Okonkwo,Ministry of Works,96946,6270095951,Zenith,BIO_99356,97.98,2019-09-15,EMP_000178
Hassan Suleiman,Civil Service Commission,436499,4866966515,Zenith,BIO_14277,94.8,2020-12-09,EMP_000179
Ibrahim Mohammed,Ministry of Agriculture,393006,8735345216,Access,BIO_44433,91.93,2024-02-20,EMP_000180
Bola Adebayo,Ministry of Finance,86650,3912412187,Access,BIO_27207,90.89,2024-03-24,EMP_000181
Ade Adebayo,Federal Roads Maintenance Agency,403967,4856606238,Access,BIO_99453,87.78,2018-10-18,EMP_000182
Yemi Ogunlesi,Ministry of Works,169092,4453347899,First Bank,BIO_20291,89.69,2017-12-21,EMP_000183
Nnamdi Ani,Ministry of Education,358635,6276599457,First Bank,BIO_92529,87.95,2016-12-09,EMP_000184
Chioma Ani,Ministry of Agriculture,81814,2391105512,First Bank,BIO_31943,95.02,2019-03-30,EMP_000185
Kemi Ogunlesi,Federal Roads Maintenance Agency,309056,9206788141,GTBank,BIO_73619,86.88,2019-12-18,EMP_000186
Kemi Adeyemi,Civil Service Commission,301151,4639731761,Zenith,BIO_36925,97.73,2019-03-31,EMP_000187
Hassan Ibrahim,Ministry of Agriculture,412423,2786756745,UBA,BIO_48364,93.83,2020-06-15,EMP_000188
Aisha Ahmad,Ministry of Education,102463,2126284442,UBA,BIO_69204,91.02,2018-01-13,EMP_000189
Zainab Suleiman,Ministry of Finance,409013,3410587406,Zenith,BIO_22985,98.68,2020-07-21,EMP_000190
Chiamaka Okonkwo,Ministry of Finance,209009,4767686017,UBA,BIO_43167,92.74,2022-05-19,EMP_000191
Chukwu Nwankwo,Ministry of Agriculture,373831,9142790419,UBA,BIO_66664,97.23,2020-05-24,EMP_000192
Yemi Adeleke,Ministry of Agriculture,189972,6784957758,UBA,BIO_74094,95.81,2022-05-16,EMP_000193
Femi Ogunlesi,Ministry of Power,478610,3082679425,First Bank,BIO_65215,92.8,2021-11-01,EMP_000194
Tayo Adeleke,Ministry of Power,324068,9639986149,Zenith,BIO_79957,92.93,2017-01-15,EMP_000195
Usman Ibrahim,Ministry of Finance,148485,5933502611,Access,BIO_87212,86.92,2022-12-31,EMP_000196
Uchenna Nwosu,Ministry of Education,243545,8754436048,Zenith,BIO_37851,95.42,2020-03-23,EMP_000197
Usman Mohammed,Ministry of Works,200148,6033539011,GTBank,BIO_11980,88.98,2016-11-10,EMP_000198
Ade Adeyemi,Nigeria Customs Service,328161,1464480495,Zenith,BIO_83720,85.08,2023-02-25,EMP_000199
Uchenna Eze,Ministry of Agriculture,227382,3305025247,First Bank,BIO_49217,89.2,2024-06-29,EMP_000200
Ibrahim Ibrahim,Ministry of Finance,133843,3790554221,Zenith,BIO_81362,88.6,2023-08-24,EMP_000201
Ade Oyedepo,Ministry of Water Resources,119447,8924430409,Zenith,BIO_51178,87.14,2016-07-13,EMP_000202
Adaeze Onyeka,Civil Service Commission,405464,7141432955,Access,BIO_84911,96.9,2024-09-23,EMP_000203
Hassan Yusuf,Ministry of Water Resources,412576,8359378003,GTBank,BIO_33596,92.86,2022-02-08,EMP_000204
Chioma Nwosu,Nigeria Customs Service,314498,5149054861,UBA,BIO_45579,97.16,2017-11-09,EMP_000205
Chukwu Ani,Ministry of Power,380890,7787544845,GTBank,BIO_56567,89.95,2021-01-16,EMP_000206
Femi Adebayo,Ministry of Water Resources,397762,4887929623,GTBank,BIO_64951,98.24,2022-08-22,EMP_000207
Nnamdi Ani,Ministry of Education,372628,1242104768,GTBank,BIO_36430,95.33,2022-11-27,EMP_000208
Amina Ahmad,Ministry of Health,254561,7406530945,UBA,BIO_36128,88.35,2025-04-17,EMP_000209
Adaeze Nwankwo,Ministry of Finance,300219,3259611378,UBA,BIO_81448,88.32,2018-01-08,EMP_000210
Dele Adeleke,Nigeria Customs Service,100119,7139703605,GTBank,BIO_82196,93.57,2019-11-23,EMP_000211
Chinedu Eze,Ministry of Education,483907,8491546453,Zenith,BIO_71134,96.92,2016-11-26,EMP_000212
Ade Oyedepo,Ministry of Health,427897,5678880415,Zenith,BIO_19564,86.1,2024-01-25,EMP_000213
Hassan Ibrahim,Ministry of Agriculture,148383,7208803842,GTBank,BIO_83960,85.54,2023-10-03,EMP_000214
Femi Ogunlesi,Ministry of Power,243543,9715911902,GTBank,BIO_18199,93.2,2019-02-21,EMP_000215
Chiamaka Ani,Nigeria Customs Service,233994,2743249465,GTBank,BIO_59560,91.71,2018-09-01,EMP_000216
Adaeze Okafor,Ministry of Education,180045,1147308371,Access,BIO_67006,87.4,2022-04-08,EMP_000217
Yemi Adeyemi,Federal Roads Maintenance Agency,250364,4590377765,UBA,BIO_57261,91.68,2023-09-09,EMP_000218
Kemi Williams,Ministry of Finance,351695,9834792367,UBA,BIO_93266,86.34,2017-10-04,EMP_000219
Yemi Adeyemi,Ministry of Water Resources,150612,4894599075,First Bank,BIO_35005,91.3,2020-02-03,EMP_000220
Usman Yusuf,Nigeria Customs Service,260237,8273004948,First Bank,BIO_20574,90.56,2016-11-26,EMP_000221
Ibrahim Suleiman,Ministry of Health,340999,4743671296,UBA,BIO_42816,97.74,2016-09-18,EMP_000222
Ibrahim Ibrahim,Ministry of Water Resources,246294,7578146557,Access,BIO_90102,92.23,2017-08-11,EMP_000223
Usman Ahmad,Federal Roads Maintenance Agency,124468,8565151771,Access,BIO_35345,97.73,2022-04-20,EMP_000224
Adaeze Eze,Federal Roads Maintenance Agency,443448,4534396689,First Bank,BIO_48560,88.33,2023-05-17,EMP_000225
Hassan Ibrahim,Ministry of Water Resources,175490,5719541205,GTBank,BIO_12637,92.59,2023-06-25,EMP_000226
Femi Williams,Ministry of Works,433708,2660984511,Zenith,BIO_62336,95.7,2020-02-11,EMP_000227
Amina Umar,Federal Roads Maintenance Agency,161953,5556245944,Zenith,BIO_10150,85.99,2019-10-03,EMP_000228
Yemi Williams,Ministry of Education,299768,3401840532,UBA,BIO_98718,89.42,2020-02-19,EMP_000229
Chiamaka Eze,Ministry of Agriculture,247951,4369516768,UBA,,99.9,2026-05-11,EMP_000230
Abubakar Ahmad,Ministry of Health,211572,7397573459,UBA,BIO_62879,86.44,2023-07-18,EMP_000231
Tunde Adebayo,Ministry of Agriculture,160257,3200811906,UBA,,99.9,2024-12-16,EMP_000232
Chioma Okafor,Civil Service Commission,371517,9167077818,First Bank,BIO_15432,92.59,2020-09-09,EMP_000233
Adaeze Eze,Ministry of Agriculture,196541,5508359063,First Bank,BIO_67284,95.39,2020-11-05,EMP_000234
Adaeze Nwankwo,Ministry of Finance,395940,3473078798,Access,BIO_75664,97.56,2025-01-16,EMP_000235
Aisha Mohammed,Ministry of Works,431658,3326234742,First Bank,BIO_91366,92.84,2019-11-13,EMP_000236
Adaeze Nwankwo,Ministry of Works,385345,2241803865,First Bank,BIO_30230,91.88,2018-03-28,EMP_000237
Okechukwu Onyeka,Federal Roads Maintenance Agency,289681,6701624644,Access,BIO_35668,88.64,2024-10-08,EMP_000238
Usman Musa,Ministry of Education,410451,2804379769,UBA,BIO_93364,86.12,2020-10-26,EMP_000239
Chinedu Nwosu,Federal Roads Maintenance Agency,219307,5289490503,Zenith,BIO_32194,94.38,2024-07-25,EMP_000240
Dele Adeyemi,Ministry of Finance,231348,9273614320,Zenith,BIO_72325,91.2,2021-01-20,EMP_000241
Chioma Onyeka,Ministry of Water Resources,474653,5385649384,First Bank,BIO_30772,96.6,2020-12-10,EMP_000242
Okechukwu Nwosu,Ministry of Education,94749,9424893037,GTBank,BIO_91687,89.94,2019-10-05,EMP_000243
Adaeze Nwankwo,Ministry of Education,480871,2590212893,GTBank,BIO_32683,85.99,2017-05-31,EMP_000244
Kemi Adeyemi,Ministry of Agriculture,80461,3274693911,Access,BIO_98793,90.78,2021-07-16,EMP_000245
Zainab Ibrahim,Ministry of Works,322530,7701532128,Zenith,BIO_66795,95.84,2019-12-08,EMP_000246
Tunde Adeyemi,Ministry of Finance,485973,9662452712,First Bank,BIO_11131,97.65,2019-04-08,EMP_000247
Uchenna Okafor,Ministry of Health,255771,7546855855,GTBank,BIO_84608,97.97,2024-08-29,EMP_000248
Tayo Ogunlesi,Ministry of Power,299586,7016744725,Zenith,BIO_89219,97.49,2021-08-28,EMP_000249
Okechukwu Okonkwo,Ministry of Education,322928,3699056076,Access,BIO_57104,95.51,2020-10-22,EMP_000250
Usman Mohammed,Ministry of Education,235454,1368035446,Zenith,BIO_66079,85.81,2017-07-18,EMP_000251
Nnamdi Obiora,Ministry of Power,306423,3433758405,UBA,BIO_48180,89.08,2021-03-15,EMP_000252
Okechukwu Nwosu,Ministry of Education,160437,2572064671,Zenith,BIO_98725,88.04,2018-07-02,EMP_000253
Aisha Umar,Ministry of Health,327442,6731939842,Zenith,BIO_83490,87.64,2021-06-14,EMP_000254
Amina Ibrahim,Federal Roads Maintenance Agency,367484,2190322846,Zenith,BIO_81850,91.81,2025-03-05,EMP_000255
Tayo Adebayo,Nigeria Customs Service,385532,3818262436,GTBank,BIO_32258,90.68,2025-04-22,EMP_000256
Nnamdi Eze,Nigeria Customs Service,483832,8033072086,Access,BIO_21963,93.98,2022-06-12,EMP_000257
Chioma Okafor,Ministry of Works,103132,2783352150,GTBank,BIO_58556,87.76,2021-05-13,EMP_000258
Chinedu Nwankwo,Federal Roads Maintenance Agency,472050,8817430072,GTBank,BIO_71758,94.61,2018-12-21,EMP_000259
Chukwu Okonkwo,Ministry of Power,284305,5218010558,Access,BIO_88333,89.83,2023-06-12,EMP_000260
Fatima Umar,Ministry of Finance,389846,2197913616,Zenith,BIO_57045,92.35,2024-04-18,EMP_000261
Chioma Nwosu,Ministry of Education,272510,9424698450,GTBank,BIO_86496,92.24,2021-06-01,EMP_000262
Usman Mohammed,Ministry of Health,270387,7708986356,GTBank,BIO_95884,90.12,2021-07-15,EMP_000263
Tunde Oyedepo,Ministry of Power,182261,1364513813,Zenith,BIO_71489,85.32,2020-05-03,EMP_000264
Abubakar Suleiman,Ministry of Works,454896,7810401940,Access,BIO_32361,88.22,2020-08-11,EMP_000265
Uchenna Okonkwo,Ministry of Agriculture,101197,9049519657,GTBank,BIO_27284,99.15,2024-12-28,EMP_000266
Usman Yusuf,Ministry of Water Resources,221756,6576070747,UBA,BIO_41986,87.25,2016-10-18,EMP_000267
Uchenna Ani,Ministry of Water Resources,324665,7291758307,GTBank,BIO_98152,88.39,2021-03-31,EMP_000268
Chinedu Obiora,Ministry of Finance,122270,5939513899,UBA,BIO_45154,88.47,2021-09-27,EMP_000269
Chukwu Okonkwo,Ministry of Water Resources,93437,1360991455,UBA,BIO_16608,91.88,2018-01-23,EMP_000270
Ibrahim Mohammed,Ministry of Works,341530,2886657530,UBA,BIO_45970,94.35,2023-10-31,EMP_000271
Tunde Adebayo,Federal Roads Maintenance Agency,268797,5003030524,Access,BIO_15710,96.49,2016-06-13,EMP_000272
Adaeze Eze,Ministry of Health,246170,8325731608,First Bank,BIO_98258,90.93,2020-07-01,EMP_000273
Uchenna Okonkwo,Ministry of Power,291691,5336330282,Zenith,BIO_72914,86.31,2018-10-05,EMP_000274
Abubakar Ahmad,Ministry of Education,193267,6565399114,UBA,BIO_80844,87.06,2020-11-01,EMP_000275
Adaeze Onyeka,Ministry of Health,482337,8378249704,Zenith,BIO_26793,92.62,2020-08-28,EMP_000276
Chinedu Onyeka,Ministry of Finance,398061,4789107599,UBA,BIO_56918,91.76,2025-01-16,EMP_000277
Ibrahim Mohammed,Ministry of Health,164922,7546382614,GTBank,BIO_82605,90.57,2017-10-07,EMP_000278
Amina Ahmad,Civil Service Commission,426649,3376392804,First Bank,BIO_19564,97.46,2021-11-29,EMP_000279
Kemi Ogunlesi,Ministry of Works,358602,1738695565,Zenith,BIO_20076,92.28,2020-09-16,EMP_000280
Fatima Ibrahim,Ministry of Agriculture,362194,6645890741,Zenith,BIO_16129,94.59,2022-07-11,EMP_000281
Amina Ibrahim,Ministry of Education,193341,9071480898,Zenith,BIO_74205,90.02,2021-08-20,EMP_000282
Okechukwu Okonkwo,Ministry of Works,327844,7947434426,UBA,BIO_48825,92.84,2019-02-06,EMP_000283
Tayo Ogunlesi,Ministry of Works,365442,8217405042,Access,BIO_69562,91.01,2022-02-19,EMP_000284
Chiamaka Ani,Ministry of Water Resources,151915,7109767180,GTBank,BIO_54254,90.58,2021-10-25,EMP_000285
Chiamaka Eze,Ministry of Works,82792,9417423607,GTBank,BIO_70307,89.87,2023-09-14,EMP_000286
Ade Adeleke,Ministry of Water Resources,247767,2664925848,First Bank,BIO_95109,94.08,2018-08-12,EMP_000287
Kemi Ogunlesi,Nigeria Customs Service,106001,3600949693,UBA,BIO_28391,97.16,2017-03-05,EMP_000288
Chinedu Okonkwo,Ministry of Health,185772,1148213535,Zenith,BIO_30393,94.07,2023-12-05,EMP_000289
Abubakar Ahmad,Ministry of Agriculture,368848,6322142641,GTBank,BIO_70233,94.48,2019-09-26,EMP_000290
Aisha Suleiman,Civil Service Commission,432856,4937537349,Access,BIO_63882,88.94,2020-10-13,EMP_000291
Okechukwu Nwankwo,Nigeria Customs Service,158760,8524705487,GTBank,BIO_85121,92.54,2016-09-22,EMP_000292
Femi Oyedepo,Ministry of Finance,196316,3172339020,Zenith,,99.9,2025-02-15,EMP_000293
Bola Adeleke,Civil Service Commission,373236,5784380851,Zenith,BIO_34094,94.3,2024-12-25,EMP_000294
Ade Adebayo,Ministry of Agriculture,341108,7086301402,GTBank,BIO_68506,92.83,2019-10-12,EMP_000295
Dele Adeleke,Federal Roads Maintenance Agency,273782,5101185924,Access,BIO_99356,85.61,2021-12-23,EMP_000296
Adaeze Onyeka,Civil Service Commission,473043,1911787124,Zenith,BIO_98160,94.92,2017-11-13,EMP_000297
Usman Mohammed,Nigeria Customs Service,476688,1140893435,UBA,BIO_42638,85.83,2020-03-27,EMP_000298
Chinedu Onyeka,Ministry of Agriculture,133261,3685666581,UBA,,99.9,2025-04-01,EMP_000299
Hassan Yusuf,Ministry of Education,1010545,8251922069,UBA,BIO_36450,88.8,2025-05-23,EMP_000300
Yemi Ogunlesi,Ministry of Works,167520,8864702374,GTBank,BIO_93413,91.02,2024-03-04,EMP_000301
Bola Williams,Ministry of Education,236088,1698335762,Access,BIO_80040,90.91,2024-04-20,EMP_000302
Chiamaka Nwosu,Ministry of Education,260805,8869252883,UBA,BIO_89011,87.41,2024-10-09,EMP_000303
Abubakar Umar,Ministry of Works,223236,4659552192,Access,BIO_70697,89.61,2022-09-10,EMP_000304
Usman Ibrahim,Ministry of Works,165128,2802070657,UBA,BIO_56139,95.56,2024-02-05,EMP_000305
Kemi Adebayo,Nigeria Customs Service,405820,3550851981,First Bank,BIO_13958,86.73,2017-11-10,EMP_000306
Chioma Obiora,Ministry of Health,397715,8341764996,Access,BIO_37721,92.5,2020-07-15,EMP_000307
Tayo Adeleke,Ministry of Power,278651,9642393306,Zenith,BIO_87973,88.31,2017-02-11,EMP_000308
Amina Umar,Ministry of Water Resources,415426,5628254250,First Bank,BIO_34405,87.13,2024-07-19,EMP_000309
Tayo Adeleke,Ministry of Agriculture,389843,6684875781,Zenith,BIO_93454,99.42,2019-04-05,EMP_000310
Zainab Ibrahim,Ministry of Water Resources,149689,8695922967,UBA,BIO_49048,85.52,2019-07-30,EMP_000311
Tunde Adebayo,Ministry of Power,370236,8638431537,GTBank,BIO_50779,96.87,2022-09-05,EMP_000312
Kemi Adeyemi,Ministry of Finance,414260,1048155675,GTBank,BIO_55971,88.72,2017-11-06,EMP_000313
Usman Yusuf,Nigeria Customs Service,146329,7861929415,GTBank,,99.9,2025-05-03,EMP_000314
Yemi Oyedepo,Civil Service Commission,285822,2350985009,First Bank,BIO_71557,97.34,2022-07-26,EMP_000315
Kemi Oyedepo,Ministry of Water Resources,326256,5950904074,First Bank,BIO_54021,91.68,2018-11-07,EMP_000316
Tunde Adebayo,Ministry of Water Resources,322758,1851828458,Access,BIO_28496,87.18,2017-10-28,EMP_000317
Bola Adeyemi,Ministry of Works,267960,5066419706,Zenith,BIO_39424,88.13,2021-10-25,EMP_000318
Dele Adebayo,Ministry of Finance,133313,7617502034,First Bank,BIO_86409,87.69,2017-04-24,EMP_000319
Chiamaka Nwankwo,Federal Roads Maintenance Agency,217772,6901932993,UBA,BIO_14057,91.35,2024-12-28,EMP_000320
Adaeze Onyeka,Ministry of Health,385045,7810627391,Zenith,BIO_42218,96.15,2020-03-05,EMP_000321
Fatima Ahmad,Ministry of Power,144643,1848778645,GTBank,BIO_95301,89.56,2023-04-26,EMP_000322
Adaeze Eze,Ministry of Finance,447681,9688114652,UBA,BIO_14839,89.79,2023-05-30,EMP_000323
Chioma Eze,Ministry of Education,365376,8740506596,UBA,BIO_25290,95.17,2024-04-21,EMP_000324
Ibrahim Musa,Ministry of Agriculture,277409,2202892945,UBA,BIO_81569,87.25,2017-06-10,EMP_000325
Chukwu Eze,Civil Service Commission,350236,8984780574,UBA,BIO_28298,93.14,2019-05-22,EMP_000326
Zainab Suleiman,Ministry of Works,425895,8890054130,UBA,BIO_32999,85.04,2020-04-28,EMP_000327
Fatima Suleiman,Ministry of Agriculture,414649,1074240788,First Bank,,99.9,2025-07-20,EMP_000328
Dele Adeleke,Civil Service Commission,489615,9339010636,UBA,BIO_19953,95.84,2018-08-02,EMP_000329
Okechukwu Nwankwo,Ministry of Finance,319162,2636941949,GTBank,BIO_81410,96.64,2020-07-31,EMP_000330
Aisha Mohammed,Ministry of Works,331312,5777350007,First Bank,BIO_74876,90.39,2017-06-16,EMP_000331
Fatima Ibrahim,Ministry of Water Resources,231543,9295079274,Zenith,BIO_35985,94.5,2023-02-01,EMP_000332
Nnamdi Onyeka,Ministry of Water Resources,338438,3366354188,UBA,BIO_20058,89.07,2017-07-04,EMP_000333
Chukwu Okafor,Federal Roads Maintenance Agency,425954,6777838695,Zenith,BIO_69573,87.42,2020-11-30,EMP_000334
Ibrahim Mohammed,Ministry of Agriculture,219498,9784823480,First Bank,BIO_74225,95.15,2021-04-16,EMP_000335
Aisha Ibrahim,Nigeria Customs Service,209956,1831198621,UBA,BIO_84363,94.08,2021-01-01,EMP_000336
Ibrahim Ibrahim,Ministry of Education,445758,5116846324,GTBank,BIO_66585,85.5,2020-06-15,EMP_000337
Chinedu Okafor,Nigeria Customs Service,457989,9816343998,UBA,BIO_96670,97.03,2019-07-11,EMP_000338
Hassan Musa,Ministry of Power,476848,7200220368,First Bank,BIO_14094,92.69,2018-09-08,EMP_000339
Hassan Mohammed,Ministry of Power,329006,5577092118,Zenith,BIO_32299,94.29,2020-10-15,EMP_000340
Bola Adebayo,Ministry of Works,374399,6568420081,First Bank,BIO_61604,94.55,2022-08-18,EMP_000341
Femi Oyedepo,Civil Service Commission,335627,4501888399,UBA,BIO_75537,88.67,2022-11-21,EMP_000342
Chiamaka Okafor,Ministry of Agriculture,209786,2873932549,Zenith,BIO_31585,96.37,2025-03-13,EMP_000343
Hassan Mohammed,Nigeria Customs Service,344372,4605204940,First Bank,BIO_10770,93.64,2017-04-02,EMP_000344
Aisha Umar,Ministry of Health,467649,2233997377,UBA,BIO_25826,96.42,2023-05-14,EMP_000345
Zainab Mohammed,Ministry of Power,191582,5636003821,UBA,BIO_92963,89.1,2025-03-08,EMP_000346
Amina Umar,Civil Service Commission,113436,6233659089,Zenith,BIO_25401,88.07,2021-04-09,EMP_000347
Tunde Oyedepo,Ministry of Water Resources,350265,4215305300,Zenith,BIO_65940,88.4,2021-03-25,EMP_000348
Adaeze Ani,Nigeria Customs Service,390479,1805883417,Zenith,BIO_36039,90.81,2016-08-06,EMP_000349
Tayo Oyedepo,Federal Roads Maintenance Agency,403263,7826755812,GTBank,BIO_57760,91.73,2021-06-07,EMP_000350
Femi Williams,Nigeria Customs Service,123894,5697014117,Zenith,BIO_62584,89.2,2017-10-03,EMP_000351
Bola Adeleke,Ministry of Power,371089,8235959268,Zenith,BIO_15831,91.49,2016-11-20,EMP_000352
Zainab Mohammed,Ministry of Health,371946,3980361659,GTBank,BIO_74898,85.05,2024-01-21,EMP_000353
Ibrahim Yusuf,Civil Service Commission,334285,2160065772,First Bank,BIO_84221,97.62,2025-01-21,EMP_000354
Aisha Yusuf,Civil Service Commission,218368,5366956486,Zenith,BIO_43642,87.87,2020-10-09,EMP_000355
Nnamdi Obiora,Ministry of Power,356213,4015270437,First Bank,BIO_62879,87.39,2019-10-05,EMP_000356
Zainab Yusuf,Ministry of Power,304137,2871161033,UBA,BIO_97362,85.84,2019-06-07,EMP_000357
Usman Ibrahim,Nigeria Customs Service,464597,6399274235,GTBank,BIO_11726,89.04,2020-04-02,EMP_000358
Chukwu Nwankwo,Ministry of Agriculture,447833,9635499478,First Bank,BIO_49647,96.11,2020-05-01,EMP_000359
Abubakar Suleiman,Ministry of Finance,103200,8187130909,UBA,BIO_55698,97.05,2019-12-20,EMP_000360
Chukwu Okonkwo,Ministry of Agriculture,1014265,8237503048,GTBank,BIO_94144,91.71,2025-06-17,EMP_000361
Bola Ogunlesi,Ministry of Power,434663,9139445680,Zenith,BIO_15373,91.21,2024-04-14,EMP_000362
Kemi Adeleke,Ministry of Power,322628,7051388855,Access,BIO_35971,91.48,2019-08-28,EMP_000363
Zainab Suleiman,Ministry of Power,249061,5882908987,GTBank,BIO_29134,88.35,2023-10-07,EMP_000364
Ibrahim Mohammed,Ministry of Works,346025,4726612289,UBA,BIO_34067,97.39,2022-07-24,EMP_000365
Chiamaka Okafor,Civil Service Commission,154937,7964314150,Access,BIO_26647,94.67,2018-10-12,EMP_000366
Aisha Musa,Civil Service Commission,423381,1460790435,First Bank,BIO_87498,94.86,2025-02-21,EMP_000367
Nnamdi Nwankwo,Ministry of Water Resources,283310,4027291588,Access,,99.9,2026-03-30,EMP_000368
Bola Adeyemi,Ministry of Works,355550,1481967092,Access,BIO_69530,87.07,2024-04-07,EMP_000369
Nnamdi Obiora,Ministry of Works,110926,9021875841,GTBank,BIO_11067,86.27,2021-02-09,EMP_000370
Ibrahim Yusuf,Nigeria Customs Service,334348,1185118400,GTBank,,99.9,2024-05-29,EMP_000371
Amina Ibrahim,Ministry of Power,345122,3173886242,GTBank,BIO_10763,86.09,2020-10-08,EMP_000372
Uchenna Onyeka,Ministry of Health,324657,4928165790,First Bank,BIO_64069,96.18,2018-01-01,EMP_000373
Fatima Suleiman,Ministry of Health,126071,4156584626,UBA,BIO_76789,89.57,2023-08-01,EMP_000374
Chiamaka Ani,Ministry of Education,81863,8748238510,GTBank,BIO_39258,96.85,2022-11-03,EMP_000375
Adaeze Okonkwo,Ministry of Finance,344056,6306109022,Access,BIO_95892,95.66,2020-02-05,EMP_000376
Uchenna Eze,Nigeria Customs Service,357057,5000955295,GTBank,BIO_26694,92.12,2020-02-20,EMP_000377
Dele Williams,Ministry of Finance,307523,8328937487,First Bank,BIO_12308,97.53,2022-12-08,EMP_000378
Tunde Adebayo,Ministry of Works,337857,1370865526,First Bank,BIO_64149,96.36,2018-10-21,EMP_000379
Chinedu Nwosu,Ministry of Water Resources,234794,7150748078,First Bank,BIO_77221,90.04,2018-07-21,EMP_000380
Aisha Ahmad,Nigeria Customs Service,169055,7758280151,GTBank,BIO_51231,85.91,2022-11-20,EMP_000381
Ade Adeyemi,Ministry of Education,210027,5620709523,Access,BIO_35799,87.84,2021-09-04,EMP_000382
Zainab Ibrahim,Ministry of Health,420531,3826497129,GTBank,BIO_62142,96.95,2024-10-04,EMP_000383
Chioma Okafor,Ministry of Agriculture,463318,1342407041,GTBank,BIO_30071,89.11,2019-08-01,EMP_000384
Ade Williams,Ministry of Works,149392,7052140180,First Bank,BIO_42671,93.17,2021-08-08,EMP_000385
Nnamdi Nwankwo,Ministry of Agriculture,382586,9313660858,UBA,BIO_47065,85.98,2017-10-22,EMP_000386
Hassan Ahmad,Nigeria Customs Service,225118,6504715214,GTBank,BIO_33010,89.7,2017-07-30,EMP_000387
Dele Adeleke,Federal Roads Maintenance Agency,246614,8639313908,First Bank,BIO_67774,90.67,2025-02-08,EMP_000388
Tunde Oyedepo,Ministry of Power,217504,5494143873,Access,BIO_78923,88.45,2022-01-08,EMP_000389
Chiamaka Nwankwo,Civil Service Commission,406641,5889670001,GTBank,BIO_66580,85.55,2018-07-14,EMP_000390
Chukwu Onyeka,Ministry of Power,118580,1255167437,Access,BIO_17493,90.27,2022-06-27,EMP_000391
Tunde Oyedepo,Ministry of Education,325607,8416786202,UBA,BIO_10082,86.22,2018-07-19,EMP_000392
Kemi Adeleke,Nigeria Customs Service,96743,2075847792,First Bank,BIO_87983,88.09,2024-03-13,EMP_000393
Femi Williams,Nigeria Customs Service,124559,4367114426,Access,BIO_36996,90.4,2023-10-29,EMP_000394
Amina Musa,Ministry of Power,325449,6491250725,First Bank,BIO_13975,96.54,2022-06-01,EMP_000395
Aisha Suleiman,Ministry of Agriculture,149823,8324767808,First Bank,BIO_21684,89.14,2022-11-14,EMP_000396
Ibrahim Ahmad,Ministry of Education,215290,5629934970,UBA,BIO_98024,97.05,2017-04-18,EMP_000397
Usman Mohammed,Ministry of Health,374128,2544694100,Zenith,BIO_81778,95.72,2020-07-06,EMP_000398
Chioma Okonkwo,Ministry of Water Resources,260279,8271909077,GTBank,BIO_44629,95.52,2023-07-27,EMP_000399
Ibrahim Yusuf,Nigeria Customs Service,202304,9631966173,Access,,99.9,2026-04-16,EMP_000400
Aisha Mohammed,Federal Roads Maintenance Agency,473865,1762382656,Zenith,,99.9,2025-07-01,EMP_000401
Ibrahim Ibrahim,Ministry of Power,124127,8994113191,GTBank,BIO_49238,96.33,2024-08-10,EMP_000402
Adaeze Nwosu,Ministry of Works,354121,3200257573,UBA,BIO_14247,88.81,2024-02-18,EMP_000403
Amina Umar,Ministry of Water Resources,478353,4879260549,Access,BIO_88615,95.98,2017-10-04,EMP_000404
Fatima Musa,Ministry of Health,180780,8562338725,Zenith,BIO_71287,90.66,2022-04-17,EMP_000405
Aisha Ibrahim,Federal Roads Maintenance Agency,418115,7396877107,Access,BIO_83341,92.55,2020-09-26,EMP_000406
Hassan Musa,Ministry of Water Resources,260361,6032207923,Access,BIO_81229,95.11,2023-04-19,EMP_000407
Ibrahim Mohammed,Ministry of Finance,129479,4604982842,Access,BIO_32434,89.29,2016-11-12,EMP_000408
Usman Suleiman,Civil Service Commission,381093,1595386816,UBA,BIO_32899,86.99,2021-10-17,EMP_000409
Ibrahim Yusuf,Ministry of Water Resources,451910,3486888731,GTBank,BIO_89740,96.54,2019-11-16,EMP_000410
Abubakar Ahmad,Ministry of Education,419176,6832411574,Access,BIO_96620,88.26,2021-07-02,EMP_000411
Bola Adebayo,Ministry of Water Resources,470855,3041630759,GTBank,BIO_42939,89.09,2020-09-17,EMP_000412
Ade Ogunlesi,Ministry of Power,254578,8181444750,First Bank,BIO_11937,85.59,2021-03-12,EMP_000413
Chukwu Nwosu,Civil Service Commission,213752,9585954134,GTBank,BIO_30494,87.51,2019-12-07,EMP_000414
Yemi Williams,Ministry of Agriculture,373469,5541124627,Access,BIO_25464,94.82,2020-11-01,EMP_000415
Chiamaka Okonkwo,Ministry of Education,471195,9948839543,GTBank,BIO_97541,92.17,2024-01-25,EMP_000416
Hassan Yusuf,Ministry of Water Resources,211837,1580388251,Access,BIO_42212,86.97,2016-06-17,EMP_000417
Ade Adeyemi,Ministry of Power,238140,6614477374,UBA,BIO_33969,89.61,2016-10-22,EMP_000418
Kemi Adebayo,Ministry of Education,198470,9691733676,Access,BIO_12832,97.75,2020-07-06,EMP_000419
Hassan Ibrahim,Civil Service Commission,442937,7369297985,Zenith,BIO_96284,92.74,2018-11-13,EMP_000420
Usman Yusuf,Civil Service Commission,275405,3920373157,Access,BIO_76943,89.66,2018-07-29,EMP_000421
Usman Ahmad,Nigeria Customs Service,192116,9404367675,Access,BIO_46474,97.69,2016-11-30,EMP_000422
Kemi Williams,Ministry of Works,111561,8970060341,First Bank,BIO_54356,97.59,2018-07-27,EMP_000423
Abubakar Ibrahim,Ministry of Health,280892,9838130634,GTBank,BIO_74427,98.2,2018-07-02,EMP_000424
Tunde Adeleke,Ministry of Water Resources,245437,3498542989,Zenith,BIO_26988,95.64,2019-05-04,EMP_000425
Kemi Oyedepo,Civil Service Commission,214605,4956996903,Access,BIO_17008,95.07,2024-05-15,EMP_000426
Tunde Adeyemi,Federal Roads Maintenance Agency,417348,6287840451,GTBank,BIO_81938,89.86,2023-10-28,EMP_000427
Amina Ibrahim,Federal Roads Maintenance Agency,336852,6785292745,First Bank,BIO_81152,93.69,2024-08-26,EMP_000428
Fatima Musa,Ministry of Education,109789,2237374479,UBA,BIO_53488,94.93,2021-08-21,EMP_000429
Ibrahim Mohammed,Federal Roads Maintenance Agency,218846,8086566129,First Bank,BIO_42063,95.11,2017-10-30,EMP_000430
Dele Adeyemi,Ministry of Agriculture,229188,6684875781,Zenith,BIO_58212,98.46,2021-10-06,EMP_000431
Dele Adeyemi,Ministry of Health,135435,7880030767,First Bank,BIO_45086,94.1,2019-10-01,EMP_000432
Abubakar Ahmad,Nigeria Customs Service,404308,2242531447,GTBank,BIO_65718,94.23,2017-02-05,EMP_000433
Fatima Musa,Ministry of Finance,249067,7762538987,UBA,BIO_47710,85.54,2021-07-04,EMP_000434
Kemi Adeleke,Ministry of Education,298777,8779946167,GTBank,BIO_98017,93.81,2020-06-24,EMP_000435
Tunde Adebayo,Ministry of Education,311127,4739124430,GTBank,BIO_53214,93.16,2020-06-08,EMP_000436
Uchenna Eze,Civil Service Commission,453276,1526541043,Zenith,BIO_50229,92.26,2024-10-24,EMP_000437
Okechukwu Obiora,Ministry of Power,125034,9120357537,Access,BIO_26910,96.07,2019-06-22,EMP_000438
Tayo Adeyemi,Ministry of Health,268585,5361364738,UBA,BIO_33174,86.74,2022-08-20,EMP_000439
Femi Williams,Ministry of Finance,411290,8724253098,Access,BIO_69333,85.07,2025-01-20,EMP_000440
Yemi Williams,Ministry of Education,394233,5254814269,UBA,BIO_76426,94.73,2025-02-09,EMP_000441
Abubakar Ahmad,Civil Service Commission,98706,2872026419,GTBank,BIO_20546,86.07,2022-12-26,EMP_000442
Okechukwu Ani,Ministry of Works,234655,3271023259,Zenith,BIO_33709,97.98,2020-11-01,EMP_000443
Tunde Williams,Ministry of Works,218571,2934533916,UBA,BIO_53391,98.04,2023-09-11,EMP_000444
Okechukwu Eze,Federal Roads Maintenance Agency,90858,4816788483,GTBank,BIO_71989,88.25,2018-03-03,EMP_000445
Dele Ogunlesi,Ministry of Power,162025,2555867316,First Bank,BIO_36418,95.31,2024-08-27,EMP_000446
Chinedu Okonkwo,Civil Service Commission,191502,8249653666,GTBank,BIO_79939,92.26,2024-08-07,EMP_000447
Usman Musa,Ministry of Works,396014,2692231489,GTBank,BIO_52677,94.73,2019-02-18,EMP_000448
Uchenna Onyeka,Ministry of Education,461675,7480358107,First Bank,BIO_48710,88.21,2023-04-19,EMP_000449
Femi Ogunlesi,Nigeria Customs Service,299335,6635938558,Zenith,BIO_23914,95.54,2023-03-02,EMP_000450
Bola Oyedepo,Ministry of Works,109508,7534364351,GTBank,BIO_50871,85.68,2017-08-04,EMP_000451
Chioma Obiora,Ministry of Power,106522,2975278471,GTBank,BIO_49877,94.71,2018-04-01,EMP_000452
Ibrahim Suleiman,Ministry of Works,325145,6851080462,Access,BIO_77409,92.8,2024-10-04,EMP_000453
Kemi Adebayo,Ministry of Finance,274828,2503971749,GTBank,BIO_23082,96.1,2017-06-20,EMP_000454
Fatima Umar,Ministry of Agriculture,231171,7529073744,GTBank,BIO_26479,94.76,2025-02-15,EMP_000455
Adaeze Obiora,Ministry of Education,118944,2387215366,Zenith,BIO_85440,85.03,2022-03-31,EMP_000456
Chukwu Ani,Ministry of Works,154155,7605033291,First Bank,BIO_19902,91.95,2016-06-23,EMP_000457
Kemi Adeleke,Federal Roads Maintenance Agency,140733,5675485710,UBA,BIO_69340,97.91,2023-08-18,EMP_000458
Dele Adeleke,Ministry of Power,320669,8752273332,Zenith,BIO_21915,93.38,2022-02-28,EMP_000459
Ibrahim Yusuf,Ministry of Education,499026,1675858935,Zenith,BIO_98822,86.2,2019-11-05,EMP_000460
Kemi Adeyemi,Ministry of Finance,270451,7768615111,First Bank,BIO_73650,88.51,2024-08-06,EMP_000461
Abubakar Suleiman,Ministry of Works,288933,4511365202,Zenith,BIO_42748,90.1,2022-05-27,EMP_000462
Fatima Mohammed,Ministry of Finance,480599,7854497725,Zenith,BIO_89245,97.68,2020-05-13,EMP_000463
Hassan Suleiman,Ministry of Works,97590,2116344464,Zenith,BIO_38969,95.46,2016-09-21,EMP_000464
Abubakar Umar,Nigeria Customs Service,154138,4452207019,Access,BIO_51434,85.09,2018-09-05,EMP_000465
Okechukwu Obiora,Ministry of Finance,97983,4126169102,Access,BIO_38106,94.02,2024-02-02,EMP_000466
Chioma Ani,Federal Roads Maintenance Agency,123294,5340918440,UBA,BIO_19978,97.69,2016-09-20,EMP_000467
Ade Adebayo,Ministry of Works,337503,9661179476,UBA,BIO_40466,86.28,2024-10-21,EMP_000468
Tayo Oyedepo,Ministry of Works,150934,4362277228,Zenith,BIO_76270,87.69,2023-04-04,EMP_000469
Aisha Umar,Ministry of Works,386765,1161655685,Access,BIO_14868,95.09,2022-12-04,EMP_000470
Abubakar Musa,Civil Service Commission,219221,7683733016,Zenith,BIO_76682,85.3,2021-01-07,EMP_000471
Amina Yusuf,Ministry of Works,494218,5833029708,Zenith,BIO_18859,91.97,2024-10-15,EMP_000472
Zainab Yusuf,Ministry of Works,440464,5633967783,GTBank,BIO_29347,93.27,2020-06-23,EMP_000473
Okechukwu Onyeka,Ministry of Power,150198,4117335383,Zenith,BIO_11847,91.84,2025-03-26,EMP_000474
Chukwu Onyeka,Ministry of Water Resources,222100,4475933850,UBA,BIO_55034,91.06,2016-11-08,EMP_000475
Uchenna Onyeka,Civil Service Commission,249479,1578173661,GTBank,BIO_33254,94.64,2025-05-02,EMP_000476
Fatima Ahmad,Ministry of Power,380324,7810350089,GTBank,BIO_98693,90.15,2024-07-01,EMP_000477
Zainab Yusuf,Federal Roads Maintenance Agency,427269,6518990327,GTBank,BIO_23772,96.95,2019-03-02,EMP_000478
Hassan Umar,Federal Roads Maintenance Agency,479025,7550429362,Zenith,BIO_98168,87.44,2017-02-13,EMP_000479
Chioma Eze,Ministry of Agriculture,368162,9986942768,Access,BIO_32643,91.44,2016-09-11,EMP_000480
Tunde Oyedepo,Ministry of Agriculture,187747,3076746058,GTBank,BIO_17509,97.44,2021-03-22,EMP_000481
Uchenna Ani,Ministry of Education,308947,3553639466,Zenith,BIO_53321,89.23,2016-09-02,EMP_000482
Dele Williams,Ministry of Finance,404261,9751361499,GTBank,BIO_74447,92.49,2021-08-16,EMP_000483
Amina Yusuf,Ministry of Works,253985,6684880823,Access,BIO_82694,85.79,2023-11-21,EMP_000484
Aisha Mohammed,Ministry of Works,281096,6488142130,UBA,BIO_49002,86.0,2018-02-26,EMP_000485
Tayo Oyedepo,Ministry of Power,476157,1057756417,First Bank,BIO_45871,92.54,2017-11-26,EMP_000486
Ibrahim Suleiman,Ministry of Education,304121,7344390595,GTBank,BIO_37654,95.06,2020-04-28,EMP_000487
Adaeze Nwankwo,Ministry of Health,469981,4505530394,Zenith,BIO_36978,89.39,2021-02-07,EMP_000488
Dele Ogunlesi,Civil Service Commission,279514,6974925392,Access,BIO_50539,92.97,2017-06-15,EMP_000489
Okechukwu Okafor,Ministry of Education,305063,4028998898,Access,BIO_94051,87.0,2022-11-27,EMP_000490
Fatima Musa,Ministry of Health,355902,1856708777,Access,BIO_97979,94.48,2023-05-08,EMP_000491
Femi Williams,Civil Service Commission,222362,1066064817,Access,BIO_80355,88.24,2021-03-28,EMP_000492
Kemi Adebayo,Ministry of Power,357429,1974140652,GTBank,BIO_18878,89.82,2024-04-06,EMP_000493
Tayo Ogunlesi,Nigeria Customs Service,295399,1978472364,Zenith,BIO_93124,93.89,2017-04-28,EMP_000494
Okechukwu Nwankwo,Civil Service Commission,298646,9897944335,Access,BIO_38080,87.13,2023-11-17,EMP_000495
Ibrahim Ibrahim,Ministry of Finance,334509,9577176258,GTBank,BIO_53105,90.65,2018-07-13,EMP_000496
Femi Ogunlesi,Ministry of Works,481550,2820886268,Access,BIO_28408,87.63,2020-09-28,EMP_000497
Nnamdi Nwankwo,Ministry of Water Resources,428383,6388627304,Zenith,BIO_82292,89.03,2018-11-26,EMP_000498
Chioma Onyeka,Ministry of Health,197828,4939516766,UBA,BIO_94890,85.53,2022-04-24,EMP_000499
Femi Ogunlesi,Ministry of Finance,390497,4743626266,First Bank,BIO_90704,93.93,2016-08-26,EMP_000500
Yemi Adeyemi,Federal Roads Maintenance Agency,462472,3616011523,First Bank,BIO_34084,93.5,2019-04-09,EMP_000501
Bola Williams,Ministry of Water Resources,80472,9493350184,UBA,BIO_51109,90.97,2023-08-29,EMP_000502
Hassan Musa,Nigeria Customs Service,122438,4842056092,Access,BIO_23519,90.9,2017-09-16,EMP_000503
Bola Ogunlesi,Ministry of Education,470026,3572712970,First Bank,BIO_80548,95.56,2020-12-26,EMP_000504
Tunde Williams,Ministry of Finance,432872,2015222055,Zenith,BIO_96383,97.33,2023-09-18,EMP_000505
Abubakar Suleiman,Ministry of Education,189510,4009243226,UBA,BIO_14941,88.18,2019-11-25,EMP_000506
Chukwu Onyeka,Ministry of Works,455669,2743574166,Zenith,BIO_25122,87.88,2017-11-19,EMP_000507
Aisha Suleiman,Nigeria Customs Service,455653,1485655582,UBA,BIO_65744,97.07,2019-05-11,EMP_000508
Usman Ibrahim,Nigeria Customs Service,376089,8679508291,First Bank,BIO_86881,97.29,2019-10-30,EMP_000509
Uchenna Nwosu,Civil Service Commission,206660,7876881946,UBA,BIO_91523,89.86,2018-05-23,EMP_000510
Abubakar Umar,Federal Roads Maintenance Agency,197098,4113422389,First Bank,BIO_48810,93.19,2018-04-30,EMP_000511
Uchenna Okafor,Nigeria Customs Service,152946,2790274099,Zenith,BIO_61083,87.89,2024-01-23,EMP_000512
Abubakar Umar,Ministry of Water Resources,453736,5726037727,Access,BIO_63151,85.79,2024-03-26,EMP_000513
Chioma Nwosu,Ministry of Agriculture,224720,4203440558,Access,BIO_82481,94.51,2016-06-03,EMP_000514
Ibrahim Mohammed,Ministry of Agriculture,141709,8315337098,Zenith,BIO_80284,94.36,2020-10-19,EMP_000515
Amina Mohammed,Federal Roads Maintenance Agency,123319,3303881653,First Bank,,99.9,2024-10-19,EMP_000516
Femi Ogunlesi,Ministry of Water Resources,230578,5304736823,First Bank,BIO_43478,88.35,2020-12-22,EMP_000517
Usman Suleiman,Ministry of Education,115711,8762286310,GTBank,BIO_68628,91.96,2018-11-08,EMP_000518
Chiamaka Eze,Ministry of Agriculture,384496,6820524724,First Bank,BIO_54212,94.55,2017-06-13,EMP_000519
Fatima Yusuf,Ministry of Power,344200,9802426423,First Bank,BIO_71149,87.68,2017-05-22,EMP_000520
Tayo Adebayo,Ministry of Education,245188,2847532089,Zenith,BIO_93515,96.95,2023-06-06,EMP_000521
Nnamdi Ani,Ministry of Works,287492,4158746788,GTBank,BIO_14367,90.25,2018-01-12,EMP_000522
Tunde Adeyemi,Nigeria Customs Service,322521,1009039157,GTBank,BIO_97049,90.24,2022-08-24,EMP_000523
Zainab Suleiman,Nigeria Customs Service,490988,2969880831,Access,BIO_89391,96.23,2021-02-05,EMP_000524
Chukwu Eze,Ministry of Finance,291985,3331791825,GTBank,BIO_28378,95.03,2020-10-02,EMP_000525
Chiamaka Nwosu,Ministry of Education,216440,8235691223,UBA,BIO_98006,97.29,2018-08-04,EMP_000526
Chioma Okafor,Federal Roads Maintenance Agency,82748,8751052524,Zenith,BIO_20752,98.41,2022-07-18,EMP_000527
Uchenna Nwosu,Ministry of Education,475120,7078600748,Access,BIO_96954,85.18,2022-12-04,EMP_000528
Fatima Suleiman,Ministry of Water Resources,259109,3163707399,GTBank,BIO_28229,96.56,2021-04-26,EMP_000529
Chioma Nwosu,Ministry of Power,210031,5596444310,Zenith,BIO_14234,95.41,2016-07-31,EMP_000530
Ibrahim Umar,Ministry of Finance,172550,3754251554,Access,BIO_23463,90.14,2023-01-25,EMP_000531
Hassan Mohammed,Nigeria Customs Service,149080,6185726522,Zenith,BIO_55700,93.22,2017-09-04,EMP_000532
Ibrahim Mohammed,Federal Roads Maintenance Agency,392149,2542097330,GTBank,BIO_63048,85.1,2022-02-18,EMP_000533
Yemi Oyedepo,Ministry of Power,122450,3963030455,Zenith,BIO_81031,94.14,2023-04-17,EMP_000534
Bola Adeleke,Ministry of Agriculture,346615,1919222673,First Bank,BIO_21946,93.58,2021-04-11,EMP_000535
Hassan Ibrahim,Ministry of Agriculture,389036,8232582334,UBA,BIO_86592,85.14,2021-10-26,EMP_000536
Chukwu Ani,Civil Service Commission,485447,8228919705,Zenith,BIO_89091,87.85,2020-01-03,EMP_000537
Abubakar Ibrahim,Ministry of Health,302956,4496225382,Zenith,BIO_64639,95.73,2019-08-09,EMP_000538
Aisha Umar,Civil Service Commission,969383,1775587508,Zenith,BIO_91858,88.78,2025-05-28,EMP_000539
Dele Williams,Civil Service Commission,107926,8617242819,UBA,BIO_29141,93.14,2023-03-12,EMP_000540
Chioma Onyeka,Federal Roads Maintenance Agency,92619,9783663102,First Bank,BIO_49982,98.16,2019-11-02,EMP_000541
Chioma Ani,Nigeria Customs Service,294537,5811125244,GTBank,BIO_24862,97.87,2025-01-16,EMP_000542
Chinedu Obiora,Ministry of Water Resources,109245,1956940133,Access,BIO_52641,87.17,2020-06-02,EMP_000543
Usman Yusuf,Ministry of Agriculture,82502,4427004754,First Bank,BIO_68855,90.76,2018-05-13,EMP_000544
Dele Oyedepo,Ministry of Agriculture,298919,6852236388,GTBank,BIO_87421,96.95,2018-08-29,EMP_000545
Chinedu Okonkwo,Ministry of Power,301618,1773373424,First Bank,BIO_18003,94.34,2022-04-16,EMP_000546
Kemi Adebayo,Ministry of Education,473158,5862358556,Zenith,BIO_97879,94.32,2020-07-20,EMP_000547
Amina Suleiman,Ministry of Water Resources,471686,6550347484,UBA,BIO_26103,92.54,2018-08-12,EMP_000548
Ade Adebayo,Ministry of Works,295479,3872344935,First Bank,BIO_44707,97.74,2016-06-12,EMP_000549
Zainab Mohammed,Ministry of Agriculture,492002,5475718483,GTBank,BIO_41522,87.96,2023-09-06,EMP_000550
Hassan Umar,Nigeria Customs Service,459600,2292719721,First Bank,BIO_88878,88.07,2023-06-13,EMP_000551
Usman Suleiman,Nigeria Customs Service,253487,2562346871,UBA,BIO_64992,92.06,2022-12-12,EMP_000552
Tayo Adeleke,Ministry of Works,348726,8885436316,UBA,BIO_56084,95.33,2024-11-07,EMP_000553
Chiamaka Eze,Ministry of Power,407099,3296021921,Zenith,BIO_49303,91.84,2020-09-21,EMP_000554
Nnamdi Obiora,Federal Roads Maintenance Agency,100562,2352927087,GTBank,BIO_74714,91.55,2018-11-13,EMP_000555
Chiamaka Nwankwo,Ministry of Finance,450954,7289055113,Access,BIO_81488,96.03,2016-09-24,EMP_000556
Chioma Okafor,Ministry of Water Resources,332609,9268056276,First Bank,,99.9,2025-05-29,EMP_000557
Nnamdi Eze,Nigeria Customs Service,356391,3718701088,First Bank,BIO_77125,91.05,2022-03-25,EMP_000558
Okechukwu Okafor,Ministry of Power,380971,9619578284,GTBank,BIO_62414,98.37,2021-03-24,EMP_000559
Abubakar Ibrahim,Ministry of Finance,304491,5950883270,Zenith,BIO_44544,97.43,2019-12-18,EMP_000560
Usman Ahmad,Ministry of Health,111741,7699164422,Access,BIO_22389,94.62,2018-10-16,EMP_000561
Yemi Williams,Ministry of Finance,263366,7015719363,Access,BIO_21384,92.57,2018-10-29,EMP_000562
Tayo Adeleke,Nigeria Customs Service,484935,2553132161,GTBank,BIO_97404,94.64,2025-02-14,EMP_000563
Bola Adeyemi,Ministry of Works,323827,3990607015,Zenith,BIO_14480,95.91,2017-10-18,EMP_000564
Chinedu Okafor,Ministry of Health,387189,8842931232,UBA,BIO_44294,85.95,2020-05-25,EMP_000565
Kemi Ogunlesi,Nigeria Customs Service,333829,1941936796,UBA,BIO_95542,93.03,2016-06-25,EMP_000566
Fatima Suleiman,Ministry of Works,88297,5895743202,Access,BIO_82191,97.43,2023-10-25,EMP_000567
Okechukwu Ani,Federal Roads Maintenance Agency,158201,3230618808,Access,BIO_57325,97.27,2020-03-30,EMP_000568
Usman Ahmad,Nigeria Customs Service,94579,4356408641,UBA,BIO_10659,97.54,2024-03-02,EMP_000569
Chioma Eze,Federal Roads Maintenance Agency,174492,6053956411,GTBank,BIO_24272,91.15,2018-03-16,EMP_000570
Dele Ogunlesi,Civil Service Commission,267288,5850392404,GTBank,BIO_48294,90.27,2020-05-11,EMP_000571
Kemi Oyedepo,Ministry of Works,288175,4059208813,Access,BIO_46589,87.29,2022-03-05,EMP_000572
Nnamdi Eze,Civil Service Commission,103469,5920065728,GTBank,BIO_93739,89.39,2020-12-26,EMP_000573
Ibrahim Ahmad,Ministry of Agriculture,107548,9520545589,GTBank,BIO_30549,95.31,2017-05-21,EMP_000574
Tunde Oyedepo,Ministry of Agriculture,410102,1839738442,UBA,BIO_49476,92.3,2019-03-31,EMP_000575
Adaeze Onyeka,Ministry of Education,433674,6799361777,UBA,BIO_30712,91.43,2017-09-06,EMP_000576
Nnamdi Eze,Ministry of Power,1255416,5356980625,GTBank,BIO_13717,93.39,2026-03-14,EMP_000577
Chukwu Nwosu,Ministry of Health,393296,4240726502,Zenith,BIO_50058,88.39,2021-08-26,EMP_000578
Nnamdi Eze,Ministry of Works,397362,6139180410,UBA,BIO_57475,94.79,2022-08-28,EMP_000579
Ibrahim Yusuf,Ministry of Agriculture,385520,3899150228,First Bank,BIO_66655,89.62,2023-08-16,EMP_000580
Chukwu Nwosu,Ministry of Finance,164361,3885723526,First Bank,BIO_88721,92.35,2021-11-01,EMP_000581
Tunde Adeleke,Ministry of Agriculture,368309,7206302885,Zenith,BIO_49754,92.4,2020-01-20,EMP_000582
Dele Oyedepo,Ministry of Water Resources,492391,6292067041,UBA,BIO_23429,93.17,2023-04-28,EMP_000583
Yemi Oyedepo,Ministry of Finance,214660,2991658504,Access,BIO_66641,94.6,2023-09-24,EMP_000584
Femi Oyedepo,Federal Roads Maintenance Agency,356023,2606753343,UBA,BIO_90748,90.96,2023-03-01,EMP_000585
Uchenna Okonkwo,Nigeria Customs Service,243525,8857660024,Zenith,BIO_58514,86.16,2024-11-25,EMP_000586
Dele Adebayo,Civil Service Commission,104712,8415200958,GTBank,BIO_40625,85.12,2021-03-26,EMP_000587
Adaeze Okonkwo,Ministry of Education,356573,3902432555,GTBank,BIO_72406,85.85,2016-05-27,EMP_000588
Adaeze Obiora,Ministry of Works,285947,6690182551,First Bank,BIO_98558,87.68,2016-08-22,EMP_000589
Dele Adeyemi,Ministry of Power,188428,5321471946,GTBank,BIO_42108,91.98,2018-12-12,EMP_000590
Zainab Umar,Ministry of Works,189690,5456020505,First Bank,BIO_88200,91.34,2023-06-10,EMP_000591
Chioma Eze,Federal Roads Maintenance Agency,351219,8093628336,Access,BIO_81285,86.34,2022-05-29,EMP_000592
Usman Musa,Ministry of Works,479466,1702253789,GTBank,BIO_15729,89.13,2021-01-06,EMP_000593
Chiamaka Onyeka,Federal Roads Maintenance Agency,412480,9192886900,Zenith,BIO_43885,97.59,2020-11-14,EMP_000594
Abubakar Ibrahim,Ministry of Education,197506,2173252348,Access,BIO_17568,93.54,2017-08-03,EMP_000595
Abubakar Yusuf,Ministry of Education,128912,3114713966,Access,BIO_97591,94.99,2021-07-26,EMP_000596
Fatima Suleiman,Ministry of Finance,470156,6196339577,Access,BIO_68775,88.15,2019-09-25,EMP_000597
Tayo Oyedepo,Federal Roads Maintenance Agency,237597,2162041269,GTBank,BIO_35636,87.68,2021-04-24,EMP_000598
Bola Ogunlesi,Nigeria Customs Service,163231,1346058068,GTBank,BIO_42158,88.47,2024-11-23,EMP_000599
Kemi Williams,Ministry of Agriculture,158135,8686306280,First Bank,BIO_48615,86.94,2020-10-05,EMP_000600
Ibrahim Mohammed,Ministry of Power,309493,7323920884,GTBank,BIO_17660,91.18,2022-06-05,EMP_000601
Chioma Okafor,Ministry of Education,428831,3973475156,UBA,BIO_32083,90.67,2023-05-09,EMP_000602
Chioma Okonkwo,Ministry of Health,115982,6421836202,GTBank,BIO_31038,86.9,2023-01-12,EMP_000603
Dele Oyedepo,Ministry of Power,224826,9768829020,GTBank,BIO_16323,93.1,2025-02-03,EMP_000604
Kemi Adeyemi,Ministry of Water Resources,353825,3795908750,Access,BIO_48269,86.1,2024-04-07,EMP_000605
Tayo Adeyemi,Federal Roads Maintenance Agency,314698,2475946064,Access,BIO_99024,96.16,2020-03-21,EMP_000606
Femi Ogunlesi,Ministry of Agriculture,459392,1085899103,GTBank,BIO_13409,97.36,2022-06-07,EMP_000607
Okechukwu Obiora,Ministry of Water Resources,324849,3469043226,UBA,BIO_27708,97.36,2016-07-11,EMP_000608
Abubakar Ibrahim,Federal Roads Maintenance Agency,438459,9839812821,GTBank,BIO_94203,86.45,2025-03-28,EMP_000609
Chinedu Eze,Ministry of Finance,140599,5979117449,GTBank,BIO_21907,85.63,2022-06-07,EMP_000610
Ade Williams,Federal Roads Maintenance Agency,251560,8476519700,UBA,BIO_73110,94.44,2017-03-24,EMP_000611
Usman Mohammed,Ministry of Finance,454729,6553445544,Zenith,BIO_69454,87.2,2021-09-12,EMP_000612
Zainab Suleiman,Ministry of Agriculture,273393,8162971020,UBA,,99.9,2025-07-16,EMP_000613
Tunde Adeleke,Ministry of Power,229420,5325737209,GTBank,BIO_58989,95.43,2020-10-12,EMP_000614
Kemi Adeyemi,Ministry of Water Resources,328944,9709247411,First Bank,BIO_69592,89.7,2019-05-02,EMP_000615
Chiamaka Nwosu,Ministry of Finance,298109,3441309784,Zenith,BIO_90134,92.37,2016-10-21,EMP_000616
Chioma Eze,Nigeria Customs Service,426629,7824875026,Zenith,BIO_85975,87.83,2023-03-31,EMP_000617
Tunde Oyedepo,Ministry of Water Resources,175667,8406171734,Access,BIO_31386,90.89,2017-11-08,EMP_000618
Zainab Ahmad,Ministry of Agriculture,108544,1273688343,UBA,BIO_53658,94.89,2023-02-01,EMP_000619
Chioma Obiora,Federal Roads Maintenance Agency,410931,2993014882,First Bank,BIO_66432,85.63,2019-12-29,EMP_000620
Ade Oyedepo,Ministry of Agriculture,335766,5521871480,GTBank,BIO_25629,97.95,2025-03-20,EMP_000621
Adaeze Okonkwo,Ministry of Water Resources,383052,4129413304,First Bank,BIO_43674,91.37,2016-09-04,EMP_000622
Bola Adebayo,Civil Service Commission,402854,7124787171,Zenith,BIO_24759,89.59,2020-10-25,EMP_000623
Aisha Umar,Civil Service Commission,418519,7017527886,UBA,BIO_56255,89.74,2025-03-18,EMP_000624
Kemi Adeyemi,Nigeria Customs Service,157075,8259512799,First Bank,BIO_32170,96.25,2020-09-23,EMP_000625
Tunde Adeyemi,Ministry of Agriculture,166646,6182491012,Zenith,BIO_27309,88.12,2025-02-18,EMP_000626
Abubakar Umar,Ministry of Works,117169,9481466725,First Bank,BIO_31413,88.87,2017-06-17,EMP_000627
Okechukwu Eze,Ministry of Works,340843,9811654119,First Bank,BIO_28276,94.13,2019-09-19,EMP_000628
Chioma Obiora,Civil Service Commission,477599,8922763753,First Bank,BIO_19982,86.48,2024-06-16,EMP_000629
Abubakar Mohammed,Ministry of Water Resources,309000,4138397251,UBA,BIO_41956,89.03,2019-12-11,EMP_000630
Uchenna Eze,Ministry of Water Resources,339826,4548899868,GTBank,BIO_36991,87.95,2018-07-29,EMP_000631
Aisha Umar,Nigeria Customs Service,466333,9177279478,Zenith,BIO_64550,96.86,2024-05-04,EMP_000632
Usman Musa,Nigeria Customs Service,423314,9836590275,GTBank,BIO_82043,91.54,2020-03-23,EMP_000633
Amina Umar,Ministry of Water Resources,127238,5063769923,Zenith,BIO_65959,96.38,2024-05-05,EMP_000634
Abubakar Yusuf,Ministry of Power,335671,3946455347,First Bank,BIO_15861,92.47,2023-10-08,EMP_000635
Zainab Musa,Ministry of Works,294688,6489612802,UBA,BIO_93025,92.07,2025-05-07,EMP_000636
Okechukwu Onyeka,Ministry of Finance,176060,1462500719,GTBank,BIO_29478,87.9,2016-06-14,EMP_000637
Tayo Adeyemi,Nigeria Customs Service,363491,4791327065,Zenith,BIO_44643,87.72,2019-09-13,EMP_000638
Kemi Adeyemi,Ministry of Works,326230,6246531185,Zenith,BIO_14111,89.21,2022-07-27,EMP_000639
Bola Williams,Ministry of Health,398483,2492934061,GTBank,BIO_13028,90.27,2018-12-12,EMP_000640
Abubakar Ahmad,Ministry of Power,84121,7743373992,Zenith,BIO_54148,96.65,2021-10-09,EMP_000641
Ibrahim Yusuf,Ministry of Health,206557,9730243450,Access,BIO_39222,95.57,2016-07-28,EMP_000642
Chukwu Nwankwo,Civil Service Commission,348948,6917585668,UBA,BIO_93141,88.3,2022-09-26,EMP_000643
Usman Ibrahim,Ministry of Finance,238194,9277635895,Zenith,BIO_83271,89.84,2023-11-14,EMP_000644
Tunde Adeleke,Nigeria Customs Service,489324,5028926817,Zenith,BIO_31988,94.27,2017-07-19,EMP_000645
Amina Mohammed,Ministry of Water Resources,347239,7000378825,UBA,BIO_52975,85.71,2022-01-20,EMP_000646
Femi Adeyemi,Federal Roads Maintenance Agency,315243,3964907557,Access,BIO_64995,91.72,2016-11-08,EMP_000647
Bola Adeyemi,Federal Roads Maintenance Agency,268940,3356767036,Access,BIO_26311,90.79,2023-11-13,EMP_000648
Abubakar Ibrahim,Ministry of Water Resources,490363,5601390539,UBA,BIO_19045,97.37,2024-12-21,EMP_000649
Hassan Yusuf,Ministry of Power,450949,2100073195,Zenith,BIO_25878,97.49,2020-06-19,EMP_000650
Chinedu Nwosu,Nigeria Customs Service,381285,6371867349,Zenith,BIO_56018,96.48,2018-06-21,EMP_000651
Kemi Ogunlesi,Ministry of Works,460094,4211661407,UBA,BIO_83735,96.76,2018-07-16,EMP_000652
Chinedu Eze,Ministry of Water Resources,199977,7451902207,UBA,BIO_10555,94.68,2017-09-30,EMP_000653
Yemi Ogunlesi,Ministry of Education,471911,6751177443,UBA,BIO_78660,92.1,2019-01-02,EMP_000654
Adaeze Ani,Ministry of Finance,89251,6242558862,UBA,BIO_90560,89.07,2021-01-26,EMP_000655
Fatima Ahmad,Ministry of Water Resources,397886,4328457462,Access,BIO_42789,89.13,2021-03-31,EMP_000656
Chukwu Okafor,Ministry of Health,441350,7752685060,First Bank,BIO_98962,86.47,2025-05-03,EMP_000657
Hassan Ahmad,Ministry of Education,137522,6439433396,First Bank,BIO_75124,86.3,2018-01-16,EMP_000658
Zainab Ibrahim,Ministry of Education,86630,6668391323,Zenith,BIO_94112,85.02,2020-07-12,EMP_000659
Bola Adeleke,Ministry of Works,408926,1009191580,UBA,BIO_44913,85.17,2023-12-28,EMP_000660
Bola Oyedepo,Ministry of Water Resources,328237,3526724565,Zenith,BIO_98301,96.05,2018-01-12,EMP_000661
Tunde Williams,Nigeria Customs Service,298615,4523320006,Access,BIO_14655,91.6,2024-12-16,EMP_000662
Fatima Suleiman,Ministry of Agriculture,427957,8742211120,Access,BIO_90094,85.56,2020-07-20,EMP_000663
Amina Musa,Ministry of Health,285419,1148708722,UBA,BIO_81952,97.86,2020-04-06,EMP_000664
Amina Yusuf,Ministry of Water Resources,96018,9559332431,Zenith,BIO_63482,94.54,2020-05-10,EMP_000665
Ibrahim Ahmad,Civil Service Commission,148716,4782507540,First Bank,BIO_95038,87.34,2019-08-03,EMP_000666
Amina Ahmad,Civil Service Commission,212554,1326544595,UBA,BIO_35631,93.43,2017-11-02,EMP_000667
Yemi Williams,Ministry of Works,97600,3807258096,Access,BIO_95635,88.24,2019-08-16,EMP_000668
Tayo Ogunlesi,Nigeria Customs Service,425541,7602229853,Access,BIO_76550,93.2,2018-12-11,EMP_000669
Chiamaka Eze,Ministry of Power,355220,9976305821,Access,BIO_99453,95.61,2016-07-29,EMP_000670
Femi Ogunlesi,Ministry of Works,202506,8363790943,Zenith,BIO_19518,88.49,2025-04-04,EMP_000671
Adaeze Nwosu,Ministry of Power,464346,8156446547,Access,BIO_39543,95.97,2025-02-26,EMP_000672
Aisha Yusuf,Ministry of Education,168946,4031730044,Zenith,BIO_63643,91.88,2019-05-14,EMP_000673
Ade Williams,Civil Service Commission,98538,4843864883,GTBank,BIO_94555,92.73,2018-10-20,EMP_000674
Zainab Ibrahim,Ministry of Agriculture,310697,3752723438,Access,BIO_27850,86.36,2018-01-29,EMP_000675
Aisha Ibrahim,Ministry of Water Resources,202938,3965064321,First Bank,BIO_58363,87.49,2018-06-23,EMP_000676
Amina Yusuf,Ministry of Water Resources,121182,3644762624,UBA,BIO_39266,96.17,2021-03-21,EMP_000677
Chukwu Obiora,Federal Roads Maintenance Agency,469935,5321349362,First Bank,BIO_44224,98.81,2017-01-16,EMP_000678
Ibrahim Musa,Ministry of Health,134743,6178726237,Zenith,BIO_69298,96.96,2019-04-02,EMP_000679
Yemi Williams,Federal Roads Maintenance Agency,401237,5915012789,First Bank,BIO_63458,89.44,2025-01-27,EMP_000680
Ade Ogunlesi,Ministry of Education,186141,7946061095,Zenith,BIO_70882,90.08,2018-04-22,EMP_000681
Amina Mohammed,Ministry of Finance,142966,8080755614,GTBank,BIO_88668,96.96,2024-07-09,EMP_000682
Dele Ogunlesi,Ministry of Works,99715,7500471619,GTBank,BIO_29759,96.17,2021-04-11,EMP_000683
Chioma Obiora,Civil Service Commission,103906,4206275966,GTBank,BIO_44489,89.97,2016-10-04,EMP_000684
Ibrahim Ahmad,Ministry of Power,489539,5059282390,Zenith,,99.9,2024-09-15,EMP_000685
Yemi Adebayo,Ministry of Education,464829,4434295964,UBA,BIO_40328,95.62,2023-10-22,EMP_000686
Abubakar Musa,Civil Service Commission,467901,6199834635,Zenith,BIO_92402,91.65,2020-02-22,EMP_000687
Adaeze Ani,Ministry of Works,372933,8454992007,Zenith,BIO_90829,86.92,2024-05-11,EMP_000688
Abubakar Ahmad,Ministry of Water Resources,181983,6361253323,UBA,BIO_11743,97.2,2023-06-01,EMP_000689
Chukwu Onyeka,Ministry of Education,409893,5921191605,Zenith,BIO_39685,88.09,2016-10-22,EMP_000690
Chukwu Eze,Federal Roads Maintenance Agency,225483,6139890223,GTBank,BIO_40246,89.2,2024-08-14,EMP_000691
Yemi Adeleke,Ministry of Power,319292,8229617963,Zenith,,99.9,2025-06-14,EMP_000692
Amina Mohammed,Nigeria Customs Service,258940,2887163892,GTBank,BIO_28435,94.97,2021-04-13,EMP_000693
Hassan Yusuf,Civil Service Commission,240753,5480211682,GTBank,BIO_66862,93.55,2017-01-08,EMP_000694
Amina Umar,Federal Roads Maintenance Agency,382136,1041417135,Access,BIO_70781,96.75,2023-12-26,EMP_000695
Okechukwu Onyeka,Ministry of Health,143029,8524059912,Access,BIO_95533,88.69,2022-03-06,EMP_000696
Okechukwu Ani,Ministry of Agriculture,445784,7758747072,First Bank,BIO_31374,96.86,2023-04-06,EMP_000697
Adaeze Okonkwo,Nigeria Customs Service,365249,1372966544,Zenith,BIO_31314,92.72,2023-05-29,EMP_000698
Bola Oyedepo,Ministry of Works,129177,2781854534,Access,BIO_65075,92.46,2022-10-21,EMP_000699
Yemi Adebayo,Ministry of Works,116271,5157966465,Zenith,BIO_20348,90.03,2017-01-19,EMP_000700
Aisha Suleiman,Ministry of Power,114601,4870870091,Zenith,,99.9,2024-09-11,EMP_000701
Abubakar Musa,Ministry of Power,321805,4906615698,GTBank,BIO_96995,90.83,2019-06-23,EMP_000702
Ibrahim Yusuf,Ministry of Finance,417478,8908014048,Access,BIO_17052,91.4,2018-09-02,EMP_000703
Yemi Adebayo,Ministry of Power,392321,7851525584,UBA,BIO_86411,87.37,2020-03-17,EMP_000704
Ade Adeleke,Nigeria Customs Service,166622,1217305057,Zenith,BIO_38912,91.0,2018-04-23,EMP_000705
Kemi Adeleke,Ministry of Agriculture,110178,8020484399,Access,BIO_80850,97.73,2022-08-22,EMP_000706
Hassan Ahmad,Ministry of Education,204124,7060020386,First Bank,BIO_24570,86.06,2025-03-25,EMP_000707
Yemi Adeyemi,Ministry of Finance,456807,4816513228,GTBank,,99.9,2025-04-21,EMP_000708
Chioma Obiora,Ministry of Water Resources,421054,8283425432,UBA,BIO_88731,90.87,2021-06-03,EMP_000709
Chioma Ani,Nigeria Customs Service,473829,3373174838,Access,BIO_75688,95.52,2017-09-01,EMP_000710
Nnamdi Eze,Federal Roads Maintenance Agency,448021,5085881081,GTBank,BIO_19352,89.84,2023-03-28,EMP_000711
Fatima Suleiman,Civil Service Commission,403685,9565127335,Zenith,BIO_38616,97.26,2019-07-27,EMP_000712
Yemi Ogunlesi,Federal Roads Maintenance Agency,441385,3691380331,UBA,BIO_24847,86.37,2024-01-30,EMP_000713
Chukwu Ani,Ministry of Finance,413904,9595265355,Access,BIO_77786,87.91,2020-03-18,EMP_000714
Abubakar Umar,Ministry of Health,492508,9838130634,GTBank,BIO_77442,98.25,2025-01-10,EMP_000715
Femi Adebayo,Nigeria Customs Service,383986,6261447137,GTBank,BIO_20358,93.56,2021-07-27,EMP_000716
Kemi Oyedepo,Civil Service Commission,428100,5620054839,First Bank,BIO_41809,86.13,2020-05-09,EMP_000717
Nnamdi Eze,Civil Service Commission,163055,9407602045,Access,BIO_47735,90.14,2024-12-07,EMP_000718
Tunde Adebayo,Civil Service Commission,478023,8210156271,First Bank,BIO_68183,90.9,2018-03-01,EMP_000719
Zainab Umar,Ministry of Finance,414114,5529577915,UBA,BIO_95091,93.25,2020-05-10,EMP_000720
Dele Adeyemi,Ministry of Finance,307944,9403642952,GTBank,BIO_19769,85.5,2019-05-08,EMP_000721
Dele Williams,Ministry of Works,221065,5012753837,First Bank,BIO_49857,93.4,2024-05-31,EMP_000722
Ibrahim Musa,Ministry of Works,192689,4195653102,UBA,BIO_59993,96.69,2023-03-05,EMP_000723
Adaeze Eze,Ministry of Power,370398,3650062551,Access,BIO_18596,94.93,2017-12-27,EMP_000724
Amina Ahmad,Ministry of Finance,447709,9828543816,First Bank,BIO_67206,93.73,2018-03-24,EMP_000725
Bola Adeleke,Ministry of Power,164415,7189875954,Access,BIO_62699,85.04,2023-01-18,EMP_000726
Nnamdi Onyeka,Nigeria Customs Service,113066,3166131282,Access,BIO_27132,87.4,2019-02-26,EMP_000727
Chioma Okafor,Ministry of Education,205004,2933130492,First Bank,BIO_24951,86.74,2022-06-07,EMP_000728
Hassan Mohammed,Nigeria Customs Service,92109,6494818352,UBA,BIO_23073,89.39,2024-11-19,EMP_000729
Zainab Ibrahim,Ministry of Water Resources,189504,7837041824,UBA,BIO_94491,96.78,2025-03-25,EMP_000730
Bola Adeleke,Ministry of Agriculture,492638,7675603916,Zenith,BIO_87895,95.2,2020-10-17,EMP_000731
Nnamdi Nwankwo,Ministry of Education,329137,1114880341,First Bank,BIO_56425,93.47,2016-06-13,EMP_000732
Ade Adeyemi,Ministry of Agriculture,455492,4129682185,Zenith,BIO_71465,85.95,2025-01-04,EMP_000733
Chukwu Nwosu,Federal Roads Maintenance Agency,288103,7962250651,UBA,BIO_59842,94.95,2019-11-22,EMP_000734
Nnamdi Eze,Civil Service Commission,399543,6245147614,Access,BIO_10209,86.41,2021-09-12,EMP_000735
Dele Ogunlesi,Ministry of Agriculture,237162,9136702192,First Bank,BIO_69045,95.78,2018-03-03,EMP_000736
Femi Adebayo,Civil Service Commission,157234,3856550594,Zenith,BIO_33167,87.16,2025-02-27,EMP_000737
Tayo Adeleke,Ministry of Education,248983,2051102169,GTBank,BIO_56613,98.28,2019-06-25,EMP_000738
Femi Oyedepo,Ministry of Water Resources,297490,9132341837,Zenith,BIO_86337,96.19,2017-01-08,EMP_000739
Bola Adeleke,Ministry of Finance,118950,8911941257,Access,BIO_92683,92.91,2021-03-31,EMP_000740
Chukwu Obiora,Federal Roads Maintenance Agency,101099,1256406319,First Bank,BIO_30762,85.9,2023-12-15,EMP_000741
Hassan Ibrahim,Civil Service Commission,217460,9761936297,First Bank,BIO_78736,92.54,2024-12-06,EMP_000742
Usman Umar,Ministry of Health,223756,3189553803,GTBank,BIO_33165,87.92,2020-03-12,EMP_000743
Uchenna Nwosu,Ministry of Education,483257,1369548267,GTBank,BIO_86914,96.53,2018-02-07,EMP_000744
Yemi Adeyemi,Ministry of Agriculture,310754,9871154910,GTBank,BIO_95279,95.64,2023-03-19,EMP_000745
Usman Suleiman,Nigeria Customs Service,295254,3911879829,Zenith,BIO_59618,97.69,2020-10-04,EMP_000746
Adaeze Okonkwo,Ministry of Finance,345457,6394792641,Access,BIO_29941,85.79,2019-06-12,EMP_000747
Uchenna Onyeka,Ministry of Education,274051,3000965810,UBA,BIO_92686,86.22,2016-07-15,EMP_000748
Femi Adebayo,Nigeria Customs Service,145888,5830926007,Access,BIO_83361,88.58,2017-01-17,EMP_000749
Usman Yusuf,Ministry of Power,171813,5034468343,First Bank,BIO_39088,88.04,2016-07-14,EMP_000750
Tunde Adeleke,Federal Roads Maintenance Agency,406071,9926053748,Access,BIO_54385,88.96,2024-09-29,EMP_000751
Aisha Ibrahim,Civil Service Commission,106480,3234021942,Access,BIO_99244,95.78,2025-02-05,EMP_000752
Chioma Eze,Nigeria Customs Service,429142,1422261567,Access,BIO_51056,94.39,2024-03-15,EMP_000753
Tunde Adebayo,Ministry of Water Resources,130440,3104887483,First Bank,BIO_47021,85.97,2019-08-13,EMP_000754
Zainab Suleiman,Ministry of Works,269298,9800436062,Zenith,BIO_85316,88.36,2017-07-10,EMP_000755
Okechukwu Onyeka,Ministry of Power,162628,2910278775,Zenith,BIO_85409,89.29,2018-11-12,EMP_000756
Usman Suleiman,Ministry of Power,298347,9107262748,GTBank,BIO_16659,90.26,2024-03-11,EMP_000757
Chiamaka Nwankwo,Civil Service Commission,370844,3038806531,First Bank,BIO_60272,93.11,2024-09-27,EMP_000758
Chukwu Nwosu,Federal Roads Maintenance Agency,464044,2858553019,GTBank,BIO_58843,93.61,2021-06-05,EMP_000759
Fatima Umar,Nigeria Customs Service,254519,7945605177,Zenith,BIO_71617,96.05,2021-03-28,EMP_000760
Aisha Mohammed,Ministry of Power,197284,6295666571,UBA,BIO_24815,90.24,2020-03-03,EMP_000761
Tayo Ogunlesi,Ministry of Education,473699,7137865777,Access,BIO_59473,95.89,2021-04-10,EMP_000762
Ade Ogunlesi,Nigeria Customs Service,345762,5594607184,Zenith,,99.9,2024-09-29,EMP_000763
Femi Ogunlesi,Ministry of Water Resources,389916,7257125682,First Bank,BIO_61298,90.95,2016-07-21,EMP_000764
Kemi Adeleke,Ministry of Water Resources,480957,8824321894,Zenith,BIO_93211,95.22,2017-11-17,EMP_000765
Amina Suleiman,Ministry of Works,409549,3844948240,First Bank,BIO_89313,86.21,2017-05-27,EMP_000766
Fatima Ahmad,Ministry of Health,470085,4899803583,UBA,BIO_66445,85.83,2017-01-31,EMP_000767
Chinedu Nwosu,Civil Service Commission,387247,4556444768,GTBank,BIO_95149,85.11,2020-01-10,EMP_000768
Zainab Ahmad,Nigeria Customs Service,134566,5886615773,Zenith,BIO_22109,96.39,2025-01-01,EMP_000769
Femi Oyedepo,Nigeria Customs Service,165443,1012995384,First Bank,BIO_49990,89.51,2020-05-31,EMP_000770
Abubakar Yusuf,Ministry of Works,442504,1515989699,Zenith,BIO_79947,87.17,2021-10-01,EMP_000771
Adaeze Onyeka,Nigeria Customs Service,416225,3068459796,GTBank,BIO_77656,94.85,2024-11-03,EMP_000772
Aisha Yusuf,Ministry of Education,84485,2454396950,Access,BIO_96437,88.57,2022-04-26,EMP_000773
Usman Umar,Ministry of Health,229943,8624065155,GTBank,BIO_13820,95.94,2017-02-03,EMP_000774
Kemi Adeyemi,Ministry of Water Resources,261772,4695250228,GTBank,BIO_71753,95.5,2016-07-02,EMP_000775
Bola Adeleke,Federal Roads Maintenance Agency,383911,9042917554,Zenith,BIO_14913,94.23,2017-09-24,EMP_000776
Femi Ogunlesi,Ministry of Education,224966,4045210668,Access,BIO_23125,92.35,2019-03-10,EMP_000777
Tayo Williams,Civil Service Commission,486664,3889836369,GTBank,BIO_47568,96.9,2021-05-03,EMP_000778
Zainab Mohammed,Ministry of Agriculture,87974,7723726855,Zenith,BIO_82034,92.79,2020-06-13,EMP_000779
Tayo Adebayo,Ministry of Health,381316,9282111047,Access,BIO_62525,90.57,2024-02-24,EMP_000780
Dele Adeleke,Ministry of Works,153168,7298307536,UBA,BIO_40462,95.37,2020-11-26,EMP_000781
Ibrahim Mohammed,Ministry of Works,317169,5318950454,Zenith,BIO_51459,95.44,2021-11-08,EMP_000782
Chinedu Eze,Ministry of Health,365855,5030731738,UBA,BIO_75723,85.31,2025-03-10,EMP_000783
Abubakar Mohammed,Nigeria Customs Service,342552,3113796158,First Bank,BIO_81799,89.16,2020-10-15,EMP_000784
Dele Adeleke,Ministry of Water Resources,155346,9711903206,GTBank,BIO_15140,91.58,2017-03-21,EMP_000785
Fatima Yusuf,Nigeria Customs Service,414195,2593275882,Zenith,BIO_89326,88.1,2019-06-27,EMP_000786
Nnamdi Ani,Ministry of Health,152538,3040744867,GTBank,BIO_75428,91.13,2024-07-08,EMP_000787
Yemi Adeleke,Ministry of Power,259612,9619578284,GTBank,BIO_13775,98.82,2019-08-31,EMP_000788
Usman Mohammed,Ministry of Agriculture,189598,8837689738,UBA,BIO_85218,86.06,2016-09-25,EMP_000789
Tunde Oyedepo,Nigeria Customs Service,1232812,9401143754,GTBank,BIO_81146,95.66,2026-03-06,EMP_000790
Chinedu Okafor,Ministry of Agriculture,339200,9785837255,Access,BIO_83832,97.83,2023-01-01,EMP_000791
Ade Adebayo,Nigeria Customs Service,216014,4746766335,UBA,BIO_27171,86.48,2024-06-30,EMP_000792
Tayo Adebayo,Ministry of Agriculture,427970,2571708845,UBA,BIO_54638,87.97,2020-04-14,EMP_000793
Femi Adeleke,Ministry of Health,86379,9978836540,First Bank,BIO_67752,94.54,2023-02-21,EMP_000794
Ade Ogunlesi,Civil Service Commission,458407,4709174134,Zenith,BIO_49336,86.42,2018-11-24,EMP_000795
Aisha Mohammed,Federal Roads Maintenance Agency,321064,5270661387,GTBank,BIO_52295,97.34,2017-10-05,EMP_000796
Adaeze Ani,Federal Roads Maintenance Agency,204760,1768494882,First Bank,BIO_86136,87.56,2022-03-25,EMP_000797
Ade Adeyemi,Federal Roads Maintenance Agency,495800,6430742451,Zenith,BIO_25029,95.0,2022-04-07,EMP_000798
Amina Ibrahim,Ministry of Agriculture,242611,3670929144,Zenith,BIO_86928,98.79,2019-07-21,EMP_000799
Usman Ahmad,Nigeria Customs Service,425665,9336485938,GTBank,BIO_70895,95.57,2018-12-06,EMP_000800
Chioma Okafor,Civil Service Commission,317606,8864074694,UBA,BIO_80428,92.27,2018-06-21,EMP_000801
Dele Ogunlesi,Ministry of Finance,180213,8136678218,UBA,BIO_18267,90.85,2017-02-25,EMP_000802
Chukwu Okonkwo,Ministry of Education,310000,8360396694,GTBank,BIO_23626,97.48,2021-01-25,EMP_000803
Femi Adeyemi,Federal Roads Maintenance Agency,287162,3047473124,Zenith,BIO_30018,91.04,2024-06-04,EMP_000804
Hassan Yusuf,Civil Service Commission,423607,9403495814,GTBank,BIO_69016,88.3,2020-01-05,EMP_000805
Chiamaka Obiora,Ministry of Education,434272,8604107111,First Bank,BIO_81200,93.9,2018-04-06,EMP_000806
Femi Ogunlesi,Ministry of Power,476949,6860126852,Access,BIO_74079,87.73,2017-07-12,EMP_000807
Zainab Suleiman,Ministry of Finance,460259,8111826155,Access,,99.9,2025-12-07,EMP_000808
Abubakar Ibrahim,Ministry of Water Resources,419902,2151054961,UBA,BIO_41469,88.94,2022-09-26,EMP_000809
Adaeze Ani,Nigeria Customs Service,180347,8679374390,UBA,BIO_61218,88.62,2021-05-19,EMP_000810
Usman Mohammed,Ministry of Agriculture,304699,4913681253,UBA,BIO_31200,86.14,2021-01-24,EMP_000811
Abubakar Umar,Nigeria Customs Service,367401,7746744970,GTBank,BIO_63134,90.21,2018-08-17,EMP_000812
Chinedu Eze,Ministry of Power,422551,3232757086,Access,BIO_18995,88.18,2018-08-19,EMP_000813
Chiamaka Nwankwo,Ministry of Health,473571,4000851399,First Bank,BIO_94339,86.47,2023-05-09,EMP_000814
Abubakar Mohammed,Federal Roads Maintenance Agency,416828,2859839194,GTBank,BIO_45976,96.45,2017-11-12,EMP_000815
Abubakar Yusuf,Ministry of Agriculture,374726,7899596055,UBA,BIO_96966,91.43,2021-08-06,EMP_000816
Adaeze Okonkwo,Ministry of Water Resources,314252,2309337508,GTBank,BIO_18161,88.57,2017-10-31,EMP_000817
Okechukwu Nwankwo,Nigeria Customs Service,437050,9831515359,Access,BIO_95645,89.2,2020-10-12,EMP_000818
Chiamaka Nwosu,Ministry of Education,475439,1039666274,Access,BIO_75350,96.04,2025-01-01,EMP_000819
Zainab Yusuf,Ministry of Agriculture,168011,3279097992,Zenith,BIO_65443,97.37,2024-11-14,EMP_000820
Chinedu Ani,Civil Service Commission,426158,9047002952,Access,BIO_53607,90.03,2019-11-22,EMP_000821
Chiamaka Okonkwo,Ministry of Finance,177385,7434909924,First Bank,BIO_81400,94.43,2020-04-06,EMP_000822
Ade Ogunlesi,Ministry of Agriculture,441011,8634541824,Access,BIO_61260,93.03,2018-12-02,EMP_000823
Chioma Okonkwo,Ministry of Finance,85990,1301028142,GTBank,BIO_27899,93.2,2022-04-09,EMP_000824
Fatima Umar,Nigeria Customs Service,328824,4518206914,UBA,BIO_74676,95.67,2021-06-09,EMP_000825
Uchenna Obiora,Ministry of Power,428981,9138033412,First Bank,BIO_94097,86.25,2020-08-18,EMP_000826
Chinedu Nwosu,Ministry of Water Resources,298463,2526176067,First Bank,BIO_30785,90.12,2017-06-28,EMP_000827
Uchenna Obiora,Civil Service Commission,498293,4998149755,First Bank,BIO_81382,88.87,2023-12-30,EMP_000828
Tayo Oyedepo,Federal Roads Maintenance Agency,426982,7387246598,First Bank,BIO_33863,95.26,2022-11-17,EMP_000829
Chiamaka Obiora,Ministry of Agriculture,87554,1751377509,Zenith,BIO_81973,87.31,2025-03-11,EMP_000830
Fatima Umar,Ministry of Works,336623,6015888821,GTBank,BIO_48434,93.9,2020-02-22,EMP_000831
Okechukwu Eze,Ministry of Water Resources,316079,8838375719,First Bank,BIO_34003,94.09,2022-10-18,EMP_000832
Fatima Umar,Civil Service Commission,220818,9367605628,First Bank,BIO_96079,87.58,2016-09-25,EMP_000833
Ade Williams,Ministry of Power,186341,9230706610,Access,BIO_43669,85.14,2022-07-28,EMP_000834
Nnamdi Nwosu,Civil Service Commission,444862,1048342774,First Bank,BIO_38950,89.36,2017-12-06,EMP_000835
Uchenna Obiora,Civil Service Commission,498425,5127566478,First Bank,BIO_72330,90.44,2023-09-22,EMP_000836
Kemi Adeleke,Ministry of Health,308644,1805247079,First Bank,BIO_49721,97.67,2021-10-14,EMP_000837
Femi Adeleke,Civil Service Commission,285788,5084592680,UBA,BIO_44732,87.51,2016-09-09,EMP_000838
Chioma Okonkwo,Ministry of Finance,201284,8278053349,UBA,BIO_81303,88.91,2023-02-22,EMP_000839
Ibrahim Suleiman,Ministry of Works,224787,2121388635,Zenith,BIO_25011,94.64,2024-02-27,EMP_000840
Tayo Adebayo,Ministry of Power,114711,5846413600,GTBank,BIO_42358,92.09,2025-02-04,EMP_000841
Adaeze Ani,Ministry of Finance,237097,2115998150,UBA,BIO_13283,95.79,2024-03-30,EMP_000842
Tunde Adeleke,Ministry of Works,470661,3210461474,Zenith,BIO_16810,91.11,2020-07-11,EMP_000843
Chinedu Ani,Ministry of Works,396329,8373839210,UBA,BIO_74117,96.49,2023-09-05,EMP_000844
Hassan Ibrahim,Nigeria Customs Service,353397,1566497200,Access,BIO_18374,86.63,2019-07-18,EMP_000845
Usman Suleiman,Ministry of Agriculture,444828,1587570526,Access,BIO_32819,97.08,2022-09-11,EMP_000846
Chinedu Okafor,Ministry of Agriculture,81070,2810263392,UBA,BIO_75289,97.99,2024-10-19,EMP_000847
Tunde Adebayo,Ministry of Power,153882,2554410824,First Bank,BIO_73278,96.74,2024-07-30,EMP_000848
Yemi Adeyemi,Nigeria Customs Service,479858,1398393913,First Bank,BIO_95495,96.02,2016-08-07,EMP_000849
Chukwu Eze,Federal Roads Maintenance Agency,257577,4452571073,Access,BIO_31070,97.48,2019-04-10,EMP_000850
Ade Adeleke,Federal Roads Maintenance Agency,127282,2702305471,Zenith,BIO_13905,90.57,2017-01-16,EMP_000851
Bola Williams,Ministry of Education,369478,7008744257,First Bank,BIO_78576,87.76,2018-07-24,EMP_000852
Yemi Adeleke,Civil Service Commission,362850,6952225540,GTBank,BIO_60001,88.75,2019-02-18,EMP_000853
Tayo Adeyemi,Ministry of Agriculture,220575,2165109545,Zenith,BIO_76160,88.38,2021-12-08,EMP_000854
Usman Yusuf,Ministry of Health,205123,5133777013,Access,BIO_26187,88.6,2021-03-15,EMP_000855
Chiamaka Okafor,Ministry of Health,499773,7291645070,UBA,BIO_69317,97.98,2017-04-23,EMP_000856
Hassan Mohammed,Ministry of Works,93292,8755234717,UBA,BIO_31708,85.09,2023-11-12,EMP_000857
Ade Adeleke,Ministry of Finance,193024,6955333398,First Bank,BIO_25319,99.06,2020-09-28,EMP_000858
Chioma Onyeka,Ministry of Education,202842,5094023913,UBA,BIO_70278,94.3,2016-12-29,EMP_000859
Fatima Yusuf,Civil Service Commission,157221,9558150850,Zenith,BIO_59546,91.89,2024-12-27,EMP_000860
Chiamaka Obiora,Ministry of Health,442562,6263863933,UBA,BIO_74772,97.99,2023-12-01,EMP_000861
Amina Musa,Ministry of Power,473591,1475603030,Zenith,BIO_72554,99.08,2022-10-11,EMP_000862
Nnamdi Ani,Ministry of Power,426354,5548637746,Access,BIO_36185,94.24,2017-11-13,EMP_000863
Chinedu Okonkwo,Civil Service Commission,146623,8068109594,First Bank,BIO_30601,90.97,2025-01-06,EMP_000864
Ade Ogunlesi,Ministry of Health,271864,1873797628,GTBank,BIO_24879,85.74,2022-06-28,EMP_000865
Amina Ibrahim,Ministry of Works,428402,9495585269,Access,BIO_40751,90.64,2017-01-03,EMP_000866
Chukwu Nwankwo,Ministry of Water Resources,156072,1424486044,Access,BIO_51240,95.15,2022-06-05,EMP_000867
Nnamdi Ani,Ministry of Education,256490,3921529326,UBA,BIO_12935,95.97,2020-11-23,EMP_000868
Uchenna Nwosu,Civil Service Commission,449204,1519969875,First Bank,BIO_51392,89.08,2021-10-29,EMP_000869
Okechukwu Eze,Civil Service Commission,161350,4363933364,Access,BIO_95124,87.72,2023-05-09,EMP_000870
Chinedu Obiora,Ministry of Education,124382,3922617988,GTBank,BIO_41695,90.44,2017-07-05,EMP_000871
Chukwu Eze,Federal Roads Maintenance Agency,129105,1151668098,First Bank,BIO_53022,95.8,2020-04-09,EMP_000872
Dele Oyedepo,Civil Service Commission,215949,6559433596,UBA,BIO_38025,88.63,2021-05-29,EMP_000873
Dele Oyedepo,Ministry of Education,234257,9362865565,UBA,BIO_26779,87.0,2017-10-22,EMP_000874
Tayo Ogunlesi,Ministry of Finance,262403,1849683472,Access,BIO_64699,87.08,2024-01-27,EMP_000875
Uchenna Onyeka,Ministry of Agriculture,319165,3234231311,GTBank,BIO_75978,92.46,2024-02-13,EMP_000876
Adaeze Ani,Ministry of Agriculture,487413,6043479587,GTBank,BIO_20552,91.91,2024-10-11,EMP_000877
Tayo Adeyemi,Ministry of Water Resources,306041,1935692923,GTBank,BIO_51383,96.72,2023-02-22,EMP_000878
Okechukwu Ani,Ministry of Water Resources,200040,6439863790,Zenith,BIO_71924,96.18,2021-03-28,EMP_000879
Femi Adeleke,Federal Roads Maintenance Agency,162148,6056304897,First Bank,BIO_34950,97.67,2022-02-15,EMP_000880
Ibrahim Umar,Federal Roads Maintenance Agency,268671,4033862442,First Bank,BIO_12741,95.29,2017-09-04,EMP_000881
Tunde Oyedepo,Ministry of Agriculture,391786,3307231138,UBA,BIO_20164,96.07,2022-01-13,EMP_000882
Dele Adebayo,Ministry of Agriculture,160021,3817428898,GTBank,,99.9,2026-05-01,EMP_000883
Tunde Adeyemi,Nigeria Customs Service,181931,6813960485,UBA,BIO_83013,92.8,2020-07-24,EMP_000884
Yemi Williams,Nigeria Customs Service,124281,5462725063,First Bank,BIO_40459,90.81,2022-03-01,EMP_000885
Chiamaka Eze,Ministry of Health,498621,3653313441,GTBank,BIO_90390,86.14,2018-06-07,EMP_000886
Fatima Ibrahim,Ministry of Finance,327970,5530331704,GTBank,BIO_28013,87.75,2024-08-25,EMP_000887
Chukwu Onyeka,Ministry of Power,409563,8325428024,Zenith,BIO_77364,96.96,2020-11-18,EMP_000888
Femi Adeleke,Ministry of Education,103386,5435817768,UBA,BIO_19609,91.67,2023-05-10,EMP_000889
Usman Ahmad,Ministry of Finance,290894,7447180142,First Bank,,99.9,2025-02-21,EMP_000890
Abubakar Ahmad,Ministry of Water Resources,476378,6467759986,Zenith,BIO_66664,98.69,2018-02-02,EMP_000891
Chinedu Ani,Federal Roads Maintenance Agency,237918,8633470928,Access,BIO_62465,86.7,2022-01-06,EMP_000892
Ade Williams,Nigeria Customs Service,201244,3687937606,Zenith,BIO_52630,92.44,2024-05-15,EMP_000893
Hassan Suleiman,Ministry of Agriculture,412418,3546632129,First Bank,BIO_30886,90.19,2023-09-04,EMP_000894
Hassan Ibrahim,Ministry of Power,223188,7561735477,UBA,BIO_62034,91.89,2017-04-03,EMP_000895
Femi Ogunlesi,Ministry of Water Resources,423819,6575051582,Access,BIO_20045,87.51,2017-03-23,EMP_000896
Tunde Adeleke,Nigeria Customs Service,451822,4086324791,UBA,BIO_80868,85.01,2024-11-28,EMP_000897
Ade Adeleke,Ministry of Power,243372,2226084924,Access,BIO_85053,94.25,2021-09-17,EMP_000898
Nnamdi Okonkwo,Ministry of Finance,1221720,8021830541,First Bank,BIO_75344,87.56,2025-10-10,EMP_000899
Abubakar Mohammed,Ministry of Health,1172632,8343832854,UBA,BIO_93689,90.53,2025-12-17,EMP_000900
Femi Ogunlesi,Civil Service Commission,227016,5913754477,GTBank,BIO_89172,85.11,2024-07-14,EMP_000901
Okechukwu Onyeka,Nigeria Customs Service,313112,7043803857,Access,BIO_28513,85.06,2016-08-04,EMP_000902
Nnamdi Eze,Civil Service Commission,174161,5228380576,UBA,,99.9,2026-05-03,EMP_000903
Okechukwu Nwosu,Ministry of Works,266947,6222810866,GTBank,BIO_34426,93.96,2017-11-17,EMP_000904
Fatima Suleiman,Nigeria Customs Service,125847,5167260566,GTBank,BIO_46743,92.91,2019-09-29,EMP_000905
Adaeze Eze,Civil Service Commission,231029,7868281809,Zenith,BIO_84561,88.99,2022-04-09,EMP_000906
Adaeze Okafor,Ministry of Education,85396,6793897506,First Bank,BIO_74376,86.76,2017-09-06,EMP_000907
Usman Mohammed,Ministry of Education,272174,6699365829,Zenith,BIO_45694,93.93,2025-01-19,EMP_000908
Dele Ogunlesi,Ministry of Education,188068,1784562500,Zenith,BIO_23300,91.88,2023-08-17,EMP_000909
Femi Adeleke,Nigeria Customs Service,82107,3055781888,Zenith,BIO_40968,95.29,2024-07-10,EMP_000910
Ade Adeleke,Civil Service Commission,278288,2816828588,GTBank,BIO_34655,88.61,2020-03-23,EMP_000911
Bola Ogunlesi,Ministry of Works,417880,9754313164,Zenith,BIO_75959,97.26,2024-11-10,EMP_000912
Chinedu Ani,Ministry of Finance,385873,8030681104,UBA,BIO_39861,94.25,2018-01-11,EMP_000913
Fatima Musa,Ministry of Health,166585,3435509909,GTBank,BIO_43337,94.71,2019-07-03,EMP_000914
Amina Mohammed,Ministry of Finance,434589,8881525851,First Bank,BIO_40371,92.47,2024-01-29,EMP_000915
Hassan Ahmad,Ministry of Water Resources,177912,7168589226,Zenith,BIO_32604,98.8,2017-05-27,EMP_000916
Usman Yusuf,Ministry of Works,163312,9522270832,UBA,BIO_15349,93.97,2017-10-31,EMP_000917
Zainab Suleiman,Ministry of Power,384894,3828222860,GTBank,BIO_37710,95.2,2022-04-17,EMP_000918
Bola Williams,Ministry of Works,497495,4788284885,Zenith,BIO_63104,86.73,2017-12-21,EMP_000919
Adaeze Okafor,Civil Service Commission,299227,4091960968,UBA,BIO_90651,87.51,2021-02-14,EMP_000920
Fatima Yusuf,Ministry of Water Resources,348728,5123823055,UBA,BIO_62084,90.24,2024-09-18,EMP_000921
Kemi Adebayo,Ministry of Water Resources,183020,7233599400,Zenith,BIO_28109,93.84,2023-11-28,EMP_000922
Yemi Williams,Nigeria Customs Service,243839,3468820568,UBA,BIO_52497,87.74,2020-07-10,EMP_000923
Bola Adeleke,Ministry of Works,404014,2583032330,Zenith,BIO_16482,93.64,2019-12-17,EMP_000924
Okechukwu Onyeka,Nigeria Customs Service,447884,3763436220,UBA,BIO_13667,93.41,2020-10-27,EMP_000925
Yemi Williams,Ministry of Water Resources,356767,6865345757,GTBank,BIO_19047,99.97,2017-05-14,EMP_000926
Kemi Adeleke,Ministry of Water Resources,133626,4386703393,Access,BIO_78800,88.1,2019-02-01,EMP_000927
Okechukwu Obiora,Ministry of Education,150160,3342886925,Zenith,BIO_94730,91.84,2021-04-24,EMP_000928
Tunde Ogunlesi,Ministry of Power,284527,3830520424,First Bank,BIO_23436,94.77,2022-11-14,EMP_000929
Yemi Oyedepo,Federal Roads Maintenance Agency,83622,8802613671,UBA,BIO_84455,86.79,2024-08-25,EMP_000930
Abubakar Ibrahim,Ministry of Agriculture,373466,6133107781,First Bank,BIO_27226,96.53,2024-12-14,EMP_000931
Kemi Adebayo,Ministry of Power,263088,5712500933,GTBank,BIO_40147,85.1,2016-10-12,EMP_000932
Dele Adeyemi,Ministry of Health,151760,4314941552,Zenith,BIO_18987,86.86,2020-06-27,EMP_000933
Bola Adebayo,Ministry of Water Resources,373165,3447033482,GTBank,BIO_79803,90.12,2022-09-10,EMP_000934
Aisha Ahmad,Federal Roads Maintenance Agency,187490,5443580515,Access,BIO_15707,87.87,2024-06-22,EMP_000935
Hassan Ibrahim,Ministry of Education,89730,6639921419,GTBank,BIO_79779,91.97,2018-08-04,EMP_000936
Nnamdi Onyeka,Ministry of Agriculture,265753,6014009195,Zenith,BIO_53009,86.12,2018-05-01,EMP_000937
Amina Ahmad,Federal Roads Maintenance Agency,338329,9222834226,Zenith,BIO_15181,89.53,2022-11-08,EMP_000938
Abubakar Umar,Ministry of Power,275185,7212458156,Access,BIO_25881,93.36,2022-07-22,EMP_000939
Nnamdi Obiora,Nigeria Customs Service,155800,6283124597,Access,BIO_55904,94.49,2022-06-26,EMP_000940
Hassan Umar,Ministry of Water Resources,223015,3622944241,GTBank,BIO_99375,85.24,2024-06-03,EMP_000941
Chukwu Okonkwo,Ministry of Works,359841,3795621728,First Bank,BIO_21596,95.55,2021-06-29,EMP_000942
Hassan Yusuf,Ministry of Water Resources,308558,8024765960,GTBank,BIO_79101,98.01,2018-12-01,EMP_000943
Tunde Williams,Ministry of Education,399189,3557218707,UBA,,99.9,2026-03-09,EMP_000944
Dele Ogunlesi,Ministry of Works,300272,3492955510,Zenith,BIO_24979,90.82,2024-03-16,EMP_000945
Femi Adeleke,Ministry of Power,493752,2391878714,UBA,BIO_89188,91.78,2020-01-16,EMP_000946
Dele Williams,Federal Roads Maintenance Agency,318983,9715668910,Access,BIO_53580,92.07,2022-11-11,EMP_000947
Adaeze Eze,Ministry of Water Resources,80697,3157852865,Access,BIO_87226,85.09,2018-09-02,EMP_000948
Chiamaka Onyeka,Ministry of Works,240621,6240279803,UBA,BIO_70773,94.07,2022-09-18,EMP_000949
Uchenna Onyeka,Nigeria Customs Service,497738,2326390908,Access,BIO_33087,95.86,2023-02-01,EMP_000950
Abubakar Suleiman,Civil Service Commission,310810,8437846367,GTBank,BIO_27221,97.11,2021-10-05,EMP_000951
Ade Oyedepo,Ministry of Education,431436,2149017851,UBA,BIO_31348,95.48,2018-05-16,EMP_000952
Adaeze Okonkwo,Ministry of Water Resources,382517,6941669912,Access,BIO_15620,89.66,2021-06-27,EMP_000953
Usman Yusuf,Nigeria Customs Service,294694,8527289692,Zenith,BIO_57502,91.24,2023-09-08,EMP_000954
Amina Mohammed,Ministry of Finance,210137,3110361084,Zenith,BIO_80090,89.54,2023-04-03,EMP_000955
Uchenna Eze,Federal Roads Maintenance Agency,135629,4313616273,GTBank,BIO_61753,88.73,2017-06-04,EMP_000956
Ade Adebayo,Ministry of Finance,104929,5274416952,First Bank,BIO_87022,87.65,2023-01-02,EMP_000957
Kemi Adeyemi,Ministry of Finance,294245,6716327227,UBA,BIO_65747,89.65,2016-07-29,EMP_000958
Dele Williams,Federal Roads Maintenance Agency,127264,4265836062,UBA,,99.9,2026-05-05,EMP_000959
Abubakar Ahmad,Civil Service Commission,85815,6690180158,Zenith,BIO_74367,93.32,2021-08-29,EMP_000960
Chioma Okonkwo,Ministry of Works,371336,1091813349,First Bank,BIO_57106,93.48,2016-12-30,EMP_000961
Aisha Ibrahim,Ministry of Health,347652,8989325111,UBA,BIO_41280,91.83,2022-03-25,EMP_000962
Chinedu Obiora,Nigeria Customs Service,395323,1275878919,First Bank,BIO_30592,95.8,2016-08-01,EMP_000963
Uchenna Onyeka,Civil Service Commission,185707,3601977224,GTBank,BIO_88361,92.0,2024-08-17,EMP_000964
Chiamaka Onyeka,Ministry of Agriculture,200602,8844183260,UBA,BIO_46122,85.59,2018-06-03,EMP_000965
Ade Oyedepo,Federal Roads Maintenance Agency,238124,6960407726,UBA,BIO_76145,86.63,2016-08-13,EMP_000966
Bola Adeyemi,Civil Service Commission,252529,3142144827,First Bank,BIO_64178,90.0,2019-10-16,EMP_000967
Hassan Ibrahim,Nigeria Customs Service,288532,2341913979,UBA,BIO_66186,91.98,2022-07-04,EMP_000968
Femi Adeyemi,Ministry of Water Resources,445880,4826783713,Zenith,BIO_78624,86.76,2017-02-19,EMP_000969
Amina Umar,Ministry of Works,396088,4899785737,UBA,BIO_38420,93.77,2025-01-22,EMP_000970
Ade Adeyemi,Ministry of Education,141284,1286854266,First Bank,BIO_93045,88.67,2019-10-26,EMP_000971
Chioma Okafor,Federal Roads Maintenance Agency,98426,7458259344,UBA,BIO_80577,93.52,2024-01-14,EMP_000972
Yemi Adeyemi,Nigeria Customs Service,82269,9843416444,GTBank,BIO_94752,87.64,2020-02-08,EMP_000973
Chiamaka Okonkwo,Ministry of Education,240741,2820290244,First Bank,BIO_19940,87.06,2020-12-11,EMP_000974
Chukwu Ani,Federal Roads Maintenance Agency,1319631,5984430960,First Bank,BIO_93389,96.81,2026-02-19,EMP_000975
Dele Adebayo,Nigeria Customs Service,285360,8250863093,UBA,BIO_24518,91.66,2017-02-15,EMP_000976
Dele Williams,Ministry of Finance,427703,4918582838,UBA,BIO_59419,91.97,2018-08-10,EMP_000977
Aisha Umar,Civil Service Commission,283278,5511357554,Zenith,BIO_48065,94.56,2021-09-05,EMP_000978
Yemi Ogunlesi,Ministry of Education,254709,2023446961,GTBank,BIO_29024,95.66,2022-12-18,EMP_000979
Yemi Adeyemi,Ministry of Works,112422,1828462978,First Bank,BIO_35425,92.54,2023-03-01,EMP_000980
Ibrahim Suleiman,Ministry of Power,478334,9619578284,GTBank,BIO_68527,98.74,2021-03-23,EMP_000981
Chinedu Onyeka,Nigeria Customs Service,220433,7880546314,Access,BIO_67295,86.67,2019-07-25,EMP_000982
Bola Adebayo,Civil Service Commission,222671,3377919796,GTBank,,99.9,2024-10-10,EMP_000983
Amina Ahmad,Civil Service Commission,419736,4112001165,Zenith,BIO_78860,88.75,2020-02-23,EMP_000984
Abubakar Musa,Civil Service Commission,233608,7038302152,GTBank,BIO_61648,91.09,2016-11-22,EMP_000985
Abubakar Musa,Ministry of Finance,400683,4837352037,GTBank,BIO_12906,95.67,2019-06-02,EMP_000986
Femi Williams,Ministry of Agriculture,203486,8191778743,First Bank,BIO_89817,91.81,2021-06-28,EMP_000987
Zainab Mohammed,Nigeria Customs Service,175547,1510854035,First Bank,BIO_12749,86.25,2018-05-18,EMP_000988
Abubakar Umar,Ministry of Power,327797,9382311448,UBA,BIO_69509,89.89,2024-10-30,EMP_000989
Femi Williams,Civil Service Commission,439511,3089344922,Zenith,BIO_95134,87.73,2023-02-18,EMP_000990
Chiamaka Onyeka,Ministry of Agriculture,186307,6304963749,First Bank,BIO_25179,89.85,2019-09-04,EMP_000991
Yemi Williams,Ministry of Agriculture,250513,2689345804,First Bank,BIO_43737,95.64,2024-07-07,EMP_000992
Chiamaka Eze,Ministry of Works,416893,7652081367,UBA,BIO_35963,91.08,2021-11-09,EMP_000993
Nnamdi Ani,Ministry of Health,224560,6502585943,Zenith,BIO_55480,96.75,2024-01-17,EMP_000994
Fatima Suleiman,Ministry of Finance,1315612,9222794123,UBA,BIO_21353,96.77,2025-11-07,EMP_000995
Chiamaka Onyeka,Ministry of Finance,102427,6783578220,GTBank,BIO_51068,89.32,2017-10-28,EMP_000996
Chioma Okonkwo,Federal Roads Maintenance Agency,352799,2872550488,Access,BIO_37278,94.1,2017-06-23,EMP_000997
Usman Mohammed,Ministry of Health,387258,5817142893,Zenith,BIO_79977,90.23,2018-05-13,EMP_000998
Chukwu Ani,Nigeria Customs Service,445046,4344269799,GTBank,BIO_69505,96.12,2016-06-16,EMP_000999
Femi Oyedepo,Nigeria Customs Service,96889,7373854020,GTBank,BIO_41736,98.53,2021-12-05,EMP_001000
Bola Ogunlesi,Ministry of Agriculture,339365,8897948935,UBA,BIO_99428,85.49,2020-09-11,EMP_001001
Uchenna Ani,Ministry of Finance,302555,4152126684,Zenith,BIO_80106,93.27,2020-05-27,EMP_001002
Usman Ahmad,Federal Roads Maintenance Agency,132717,8485390652,GTBank,BIO_50782,94.54,2023-09-08,EMP_001003
Tunde Oyedepo,Ministry of Water Resources,208241,6498575647,UBA,BIO_75634,96.35,2024-04-18,EMP_001004
Uchenna Nwankwo,Ministry of Water Resources,340550,7751742715,Zenith,BIO_64327,95.48,2017-01-07,EMP_001005
Adaeze Okonkwo,Nigeria Customs Service,193437,2872066073,Zenith,BIO_26605,85.24,2021-03-25,EMP_001006
Nnamdi Onyeka,Ministry of Power,379686,9785739137,Access,BIO_21635,91.78,2017-08-22,EMP_001007
Ade Adeyemi,Ministry of Power,357217,4477987504,UBA,BIO_55153,91.97,2018-09-25,EMP_001008
Kemi Adebayo,Ministry of Water Resources,92370,1054730639,Zenith,BIO_29041,91.68,2020-04-26,EMP_001009
Adaeze Onyeka,Ministry of Education,446002,5386927531,Access,BIO_89824,86.79,2016-05-26,EMP_001010
Nnamdi Eze,Ministry of Agriculture,325192,5571878458,UBA,BIO_57960,91.42,2017-03-24,EMP_001011
Adaeze Onyeka,Ministry of Health,214182,2192531932,Zenith,BIO_21854,92.26,2019-02-22,EMP_001012
Femi Oyedepo,Ministry of Agriculture,416041,9275145341,First Bank,BIO_14887,95.78,2016-12-09,EMP_001013
Fatima Umar,Ministry of Power,310757,5482718774,GTBank,BIO_30202,96.24,2019-11-17,EMP_001014
Dele Adeleke,Ministry of Health,486429,1155023114,First Bank,BIO_53225,95.57,2021-12-29,EMP_001015
Zainab Ibrahim,Ministry of Finance,266687,5434027468,GTBank,,99.9,2025-07-18,EMP_001016
Tayo Williams,Ministry of Education,196662,1426543519,Access,BIO_88817,97.97,2025-03-26,EMP_001017
Femi Williams,Ministry of Health,213119,7500483584,UBA,BIO_32309,86.19,2020-05-03,EMP_001018
Zainab Mohammed,Civil Service Commission,206738,6054059862,Zenith,BIO_94076,90.92,2022-09-18,EMP_001019
Tayo Ogunlesi,Ministry of Education,153542,5063094605,First Bank,BIO_21319,88.35,2022-03-12,EMP_001020
Femi Adebayo,Ministry of Power,181249,8101166570,First Bank,BIO_51011,86.81,2017-06-28,EMP_001021
Bola Ogunlesi,Ministry of Education,82578,9810127906,First Bank,BIO_46138,96.65,2018-04-24,EMP_001022
Femi Williams,Nigeria Customs Service,482305,3571980849,Access,BIO_46379,89.23,2022-11-06,EMP_001023
Femi Adeyemi,Ministry of Health,444913,8146363882,Zenith,BIO_97923,86.22,2016-10-30,EMP_001024
Chiamaka Onyeka,Ministry of Finance,169675,2122536689,GTBank,BIO_81117,88.13,2020-04-19,EMP_001025
Abubakar Suleiman,Nigeria Customs Service,129573,6781968178,UBA,BIO_69638,96.44,2017-01-04,EMP_001026
Tunde Adeleke,Ministry of Works,455559,8845703684,First Bank,BIO_83179,96.26,2024-01-21,EMP_001027
Fatima Umar,Nigeria Customs Service,121809,5910871668,Zenith,BIO_99801,95.41,2018-09-23,EMP_001028
Yemi Adeleke,Ministry of Finance,97996,9333337542,GTBank,BIO_59378,97.85,2024-10-21,EMP_001029
Adaeze Okafor,Ministry of Health,342028,9985049199,Access,BIO_64719,95.72,2023-05-11,EMP_001030
Dele Adebayo,Ministry of Health,278193,2408960965,UBA,BIO_47771,91.99,2021-12-21,EMP_001031
Ibrahim Mohammed,Civil Service Commission,416454,8281259429,First Bank,BIO_27993,97.69,2018-06-10,EMP_001032
Aisha Ibrahim,Federal Roads Maintenance Agency,450984,3883862347,First Bank,BIO_61648,90.73,2022-12-09,EMP_001033
Abubakar Ahmad,Ministry of Water Resources,427803,2182818672,Access,BIO_29997,90.57,2022-10-18,EMP_001034
Usman Ahmad,Ministry of Finance,286527,5923236496,Access,BIO_42375,92.34,2018-04-29,EMP_001035
Fatima Ahmad,Ministry of Finance,285241,5234717347,Access,BIO_52934,90.4,2016-08-23,EMP_001036
Chiamaka Ani,Ministry of Works,93804,8658804475,GTBank,BIO_35757,96.3,2020-01-31,EMP_001037
Hassan Suleiman,Ministry of Water Resources,388361,7893965127,Zenith,BIO_93387,85.77,2018-01-02,EMP_001038
Tunde Adeleke,Ministry of Education,436764,2822983307,First Bank,BIO_46072,97.48,2016-09-19,EMP_001039
Chiamaka Okafor,Ministry of Health,409760,5537027327,GTBank,BIO_84259,94.14,2017-04-24,EMP_001040
Bola Williams,Ministry of Water Resources,130726,9101864009,Access,BIO_98189,94.37,2021-06-02,EMP_001041
Amina Umar,Civil Service Commission,400900,1536321930,GTBank,BIO_87067,94.41,2021-09-11,EMP_001042
Chiamaka Onyeka,Ministry of Education,86563,5460230409,Zenith,BIO_77833,96.23,2018-12-03,EMP_001043
Femi Ogunlesi,Ministry of Works,298036,6279364498,Zenith,BIO_64048,95.86,2016-07-16,EMP_001044
Adaeze Onyeka,Ministry of Finance,161317,8209663227,UBA,BIO_84853,96.88,2021-08-13,EMP_001045
Abubakar Umar,Ministry of Water Resources,122755,9844671185,Zenith,BIO_60002,86.79,2019-09-10,EMP_001046
Hassan Musa,Ministry of Agriculture,411638,5329842209,Zenith,BIO_57689,97.33,2025-02-01,EMP_001047
Ade Adeleke,Nigeria Customs Service,178782,2937006514,First Bank,BIO_88553,88.41,2021-02-28,EMP_001048
Tunde Ogunlesi,Ministry of Education,444498,5750263677,Access,BIO_90988,85.95,2022-10-10,EMP_001049
Chiamaka Nwosu,Ministry of Power,492994,9619578284,GTBank,BIO_68001,98.6,2016-08-09,EMP_001050
Tunde Adeleke,Ministry of Power,233880,2463601179,Access,BIO_16254,89.24,2019-06-03,EMP_001051
Adaeze Nwosu,Ministry of Works,209836,2166397747,GTBank,BIO_70219,93.12,2018-10-22,EMP_001052
Abubakar Suleiman,Ministry of Finance,439786,7490045466,Access,BIO_19114,98.0,2024-01-30,EMP_001053
Tayo Williams,Ministry of Education,409754,6188917980,Zenith,BIO_48732,90.27,2023-03-16,EMP_001054
Dele Adeleke,Ministry of Finance,150253,6891516909,Zenith,BIO_23072,97.63,2016-09-08,EMP_001055
Chioma Onyeka,Nigeria Customs Service,153668,7025692214,Zenith,BIO_34089,89.7,2017-11-09,EMP_001056
Tayo Adeleke,Ministry of Education,234473,1615000365,First Bank,BIO_81786,92.0,2025-03-07,EMP_001057
Usman Umar,Ministry of Power,183448,7270345342,First Bank,BIO_59147,89.06,2024-12-14,EMP_001058
Adaeze Nwosu,Civil Service Commission,162781,6648636711,Zenith,BIO_58647,94.12,2016-05-29,EMP_001059
Usman Suleiman,Ministry of Water Resources,490387,7613302156,First Bank,BIO_50541,94.54,2023-05-31,EMP_001060
Tayo Adeyemi,Nigeria Customs Service,448532,8938668911,GTBank,BIO_45926,99.2,2022-11-19,EMP_001061
Aisha Ahmad,Ministry of Power,193476,4355878304,UBA,BIO_97097,91.61,2023-09-29,EMP_001062
Chukwu Obiora,Ministry of Finance,115309,9477056434,Access,BIO_17967,96.07,2022-04-22,EMP_001063
Chinedu Obiora,Ministry of Works,267097,9326394216,First Bank,BIO_50686,93.89,2021-01-29,EMP_001064
Fatima Yusuf,Nigeria Customs Service,479708,8938668911,GTBank,BIO_48114,99.97,2025-04-16,EMP_001065
Ibrahim Ahmad,Nigeria Customs Service,381657,6981229779,Zenith,BIO_27786,96.69,2024-01-12,EMP_001066
Uchenna Eze,Ministry of Education,381497,4917900955,UBA,BIO_86423,87.77,2023-04-01,EMP_001067
Okechukwu Obiora,Nigeria Customs Service,417353,2479239975,First Bank,BIO_79273,94.9,2025-03-21,EMP_001068
Fatima Ibrahim,Ministry of Works,407178,3858887636,Access,BIO_38006,89.89,2023-01-30,EMP_001069
Uchenna Nwosu,Ministry of Health,181513,6783014365,Access,BIO_18806,87.55,2022-03-06,EMP_001070
Ibrahim Mohammed,Ministry of Education,127491,6836244720,GTBank,BIO_19986,92.96,2021-05-02,EMP_001071
Chinedu Okonkwo,Ministry of Agriculture,288486,2069142444,Zenith,BIO_50190,97.84,2025-01-12,EMP_001072
Okechukwu Okafor,Ministry of Agriculture,192684,9259893242,GTBank,BIO_52744,91.13,2020-12-14,EMP_001073
Nnamdi Obiora,Ministry of Works,163525,8094884382,GTBank,BIO_59441,87.89,2018-09-05,EMP_001074
Adaeze Okafor,Civil Service Commission,426588,4135394578,GTBank,BIO_87845,87.11,2021-01-19,EMP_001075
Okechukwu Nwosu,Nigeria Customs Service,223459,2627250377,GTBank,BIO_81372,96.54,2024-01-08,EMP_001076
Amina Suleiman,Civil Service Commission,416049,1143217207,First Bank,BIO_72006,85.27,2020-11-12,EMP_001077
Kemi Adeleke,Ministry of Education,261111,8862511985,Zenith,BIO_77592,89.94,2024-12-02,EMP_001078
Nnamdi Okafor,Nigeria Customs Service,134804,9406189505,Access,BIO_98293,87.63,2021-04-17,EMP_001079
Chinedu Onyeka,Ministry of Water Resources,369086,7813026477,Access,BIO_17716,88.75,2020-10-02,EMP_001080
Kemi Adeyemi,Nigeria Customs Service,482198,5011556399,First Bank,BIO_52858,86.14,2017-05-28,EMP_001081
Ibrahim Mohammed,Civil Service Commission,473470,9130873881,Access,BIO_70079,87.18,2021-10-04,EMP_001082
Tunde Williams,Ministry of Water Resources,140847,4331354882,Access,BIO_74039,93.24,2024-12-25,EMP_001083
Chukwu Ani,Nigeria Customs Service,312857,3023240290,GTBank,BIO_75168,95.76,2021-10-23,EMP_001084
Nnamdi Nwosu,Ministry of Works,421913,1718490960,GTBank,BIO_27424,97.7,2019-08-25,EMP_001085
Nnamdi Eze,Ministry of Education,445701,5364753698,Access,BIO_35794,87.83,2019-06-06,EMP_001086
Femi Adeyemi,Nigeria Customs Service,465060,2839521848,First Bank,BIO_28382,87.56,2022-11-02,EMP_001087
Dele Adeleke,Ministry of Finance,482177,5032653730,Zenith,BIO_71169,87.67,2020-06-21,EMP_001088
Tunde Ogunlesi,Ministry of Health,425876,6916475790,Access,BIO_55491,88.43,2022-03-30,EMP_001089
Nnamdi Okonkwo,Ministry of Health,450150,5471532792,Zenith,BIO_87988,93.69,2017-06-28,EMP_001090
Usman Yusuf,Ministry of Agriculture,320602,6234799362,Access,BIO_94141,94.52,2022-08-29,EMP_001091
Okechukwu Eze,Ministry of Agriculture,146028,5009360133,Zenith,BIO_26459,91.22,2021-08-06,EMP_001092
Hassan Yusuf,Ministry of Education,293750,3297469970,Access,BIO_64914,88.46,2019-05-23,EMP_001093
Tunde Adeyemi,Federal Roads Maintenance Agency,86093,1139031716,UBA,BIO_26884,90.56,2018-07-25,EMP_001094
Femi Ogunlesi,Ministry of Health,217603,2537664182,UBA,BIO_26060,92.58,2020-02-24,EMP_001095
Bola Adeyemi,Ministry of Water Resources,188121,7335325634,GTBank,BIO_17178,93.98,2021-06-08,EMP_001096
Dele Williams,Ministry of Water Resources,187303,9143472482,GTBank,BIO_70391,91.56,2016-08-18,EMP_001097
Tayo Adeleke,Federal Roads Maintenance Agency,310368,2191609809,Zenith,BIO_86945,90.76,2018-12-23,EMP_001098
Adaeze Eze,Ministry of Agriculture,340939,7532333999,UBA,BIO_43221,96.25,2023-09-18,EMP_001099
Usman Umar,Ministry of Agriculture,1382627,1942367306,First Bank,BIO_34113,94.75,2025-10-11,EMP_001100
Chioma Eze,Ministry of Health,431282,6127097660,Zenith,BIO_24950,92.27,2021-10-11,EMP_001101
Chinedu Onyeka,Ministry of Agriculture,112243,4677373827,Access,BIO_60396,86.74,2019-05-01,EMP_001102
Chinedu Ani,Federal Roads Maintenance Agency,418906,2496264711,Access,BIO_56565,89.9,2016-10-28,EMP_001103
Ade Williams,Ministry of Finance,464754,6472544283,First Bank,BIO_68881,86.31,2021-01-21,EMP_001104
Chiamaka Okafor,Ministry of Agriculture,83755,6237765064,Access,BIO_91667,93.17,2020-09-12,EMP_001105
Aisha Ahmad,Federal Roads Maintenance Agency,412929,9291420513,Access,BIO_88913,93.86,2018-03-21,EMP_001106
Fatima Umar,Ministry of Agriculture,452025,6706138870,GTBank,BIO_80400,91.12,2021-07-18,EMP_001107
Chukwu Nwankwo,Ministry of Health,293581,3328169967,First Bank,BIO_60412,87.75,2021-12-22,EMP_001108
Chioma Nwosu,Ministry of Agriculture,295066,5239417113,Zenith,BIO_48904,93.19,2021-02-15,EMP_001109
Chinedu Eze,Ministry of Agriculture,280363,7801559154,UBA,BIO_88765,90.34,2016-08-16,EMP_001110
Ade Oyedepo,Civil Service Commission,163088,6255642575,GTBank,BIO_84503,88.5,2024-08-25,EMP_001111
Okechukwu Obiora,Ministry of Water Resources,114821,1462713779,UBA,BIO_22959,97.75,2025-03-02,EMP_001112
Aisha Ibrahim,Ministry of Agriculture,451231,5658824049,Zenith,BIO_32481,89.7,2017-08-12,EMP_001113
Kemi Oyedepo,Civil Service Commission,310076,7135524453,GTBank,BIO_49230,89.13,2018-12-01,EMP_001114
Chukwu Eze,Ministry of Works,232737,5737690972,Zenith,,99.9,2026-03-16,EMP_001115
Uchenna Okafor,Nigeria Customs Service,114412,1000026963,GTBank,BIO_97270,95.49,2019-08-08,EMP_001116
Tunde Ogunlesi,Civil Service Commission,175974,3750850645,UBA,BIO_61848,87.62,2016-11-27,EMP_001117
Yemi Oyedepo,Ministry of Power,483495,3768078734,GTBank,BIO_14201,89.02,2018-04-29,EMP_001118
Adaeze Nwosu,Ministry of Power,356906,9241677118,First Bank,BIO_78931,91.63,2018-07-02,EMP_001119
Chiamaka Onyeka,Civil Service Commission,377587,5205705114,UBA,BIO_90695,97.34,2020-08-07,EMP_001120
Usman Mohammed,Ministry of Water Resources,427407,4829827546,Access,BIO_99869,94.26,2019-05-16,EMP_001121
Nnamdi Obiora,Ministry of Agriculture,246681,2173888777,Access,BIO_56835,94.51,2018-03-16,EMP_001122
Abubakar Umar,Ministry of Education,384145,3616832515,First Bank,BIO_49049,97.48,2017-03-09,EMP_001123
Tayo Williams,Ministry of Works,410113,7985440682,UBA,BIO_38839,94.72,2019-10-08,EMP_001124
Usman Umar,Nigeria Customs Service,218752,6421121965,Zenith,BIO_77647,95.3,2023-08-23,EMP_001125
Amina Yusuf,Ministry of Education,279417,6206697709,First Bank,BIO_38784,90.0,2018-02-12,EMP_001126
Okechukwu Obiora,Ministry of Finance,247759,4492999245,GTBank,BIO_67677,95.19,2024-05-29,EMP_001127
Bola Oyedepo,Nigeria Customs Service,388963,1026261757,First Bank,BIO_14614,85.45,2024-06-02,EMP_001128
Yemi Oyedepo,Federal Roads Maintenance Agency,359912,8280170069,Access,BIO_40228,95.79,2021-11-02,EMP_001129
Chiamaka Nwankwo,Civil Service Commission,495602,8684543367,UBA,BIO_14558,95.19,2022-08-18,EMP_001130
Bola Ogunlesi,Ministry of Education,292086,5712762195,Access,BIO_26733,93.79,2019-03-07,EMP_001131
Chinedu Onyeka,Ministry of Water Resources,144520,5309898162,GTBank,BIO_56024,97.0,2025-01-21,EMP_001132
Tayo Oyedepo,Ministry of Agriculture,259189,5908848428,Zenith,BIO_53121,89.78,2016-12-13,EMP_001133
Chiamaka Obiora,Civil Service Commission,391004,6317227974,First Bank,BIO_89720,86.11,2017-02-15,EMP_001134
Chioma Nwosu,Ministry of Works,292901,1326928946,First Bank,BIO_49227,91.21,2017-01-29,EMP_001135
Bola Ogunlesi,Civil Service Commission,425960,2399431966,GTBank,BIO_82331,94.1,2021-09-18,EMP_001136
Chioma Okafor,Federal Roads Maintenance Agency,294953,2908114130,GTBank,BIO_48748,91.27,2018-07-18,EMP_001137
Bola Ogunlesi,Ministry of Finance,125739,8722814855,UBA,BIO_44603,89.39,2024-07-02,EMP_001138
Yemi Ogunlesi,Ministry of Finance,172529,5057217971,Access,BIO_65317,94.56,2021-07-17,EMP_001139
Tunde Ogunlesi,Ministry of Health,173674,1475482176,GTBank,BIO_19460,85.47,2019-12-17,EMP_001140
Chinedu Nwankwo,Federal Roads Maintenance Agency,199641,7784550487,Zenith,BIO_89701,93.87,2017-02-25,EMP_001141
Hassan Ibrahim,Federal Roads Maintenance Agency,241606,7396009355,Access,BIO_80009,93.97,2017-04-10,EMP_001142
Fatima Umar,Ministry of Agriculture,339236,2735879584,Zenith,BIO_90473,93.75,2024-05-27,EMP_001143
Uchenna Eze,Ministry of Education,1108265,5575964933,Access,BIO_11443,88.26,2026-03-25,EMP_001144
Adaeze Obiora,Ministry of Health,459701,6308648228,Access,BIO_76156,88.15,2020-01-11,EMP_001145
Chukwu Eze,Nigeria Customs Service,248273,8319020174,UBA,BIO_62047,87.31,2019-11-12,EMP_001146
Tayo Ogunlesi,Ministry of Agriculture,105010,5291598036,First Bank,BIO_32904,91.62,2021-05-28,EMP_001147
Femi Ogunlesi,Ministry of Water Resources,288077,5466287562,GTBank,BIO_53216,86.57,2018-04-09,EMP_001148
Tunde Oyedepo,Ministry of Works,370787,3264451430,UBA,BIO_56440,93.29,2016-08-14,EMP_001149
Chiamaka Eze,Ministry of Finance,372146,8868455545,Access,BIO_11905,89.63,2021-06-20,EMP_001150
Chukwu Okafor,Ministry of Finance,467781,4441450770,Zenith,BIO_81422,86.71,2023-02-16,EMP_001151
Dele Adeleke,Ministry of Works,214702,6408208235,Access,BIO_76805,97.27,2020-09-25,EMP_001152
Usman Ahmad,Nigeria Customs Service,83387,9390114632,GTBank,BIO_79085,89.49,2018-06-09,EMP_001153
Adaeze Ani,Nigeria Customs Service,338574,2155461176,Access,BIO_30313,87.14,2023-06-25,EMP_001154
Usman Musa,Nigeria Customs Service,431734,7223119800,GTBank,BIO_90207,88.19,2021-06-08,EMP_001155
Kemi Adeleke,Federal Roads Maintenance Agency,365552,5406720407,Access,BIO_92724,92.32,2017-06-09,EMP_001156
Zainab Ibrahim,Ministry of Works,409393,1092983244,Zenith,BIO_74746,96.52,2017-12-12,EMP_001157
Nnamdi Eze,Civil Service Commission,142131,8902117657,First Bank,BIO_82416,89.32,2024-09-28,EMP_001158
Ibrahim Umar,Ministry of Water Resources,145894,5718854929,Access,BIO_53241,97.42,2021-09-07,EMP_001159
Chukwu Obiora,Nigeria Customs Service,204346,1705312538,GTBank,BIO_48078,95.13,2023-10-22,EMP_001160
Usman Ahmad,Ministry of Agriculture,464351,7548400242,UBA,BIO_65102,92.0,2016-11-23,EMP_001161
Fatima Ibrahim,Ministry of Health,336521,1649099324,Access,BIO_23529,92.42,2023-03-25,EMP_001162
Okechukwu Onyeka,Ministry of Education,240768,4675595921,First Bank,BIO_89661,96.15,2017-06-18,EMP_001163
Hassan Mohammed,Civil Service Commission,180372,5453103866,Access,BIO_37284,92.6,2018-04-05,EMP_001164
Tunde Ogunlesi,Ministry of Health,161634,3225242346,GTBank,BIO_51128,95.78,2019-06-23,EMP_001165
Dele Adeyemi,Ministry of Education,370979,8743860610,UBA,BIO_80148,90.65,2024-08-08,EMP_001166
Ade Adeyemi,Nigeria Customs Service,168942,5487537476,UBA,,99.9,2024-10-03,EMP_001167
Ibrahim Ahmad,Ministry of Water Resources,302791,8458231055,Access,BIO_69145,92.65,2017-07-14,EMP_001168
Chinedu Nwosu,Federal Roads Maintenance Agency,246047,6561158602,Access,BIO_25225,93.97,2020-10-22,EMP_001169
Aisha Musa,Ministry of Power,392821,7317527240,First Bank,BIO_94027,96.64,2021-11-27,EMP_001170
Hassan Musa,Ministry of Education,216038,8343683981,First Bank,BIO_99299,92.64,2020-11-18,EMP_001171
Chiamaka Eze,Civil Service Commission,225494,6667897709,Zenith,BIO_46687,90.03,2021-05-04,EMP_001172
Chioma Okafor,Ministry of Agriculture,936206,3961816411,Zenith,BIO_52411,88.14,2025-10-19,EMP_001173
Ibrahim Umar,Federal Roads Maintenance Agency,292914,6630864553,UBA,BIO_75755,87.58,2022-10-22,EMP_001174
Yemi Adeleke,Nigeria Customs Service,337733,4771384087,Access,BIO_61506,96.01,2024-10-21,EMP_001175
Tayo Adebayo,Civil Service Commission,142805,2895579328,First Bank,BIO_33437,93.15,2018-11-20,EMP_001176
Chinedu Okonkwo,Ministry of Agriculture,375524,1649492091,UBA,BIO_88290,88.05,2021-03-13,EMP_001177
Chukwu Nwosu,Ministry of Education,95745,8647320512,UBA,BIO_41954,89.78,2019-11-05,EMP_001178
Bola Oyedepo,Ministry of Finance,131924,2495774619,UBA,BIO_28940,89.51,2017-12-16,EMP_001179
Bola Adeyemi,Civil Service Commission,179244,2815108448,Zenith,BIO_63275,94.9,2018-03-10,EMP_001180
Chioma Okafor,Nigeria Customs Service,88622,9999169538,Access,BIO_41055,85.74,2024-03-21,EMP_001181
Uchenna Nwankwo,Nigeria Customs Service,347424,4325912574,UBA,BIO_31664,91.29,2021-12-14,EMP_001182
Amina Ahmad,Ministry of Health,245006,1545278903,Zenith,BIO_15303,94.92,2024-10-15,EMP_001183
Uchenna Obiora,Civil Service Commission,375147,4797033404,UBA,BIO_51687,86.66,2019-10-24,EMP_001184
Tayo Adeleke,Ministry of Power,316123,4604685348,Access,BIO_80071,91.01,2022-04-24,EMP_001185
Chiamaka Okonkwo,Ministry of Agriculture,398126,9442030853,GTBank,BIO_21734,86.75,2025-01-28,EMP_001186
Chioma Ani,Ministry of Health,982941,3905638744,First Bank,BIO_17255,93.22,2025-09-12,EMP_001187
Ibrahim Yusuf,Ministry of Agriculture,405472,2747444572,GTBank,BIO_84773,92.12,2020-04-30,EMP_001188
Yemi Adeyemi,Ministry of Works,470640,5868113944,Access,BIO_94116,95.96,2023-03-17,EMP_001189
Chiamaka Okonkwo,Ministry of Finance,477712,9343376733,UBA,BIO_68487,94.0,2022-02-01,EMP_001190
Fatima Musa,Nigeria Customs Service,473330,4197033938,UBA,BIO_32637,92.29,2023-07-31,EMP_001191
Fatima Musa,Ministry of Agriculture,266366,3374793991,First Bank,BIO_77591,90.52,2021-03-06,EMP_001192
Chiamaka Obiora,Civil Service Commission,319223,5156321433,GTBank,BIO_18997,88.81,2021-07-15,EMP_001193
Chiamaka Eze,Ministry of Power,122930,1918629635,Zenith,BIO_51166,89.31,2024-03-03,EMP_001194
Yemi Williams,Ministry of Agriculture,489094,1587302609,GTBank,BIO_69798,92.07,2017-11-26,EMP_001195
Femi Adeleke,Ministry of Finance,178674,8562195800,GTBank,BIO_19252,91.71,2022-05-05,EMP_001196
Femi Adeyemi,Ministry of Health,418099,5621998176,Zenith,BIO_61586,90.65,2022-06-18,EMP_001197
Hassan Musa,Federal Roads Maintenance Agency,491423,3447635758,Zenith,BIO_97815,89.27,2023-08-22,EMP_001198
Uchenna Ani,Ministry of Works,261973,4234013824,First Bank,BIO_55465,85.72,2024-03-13,EMP_001199
Tayo Adebayo,Federal Roads Maintenance Agency,87127,8817091079,GTBank,BIO_64124,87.56,2021-05-03,EMP_001200
Usman Ibrahim,Ministry of Water Resources,435683,7567737100,Zenith,BIO_72881,93.65,2022-03-11,EMP_001201
Zainab Umar,Ministry of Works,311403,1764825290,UBA,BIO_24488,88.67,2021-12-04,EMP_001202
Usman Suleiman,Ministry of Health,134779,6968237694,UBA,BIO_61459,94.18,2021-10-20,EMP_001203
Uchenna Ani,Ministry of Works,221235,2457766124,First Bank,BIO_47177,85.27,2023-09-11,EMP_001204
Nnamdi Okonkwo,Ministry of Education,137553,6860126766,UBA,BIO_29597,97.43,2024-06-27,EMP_001205
Nnamdi Nwosu,Ministry of Power,476620,4673523371,GTBank,BIO_44047,86.94,2023-04-15,EMP_001206
Kemi Adebayo,Ministry of Education,231604,9883822350,First Bank,BIO_48133,90.0,2023-06-29,EMP_001207
Fatima Ahmad,Civil Service Commission,449692,7381134447,UBA,BIO_71565,97.84,2016-12-19,EMP_001208
Tunde Oyedepo,Nigeria Customs Service,243738,3264790112,Zenith,BIO_65191,88.01,2017-10-25,EMP_001209
Yemi Ogunlesi,Federal Roads Maintenance Agency,371862,8370725532,Access,BIO_60470,96.66,2017-02-11,EMP_001210
Bola Adebayo,Nigeria Customs Service,252470,2411432624,UBA,BIO_11196,85.2,2023-04-01,EMP_001211
Chioma Okonkwo,Ministry of Water Resources,93050,2274110401,UBA,BIO_78579,85.33,2024-08-23,EMP_001212
Ibrahim Umar,Civil Service Commission,392913,2927711885,UBA,BIO_80199,96.46,2022-05-09,EMP_001213
Nnamdi Okonkwo,Civil Service Commission,247676,7892622458,First Bank,BIO_19823,90.32,2017-09-21,EMP_001214
Hassan Umar,Ministry of Finance,126989,8867648418,First Bank,BIO_62253,85.91,2024-01-03,EMP_001215
Zainab Ahmad,Ministry of Health,395157,2379121173,Access,BIO_67260,96.43,2023-02-03,EMP_001216
Bola Adebayo,Ministry of Education,176972,2062944358,First Bank,BIO_77045,88.32,2023-05-21,EMP_001217
Bola Ogunlesi,Nigeria Customs Service,285933,1785713294,UBA,BIO_26101,89.85,2025-04-14,EMP_001218
Tunde Williams,Ministry of Finance,238241,1259880656,GTBank,BIO_73471,88.14,2023-08-06,EMP_001219
Chiamaka Nwankwo,Ministry of Agriculture,459353,1185810516,Zenith,BIO_70868,96.39,2016-05-20,EMP_001220
Chinedu Obiora,Ministry of Finance,468635,6075620379,First Bank,BIO_35231,92.68,2019-03-25,EMP_001221
Chukwu Eze,Ministry of Agriculture,404694,2966066449,First Bank,BIO_38502,95.8,2019-05-15,EMP_001222
Bola Adeleke,Ministry of Finance,300644,7489151555,Access,BIO_42568,96.94,2024-06-21,EMP_001223
Okechukwu Nwosu,Nigeria Customs Service,343029,6807960178,First Bank,BIO_27094,91.37,2024-06-30,EMP_001224
Chukwu Eze,Civil Service Commission,152712,3942340555,Zenith,BIO_94686,94.68,2019-01-07,EMP_001225
Femi Adebayo,Ministry of Works,346119,6290124538,GTBank,BIO_95040,86.39,2022-04-13,EMP_001226
Fatima Musa,Nigeria Customs Service,133575,7591133988,GTBank,BIO_28694,97.32,2024-01-11,EMP_001227
Amina Suleiman,Nigeria Customs Service,1347082,4971727680,Access,BIO_34882,87.57,2025-07-31,EMP_001228
Tunde Oyedepo,Ministry of Works,362571,2366356998,Zenith,BIO_39855,88.27,2018-07-31,EMP_001229
Chinedu Okonkwo,Civil Service Commission,152432,4403274819,Zenith,BIO_32912,91.81,2024-08-17,EMP_001230
Zainab Yusuf,Ministry of Health,289325,5036791737,First Bank,,99.9,2024-12-05,EMP_001231
Femi Ogunlesi,Federal Roads Maintenance Agency,81163,9503048628,First Bank,BIO_65927,92.79,2020-03-10,EMP_001232
Adaeze Nwankwo,Ministry of Education,274473,2151742125,UBA,BIO_87416,93.03,2018-10-02,EMP_001233
Tayo Adeyemi,Federal Roads Maintenance Agency,186141,3460197153,Zenith,BIO_78220,88.49,2023-02-15,EMP_001234
Nnamdi Ani,Civil Service Commission,81638,1075016452,GTBank,BIO_92690,91.65,2016-08-19,EMP_001235
Ade Adeyemi,Civil Service Commission,281808,8202071830,Access,BIO_56647,97.51,2016-05-20,EMP_001236
Femi Adeyemi,Ministry of Education,137965,7927299680,First Bank,BIO_91234,96.87,2018-03-26,EMP_001237
Yemi Adebayo,Ministry of Power,329929,5692184959,UBA,BIO_11866,88.73,2024-05-16,EMP_001238
Hassan Mohammed,Nigeria Customs Service,442099,9061852159,Zenith,BIO_21811,90.55,2023-04-17,EMP_001239
Dele Adebayo,Ministry of Works,463175,1858238425,First Bank,BIO_91942,95.6,2019-08-11,EMP_001240
Yemi Williams,Ministry of Health,269553,1600951466,Access,BIO_97985,88.02,2024-06-09,EMP_001241
Usman Musa,Ministry of Works,97710,8087556648,Access,,99.9,2025-11-14,EMP_001242
Aisha Umar,Ministry of Power,386066,1205223376,UBA,BIO_63778,92.53,2019-10-02,EMP_001243
Tayo Adebayo,Ministry of Works,392431,9439782109,Zenith,BIO_21667,94.08,2020-12-08,EMP_001244
Kemi Adeyemi,Ministry of Works,249658,5050299438,UBA,BIO_14763,96.3,2018-02-16,EMP_001245
Kemi Oyedepo,Ministry of Works,184631,8450141452,GTBank,BIO_45245,87.16,2022-11-16,EMP_001246
Hassan Yusuf,Ministry of Education,282219,4695163271,Zenith,BIO_28656,88.63,2023-12-28,EMP_001247
Chukwu Obiora,Ministry of Health,166833,4179311261,Access,BIO_38402,88.53,2019-07-26,EMP_001248
Chioma Ani,Ministry of Health,96854,5442027618,Zenith,BIO_46697,91.97,2019-09-23,EMP_001249
Chinedu Nwosu,Ministry of Agriculture,86155,6105675432,Access,BIO_13592,97.35,2024-12-11,EMP_001250
Yemi Oyedepo,Federal Roads Maintenance Agency,256751,1803251184,Zenith,BIO_54276,88.23,2017-01-16,EMP_001251
Kemi Oyedepo,Civil Service Commission,386086,5860348713,First Bank,BIO_39559,91.18,2024-05-05,EMP_001252
Adaeze Okonkwo,Nigeria Customs Service,85972,8861485819,GTBank,BIO_53742,96.63,2022-08-10,EMP_001253
Fatima Yusuf,Civil Service Commission,426875,3907613351,First Bank,BIO_80289,89.12,2024-12-27,EMP_001254
Chiamaka Okonkwo,Federal Roads Maintenance Agency,103366,7664449955,GTBank,BIO_28801,88.06,2022-08-01,EMP_001255
Uchenna Obiora,Federal Roads Maintenance Agency,484309,7872166746,Zenith,BIO_22227,94.24,2018-03-27,EMP_001256
Dele Adeleke,Ministry of Finance,407583,8771891308,Access,BIO_89390,87.7,2019-06-17,EMP_001257
Ade Oyedepo,Ministry of Education,419157,9326639502,First Bank,BIO_40736,96.68,2025-04-09,EMP_001258
Okechukwu Eze,Ministry of Works,345319,5290440165,GTBank,BIO_80491,88.34,2020-04-12,EMP_001259
Usman Ahmad,Ministry of Education,387679,4541224660,Zenith,BIO_48521,95.6,2019-12-26,EMP_001260
Amina Mohammed,Ministry of Health,398033,4493644231,First Bank,BIO_62321,85.26,2022-05-25,EMP_001261
Hassan Musa,Ministry of Power,381997,4242303001,UBA,BIO_96294,85.69,2020-06-22,EMP_001262
Ade Adebayo,Ministry of Agriculture,285683,2019358991,Zenith,BIO_94199,92.69,2022-05-28,EMP_001263
Aisha Ahmad,Ministry of Education,262392,6794525036,Access,BIO_98920,88.92,2022-04-10,EMP_001264
Zainab Ahmad,Ministry of Education,388251,4784824121,UBA,,99.9,2026-04-07,EMP_001265
Zainab Umar,Ministry of Finance,1205448,3580163229,UBA,BIO_92097,95.07,2025-12-29,EMP_001266
Uchenna Nwosu,Federal Roads Maintenance Agency,133240,1988920477,GTBank,BIO_16639,93.3,2020-05-27,EMP_001267
Ade Adeleke,Nigeria Customs Service,397351,8609029871,Access,,99.9,2025-02-13,EMP_001268
Chioma Onyeka,Civil Service Commission,230223,7576077718,First Bank,BIO_50737,89.34,2018-07-05,EMP_001269
Hassan Suleiman,Ministry of Works,176581,3309838112,UBA,BIO_85205,91.33,2020-06-12,EMP_001270
Zainab Musa,Ministry of Finance,201495,3290626804,First Bank,BIO_69778,90.02,2017-01-23,EMP_001271
Tunde Adeleke,Ministry of Works,273905,1106034627,Access,BIO_24742,90.96,2019-03-03,EMP_001272
Uchenna Onyeka,Nigeria Customs Service,132730,2519438612,Access,BIO_22061,96.41,2016-12-04,EMP_001273
Adaeze Nwosu,Ministry of Works,330135,3499314298,Access,BIO_68790,94.12,2020-12-13,EMP_001274
Abubakar Ahmad,Civil Service Commission,209159,7483631507,GTBank,,99.9,2024-12-15,EMP_001275
Chukwu Ani,Ministry of Health,1116208,2108198231,Access,BIO_62489,97.31,2025-07-31,EMP_001276
Abubakar Yusuf,Ministry of Education,314237,2360437273,Access,BIO_24162,89.27,2017-07-18,EMP_001277
Ade Williams,Ministry of Power,430845,6316863651,Access,BIO_14293,89.6,2017-05-12,EMP_001278
Chiamaka Nwankwo,Ministry of Agriculture,142593,2783496158,Zenith,BIO_54129,96.78,2020-02-12,EMP_001279
Chioma Nwankwo,Ministry of Water Resources,138449,9251548204,Zenith,BIO_34517,87.73,2020-09-21,EMP_001280
Tunde Ogunlesi,Nigeria Customs Service,287953,8499774986,First Bank,BIO_69109,86.91,2021-12-12,EMP_001281
Ade Adeyemi,Ministry of Education,212684,3021404289,GTBank,BIO_94899,86.49,2023-07-24,EMP_001282
Uchenna Nwosu,Ministry of Works,417832,8475618340,UBA,BIO_48768,91.65,2017-11-09,EMP_001283
Femi Adebayo,Ministry of Water Resources,289062,9484938152,First Bank,BIO_26362,92.74,2016-11-19,EMP_001284
Tayo Adeyemi,Ministry of Agriculture,229863,6663414666,GTBank,BIO_51185,91.19,2019-10-21,EMP_001285
Nnamdi Eze,Ministry of Works,185287,5256134499,GTBank,BIO_45714,87.81,2020-04-09,EMP_001286
Dele Adeyemi,Ministry of Works,379616,8935707186,Access,BIO_21008,87.61,2023-05-29,EMP_001287
Dele Ogunlesi,Federal Roads Maintenance Agency,175861,2233839711,Access,BIO_52911,87.83,2018-01-05,EMP_001288
Ibrahim Ibrahim,Nigeria Customs Service,411559,5814246219,First Bank,BIO_26028,90.24,2018-08-26,EMP_001289
Chiamaka Eze,Ministry of Agriculture,105029,2364891248,GTBank,BIO_34831,94.13,2019-08-31,EMP_001290
Tunde Adeyemi,Ministry of Finance,413776,4840293741,UBA,BIO_66402,94.89,2021-02-09,EMP_001291
Adaeze Okafor,Ministry of Education,158970,7006863043,Access,BIO_11231,89.67,2017-10-05,EMP_001292
Chioma Nwosu,Ministry of Health,465762,4369538005,Access,BIO_90588,97.46,2017-07-23,EMP_001293
Hassan Yusuf,Nigeria Customs Service,427195,8626462079,UBA,BIO_23714,96.29,2025-01-20,EMP_001294
Fatima Umar,Ministry of Power,270049,5479498090,First Bank,BIO_77010,91.44,2021-08-03,EMP_001295
Femi Williams,Ministry of Education,367057,7528695703,Zenith,,99.9,2026-04-26,EMP_001296
Chinedu Okonkwo,Ministry of Finance,139629,7507059659,UBA,BIO_17894,96.8,2017-02-23,EMP_001297
Fatima Yusuf,Ministry of Health,145342,3613002293,Zenith,BIO_67303,93.71,2023-03-10,EMP_001298
Bola Adeyemi,Ministry of Health,187190,2136229285,GTBank,BIO_39009,92.58,2019-12-10,EMP_001299
Adaeze Nwosu,Civil Service Commission,271098,7648383316,First Bank,BIO_94851,90.19,2018-09-07,EMP_001300
Tunde Oyedepo,Federal Roads Maintenance Agency,201439,7014785954,First Bank,BIO_96394,86.21,2017-03-14,EMP_001301
Uchenna Ani,Ministry of Health,195372,7656897081,GTBank,BIO_19068,96.27,2024-03-21,EMP_001302
Usman Umar,Ministry of Agriculture,347914,5752100630,First Bank,BIO_61974,96.89,2020-03-03,EMP_001303
Ibrahim Umar,Ministry of Power,149548,2650878876,First Bank,BIO_52722,92.47,2025-01-05,EMP_001304
Femi Ogunlesi,Nigeria Customs Service,471799,9861362725,UBA,BIO_75497,88.62,2019-05-04,EMP_001305
Okechukwu Okonkwo,Civil Service Commission,494665,2239426258,UBA,BIO_63610,91.05,2018-09-01,EMP_001306
Hassan Ahmad,Ministry of Power,169224,2189970777,Zenith,BIO_82268,88.22,2024-05-04,EMP_001307
Kemi Williams,Ministry of Works,390545,2438927617,GTBank,BIO_16457,90.31,2020-04-11,EMP_001308
Adaeze Onyeka,Nigeria Customs Service,125129,3063364266,UBA,BIO_34231,91.97,2023-09-21,EMP_001309
Chiamaka Okafor,Ministry of Agriculture,328770,3244198529,First Bank,BIO_80108,90.94,2022-10-09,EMP_001310
Usman Ahmad,Ministry of Power,198717,1153069470,GTBank,BIO_32670,96.06,2018-10-20,EMP_001311
Bola Adeleke,Ministry of Water Resources,158187,3825701594,Access,BIO_82365,86.18,2022-07-14,EMP_001312
Fatima Umar,Ministry of Education,438952,8751541118,UBA,BIO_52991,90.65,2017-10-02,EMP_001313
Zainab Yusuf,Nigeria Customs Service,326838,9396012512,UBA,BIO_18140,91.46,2021-11-16,EMP_001314
Chioma Ani,Civil Service Commission,392569,6563782797,Zenith,BIO_48828,85.44,2017-01-02,EMP_001315
Hassan Ahmad,Ministry of Health,355528,7741254561,Zenith,BIO_95816,88.88,2018-04-18,EMP_001316
Okechukwu Okonkwo,Ministry of Works,476389,4729583018,First Bank,,99.9,2025-07-20,EMP_001317
Dele Oyedepo,Ministry of Power,84990,4816721978,Access,BIO_24337,96.77,2021-03-20,EMP_001318
Zainab Ibrahim,Ministry of Works,166257,8647803374,Zenith,BIO_74906,93.36,2017-02-22,EMP_001319
Femi Williams,Ministry of Health,436841,6738588373,UBA,BIO_75283,93.57,2018-07-01,EMP_001320
Bola Adeyemi,Civil Service Commission,441307,2970456937,UBA,BIO_76995,86.03,2021-01-22,EMP_001321
Bola Adeleke,Ministry of Water Resources,447075,7416917079,First Bank,BIO_40250,89.77,2024-05-18,EMP_001322
Nnamdi Onyeka,Ministry of Power,327334,6618746444,Access,BIO_28613,92.92,2024-02-20,EMP_001323
Femi Adeleke,Ministry of Agriculture,264729,3569310189,First Bank,BIO_39355,89.41,2020-07-18,EMP_001324
Chukwu Okonkwo,Ministry of Education,113204,8773504504,Access,BIO_25146,94.39,2024-04-19,EMP_001325
Ade Williams,Ministry of Finance,468456,8277267080,Access,BIO_62463,85.65,2021-12-30,EMP_001326
Usman Umar,Federal Roads Maintenance Agency,369230,5721579682,Access,,99.9,2025-09-12,EMP_001327
Adaeze Eze,Ministry of Education,323762,2315587586,Zenith,BIO_60753,89.78,2023-02-20,EMP_001328
Usman Ahmad,Ministry of Finance,372747,6439626146,GTBank,BIO_81439,90.65,2017-07-27,EMP_001329
Fatima Suleiman,Ministry of Education,164944,6339301846,First Bank,BIO_79666,86.24,2023-11-07,EMP_001330
Abubakar Suleiman,Civil Service Commission,239375,8429430978,First Bank,BIO_71593,90.35,2017-01-19,EMP_001331
Dele Williams,Civil Service Commission,132233,5450911371,UBA,BIO_89023,91.66,2017-08-17,EMP_001332
Tunde Williams,Ministry of Water Resources,311105,3360056676,Zenith,BIO_40280,98.89,2017-04-07,EMP_001333
Chioma Nwosu,Ministry of Power,371824,5404112889,Zenith,BIO_14947,92.03,2024-05-08,EMP_001334
Aisha Ahmad,Civil Service Commission,82320,2292052711,Access,BIO_30865,90.03,2025-01-02,EMP_001335
Chukwu Okafor,Nigeria Customs Service,101700,2551368851,First Bank,BIO_89222,95.33,2018-06-29,EMP_001336
Ade Adeyemi,Nigeria Customs Service,334970,5199548567,Zenith,BIO_34792,94.98,2022-07-16,EMP_001337
Yemi Adebayo,Ministry of Water Resources,350440,2983992730,First Bank,BIO_46628,92.56,2016-10-07,EMP_001338
Dele Oyedepo,Ministry of Finance,236234,7590397070,Zenith,BIO_70549,93.03,2019-06-24,EMP_001339
Chukwu Onyeka,Nigeria Customs Service,88354,6990578891,First Bank,BIO_97681,88.88,2025-05-09,EMP_001340
Uchenna Obiora,Federal Roads Maintenance Agency,462754,8759461500,UBA,BIO_17590,93.99,2023-09-21,EMP_001341
Okechukwu Ani,Federal Roads Maintenance Agency,179999,7908779831,UBA,BIO_17249,95.59,2024-12-23,EMP_001342
Zainab Ahmad,Ministry of Agriculture,1419087,2885700828,First Bank,BIO_59359,96.96,2026-03-10,EMP_001343
Amina Mohammed,Ministry of Water Resources,462616,7563628716,Access,BIO_75505,92.35,2024-04-14,EMP_001344
Nnamdi Eze,Federal Roads Maintenance Agency,489035,7482830257,Zenith,BIO_44736,96.56,2021-11-11,EMP_001345
Chinedu Okonkwo,Ministry of Agriculture,226246,7869471350,GTBank,BIO_97201,93.32,2024-10-08,EMP_001346
Uchenna Obiora,Ministry of Finance,337088,4800171705,GTBank,BIO_65694,92.67,2023-06-20,EMP_001347
Okechukwu Eze,Federal Roads Maintenance Agency,132546,8910458750,Access,BIO_77011,85.07,2017-03-29,EMP_001348
Adaeze Onyeka,Federal Roads Maintenance Agency,111907,2415512513,UBA,BIO_79866,87.54,2016-12-30,EMP_001349
Aisha Yusuf,Federal Roads Maintenance Agency,221770,6583403499,GTBank,BIO_77923,90.13,2022-07-10,EMP_001350
Kemi Adeyemi,Ministry of Water Resources,231996,9730208360,GTBank,BIO_93277,90.53,2021-09-15,EMP_001351
Uchenna Nwosu,Nigeria Customs Service,431785,6111604083,First Bank,BIO_75100,85.14,2020-03-17,EMP_001352
Okechukwu Eze,Ministry of Water Resources,480803,4172746952,Access,BIO_27853,97.22,2018-12-07,EMP_001353
Femi Williams,Ministry of Finance,295850,6154818792,GTBank,BIO_91130,96.45,2017-03-29,EMP_001354
Nnamdi Ani,Ministry of Education,395106,8222376778,Zenith,BIO_41997,92.37,2024-10-30,EMP_001355
Zainab Ahmad,Ministry of Agriculture,498738,2427914737,Access,BIO_86146,97.75,2019-11-16,EMP_001356
Fatima Mohammed,Ministry of Health,175666,8988786532,UBA,BIO_79464,95.74,2019-09-20,EMP_001357
Tayo Ogunlesi,Ministry of Health,188761,7136948418,UBA,BIO_33672,92.2,2024-12-21,EMP_001358
Ibrahim Ibrahim,Ministry of Education,184109,2684157072,Zenith,BIO_84709,90.34,2020-11-06,EMP_001359
Ibrahim Ibrahim,Ministry of Works,293496,8151894221,Access,BIO_29135,93.93,2023-11-05,EMP_001360
Hassan Ibrahim,Ministry of Agriculture,470589,5378878658,First Bank,BIO_61310,97.96,2019-07-27,EMP_001361
Nnamdi Eze,Ministry of Works,395367,4257010821,GTBank,BIO_96397,96.86,2020-10-30,EMP_001362
Adaeze Okonkwo,Ministry of Agriculture,179263,5742809620,Access,BIO_75305,89.92,2022-07-08,EMP_001363
Yemi Ogunlesi,Ministry of Water Resources,190726,2445513859,GTBank,BIO_83904,96.63,2017-04-07,EMP_001364
Bola Ogunlesi,Ministry of Works,386974,4946575898,GTBank,BIO_65807,93.64,2022-09-20,EMP_001365
Hassan Ahmad,Ministry of Power,293859,9271210021,Access,BIO_31766,96.54,2024-12-15,EMP_001366
Kemi Adeyemi,Ministry of Power,355943,8776499798,First Bank,BIO_33766,91.79,2020-10-08,EMP_001367
Abubakar Suleiman,Ministry of Finance,328706,5770687631,Access,BIO_15843,96.24,2018-11-12,EMP_001368
Tunde Adeyemi,Federal Roads Maintenance Agency,88074,6810460645,Zenith,BIO_27502,89.88,2018-06-26,EMP_001369
Chukwu Ani,Civil Service Commission,274347,8067022029,Access,BIO_73837,92.84,2021-08-21,EMP_001370
Tunde Adeleke,Ministry of Water Resources,258198,1569340227,Zenith,BIO_22465,90.27,2018-06-05,EMP_001371
Chukwu Okonkwo,Ministry of Works,120324,3060263323,Zenith,BIO_37639,89.71,2024-11-18,EMP_001372
Amina Suleiman,Civil Service Commission,491507,6506108737,Access,BIO_60946,91.56,2022-07-15,EMP_001373
Tunde Williams,Ministry of Finance,424960,7157903190,GTBank,BIO_74870,85.16,2018-08-21,EMP_001374
Chukwu Eze,Federal Roads Maintenance Agency,133800,6546183256,First Bank,BIO_75368,90.47,2018-06-14,EMP_001375
Uchenna Obiora,Ministry of Power,256919,1719552220,GTBank,BIO_62745,95.51,2019-09-08,EMP_001376
Amina Umar,Ministry of Agriculture,230591,9576431068,Zenith,BIO_54566,91.7,2017-08-30,EMP_001377
Chinedu Nwosu,Ministry of Finance,165829,2420852410,Access,BIO_32312,95.07,2019-04-05,EMP_001378
Abubakar Musa,Nigeria Customs Service,98032,9899294677,Access,BIO_24904,91.44,2020-09-19,EMP_001379
Hassan Ibrahim,Ministry of Education,428073,9573952579,GTBank,BIO_26295,93.53,2017-01-27,EMP_001380
Adaeze Eze,Ministry of Finance,176834,9388436452,Access,BIO_27760,97.41,2020-09-07,EMP_001381
Fatima Yusuf,Civil Service Commission,249184,7010130247,UBA,BIO_50193,89.25,2024-07-12,EMP_001382
Adaeze Eze,Federal Roads Maintenance Agency,439808,2496696944,Access,BIO_80657,86.59,2018-11-26,EMP_001383
Amina Ahmad,Federal Roads Maintenance Agency,325964,5608041154,UBA,BIO_15864,94.26,2024-07-07,EMP_001384
Uchenna Nwankwo,Ministry of Finance,97231,4765587203,UBA,BIO_44365,90.13,2017-07-03,EMP_001385
Chukwu Nwosu,Ministry of Health,256753,7682936910,GTBank,BIO_42709,97.07,2023-01-30,EMP_001386
Chukwu Eze,Ministry of Education,96127,8662505145,GTBank,,99.9,2025-07-27,EMP_001387
Zainab Ibrahim,Civil Service Commission,261622,9856472515,GTBank,BIO_54817,93.22,2017-05-23,EMP_001388
Zainab Ibrahim,Ministry of Agriculture,328691,3354700761,Zenith,BIO_19030,93.42,2025-01-21,EMP_001389
Chioma Ani,Ministry of Water Resources,459549,5108938133,GTBank,BIO_30273,86.13,2022-10-21,EMP_001390
Femi Williams,Nigeria Customs Service,302048,9869606860,First Bank,BIO_39699,97.78,2019-08-08,EMP_001391
Nnamdi Obiora,Ministry of Power,206068,2466559879,GTBank,,99.9,2025-08-10,EMP_001392
Chinedu Nwankwo,Ministry of Works,184515,4284752649,Access,BIO_61400,97.89,2017-11-27,EMP_001393
Usman Mohammed,Ministry of Water Resources,373010,3605972324,First Bank,BIO_42246,93.9,2022-01-07,EMP_001394
Zainab Musa,Ministry of Education,422326,1395272438,UBA,BIO_58760,85.81,2023-06-19,EMP_001395
Uchenna Ani,Federal Roads Maintenance Agency,1458758,8856904564,Access,BIO_11673,97.25,2025-10-05,EMP_001396
Abubakar Umar,Ministry of Agriculture,143104,8597908816,UBA,BIO_25319,97.81,2019-10-30,EMP_001397
Abubakar Umar,Nigeria Customs Service,436639,9320787633,Access,BIO_85293,93.21,2019-02-03,EMP_001398
Usman Ibrahim,Federal Roads Maintenance Agency,489164,5846660727,Access,BIO_45524,96.21,2016-10-11,EMP_001399
Adaeze Nwankwo,Ministry of Finance,1474172,6194890709,GTBank,BIO_65178,94.33,2026-04-29,EMP_001400
Chioma Obiora,Ministry of Finance,420612,4794359620,Access,BIO_69485,97.2,2018-04-12,EMP_001401
Kemi Adeleke,Ministry of Works,257796,9481065874,First Bank,BIO_36742,88.77,2024-04-23,EMP_001402
Hassan Mohammed,Ministry of Education,138094,9179690665,Zenith,BIO_51079,90.54,2019-01-06,EMP_001403
Aisha Ahmad,Nigeria Customs Service,217903,3350683624,GTBank,BIO_85861,86.99,2022-02-23,EMP_001404
Kemi Ogunlesi,Ministry of Education,241025,8624520407,Zenith,BIO_70900,95.18,2023-01-28,EMP_001405
Usman Mohammed,Ministry of Education,233051,8951390603,Access,BIO_32341,93.34,2024-12-10,EMP_001406
Adaeze Eze,Ministry of Health,121493,6559870455,First Bank,BIO_13577,87.37,2018-07-06,EMP_001407
Kemi Ogunlesi,Ministry of Works,391068,5471272004,First Bank,,99.9,2025-03-31,EMP_001408
Usman Mohammed,Ministry of Agriculture,271693,6056322682,Zenith,BIO_99662,87.13,2025-04-10,EMP_001409
Bola Williams,Ministry of Water Resources,204848,9002669735,Zenith,BIO_58292,97.4,2023-08-12,EMP_001410
Adaeze Obiora,Ministry of Education,452349,6247881542,Zenith,BIO_73154,94.52,2023-12-17,EMP_001411
Chioma Okafor,Nigeria Customs Service,108627,6543480717,First Bank,BIO_22574,86.99,2022-12-10,EMP_001412
Hassan Ahmad,Ministry of Education,352499,9145465075,Zenith,BIO_30409,87.61,2019-03-31,EMP_001413
Chiamaka Obiora,Ministry of Agriculture,126076,9603284363,First Bank,BIO_37755,94.7,2023-10-28,EMP_001414
Dele Oyedepo,Civil Service Commission,332332,7644272315,First Bank,BIO_62898,96.33,2017-08-15,EMP_001415
Aisha Umar,Ministry of Power,143158,5505406429,Access,,99.9,2026-03-11,EMP_001416
Kemi Adebayo,Ministry of Health,345321,3111637894,GTBank,BIO_22807,86.61,2020-06-12,EMP_001417
Hassan Ahmad,Ministry of Agriculture,120496,3858614678,UBA,BIO_50818,95.53,2017-07-18,EMP_001418
Tunde Oyedepo,Ministry of Water Resources,114578,8036366074,UBA,BIO_26334,90.44,2021-04-03,EMP_001419
Ade Oyedepo,Ministry of Education,405989,6725530349,GTBank,BIO_79521,88.55,2022-08-22,EMP_001420
Bola Williams,Ministry of Finance,149616,8759846279,Access,BIO_71603,94.02,2024-02-12,EMP_001421
Bola Adeyemi,Ministry of Education,112683,4172606630,GTBank,BIO_70004,94.28,2023-06-27,EMP_001422
Ibrahim Musa,Ministry of Power,219141,4909533655,Access,BIO_20310,94.17,2020-11-30,EMP_001423
Ibrahim Umar,Federal Roads Maintenance Agency,491172,8411078761,GTBank,BIO_39245,85.5,2022-01-12,EMP_001424
Yemi Adeleke,Civil Service Commission,289446,1672643498,Access,BIO_66745,85.71,2021-12-25,EMP_001425
Tayo Adebayo,Ministry of Agriculture,281125,1683524179,Access,BIO_48641,87.24,2021-07-15,EMP_001426
Ibrahim Suleiman,Ministry of Works,278878,5652317533,GTBank,BIO_96985,98.76,2018-11-24,EMP_001427
Nnamdi Ani,Ministry of Finance,446864,1757885653,Zenith,BIO_20711,96.74,2023-04-01,EMP_001428
Adaeze Okonkwo,Ministry of Works,392461,5236071081,GTBank,BIO_32045,94.75,2023-03-08,EMP_001429
Zainab Ahmad,Ministry of Water Resources,464392,8660373668,UBA,BIO_35515,94.5,2023-03-03,EMP_001430
Bola Williams,Ministry of Power,108427,9848596197,UBA,BIO_22543,97.15,2017-05-15,EMP_001431
Chukwu Nwosu,Ministry of Education,478531,3753542718,Access,BIO_87590,94.32,2023-12-27,EMP_001432
Usman Musa,Civil Service Commission,379577,9109237391,Zenith,BIO_12668,97.13,2019-09-09,EMP_001433
Amina Umar,Ministry of Finance,390695,5452912740,GTBank,BIO_70284,91.4,2024-10-26,EMP_001434
Bola Adeyemi,Ministry of Works,291254,8010988286,GTBank,BIO_91508,97.07,2019-03-30,EMP_001435
Abubakar Ahmad,Nigeria Customs Service,268023,8139934333,Access,BIO_37400,95.61,2020-10-26,EMP_001436
Bola Oyedepo,Ministry of Education,497962,6952014141,First Bank,BIO_60893,86.33,2021-06-22,EMP_001437
Adaeze Okafor,Nigeria Customs Service,392269,1872322435,GTBank,BIO_84218,92.37,2023-11-13,EMP_001438
Chinedu Ani,Ministry of Education,308634,6681025724,UBA,BIO_73168,96.45,2021-06-25,EMP_001439
Tunde Adeleke,Ministry of Works,379661,3146168172,Zenith,BIO_49890,93.32,2024-03-01,EMP_001440
Aisha Ahmad,Ministry of Agriculture,174518,4624829863,GTBank,BIO_26525,88.15,2020-11-23,EMP_001441
Tayo Oyedepo,Ministry of Health,468792,2148462849,UBA,BIO_56378,96.63,2025-02-26,EMP_001442
Aisha Ahmad,Ministry of Water Resources,241972,9799548305,Access,BIO_40161,85.54,2018-08-03,EMP_001443
Zainab Mohammed,Ministry of Agriculture,348648,3669656044,GTBank,BIO_80731,94.41,2019-11-05,EMP_001444
Okechukwu Obiora,Ministry of Power,384454,8188226573,Zenith,BIO_18928,93.15,2023-03-29,EMP_001445
Aisha Ahmad,Ministry of Health,218432,8818676340,Access,BIO_76918,85.53,2021-08-25,EMP_001446
Fatima Ahmad,Ministry of Works,156029,3126182784,Access,BIO_10538,85.91,2022-05-26,EMP_001447
Chioma Nwosu,Federal Roads Maintenance Agency,429335,6506003581,Access,BIO_72927,86.67,2016-10-24,EMP_001448
Chinedu Ani,Nigeria Customs Service,245234,6952659024,Access,BIO_47778,87.69,2020-05-24,EMP_001449
Chiamaka Okafor,Ministry of Finance,496135,9495386605,First Bank,BIO_90992,90.09,2022-09-08,EMP_001450
Uchenna Onyeka,Civil Service Commission,327037,9318130071,Access,BIO_34129,93.16,2018-08-25,EMP_001451
Hassan Ahmad,Ministry of Finance,380207,3038042364,Zenith,BIO_39713,96.98,2017-06-19,EMP_001452
Uchenna Okafor,Ministry of Water Resources,341020,4628192926,UBA,BIO_50366,97.7,2020-10-15,EMP_001453
Zainab Umar,Ministry of Education,396734,6701124639,Zenith,BIO_35428,92.15,2016-07-01,EMP_001454
Dele Adeyemi,Ministry of Power,213938,1616075547,First Bank,BIO_80211,90.29,2017-11-17,EMP_001455
Abubakar Umar,Federal Roads Maintenance Agency,433182,5071868168,GTBank,BIO_56348,87.23,2017-04-02,EMP_001456
Zainab Umar,Federal Roads Maintenance Agency,347767,8106784525,First Bank,BIO_22199,95.52,2023-05-28,EMP_001457
Kemi Williams,Civil Service Commission,127977,3806949730,First Bank,BIO_34790,89.25,2017-12-12,EMP_001458
Kemi Adeyemi,Ministry of Works,397468,9401913239,GTBank,BIO_26669,85.5,2022-08-24,EMP_001459
Uchenna Ani,Ministry of Health,229707,3413300091,Zenith,BIO_81233,92.28,2017-01-27,EMP_001460
Adaeze Onyeka,Ministry of Agriculture,464754,2951163103,UBA,BIO_43645,85.27,2017-11-26,EMP_001461
Uchenna Obiora,Ministry of Works,441296,9973174744,Zenith,BIO_40939,87.0,2018-05-10,EMP_001462
Hassan Suleiman,Nigeria Customs Service,436204,9085516682,GTBank,BIO_41395,90.69,2023-04-25,EMP_001463
Bola Williams,Ministry of Finance,273740,7620067238,GTBank,BIO_64671,95.15,2023-10-02,EMP_001464
Kemi Williams,Civil Service Commission,396411,5338255741,UBA,BIO_33280,95.86,2021-08-11,EMP_001465
Kemi Adebayo,Nigeria Customs Service,154009,5264837219,UBA,BIO_94663,85.81,2024-01-08,EMP_001466
Nnamdi Nwankwo,Nigeria Customs Service,163380,3826300512,First Bank,BIO_62212,91.95,2017-06-01,EMP_001467
Ade Adeyemi,Nigeria Customs Service,281485,2596217405,First Bank,BIO_25375,96.1,2023-06-26,EMP_001468
Hassan Ahmad,Ministry of Power,287848,8036081959,UBA,BIO_51884,91.76,2020-04-05,EMP_001469
Adaeze Eze,Civil Service Commission,387244,2691115803,Access,BIO_36836,96.52,2017-12-18,EMP_001470
Chioma Onyeka,Ministry of Health,411810,4202086106,First Bank,BIO_15892,87.17,2020-03-22,EMP_001471
Kemi Adeyemi,Ministry of Education,252970,4933940753,First Bank,BIO_77721,92.6,2022-07-14,EMP_001472
Zainab Musa,Ministry of Works,201197,4995242503,Zenith,BIO_74753,91.91,2021-09-30,EMP_001473
Aisha Suleiman,Ministry of Health,215525,8275854829,Access,BIO_10570,85.89,2018-01-24,EMP_001474
Fatima Suleiman,Ministry of Agriculture,408553,9049519657,GTBank,BIO_25595,98.61,2021-02-09,EMP_001475
Tayo Ogunlesi,Nigeria Customs Service,259815,4096726504,GTBank,BIO_46827,91.84,2024-07-01,EMP_001476
Hassan Suleiman,Ministry of Finance,1158271,7489787028,GTBank,BIO_20306,86.39,2026-04-13,EMP_001477
Femi Adeleke,Ministry of Water Resources,182055,8787338981,UBA,BIO_81629,87.91,2018-12-06,EMP_001478
Amina Umar,Ministry of Agriculture,433934,6555871367,UBA,BIO_66761,86.28,2024-02-13,EMP_001479
Ade Ogunlesi,Nigeria Customs Service,444780,3278668184,UBA,BIO_55779,86.27,2022-01-22,EMP_001480
Nnamdi Okonkwo,Ministry of Agriculture,308405,4010069699,GTBank,BIO_56618,95.56,2017-07-09,EMP_001481
Uchenna Nwankwo,Ministry of Education,228529,3701175064,Zenith,BIO_78883,91.65,2022-04-05,EMP_001482
Usman Musa,Ministry of Works,366194,1502200605,GTBank,BIO_23912,89.88,2022-09-05,EMP_001483
Ade Williams,Ministry of Power,396804,5543370604,UBA,BIO_22774,93.95,2024-12-24,EMP_001484
Abubakar Ibrahim,Ministry of Power,189561,6752979306,Zenith,BIO_52248,91.82,2024-04-07,EMP_001485
Tayo Adeleke,Nigeria Customs Service,269635,4304060152,UBA,BIO_55233,89.87,2022-09-12,EMP_001486
Okechukwu Okonkwo,Ministry of Water Resources,244775,4299851669,Zenith,BIO_88166,94.22,2017-05-16,EMP_001487
Aisha Mohammed,Ministry of Works,432762,4721101250,Zenith,BIO_25954,90.7,2022-09-07,EMP_001488
Ibrahim Ahmad,Ministry of Power,214613,2433484444,UBA,BIO_11998,88.8,2025-02-24,EMP_001489
Uchenna Okafor,Ministry of Health,160494,2921918953,First Bank,BIO_56432,94.42,2025-02-26,EMP_001490
Fatima Umar,Civil Service Commission,133640,1131729423,First Bank,,99.9,2024-12-29,EMP_001491
Zainab Mohammed,Nigeria Customs Service,118177,5946329074,UBA,BIO_50933,92.64,2024-01-02,EMP_001492
Uchenna Nwosu,Federal Roads Maintenance Agency,462481,2188579886,First Bank,BIO_70472,91.66,2019-12-10,EMP_001493
Hassan Ibrahim,Ministry of Agriculture,105745,5082548013,UBA,BIO_89025,88.72,2018-02-16,EMP_001494
Ibrahim Umar,Civil Service Commission,262202,2213987877,UBA,BIO_45345,87.45,2018-08-03,EMP_001495
Chinedu Eze,Ministry of Health,103216,9570667788,Access,BIO_71037,88.21,2017-01-18,EMP_001496
Uchenna Okafor,Ministry of Works,196281,6451142191,UBA,BIO_47918,87.86,2022-06-10,EMP_001497
Chiamaka Eze,Ministry of Finance,320983,3305802951,UBA,BIO_42178,92.63,2025-05-09,EMP_001498
Zainab Mohammed,Civil Service Commission,164496,7829682063,GTBank,BIO_35125,87.25,2017-11-12,EMP_001499
Chiamaka Nwosu,Nigeria Customs Service,464205,9906280499,Zenith,BIO_98491,85.65,2021-04-20,EMP_001500
Bola Adebayo,Ministry of Agriculture,439536,2501008778,First Bank,BIO_64583,89.78,2019-12-04,EMP_001501
Adaeze Okafor,Ministry of Health,256906,7288371257,Zenith,BIO_29287,89.48,2024-12-31,EMP_001502
Ibrahim Ahmad,Federal Roads Maintenance Agency,359978,1350649700,Zenith,BIO_25050,86.59,2020-05-15,EMP_001503
Nnamdi Obiora,Ministry of Agriculture,356485,2798777288,Zenith,BIO_12323,90.71,2021-02-22,EMP_001504
Abubakar Mohammed,Ministry of Power,112102,5538256491,GTBank,BIO_63544,89.01,2018-03-04,EMP_001505
Ade Adeyemi,Nigeria Customs Service,218618,3513402765,First Bank,BIO_18877,92.41,2019-05-11,EMP_001506
Femi Williams,Federal Roads Maintenance Agency,202492,7553051486,First Bank,BIO_72284,90.5,2020-02-18,EMP_001507
Chukwu Nwankwo,Civil Service Commission,388480,4625355112,UBA,BIO_70081,92.72,2018-05-23,EMP_001508
Chiamaka Ani,Ministry of Education,82836,9612931452,First Bank,BIO_95224,93.31,2021-01-14,EMP_001509
Abubakar Suleiman,Ministry of Agriculture,251610,9820081767,Zenith,BIO_98342,99.46,2023-07-22,EMP_001510
Ibrahim Umar,Civil Service Commission,1110082,1391544853,Zenith,BIO_75699,97.42,2026-01-05,EMP_001511
Chiamaka Okafor,Ministry of Health,359512,2988431468,GTBank,BIO_98308,87.1,2024-03-25,EMP_001512
Adaeze Obiora,Federal Roads Maintenance Agency,303576,1180821486,Access,BIO_38905,96.3,2020-10-20,EMP_001513
Dele Adebayo,Ministry of Education,88510,7135129473,First Bank,BIO_43622,95.46,2025-05-10,EMP_001514
Femi Adebayo,Ministry of Finance,459909,5947339302,Access,BIO_11895,93.71,2023-03-16,EMP_001515
Amina Suleiman,Ministry of Finance,179020,8107635328,UBA,BIO_68444,87.18,2023-03-19,EMP_001516
Aisha Musa,Ministry of Agriculture,143542,9761593125,UBA,BIO_34575,94.57,2025-02-14,EMP_001517
Femi Oyedepo,Ministry of Agriculture,92768,7298645369,Access,BIO_47956,97.51,2025-02-23,EMP_001518
Kemi Adeyemi,Ministry of Works,133725,2583047506,GTBank,BIO_77722,91.31,2023-03-20,EMP_001519
Dele Oyedepo,Ministry of Finance,352293,4319079728,GTBank,BIO_50926,91.02,2023-09-11,EMP_001520
Okechukwu Okafor,Ministry of Works,339690,4266091748,Zenith,BIO_60572,88.54,2022-01-05,EMP_001521
Fatima Mohammed,Ministry of Agriculture,457779,9455885355,Access,BIO_19255,86.58,2021-03-03,EMP_001522
Zainab Musa,Civil Service Commission,186854,4617370904,GTBank,BIO_94761,88.69,2019-12-25,EMP_001523
Nnamdi Eze,Ministry of Health,469839,9855240844,Zenith,BIO_43959,93.64,2017-08-31,EMP_001524
Femi Adeyemi,Civil Service Commission,273968,6258838840,UBA,BIO_44260,93.95,2023-03-20,EMP_001525
Chioma Okafor,Ministry of Works,451453,8850096260,First Bank,BIO_80015,97.8,2025-05-02,EMP_001526
Zainab Musa,Ministry of Education,408895,9457383118,GTBank,BIO_50369,93.63,2020-06-23,EMP_001527
Zainab Yusuf,Civil Service Commission,452110,1451820962,Zenith,BIO_29574,91.54,2016-06-15,EMP_001528
Abubakar Ibrahim,Ministry of Health,421827,4029582755,GTBank,BIO_19989,97.5,2018-05-24,EMP_001529
Tayo Ogunlesi,Ministry of Agriculture,328725,1899715400,Zenith,BIO_21892,90.2,2022-03-23,EMP_001530
Ade Ogunlesi,Federal Roads Maintenance Agency,156240,5420484570,Zenith,BIO_71461,88.43,2018-05-02,EMP_001531
Femi Oyedepo,Ministry of Education,168124,6055562620,Access,BIO_99282,89.1,2019-09-25,EMP_001532
Zainab Mohammed,Ministry of Power,471507,3353939811,First Bank,BIO_41270,91.34,2023-09-29,EMP_001533
Ibrahim Umar,Ministry of Agriculture,231151,9857264687,First Bank,BIO_85049,85.01,2021-06-28,EMP_001534
Okechukwu Nwankwo,Federal Roads Maintenance Agency,95454,2535490736,First Bank,BIO_34552,93.0,2023-01-31,EMP_001535
Kemi Oyedepo,Civil Service Commission,492099,9402709625,Access,BIO_85393,89.26,2020-05-18,EMP_001536
Tayo Oyedepo,Nigeria Customs Service,212435,1862025467,GTBank,BIO_65304,95.35,2021-07-15,EMP_001537
Uchenna Obiora,Ministry of Finance,290625,8811316458,First Bank,BIO_27853,88.16,2023-09-04,EMP_001538
Kemi Adeyemi,Ministry of Water Resources,210859,6579522732,UBA,BIO_82519,93.5,2025-05-05,EMP_001539
Ibrahim Mohammed,Ministry of Agriculture,160891,7693991815,First Bank,BIO_89676,89.09,2021-12-14,EMP_001540
Usman Ibrahim,Civil Service Commission,321162,2320272392,GTBank,BIO_46749,92.73,2022-09-05,EMP_001541
Ibrahim Ahmad,Ministry of Finance,278561,5119721947,Zenith,BIO_95385,87.19,2021-11-26,EMP_001542
Chioma Nwosu,Federal Roads Maintenance Agency,182609,9191428202,UBA,BIO_67572,85.3,2023-10-21,EMP_001543
Femi Williams,Ministry of Works,95319,1655784481,GTBank,BIO_39070,91.05,2025-01-15,EMP_001544
Ade Ogunlesi,Ministry of Agriculture,449981,5427918260,Access,BIO_85882,87.88,2023-01-12,EMP_001545
Usman Ibrahim,Ministry of Education,328375,4710604659,Zenith,BIO_82328,92.77,2017-09-16,EMP_001546
Zainab Yusuf,Ministry of Education,334711,3311031262,Access,BIO_88461,94.38,2023-12-10,EMP_001547
Tunde Oyedepo,Ministry of Agriculture,97468,3563870049,GTBank,BIO_60535,87.83,2025-03-20,EMP_001548
Dele Oyedepo,Ministry of Agriculture,268137,9319103618,Zenith,BIO_13106,93.1,2020-10-28,EMP_001549
Abubakar Ibrahim,Ministry of Works,208561,5961664021,Zenith,BIO_64734,85.17,2017-08-27,EMP_001550
Yemi Adeyemi,Civil Service Commission,181162,8646297638,First Bank,BIO_45796,93.92,2022-11-16,EMP_001551
Adaeze Nwankwo,Nigeria Customs Service,175023,9802136169,UBA,BIO_83657,97.71,2024-05-08,EMP_001552
Chinedu Eze,Ministry of Agriculture,100608,2677113596,Zenith,BIO_61167,89.55,2017-01-31,EMP_001553
Tayo Williams,Federal Roads Maintenance Agency,216433,5010908217,Access,BIO_30816,96.93,2016-09-01,EMP_001554
Chukwu Okonkwo,Ministry of Power,359785,2338329329,First Bank,BIO_99544,86.4,2021-08-27,EMP_001555
Chioma Okafor,Ministry of Finance,399246,9385177357,First Bank,BIO_34186,96.36,2023-02-04,EMP_001556
Uchenna Okafor,Ministry of Finance,475126,6396470775,GTBank,BIO_80175,94.67,2018-11-06,EMP_001557
Ade Adebayo,Ministry of Works,449091,6258947605,First Bank,BIO_69328,94.94,2018-08-06,EMP_001558
Chiamaka Nwosu,Ministry of Education,475647,8671738695,Access,BIO_43667,97.62,2017-09-27,EMP_001559
Fatima Umar,Federal Roads Maintenance Agency,115552,9192207234,Access,BIO_99848,89.87,2024-08-09,EMP_001560
Chinedu Nwankwo,Ministry of Finance,372367,8393084244,First Bank,BIO_68889,92.21,2022-10-11,EMP_001561
Okechukwu Eze,Ministry of Water Resources,125359,8210171370,First Bank,BIO_99467,89.12,2018-08-22,EMP_001562
Amina Musa,Ministry of Health,199980,4128701762,UBA,BIO_82061,91.85,2016-06-03,EMP_001563
Chukwu Ani,Ministry of Works,249736,1624684581,First Bank,BIO_61840,88.47,2020-08-15,EMP_001564
Fatima Suleiman,Ministry of Power,192935,1475603030,Zenith,BIO_38809,98.5,2017-05-29,EMP_001565
Abubakar Umar,Ministry of Education,289346,2409126371,Zenith,BIO_77965,97.34,2023-01-27,EMP_001566
Chukwu Nwosu,Ministry of Water Resources,370436,2270044087,GTBank,BIO_90232,96.18,2024-10-19,EMP_001567
Tayo Adebayo,Ministry of Finance,132166,3454454510,Zenith,BIO_80666,86.92,2020-03-24,EMP_001568
Ade Oyedepo,Ministry of Power,230598,9418333627,First Bank,BIO_43126,89.11,2023-06-29,EMP_001569
Dele Adebayo,Ministry of Health,150879,4594254675,Zenith,BIO_47721,89.72,2018-05-13,EMP_001570
Bola Adebayo,Federal Roads Maintenance Agency,374278,2490980900,UBA,BIO_84623,87.98,2022-12-19,EMP_001571
Femi Adeleke,Civil Service Commission,483862,1176029931,Access,,99.9,2024-05-19,EMP_001572
Chinedu Ani,Ministry of Agriculture,386710,9251040735,First Bank,BIO_22246,85.1,2017-05-27,EMP_001573
Okechukwu Okafor,Ministry of Health,184358,3121837974,Zenith,BIO_38715,93.53,2022-05-24,EMP_001574
Chinedu Okafor,Ministry of Health,447974,1671461388,Zenith,,99.9,2024-05-16,EMP_001575
Nnamdi Okafor,Ministry of Works,125140,8504305141,GTBank,BIO_75210,97.13,2023-09-07,EMP_001576
Kemi Adebayo,Ministry of Water Resources,450689,2749175876,Zenith,BIO_76439,94.56,2024-06-23,EMP_001577
Hassan Yusuf,Ministry of Works,487969,3951866944,First Bank,BIO_80955,87.16,2017-07-19,EMP_001578
Okechukwu Ani,Ministry of Education,279902,7717109930,UBA,BIO_48179,89.06,2017-11-22,EMP_001579
Zainab Suleiman,Nigeria Customs Service,387833,7013653740,Zenith,BIO_64211,95.23,2019-11-06,EMP_001580
Aisha Ahmad,Ministry of Agriculture,128938,7566314268,First Bank,BIO_78519,89.86,2019-04-16,EMP_001581
Tayo Adeleke,Ministry of Water Resources,228411,8849184252,UBA,BIO_55019,96.62,2023-12-05,EMP_001582
Tayo Adeyemi,Ministry of Agriculture,432932,3851830077,First Bank,BIO_43896,87.93,2023-10-09,EMP_001583
Chiamaka Ani,Ministry of Education,279080,7970301259,Access,,99.9,2025-03-23,EMP_001584
Tayo Oyedepo,Ministry of Education,392087,5992541864,UBA,BIO_99866,96.44,2017-06-03,EMP_001585
Chiamaka Eze,Nigeria Customs Service,466241,1242371692,Zenith,BIO_95963,95.06,2020-07-20,EMP_001586
Yemi Williams,Federal Roads Maintenance Agency,381325,8523649522,UBA,BIO_56140,88.01,2020-07-02,EMP_001587
Abubakar Ahmad,Ministry of Works,87005,8524016762,Access,BIO_31848,89.11,2024-10-15,EMP_001588
Amina Yusuf,Nigeria Customs Service,320983,5148337789,First Bank,BIO_79012,92.5,2022-05-11,EMP_001589
Ibrahim Mohammed,Ministry of Water Resources,128700,4673994461,First Bank,BIO_79791,99.23,2024-10-18,EMP_001590
Amina Musa,Ministry of Agriculture,256921,1625477443,Access,BIO_81969,87.14,2024-10-30,EMP_001591
Yemi Adeleke,Ministry of Water Resources,1490932,2924721614,Access,BIO_36183,88.27,2025-11-17,EMP_001592
Abubakar Ahmad,Ministry of Finance,402208,8429008719,GTBank,BIO_32995,92.11,2019-06-11,EMP_001593
Ibrahim Ibrahim,Ministry of Power,239759,5676125796,Zenith,BIO_60140,87.36,2023-01-16,EMP_001594
Tayo Adeyemi,Ministry of Power,241046,3434239106,GTBank,BIO_18449,85.07,2019-11-25,EMP_001595
Chukwu Nwankwo,Ministry of Health,186867,6566866494,First Bank,BIO_14188,96.6,2018-05-14,EMP_001596
Ade Adebayo,Federal Roads Maintenance Agency,475143,8224559874,First Bank,BIO_18968,89.36,2022-04-14,EMP_001597
Zainab Suleiman,Ministry of Health,315175,9035395562,UBA,,99.9,2025-07-02,EMP_001598
Nnamdi Nwankwo,Nigeria Customs Service,360474,6210876498,Zenith,BIO_33945,89.92,2017-07-24,EMP_001599
Chioma Okonkwo,Ministry of Finance,84625,5573642322,GTBank,BIO_72590,94.83,2023-11-29,EMP_001600
Dele Williams,Nigeria Customs Service,486306,1406842542,Zenith,BIO_54592,95.27,2020-10-29,EMP_001601
Abubakar Umar,Ministry of Finance,418504,8864450262,GTBank,BIO_33408,85.06,2017-09-11,EMP_001602
Kemi Ogunlesi,Ministry of Education,447998,2302330842,First Bank,BIO_82827,89.7,2021-11-20,EMP_001603
Nnamdi Nwankwo,Ministry of Finance,298236,7406183844,Zenith,BIO_92466,97.11,2025-04-02,EMP_001604
Tunde Adeyemi,Civil Service Commission,113330,9066486181,First Bank,BIO_58896,87.74,2025-03-30,EMP_001605
Usman Yusuf,Civil Service Commission,152514,1868708208,GTBank,BIO_25896,89.45,2019-09-27,EMP_001606
Bola Adeyemi,Civil Service Commission,84148,7625936789,Access,BIO_28221,88.09,2019-12-16,EMP_001607
Bola Adeyemi,Ministry of Power,349689,4294994523,UBA,BIO_71463,97.07,2021-09-11,EMP_001608
Hassan Musa,Ministry of Agriculture,413422,7374170667,UBA,BIO_93599,92.81,2023-11-17,EMP_001609
Chiamaka Okafor,Ministry of Health,453750,7935797053,First Bank,BIO_95674,89.96,2016-12-12,EMP_001610
Zainab Musa,Civil Service Commission,371071,9150167493,GTBank,BIO_84943,96.07,2022-05-19,EMP_001611
Okechukwu Onyeka,Ministry of Finance,427145,5309366762,GTBank,BIO_60230,87.76,2023-02-07,EMP_001612
Hassan Suleiman,Federal Roads Maintenance Agency,234082,7436849540,GTBank,BIO_16623,95.79,2017-10-17,EMP_001613
Yemi Adeyemi,Ministry of Water Resources,394036,6238714838,First Bank,BIO_62399,91.03,2021-07-02,EMP_001614
Hassan Ibrahim,Ministry of Works,176419,2492819404,Zenith,BIO_93305,89.72,2019-01-02,EMP_001615
Ibrahim Ahmad,Ministry of Water Resources,109407,5949357774,UBA,BIO_85823,93.23,2017-04-24,EMP_001616
Aisha Suleiman,Federal Roads Maintenance Agency,434215,3283947466,First Bank,BIO_35493,93.36,2023-01-16,EMP_001617
Aisha Ibrahim,Ministry of Finance,334905,8483069544,Access,BIO_52348,97.62,2023-10-10,EMP_001618
Adaeze Okonkwo,Federal Roads Maintenance Agency,231212,1190273992,Access,BIO_84495,95.22,2018-11-15,EMP_001619
Okechukwu Nwankwo,Ministry of Agriculture,193001,2300173258,UBA,BIO_92829,91.81,2019-01-09,EMP_001620
Nnamdi Ani,Ministry of Water Resources,478375,3002548812,Zenith,BIO_52669,95.94,2018-10-27,EMP_001621
Abubakar Musa,Ministry of Works,497687,5732873939,First Bank,BIO_96743,89.69,2023-06-22,EMP_001622
Chioma Nwankwo,Nigeria Customs Service,252514,2587676995,Zenith,BIO_61424,95.83,2022-09-25,EMP_001623
Kemi Adeyemi,Ministry of Finance,269335,7117643152,Access,BIO_92049,92.95,2021-11-12,EMP_001624
Bola Ogunlesi,Nigeria Customs Service,278778,2678579200,UBA,BIO_36018,87.4,2022-11-12,EMP_001625
Chioma Nwosu,Ministry of Power,487817,3821583784,First Bank,BIO_11838,97.24,2022-09-15,EMP_001626
Abubakar Suleiman,Civil Service Commission,196507,2516737620,Zenith,BIO_94539,96.46,2018-01-31,EMP_001627
Ade Adeleke,Ministry of Works,486235,2715758519,UBA,BIO_20809,95.23,2023-02-25,EMP_001628
Chukwu Okafor,Ministry of Health,388951,9512127630,GTBank,BIO_58211,95.1,2019-04-06,EMP_001629
Nnamdi Okafor,Ministry of Water Resources,364991,6753504845,UBA,BIO_64172,93.88,2019-01-10,EMP_001630
Chukwu Ani,Ministry of Finance,425298,7483825672,Access,BIO_61314,89.71,2017-05-14,EMP_001631
Nnamdi Eze,Ministry of Education,398329,4870039888,Access,BIO_98897,88.19,2021-01-18,EMP_001632
Chukwu Okonkwo,Ministry of Water Resources,146548,6056870997,GTBank,BIO_15975,90.03,2019-07-19,EMP_001633
Hassan Yusuf,Ministry of Water Resources,332622,7577307730,Zenith,BIO_86424,87.63,2025-03-07,EMP_001634
Chiamaka Nwosu,Ministry of Water Resources,175425,9641030474,Zenith,BIO_18390,89.7,2025-02-06,EMP_001635
Bola Williams,Ministry of Agriculture,398484,6888930677,Zenith,BIO_10125,87.25,2016-07-31,EMP_001636
Ibrahim Yusuf,Ministry of Education,85186,6768818465,Access,,99.9,2024-09-08,EMP_001637
Chukwu Okafor,Federal Roads Maintenance Agency,217840,6946725621,First Bank,BIO_60932,88.27,2020-10-11,EMP_001638
Ade Ogunlesi,Civil Service Commission,123194,3143266798,Access,BIO_11752,86.47,2022-09-18,EMP_001639
Chukwu Nwosu,Ministry of Power,259248,1553882812,First Bank,BIO_68612,90.65,2024-11-19,EMP_001640
Usman Suleiman,Ministry of Agriculture,168779,1735388485,Access,BIO_40742,92.95,2018-06-11,EMP_001641
Ade Adeyemi,Ministry of Water Resources,116609,4577674296,First Bank,BIO_93822,86.52,2018-06-05,EMP_001642
Aisha Mohammed,Ministry of Health,129584,7877093882,First Bank,BIO_64465,89.97,2025-04-26,EMP_001643
Chioma Nwosu,Ministry of Water Resources,119587,4422872954,UBA,,99.9,2024-10-08,EMP_001644
Usman Suleiman,Ministry of Water Resources,169593,7039301705,First Bank,BIO_72725,90.89,2023-06-28,EMP_001645
Tayo Adebayo,Ministry of Works,361479,1234011331,Zenith,BIO_56773,97.88,2023-09-08,EMP_001646
Uchenna Onyeka,Ministry of Power,448962,4934872880,Access,BIO_29095,95.92,2018-06-13,EMP_001647
Femi Oyedepo,Nigeria Customs Service,172693,1473146555,GTBank,BIO_53501,91.75,2021-03-23,EMP_001648
Chukwu Ani,Civil Service Commission,403992,4322390340,Zenith,BIO_34726,85.9,2023-12-31,EMP_001649
Chioma Nwankwo,Nigeria Customs Service,412368,2350218212,Zenith,BIO_50969,91.61,2017-01-19,EMP_001650
Abubakar Ibrahim,Ministry of Finance,441763,8727990405,Access,BIO_12456,92.92,2018-11-03,EMP_001651
Hassan Umar,Ministry of Water Resources,129903,7400433927,Zenith,BIO_10618,92.07,2024-12-13,EMP_001652
Tayo Adebayo,Civil Service Commission,217923,3745488773,GTBank,BIO_30586,87.58,2022-02-06,EMP_001653
Hassan Ibrahim,Ministry of Water Resources,188248,7876857725,Access,BIO_85188,96.65,2022-08-22,EMP_001654
Ade Adebayo,Federal Roads Maintenance Agency,325247,8359616419,Access,BIO_90039,86.87,2017-09-08,EMP_001655
Aisha Yusuf,Ministry of Works,195616,2507173329,First Bank,BIO_33380,93.73,2019-07-18,EMP_001656
Ade Williams,Ministry of Water Resources,380783,9694767703,GTBank,BIO_56779,88.07,2016-10-15,EMP_001657
Tayo Ogunlesi,Civil Service Commission,346606,6823531562,Access,BIO_12962,95.93,2018-12-07,EMP_001658
Bola Ogunlesi,Ministry of Water Resources,92633,9316778386,GTBank,BIO_66639,97.93,2021-04-17,EMP_001659
Bola Adeleke,Ministry of Water Resources,409665,8989569284,Access,BIO_58531,92.06,2016-08-04,EMP_001660
Aisha Ahmad,Federal Roads Maintenance Agency,157943,7258638928,GTBank,,99.9,2026-05-13,EMP_001661
Nnamdi Okonkwo,Ministry of Agriculture,1452418,4328614560,Zenith,BIO_26209,94.48,2025-06-17,EMP_001662
Uchenna Onyeka,Nigeria Customs Service,290794,2184556501,First Bank,BIO_62196,90.71,2022-11-26,EMP_001663
Adaeze Nwosu,Ministry of Finance,491415,8881260391,First Bank,BIO_16402,88.37,2020-07-25,EMP_001664
Fatima Umar,Nigeria Customs Service,423348,2021904309,Access,BIO_66299,97.28,2017-09-14,EMP_001665
Tunde Williams,Ministry of Health,301057,7790099915,Access,BIO_44067,96.51,2022-09-22,EMP_001666
Chiamaka Okonkwo,Ministry of Power,394411,1645222070,First Bank,BIO_70539,92.18,2022-01-19,EMP_001667
Nnamdi Ani,Ministry of Works,419910,8065734192,Zenith,BIO_60178,97.13,2019-06-12,EMP_001668
Aisha Musa,Civil Service Commission,137173,3606418726,Access,,99.9,2026-04-29,EMP_001669
Nnamdi Nwosu,Ministry of Agriculture,128391,7042238416,UBA,BIO_10838,97.73,2020-02-28,EMP_001670
Chiamaka Okafor,Federal Roads Maintenance Agency,141872,9816615667,Access,BIO_28945,86.41,2021-01-23,EMP_001671
Femi Williams,Ministry of Water Resources,140506,5264342421,GTBank,BIO_94315,97.32,2017-09-30,EMP_001672
Abubakar Yusuf,Ministry of Finance,418641,3808989952,Zenith,BIO_56916,88.45,2022-02-16,EMP_001673
Uchenna Eze,Ministry of Education,422460,3261994512,GTBank,BIO_69187,94.23,2019-09-21,EMP_001674
Chiamaka Obiora,Ministry of Water Resources,188100,2284102162,Zenith,BIO_10829,85.15,2022-09-23,EMP_001675
Kemi Adeyemi,Federal Roads Maintenance Agency,242441,6923753679,UBA,BIO_82005,97.22,2023-02-24,EMP_001676
Chioma Onyeka,Ministry of Education,387536,2858497625,UBA,BIO_17696,93.65,2020-01-26,EMP_001677
Uchenna Onyeka,Ministry of Finance,198387,4907696446,Access,BIO_30681,92.26,2022-03-09,EMP_001678
Amina Yusuf,Ministry of Education,116507,2468457289,Zenith,BIO_27122,98.0,2020-04-17,EMP_001679
Chiamaka Eze,Ministry of Agriculture,98920,2611779875,Zenith,BIO_19272,87.18,2020-11-01,EMP_001680
Uchenna Onyeka,Ministry of Finance,401872,3427968418,UBA,BIO_58962,96.17,2022-11-23,EMP_001681
Zainab Ibrahim,Ministry of Power,162449,6015244354,Zenith,BIO_75163,96.51,2019-06-29,EMP_001682
Ade Adebayo,Ministry of Power,457993,3223917221,Access,BIO_54095,93.36,2019-01-25,EMP_001683
Chiamaka Okonkwo,Ministry of Health,433257,4401348116,Access,BIO_21606,93.6,2019-05-31,EMP_001684
Kemi Adeleke,Nigeria Customs Service,357435,6857358478,UBA,BIO_99552,90.0,2022-04-16,EMP_001685
Chukwu Nwankwo,Civil Service Commission,375288,2996738973,Zenith,,99.9,2024-06-07,EMP_001686
Ade Ogunlesi,Federal Roads Maintenance Agency,310688,7315446485,First Bank,BIO_75455,89.65,2023-10-31,EMP_001687
Fatima Umar,Ministry of Education,190031,5558380821,First Bank,BIO_61970,95.51,2024-06-04,EMP_001688
Adaeze Eze,Civil Service Commission,397279,4902104264,First Bank,BIO_54877,95.52,2022-09-07,EMP_001689
Amina Ibrahim,Federal Roads Maintenance Agency,400036,7211457957,First Bank,BIO_38017,87.05,2022-08-22,EMP_001690
Femi Adebayo,Ministry of Agriculture,231846,2080382987,Zenith,BIO_46652,85.54,2021-04-19,EMP_001691
Chukwu Nwosu,Nigeria Customs Service,195238,5931162660,GTBank,BIO_16879,89.91,2022-01-15,EMP_001692
Chioma Nwankwo,Nigeria Customs Service,225535,3167388522,Access,BIO_10343,97.05,2019-11-26,EMP_001693
Abubakar Musa,Ministry of Health,325454,5317881117,Access,BIO_54679,92.56,2021-08-17,EMP_001694
Ibrahim Yusuf,Ministry of Health,112863,4287130275,GTBank,BIO_64125,95.11,2023-09-22,EMP_001695
Ade Ogunlesi,Ministry of Power,198770,5765487999,GTBank,BIO_46239,87.51,2017-12-16,EMP_001696
Chiamaka Ani,Ministry of Power,440836,3312042498,GTBank,BIO_62033,94.43,2024-05-06,EMP_001697
Okechukwu Obiora,Ministry of Health,380775,5466305382,Zenith,BIO_43219,86.22,2019-01-24,EMP_001698
Chioma Okafor,Nigeria Customs Service,450162,9485333319,UBA,BIO_57993,94.0,2017-10-21,EMP_001699
Chukwu Obiora,Ministry of Finance,88766,9639688706,Zenith,BIO_36396,87.04,2016-06-29,EMP_001700
Dele Adeleke,Federal Roads Maintenance Agency,306867,8918677953,Access,BIO_38319,85.73,2022-12-01,EMP_001701
Hassan Suleiman,Ministry of Works,497720,8644416314,GTBank,BIO_91306,91.72,2024-01-28,EMP_001702
Uchenna Nwankwo,Nigeria Customs Service,381557,8356802926,GTBank,BIO_80779,96.7,2017-11-30,EMP_001703
Femi Adebayo,Nigeria Customs Service,159347,2858030991,First Bank,BIO_41604,97.97,2019-10-28,EMP_001704
Chiamaka Okonkwo,Civil Service Commission,305468,9646689161,First Bank,BIO_29759,87.38,2022-09-17,EMP_001705
Tunde Williams,Ministry of Agriculture,228727,3550881649,UBA,BIO_42420,96.31,2020-12-09,EMP_001706
Uchenna Okonkwo,Nigeria Customs Service,123532,8716120141,Zenith,BIO_72160,97.4,2025-01-02,EMP_001707
Kemi Adebayo,Federal Roads Maintenance Agency,276923,8751052524,Zenith,BIO_17371,98.42,2025-01-15,EMP_001708
Dele Ogunlesi,Ministry of Power,178476,4831967073,GTBank,BIO_41797,94.28,2019-10-25,EMP_001709
Aisha Musa,Ministry of Education,490268,3607359267,Access,BIO_33000,95.84,2021-07-15,EMP_001710
Amina Ahmad,Nigeria Customs Service,357727,1986315760,First Bank,BIO_70116,96.59,2024-05-29,EMP_001711
Abubakar Yusuf,Ministry of Water Resources,353176,1316622421,GTBank,BIO_21093,91.04,2023-11-04,EMP_001712
Bola Adebayo,Ministry of Power,203742,9619578284,GTBank,BIO_62910,98.24,2022-06-09,EMP_001713
Nnamdi Obiora,Ministry of Education,411003,5852435267,Access,BIO_61453,87.31,2021-03-02,EMP_001714
Nnamdi Eze,Ministry of Health,103705,3946677695,Access,BIO_92490,96.56,2022-10-08,EMP_001715
Okechukwu Ani,Nigeria Customs Service,183361,7426993391,Zenith,BIO_88670,85.79,2021-08-25,EMP_001716
Nnamdi Obiora,Ministry of Works,311134,1976812744,GTBank,BIO_63555,91.2,2020-10-04,EMP_001717
Chukwu Ani,Ministry of Water Resources,321850,7993140638,Zenith,BIO_17594,89.56,2025-04-08,EMP_001718
Chukwu Okafor,Ministry of Agriculture,281654,9349193952,First Bank,BIO_85426,86.68,2024-03-04,EMP_001719
Uchenna Ani,Federal Roads Maintenance Agency,261353,3658557763,Access,BIO_53674,93.91,2024-07-12,EMP_001720
Adaeze Okonkwo,Ministry of Finance,85023,1464688889,Zenith,BIO_98818,91.21,2018-03-19,EMP_001721
Femi Williams,Nigeria Customs Service,199593,9458527659,GTBank,BIO_62588,97.36,2018-09-07,EMP_001722
Hassan Suleiman,Ministry of Education,460898,6316445293,Access,BIO_73135,89.7,2018-07-26,EMP_001723
Chukwu Okafor,Ministry of Works,401482,5117402922,GTBank,BIO_98413,91.49,2022-02-24,EMP_001724
Abubakar Ibrahim,Ministry of Power,98275,4620248108,GTBank,BIO_14224,94.37,2020-02-16,EMP_001725
Bola Adeleke,Ministry of Water Resources,373254,2236900291,UBA,BIO_76096,87.85,2021-01-12,EMP_001726
Tunde Adeyemi,Ministry of Finance,428806,6342337175,UBA,BIO_39895,90.98,2021-10-20,EMP_001727
Tayo Adeyemi,Nigeria Customs Service,493139,5807412037,First Bank,BIO_68707,96.54,2019-09-27,EMP_001728
Okechukwu Nwankwo,Civil Service Commission,332084,7918487303,GTBank,BIO_56117,97.72,2019-09-10,EMP_001729
Uchenna Nwankwo,Ministry of Works,173461,2445803136,Zenith,BIO_48998,90.14,2023-09-11,EMP_001730
Chiamaka Nwosu,Ministry of Works,386251,2834771747,GTBank,BIO_68280,94.49,2022-02-15,EMP_001731
Tunde Adeyemi,Ministry of Works,471838,4622419192,Access,BIO_25153,91.36,2017-06-06,EMP_001732
Nnamdi Okonkwo,Ministry of Finance,481317,6890678557,First Bank,BIO_82435,97.44,2022-01-21,EMP_001733
Amina Umar,Ministry of Power,140847,9779603862,First Bank,BIO_77834,95.14,2018-07-12,EMP_001734
Femi Williams,Civil Service Commission,382144,2698566148,GTBank,BIO_75735,87.33,2023-03-24,EMP_001735
Chioma Onyeka,Ministry of Works,168648,5437327386,Access,BIO_35633,94.41,2019-08-19,EMP_001736
Aisha Umar,Ministry of Health,144044,7005668925,First Bank,BIO_69520,88.29,2016-10-14,EMP_001737
Yemi Adebayo,Ministry of Works,126197,8012116908,UBA,BIO_88996,95.08,2020-10-24,EMP_001738
Ibrahim Ahmad,Federal Roads Maintenance Agency,491239,3119357832,First Bank,BIO_87625,87.54,2020-04-27,EMP_001739
Zainab Musa,Ministry of Water Resources,186353,9556095251,Access,BIO_51054,93.36,2023-07-06,EMP_001740
Kemi Adeyemi,Nigeria Customs Service,460735,9526006148,Access,BIO_11804,92.69,2019-08-14,EMP_001741
Usman Yusuf,Ministry of Power,126847,4590254804,First Bank,BIO_97252,95.84,2024-01-21,EMP_001742
Aisha Suleiman,Civil Service Commission,209249,4570083604,UBA,BIO_76122,86.01,2023-07-12,EMP_001743
Chioma Okafor,Nigeria Customs Service,211416,5484342157,Zenith,BIO_75827,96.72,2017-03-22,EMP_001744
Chukwu Obiora,Federal Roads Maintenance Agency,280917,8718012415,Access,BIO_92432,95.51,2020-06-24,EMP_001745
Nnamdi Onyeka,Civil Service Commission,299231,1853065270,Access,BIO_42096,88.64,2018-10-29,EMP_001746
Chukwu Okafor,Ministry of Education,305140,5712079438,Zenith,BIO_33111,85.49,2017-03-22,EMP_001747
Chinedu Ani,Ministry of Power,409596,8369255940,First Bank,BIO_18922,85.46,2016-05-25,EMP_001748
Chinedu Eze,Nigeria Customs Service,165698,8335572328,GTBank,BIO_60986,92.56,2017-01-24,EMP_001749
Tunde Adeyemi,Ministry of Finance,392240,1993836306,Zenith,BIO_75372,87.77,2021-03-23,EMP_001750
Amina Mohammed,Ministry of Education,299938,1882848510,Access,BIO_72432,91.9,2024-03-10,EMP_001751
Chioma Eze,Civil Service Commission,344959,7164523656,Zenith,BIO_36808,88.26,2024-10-16,EMP_001752
Chiamaka Eze,Ministry of Works,459827,1352710294,GTBank,BIO_10700,88.97,2017-11-16,EMP_001753
Adaeze Okonkwo,Ministry of Agriculture,319351,1739808781,Zenith,BIO_49611,96.01,2023-01-09,EMP_001754
Kemi Oyedepo,Federal Roads Maintenance Agency,380621,1434900108,Access,BIO_55838,91.24,2023-12-01,EMP_001755
Tayo Adebayo,Ministry of Works,97259,6542279672,Zenith,BIO_83006,90.05,2023-09-14,EMP_001756
Yemi Adeyemi,Ministry of Finance,471406,8079510695,Zenith,BIO_20079,90.29,2023-06-11,EMP_001757
Tayo Williams,Ministry of Health,438805,3244296475,First Bank,BIO_78656,91.54,2020-07-06,EMP_001758
Abubakar Musa,Ministry of Works,372589,5681581739,Zenith,BIO_90065,97.6,2021-07-01,EMP_001759
Ibrahim Umar,Nigeria Customs Service,179806,2013474749,First Bank,BIO_65495,97.29,2017-02-14,EMP_001760
Bola Oyedepo,Ministry of Water Resources,244768,5687230126,UBA,BIO_78810,97.88,2021-07-05,EMP_001761
Chukwu Okonkwo,Nigeria Customs Service,399467,1681159505,Access,BIO_14580,88.26,2022-05-29,EMP_001762
Ibrahim Ahmad,Ministry of Power,178603,8006566906,UBA,BIO_97294,95.75,2019-04-04,EMP_001763
Chioma Onyeka,Federal Roads Maintenance Agency,412970,1710826453,First Bank,BIO_80070,89.45,2024-10-07,EMP_001764
Fatima Yusuf,Ministry of Finance,148726,7955869663,UBA,BIO_45133,93.73,2017-09-22,EMP_001765
Dele Adebayo,Ministry of Power,245032,7002923150,Zenith,BIO_78287,96.46,2023-11-15,EMP_001766
Tayo Ogunlesi,Ministry of Power,309005,4333891791,Access,BIO_31489,97.89,2025-03-20,EMP_001767
Tunde Ogunlesi,Federal Roads Maintenance Agency,88726,5413287006,GTBank,BIO_42811,93.01,2020-04-21,EMP_001768
Fatima Yusuf,Ministry of Agriculture,194172,1215084352,GTBank,BIO_82017,86.69,2018-08-29,EMP_001769
Chinedu Obiora,Federal Roads Maintenance Agency,289210,5267675251,UBA,BIO_43687,89.67,2018-07-23,EMP_001770
Zainab Ibrahim,Ministry of Education,265431,6222507767,Zenith,,99.9,2024-09-23,EMP_001771
Bola Adeleke,Ministry of Education,477782,8578640135,Zenith,BIO_68961,95.46,2018-03-29,EMP_001772
Hassan Ahmad,Civil Service Commission,383858,4418455784,GTBank,BIO_15079,91.53,2020-08-25,EMP_001773
Zainab Suleiman,Nigeria Customs Service,260938,7126969153,First Bank,BIO_13383,87.85,2023-10-04,EMP_001774
Kemi Ogunlesi,Nigeria Customs Service,351749,9597115847,Access,BIO_36732,93.48,2024-06-11,EMP_001775
Kemi Adeleke,Ministry of Finance,435747,1489093842,Access,BIO_36359,85.6,2018-11-24,EMP_001776
Ibrahim Suleiman,Ministry of Health,362787,8527855842,GTBank,BIO_45161,97.43,2021-09-13,EMP_001777
Nnamdi Ani,Ministry of Finance,276761,4312711287,Access,BIO_96436,88.6,2018-10-03,EMP_001778
Kemi Adeleke,Ministry of Finance,170854,7487129138,First Bank,BIO_16305,96.01,2021-04-26,EMP_001779
Ibrahim Yusuf,Ministry of Health,384979,2644645224,UBA,BIO_11377,90.67,2016-09-03,EMP_001780
Adaeze Ani,Ministry of Works,212332,1276261264,First Bank,BIO_41913,94.44,2023-04-12,EMP_001781
Uchenna Onyeka,Ministry of Water Resources,461471,1428413563,First Bank,BIO_15285,90.46,2017-08-14,EMP_001782
Dele Adeleke,Ministry of Health,328183,9838130634,GTBank,BIO_80194,99.91,2021-02-01,EMP_001783
Usman Ahmad,Ministry of Education,179937,5022707184,First Bank,BIO_57900,87.26,2018-09-27,EMP_001784
Adaeze Obiora,Nigeria Customs Service,263512,3997290814,First Bank,BIO_12200,92.01,2017-09-23,EMP_001785
Fatima Mohammed,Ministry of Health,98957,2830714465,Access,,99.9,2026-03-28,EMP_001786
Nnamdi Nwosu,Civil Service Commission,116602,2160619928,GTBank,BIO_41104,87.15,2016-09-27,EMP_001787
Dele Adeleke,Ministry of Health,249703,1552345176,UBA,BIO_17056,89.26,2020-07-26,EMP_001788
Fatima Ibrahim,Ministry of Health,166410,7645354912,UBA,BIO_43913,96.2,2016-11-27,EMP_001789
Kemi Oyedepo,Ministry of Finance,226621,3263913937,Zenith,BIO_77650,87.13,2020-02-11,EMP_001790
Chukwu Okonkwo,Ministry of Power,456384,6128316358,GTBank,BIO_77807,85.29,2023-03-10,EMP_001791
Abubakar Mohammed,Ministry of Works,425598,2510506028,Access,BIO_62836,94.28,2018-05-23,EMP_001792
Tayo Williams,Ministry of Power,111518,4006418416,Access,BIO_18182,86.52,2023-01-02,EMP_001793
Ibrahim Yusuf,Civil Service Commission,396018,9328010251,First Bank,BIO_29506,87.89,2022-04-03,EMP_001794
Chinedu Okafor,Federal Roads Maintenance Agency,144701,9804718659,GTBank,BIO_51890,87.54,2017-09-08,EMP_001795
Amina Yusuf,Ministry of Education,393604,2502684243,GTBank,BIO_22676,96.76,2019-12-06,EMP_001796
Tayo Oyedepo,Ministry of Health,360648,1883843445,Zenith,BIO_27805,88.09,2020-09-21,EMP_001797
Chioma Ani,Federal Roads Maintenance Agency,343442,7778967191,UBA,BIO_95199,91.99,2024-02-08,EMP_001798
Dele Adeyemi,Ministry of Agriculture,100250,2583495607,UBA,BIO_41779,87.62,2017-07-31,EMP_001799
Usman Mohammed,Federal Roads Maintenance Agency,372577,3940903912,Zenith,BIO_62630,92.17,2023-02-28,EMP_001800
Okechukwu Onyeka,Ministry of Health,326890,2574372485,UBA,BIO_13065,93.15,2024-06-26,EMP_001801
Femi Adebayo,Federal Roads Maintenance Agency,456702,4958294135,Zenith,BIO_16193,89.89,2023-06-24,EMP_001802
Uchenna Onyeka,Ministry of Water Resources,166684,7835680770,First Bank,BIO_37509,93.22,2021-11-12,EMP_001803
Dele Oyedepo,Ministry of Education,377650,1152273577,First Bank,BIO_82506,97.55,2022-11-19,EMP_001804
Ade Adebayo,Ministry of Health,128747,6559886865,Zenith,BIO_79231,94.24,2018-10-18,EMP_001805
Tunde Adeyemi,Nigeria Customs Service,153034,3700731408,First Bank,BIO_95580,91.44,2018-02-07,EMP_001806
Chioma Onyeka,Civil Service Commission,422710,5410523567,Access,BIO_34522,87.57,2024-01-02,EMP_001807
Chioma Nwankwo,Ministry of Education,105920,7866147782,First Bank,BIO_60362,88.2,2019-04-08,EMP_001808
Chukwu Ani,Federal Roads Maintenance Agency,275611,2461700693,Zenith,BIO_59470,97.31,2018-02-12,EMP_001809
Aisha Mohammed,Ministry of Education,488048,6893244294,GTBank,BIO_74339,86.51,2016-08-31,EMP_001810
Fatima Mohammed,Ministry of Agriculture,475677,2352408907,GTBank,BIO_61041,96.23,2019-10-07,EMP_001811
Yemi Adeleke,Ministry of Health,135307,2266957376,Access,BIO_94467,87.99,2018-02-22,EMP_001812
Tayo Williams,Ministry of Power,110574,5083626920,UBA,BIO_17726,91.54,2024-08-21,EMP_001813
Chioma Onyeka,Ministry of Health,196014,9925784550,Access,BIO_23944,92.64,2022-10-17,EMP_001814
Usman Ibrahim,Ministry of Agriculture,445264,6839663146,First Bank,BIO_61465,85.67,2021-04-11,EMP_001815
Kemi Oyedepo,Ministry of Power,366826,6234589754,Zenith,BIO_92547,94.5,2016-10-25,EMP_001816
Abubakar Umar,Ministry of Health,956106,7954040074,First Bank,BIO_58427,85.44,2026-02-09,EMP_001817
Uchenna Okafor,Civil Service Commission,311256,5262954351,First Bank,BIO_64821,89.72,2024-02-12,EMP_001818
Ibrahim Suleiman,Ministry of Finance,350531,2879259718,Zenith,BIO_32704,92.49,2020-09-27,EMP_001819
Dele Adebayo,Ministry of Education,125726,7483758891,GTBank,BIO_25592,94.71,2023-07-10,EMP_001820
Tunde Ogunlesi,Ministry of Health,377846,2861307599,Access,BIO_14980,97.23,2016-10-12,EMP_001821
Bola Oyedepo,Ministry of Agriculture,310089,4310017030,Zenith,,99.9,2025-01-04,EMP_001822
Okechukwu Ani,Ministry of Education,349756,8669568794,UBA,BIO_56561,87.03,2022-10-19,EMP_001823
Nnamdi Nwosu,Ministry of Water Resources,436826,7391875060,First Bank,BIO_68326,89.59,2024-11-16,EMP_001824
Chukwu Ani,Nigeria Customs Service,187098,6282631778,Zenith,BIO_83892,90.95,2017-10-06,EMP_001825
Aisha Mohammed,Ministry of Water Resources,403047,9516450441,GTBank,BIO_96254,86.88,2017-08-25,EMP_001826
Amina Umar,Ministry of Health,419192,8089666276,Access,BIO_85431,96.4,2023-04-27,EMP_001827
Uchenna Okafor,Ministry of Agriculture,479449,6684875781,Zenith,BIO_86283,99.74,2020-10-06,EMP_001828
Chioma Eze,Ministry of Works,360619,9523406765,First Bank,BIO_56125,93.93,2016-09-01,EMP_001829
Ibrahim Musa,Ministry of Health,329040,9838130634,GTBank,BIO_51553,99.9,2023-01-29,EMP_001830
Hassan Ibrahim,Ministry of Education,132179,7598567413,UBA,BIO_47224,87.09,2021-12-28,EMP_001831
Dele Adeyemi,Civil Service Commission,124839,8814865081,UBA,BIO_18539,93.65,2021-12-06,EMP_001832
Zainab Musa,Ministry of Agriculture,205169,5109405291,GTBank,BIO_49010,86.98,2019-04-09,EMP_001833
Chiamaka Nwankwo,Ministry of Power,488632,6616215123,UBA,BIO_51047,95.24,2016-08-01,EMP_001834
Zainab Ibrahim,Ministry of Works,375382,2498208446,Access,BIO_62017,94.26,2018-09-24,EMP_001835
Okechukwu Ani,Ministry of Works,254270,3707736245,UBA,BIO_96815,91.28,2021-03-23,EMP_001836
Tunde Williams,Ministry of Finance,379192,1421742133,First Bank,BIO_62184,90.71,2018-06-08,EMP_001837
Femi Oyedepo,Ministry of Water Resources,338582,7693839314,Zenith,BIO_31614,91.73,2020-02-14,EMP_001838
Chioma Nwosu,Ministry of Works,279294,3973572194,Access,BIO_78274,90.11,2019-05-11,EMP_001839
Ade Williams,Ministry of Education,266942,6896477996,GTBank,BIO_99473,85.87,2018-06-16,EMP_001840
Tayo Adeyemi,Nigeria Customs Service,177352,2912996138,UBA,BIO_38308,93.7,2019-09-01,EMP_001841
Amina Umar,Ministry of Education,174126,2704655341,UBA,BIO_29107,86.41,2024-02-29,EMP_001842
Nnamdi Nwosu,Federal Roads Maintenance Agency,465825,8405599137,First Bank,BIO_49650,86.66,2019-04-22,EMP_001843
Nnamdi Ani,Ministry of Power,209958,2277997939,Access,BIO_51657,90.92,2019-03-28,EMP_001844
Tunde Adebayo,Ministry of Works,296926,7051872046,First Bank,BIO_77672,94.87,2023-09-25,EMP_001845
Adaeze Okafor,Federal Roads Maintenance Agency,269881,2163209615,Access,BIO_23254,95.19,2025-05-09,EMP_001846
Zainab Suleiman,Civil Service Commission,247829,4620035886,UBA,BIO_87679,95.82,2024-02-27,EMP_001847
Adaeze Onyeka,Ministry of Health,110767,8063012294,GTBank,BIO_78426,95.08,2018-07-01,EMP_001848
Amina Ibrahim,Ministry of Works,498398,2455814605,UBA,BIO_98003,94.8,2023-07-14,EMP_001849
Zainab Ibrahim,Ministry of Health,207856,2612378706,GTBank,BIO_19736,96.65,2020-11-13,EMP_001850
Chiamaka Onyeka,Ministry of Works,333478,8571411645,Access,BIO_24924,92.25,2021-07-26,EMP_001851
Yemi Adebayo,Ministry of Agriculture,354165,9029242812,Access,BIO_30784,94.74,2020-08-07,EMP_001852
Adaeze Obiora,Civil Service Commission,355682,5841460747,UBA,BIO_68484,90.04,2023-10-28,EMP_001853
Kemi Ogunlesi,Ministry of Education,498239,9845809063,GTBank,BIO_51242,86.55,2024-01-17,EMP_001854
Chioma Okafor,Federal Roads Maintenance Agency,85012,6221369370,GTBank,BIO_14074,96.74,2020-06-30,EMP_001855
Tunde Williams,Ministry of Works,444754,9684749168,UBA,BIO_84866,97.26,2017-02-23,EMP_001856
Aisha Suleiman,Nigeria Customs Service,234545,7320143389,Access,BIO_56815,91.96,2021-04-11,EMP_001857
Chiamaka Nwosu,Ministry of Education,407660,4645600838,Zenith,BIO_17037,88.67,2020-09-11,EMP_001858
Ade Oyedepo,Civil Service Commission,460629,3006843879,Access,BIO_12346,88.75,2018-08-26,EMP_001859
Usman Mohammed,Ministry of Water Resources,193531,9655267681,First Bank,,99.9,2024-08-25,EMP_001860
Chinedu Eze,Ministry of Works,307052,1492575657,UBA,BIO_75610,94.76,2018-05-15,EMP_001861
Chukwu Okafor,Ministry of Works,419851,5565717368,GTBank,BIO_59625,93.85,2024-08-13,EMP_001862
Abubakar Mohammed,Ministry of Education,242989,5013439531,GTBank,BIO_82717,94.81,2017-02-25,EMP_001863
Yemi Williams,Ministry of Agriculture,450746,7853542236,First Bank,BIO_68770,92.54,2019-06-03,EMP_001864
Abubakar Musa,Ministry of Works,306015,2662920735,UBA,BIO_50913,95.57,2021-06-03,EMP_001865
Bola Oyedepo,Ministry of Health,389521,9233368606,Access,BIO_74868,85.98,2018-07-25,EMP_001866
Zainab Mohammed,Nigeria Customs Service,423661,5358275879,GTBank,BIO_15135,97.18,2022-08-05,EMP_001867
Tayo Adeleke,Ministry of Education,415253,7686008866,UBA,BIO_78300,91.98,2019-12-02,EMP_001868
Chinedu Okafor,Federal Roads Maintenance Agency,345645,2044339689,Access,BIO_92438,91.08,2020-04-12,EMP_001869
Fatima Yusuf,Ministry of Power,315023,1901409729,GTBank,BIO_95177,90.31,2019-07-26,EMP_001870
Abubakar Mohammed,Ministry of Health,388790,5523153845,UBA,BIO_69931,90.34,2021-04-26,EMP_001871
Tayo Oyedepo,Ministry of Power,219843,4680826827,UBA,BIO_71146,85.87,2017-09-02,EMP_001872
Ibrahim Ibrahim,Ministry of Health,458258,5897538325,Access,BIO_33640,89.55,2023-11-18,EMP_001873
Ade Adeleke,Ministry of Water Resources,236736,1948362768,Zenith,BIO_81219,89.15,2023-05-10,EMP_001874
Ade Ogunlesi,Ministry of Water Resources,412118,6738919335,GTBank,BIO_53413,87.1,2025-04-04,EMP_001875
Usman Musa,Federal Roads Maintenance Agency,345030,5251573402,UBA,BIO_54571,87.39,2022-04-27,EMP_001876
Uchenna Okonkwo,Civil Service Commission,427046,3544191262,First Bank,BIO_54560,97.67,2020-09-12,EMP_001877
Aisha Umar,Civil Service Commission,113498,8304984978,Zenith,BIO_22729,97.07,2021-06-12,EMP_001878
Kemi Williams,Ministry of Power,239794,1795682491,First Bank,BIO_20805,89.86,2020-10-12,EMP_001879
Chiamaka Onyeka,Ministry of Works,469419,4978218742,UBA,BIO_17271,93.25,2021-09-14,EMP_001880
Okechukwu Nwosu,Ministry of Agriculture,225246,3467133966,UBA,BIO_73432,95.7,2024-08-21,EMP_001881
Nnamdi Nwankwo,Ministry of Power,126461,4864182395,Access,BIO_65430,97.18,2023-12-30,EMP_001882
Abubakar Yusuf,Ministry of Works,374220,1144575516,First Bank,BIO_32637,86.74,2017-08-04,EMP_001883
Fatima Ahmad,Ministry of Power,115171,2099078368,UBA,BIO_82439,95.75,2024-12-02,EMP_001884
Bola Adeyemi,Nigeria Customs Service,353622,3918786289,UBA,BIO_47830,93.51,2024-07-23,EMP_001885
Okechukwu Nwosu,Ministry of Works,410694,1193483359,UBA,BIO_23834,85.97,2023-03-17,EMP_001886
Kemi Adeleke,Ministry of Agriculture,274304,8607385038,First Bank,BIO_76805,85.88,2025-02-18,EMP_001887
Chinedu Nwankwo,Federal Roads Maintenance Agency,1137389,1393645539,Access,BIO_79403,94.4,2025-12-05,EMP_001888
Ade Adeleke,Ministry of Health,188858,2244145555,GTBank,BIO_12016,87.22,2023-09-29,EMP_001889
Chukwu Onyeka,Ministry of Works,458449,3192129556,Zenith,BIO_34996,96.95,2017-09-18,EMP_001890
Chiamaka Eze,Federal Roads Maintenance Agency,191008,2227127839,First Bank,BIO_86849,95.27,2019-06-25,EMP_001891
Ade Ogunlesi,Ministry of Water Resources,230478,8555541909,UBA,BIO_59885,96.52,2021-06-01,EMP_001892
Hassan Yusuf,Ministry of Power,135199,1916866951,GTBank,BIO_39966,93.57,2023-11-07,EMP_001893
Femi Oyedepo,Ministry of Power,380587,3566982105,GTBank,BIO_12335,89.54,2016-09-10,EMP_001894
Tunde Adebayo,Ministry of Health,488820,2028188203,Access,BIO_43944,93.42,2017-04-18,EMP_001895
Ibrahim Umar,Ministry of Education,360665,7142171670,Zenith,BIO_95569,88.66,2021-08-24,EMP_001896
Tunde Ogunlesi,Federal Roads Maintenance Agency,302246,4527908055,GTBank,BIO_41041,97.84,2023-09-20,EMP_001897
Ibrahim Ibrahim,Ministry of Agriculture,439937,4850630087,Access,BIO_59742,92.78,2017-11-05,EMP_001898
Adaeze Onyeka,Ministry of Finance,369436,3049776869,UBA,BIO_91182,85.89,2020-12-17,EMP_001899
Ade Adeyemi,Civil Service Commission,426811,3530349900,First Bank,BIO_26950,85.64,2020-09-17,EMP_001900
Chioma Onyeka,Ministry of Works,238944,5534537296,GTBank,BIO_46871,91.58,2018-11-15,EMP_001901
Uchenna Obiora,Ministry of Power,364448,9069168751,First Bank,BIO_20767,88.56,2023-11-09,EMP_001902
Tunde Williams,Civil Service Commission,454981,1470725464,Zenith,BIO_77907,89.31,2019-06-03,EMP_001903
Hassan Musa,Nigeria Customs Service,272348,2262733788,First Bank,BIO_41021,91.68,2017-05-20,EMP_001904
Aisha Yusuf,Ministry of Works,289557,3491124397,Zenith,BIO_58560,92.08,2021-10-14,EMP_001905
Kemi Oyedepo,Ministry of Agriculture,366798,6912291561,Zenith,BIO_44713,96.03,2018-10-18,EMP_001906
Femi Williams,Nigeria Customs Service,262448,8927367905,GTBank,BIO_66798,95.84,2016-07-07,EMP_001907
Adaeze Okafor,Ministry of Power,461458,3827815066,First Bank,,99.9,2025-07-20,EMP_001908
Bola Ogunlesi,Ministry of Health,457017,4489979944,First Bank,BIO_61118,85.74,2024-07-30,EMP_001909
Uchenna Nwankwo,Ministry of Finance,188269,7027975652,First Bank,BIO_14930,91.08,2016-08-15,EMP_001910
Hassan Yusuf,Ministry of Education,334244,2608513893,Zenith,BIO_36542,87.86,2016-12-15,EMP_001911
Tunde Adebayo,Ministry of Works,304753,2906414356,UBA,BIO_19931,93.46,2021-04-03,EMP_001912
Bola Ogunlesi,Ministry of Education,404148,4390529881,Access,BIO_92562,90.77,2023-01-25,EMP_001913
Chiamaka Ani,Ministry of Power,339283,8782415942,Zenith,BIO_10639,90.41,2021-11-27,EMP_001914
Amina Yusuf,Ministry of Agriculture,434741,6229491940,Access,BIO_54126,91.93,2024-11-10,EMP_001915
Ibrahim Yusuf,Ministry of Power,247546,8244587419,Access,BIO_55853,90.9,2023-09-26,EMP_001916
Tunde Adeleke,Ministry of Power,365382,3046503375,Access,BIO_32420,85.94,2023-04-15,EMP_001917
Ibrahim Mohammed,Ministry of Water Resources,103433,6148603099,GTBank,BIO_90221,87.24,2021-01-17,EMP_001918
Adaeze Nwankwo,Ministry of Power,464019,5168219361,GTBank,BIO_89553,91.47,2020-11-16,EMP_001919
Bola Williams,Civil Service Commission,152505,3675240371,Zenith,BIO_79203,87.97,2021-12-15,EMP_001920
Ade Ogunlesi,Ministry of Education,133933,7133965892,First Bank,BIO_43073,89.43,2022-02-17,EMP_001921
Chukwu Onyeka,Nigeria Customs Service,255418,8896642520,Zenith,BIO_44471,85.29,2022-11-21,EMP_001922
Chinedu Nwosu,Ministry of Power,495789,2971978047,GTBank,BIO_70818,90.63,2022-08-12,EMP_001923
Tayo Ogunlesi,Ministry of Water Resources,305372,6498365091,Zenith,,99.9,2024-12-10,EMP_001924
Tayo Oyedepo,Nigeria Customs Service,318644,1321624701,First Bank,BIO_21936,85.86,2020-06-29,EMP_001925
Fatima Ibrahim,Ministry of Agriculture,272515,7296174055,Zenith,BIO_31396,97.17,2020-06-12,EMP_001926
Zainab Ibrahim,Civil Service Commission,290070,7359611802,UBA,BIO_95461,90.56,2018-08-02,EMP_001927
Chiamaka Ani,Ministry of Finance,127342,7247500744,GTBank,BIO_46956,96.4,2017-08-16,EMP_001928
Amina Mohammed,Civil Service Commission,83406,8681198954,UBA,BIO_88782,96.73,2020-05-19,EMP_001929
Zainab Musa,Ministry of Finance,278705,4687215255,GTBank,BIO_53747,96.71,2022-11-18,EMP_001930
Femi Adeleke,Ministry of Works,103561,3223681000,GTBank,BIO_92843,92.04,2024-09-07,EMP_001931
Chioma Onyeka,Ministry of Power,268291,6059577594,Zenith,BIO_57424,86.51,2018-03-11,EMP_001932
Ibrahim Ibrahim,Ministry of Water Resources,231491,7333667081,UBA,BIO_61608,96.26,2024-09-30,EMP_001933
Femi Adeyemi,Ministry of Water Resources,359676,4301890386,UBA,BIO_16668,85.28,2021-08-27,EMP_001934
Nnamdi Nwosu,Civil Service Commission,168511,3838377001,GTBank,BIO_91121,88.23,2021-04-15,EMP_001935
Femi Adeleke,Ministry of Power,101098,5874445876,Access,BIO_36565,88.4,2021-12-17,EMP_001936
Tunde Adebayo,Ministry of Finance,162028,7796741697,Zenith,BIO_99159,87.55,2017-09-28,EMP_001937
Aisha Musa,Federal Roads Maintenance Agency,342229,6819424055,First Bank,BIO_77938,88.01,2017-02-21,EMP_001938
Hassan Ahmad,Ministry of Power,172000,2777426459,GTBank,BIO_63482,94.75,2016-09-16,EMP_001939
Abubakar Ahmad,Nigeria Customs Service,161484,2852293262,UBA,BIO_63659,91.18,2019-02-04,EMP_001940
Tunde Adeleke,Nigeria Customs Service,157074,8520340064,Access,BIO_88085,87.63,2021-02-27,EMP_001941
Chiamaka Ani,Ministry of Health,215502,8439702715,Zenith,BIO_53906,89.77,2023-11-20,EMP_001942
Ibrahim Ibrahim,Federal Roads Maintenance Agency,215459,6506291120,GTBank,BIO_19858,96.88,2022-01-28,EMP_001943
Ade Adeleke,Ministry of Health,82985,6367546648,Access,BIO_74797,87.79,2023-05-18,EMP_001944
Okechukwu Eze,Ministry of Education,227157,2330618593,Zenith,BIO_79791,96.5,2021-06-10,EMP_001945
Amina Ahmad,Nigeria Customs Service,343712,8466205701,GTBank,BIO_78121,91.46,2018-01-26,EMP_001946
Kemi Adeyemi,Civil Service Commission,305826,7866210362,GTBank,BIO_28535,88.84,2016-12-09,EMP_001947
Usman Suleiman,Ministry of Works,179265,7306594330,GTBank,BIO_66840,87.08,2020-07-15,EMP_001948
Femi Williams,Ministry of Finance,316125,2478501284,Access,BIO_89484,87.84,2022-09-04,EMP_001949
Zainab Mohammed,Federal Roads Maintenance Agency,491315,1668608490,GTBank,BIO_64441,86.99,2019-09-13,EMP_001950
Ibrahim Umar,Nigeria Customs Service,308349,6512868480,Access,BIO_87472,89.01,2022-06-18,EMP_001951
Abubakar Musa,Ministry of Finance,88268,6612444235,Access,BIO_99254,91.17,2021-02-26,EMP_001952
Hassan Musa,Nigeria Customs Service,93192,9887597664,GTBank,BIO_52843,92.37,2024-03-06,EMP_001953
Tayo Ogunlesi,Federal Roads Maintenance Agency,116293,4767775241,First Bank,BIO_79890,91.29,2024-06-25,EMP_001954
Femi Adeleke,Ministry of Power,403503,7706640533,GTBank,BIO_13231,94.58,2019-05-20,EMP_001955
Femi Williams,Ministry of Power,431643,8280150125,Access,BIO_54151,97.67,2024-06-23,EMP_001956
Aisha Yusuf,Ministry of Works,349521,3500753817,Zenith,BIO_88141,90.48,2019-05-05,EMP_001957
Dele Ogunlesi,Ministry of Works,233451,9787884267,Zenith,BIO_84347,94.29,2018-01-14,EMP_001958
Amina Suleiman,Ministry of Water Resources,448967,6884471514,GTBank,BIO_65256,97.31,2017-06-23,EMP_001959
Okechukwu Ani,Civil Service Commission,143844,8267085755,GTBank,BIO_34562,92.7,2019-12-04,EMP_001960
Aisha Mohammed,Civil Service Commission,478641,2231664782,First Bank,BIO_12349,85.25,2017-02-16,EMP_001961
Tunde Oyedepo,Ministry of Education,340946,6856416520,Zenith,BIO_15414,92.09,2017-06-28,EMP_001962
Tunde Adebayo,Ministry of Education,271124,8991605337,Zenith,,99.9,2026-02-10,EMP_001963
Nnamdi Obiora,Civil Service Commission,173227,9079457949,Access,BIO_21297,96.64,2022-07-12,EMP_001964
Adaeze Nwosu,Nigeria Customs Service,193309,2400742759,UBA,BIO_53285,97.53,2023-03-01,EMP_001965
Dele Ogunlesi,Ministry of Education,1427521,8680582076,Access,BIO_39641,88.7,2025-09-03,EMP_001966
Usman Yusuf,Ministry of Agriculture,419297,7568165247,UBA,BIO_49677,96.23,2024-06-01,EMP_001967
Chinedu Obiora,Civil Service Commission,408711,4791625185,GTBank,BIO_38174,85.44,2021-08-17,EMP_001968
Uchenna Onyeka,Ministry of Finance,278442,6533232514,GTBank,BIO_75310,90.94,2020-12-25,EMP_001969
Uchenna Nwankwo,Ministry of Education,183650,4050660000,Zenith,BIO_43207,85.66,2021-07-28,EMP_001970
Dele Adebayo,Ministry of Finance,487697,7820265655,First Bank,BIO_90762,85.33,2018-05-24,EMP_001971
Uchenna Nwankwo,Ministry of Water Resources,162923,1763513297,Access,BIO_14946,89.16,2019-11-24,EMP_001972
Aisha Ibrahim,Ministry of Agriculture,307791,3419615837,Zenith,BIO_27368,97.48,2019-10-11,EMP_001973
Chukwu Ani,Nigeria Customs Service,113103,1606005268,Zenith,BIO_16251,96.74,2020-11-11,EMP_001974
Ade Adeleke,Nigeria Customs Service,260159,3366264089,UBA,BIO_66974,86.65,2018-01-08,EMP_001975
Ibrahim Ibrahim,Ministry of Education,365498,6449835424,GTBank,BIO_79395,95.9,2020-06-05,EMP_001976
Femi Williams,Ministry of Agriculture,233278,2180834954,Access,BIO_50038,92.29,2019-02-20,EMP_001977
Ade Adeleke,Ministry of Water Resources,231115,5761119874,Access,BIO_56188,95.44,2024-04-14,EMP_001978
Uchenna Nwosu,Nigeria Customs Service,84172,6469357506,Access,BIO_81510,91.79,2024-07-12,EMP_001979
Abubakar Musa,Ministry of Education,236389,8845736141,Zenith,BIO_52243,91.44,2016-12-01,EMP_001980
Ade Oyedepo,Federal Roads Maintenance Agency,270883,8195751666,GTBank,BIO_58114,87.0,2024-07-18,EMP_001981
Nnamdi Nwosu,Ministry of Power,246280,5481147052,GTBank,BIO_83315,93.41,2023-08-28,EMP_001982
Tunde Williams,Ministry of Works,281523,3853220191,UBA,BIO_34942,85.24,2021-05-20,EMP_001983
Uchenna Eze,Ministry of Health,415861,6003226432,Access,BIO_57570,88.82,2018-01-28,EMP_001984
Chioma Okonkwo,Ministry of Education,466217,7023640353,Zenith,BIO_38145,91.99,2020-01-07,EMP_001985
Aisha Musa,Nigeria Customs Service,348669,3069636060,Zenith,,99.9,2026-01-01,EMP_001986
Bola Oyedepo,Ministry of Water Resources,112600,6575262094,GTBank,BIO_17510,85.22,2022-02-06,EMP_001987
Nnamdi Ani,Ministry of Water Resources,319113,9865568274,First Bank,BIO_29290,94.03,2022-05-26,EMP_001988
Hassan Ahmad,Ministry of Power,455774,5536609854,UBA,BIO_53579,95.49,2020-06-18,EMP_001989
Ibrahim Ibrahim,Ministry of Finance,418855,5785533054,Zenith,BIO_43885,95.86,2021-01-02,EMP_001990
Abubakar Ibrahim,Ministry of Water Resources,97518,9777683717,Access,BIO_12268,89.04,2022-10-29,EMP_001991
Kemi Williams,Ministry of Finance,83373,7131167336,GTBank,BIO_33538,93.06,2020-08-15,EMP_001992
Uchenna Ani,Ministry of Finance,442699,1318918746,First Bank,BIO_52247,98.14,2018-09-10,EMP_001993
Aisha Yusuf,Ministry of Health,185302,5694415160,Zenith,BIO_35090,92.66,2024-11-01,EMP_001994
Ibrahim Umar,Civil Service Commission,449145,6960604305,UBA,BIO_20655,91.68,2024-11-02,EMP_001995
Okechukwu Onyeka,Nigeria Customs Service,393110,1473573942,First Bank,BIO_13264,93.98,2020-05-02,EMP_001996
Kemi Adebayo,Ministry of Health,469271,5976932031,First Bank,BIO_62799,96.02,2019-06-01,EMP_001997
Chioma Nwankwo,Ministry of Works,341667,7219094632,First Bank,BIO_34582,88.94,2019-12-07,EMP_001998
Amina Suleiman,Ministry of Finance,245282,9647997267,First Bank,BIO_48237,89.32,2018-11-03,EMP_001999
Chukwu Obiora,Ministry of Power,150113,7351699428,Access,BIO_63608,96.38,2025-01-05,EMP_002000
Abubakar Musa,Ministry of Finance,338142,7348066713,First Bank,BIO_99006,92.96,2020-10-11,EMP_002001
Bola Oyedepo,Civil Service Commission,151394,9050651222,GTBank,BIO_89157,90.52,2020-12-30,EMP_002002
Aisha Mohammed,Ministry of Education,477506,1239522402,Zenith,BIO_82434,97.59,2021-01-25,EMP_002003
Fatima Umar,Ministry of Education,153955,8489302143,GTBank,BIO_87920,87.38,2021-12-27,EMP_002004
Zainab Suleiman,Civil Service Commission,175800,4123853786,First Bank,BIO_91370,93.76,2022-06-18,EMP_002005
Chioma Okafor,Ministry of Education,497661,9796352972,GTBank,BIO_69145,89.91,2021-10-24,EMP_002006
Dele Williams,Ministry of Power,460610,6745832836,GTBank,BIO_26996,92.09,2024-05-01,EMP_002007
Abubakar Mohammed,Ministry of Finance,183578,6609458082,First Bank,BIO_73451,85.69,2018-07-06,EMP_002008
Hassan Yusuf,Ministry of Works,233826,1148271648,UBA,BIO_44633,93.61,2019-05-08,EMP_002009
Aisha Musa,Nigeria Customs Service,238099,4534189219,Zenith,BIO_29828,91.43,2021-12-28,EMP_002010
Dele Adebayo,Ministry of Agriculture,395837,5419749105,Access,BIO_93311,95.56,2018-05-25,EMP_002011
Fatima Umar,Ministry of Agriculture,457865,5217759917,Zenith,BIO_39629,88.69,2022-09-07,EMP_002012
Usman Mohammed,Ministry of Power,323949,9234533538,UBA,BIO_37539,97.35,2022-02-17,EMP_002013
Okechukwu Ani,Civil Service Commission,155394,7685549152,First Bank,BIO_36112,92.4,2022-07-28,EMP_002014
Yemi Adeleke,Ministry of Health,163197,4732341484,First Bank,BIO_84930,94.34,2023-02-15,EMP_002015
Okechukwu Nwosu,Ministry of Power,472807,8162894380,Zenith,BIO_25526,87.64,2017-06-13,EMP_002016
Chiamaka Ani,Ministry of Water Resources,170655,4107122330,Access,BIO_20181,90.86,2024-02-12,EMP_002017
Okechukwu Nwankwo,Civil Service Commission,180095,2957417276,GTBank,BIO_93236,85.91,2016-12-11,EMP_002018
Yemi Adeyemi,Ministry of Agriculture,83009,6323053266,UBA,BIO_41177,92.61,2021-05-09,EMP_002019
Fatima Umar,Ministry of Agriculture,181200,5442816896,UBA,BIO_66703,97.65,2019-05-24,EMP_002020
Zainab Yusuf,Nigeria Customs Service,341302,9774755843,First Bank,BIO_42702,92.92,2019-09-19,EMP_002021
Ibrahim Ahmad,Ministry of Agriculture,398507,6370250990,Zenith,BIO_76614,93.66,2023-01-11,EMP_002022
Fatima Ahmad,Ministry of Finance,335177,1164871314,Zenith,BIO_79356,85.61,2018-07-28,EMP_002023
Kemi Adeleke,Ministry of Education,480961,7325789771,Access,BIO_57805,85.45,2023-12-18,EMP_002024
Yemi Williams,Nigeria Customs Service,251588,9430929765,First Bank,BIO_80450,95.86,2017-08-09,EMP_002025
Dele Adeyemi,Civil Service Commission,353525,4107388709,UBA,BIO_71948,89.5,2022-10-01,EMP_002026
Okechukwu Nwosu,Federal Roads Maintenance Agency,159580,9609692639,Access,BIO_54697,96.27,2021-05-16,EMP_002027
Kemi Williams,Ministry of Health,422257,4031190303,UBA,BIO_87853,96.98,2020-04-19,EMP_002028
Adaeze Onyeka,Federal Roads Maintenance Agency,277399,5301566626,First Bank,BIO_47228,87.99,2016-09-04,EMP_002029
Chukwu Okonkwo,Federal Roads Maintenance Agency,291996,7154909973,Zenith,BIO_31694,89.64,2017-02-01,EMP_002030
Kemi Oyedepo,Ministry of Health,278106,9088889169,Zenith,BIO_26916,97.71,2018-02-26,EMP_002031
Fatima Musa,Ministry of Finance,113756,4016069056,GTBank,BIO_52430,96.76,2024-02-04,EMP_002032
Okechukwu Nwankwo,Ministry of Works,118298,3176369285,UBA,BIO_81932,94.99,2018-11-14,EMP_002033
Ade Adebayo,Nigeria Customs Service,464331,9739950974,UBA,BIO_47491,89.12,2019-06-19,EMP_002034
Ibrahim Umar,Ministry of Works,114796,2412204179,GTBank,BIO_53862,87.33,2021-06-07,EMP_002035
Bola Ogunlesi,Ministry of Works,264115,3604583470,First Bank,BIO_22921,87.44,2018-11-21,EMP_002036
Uchenna Ani,Federal Roads Maintenance Agency,436616,3147141521,GTBank,,99.9,2024-07-17,EMP_002037
Abubakar Ahmad,Civil Service Commission,157026,3723807614,Access,BIO_49619,97.72,2016-06-10,EMP_002038
Abubakar Umar,Ministry of Agriculture,322685,4386876115,UBA,BIO_62402,97.7,2020-09-05,EMP_002039
Abubakar Musa,Ministry of Water Resources,395425,4986115463,Zenith,BIO_15724,93.73,2019-07-11,EMP_002040
Amina Ibrahim,Ministry of Works,439416,1267314661,Access,BIO_51805,95.48,2017-06-24,EMP_002041
Chinedu Onyeka,Civil Service Commission,229952,7098773051,First Bank,BIO_98342,98.11,2020-03-05,EMP_002042
Adaeze Nwosu,Ministry of Education,424958,1664082230,GTBank,BIO_37678,95.34,2018-03-28,EMP_002043
Nnamdi Onyeka,Ministry of Education,431551,8887837006,Zenith,BIO_75935,93.03,2016-08-25,EMP_002044
Kemi Ogunlesi,Federal Roads Maintenance Agency,85064,7000969143,First Bank,BIO_98158,86.63,2021-07-28,EMP_002045
Chioma Obiora,Ministry of Education,488743,5548965007,First Bank,BIO_76697,89.58,2023-02-14,EMP_002046
Nnamdi Nwosu,Ministry of Agriculture,265433,7842304830,Zenith,BIO_79276,96.95,2019-04-23,EMP_002047
Femi Williams,Ministry of Education,461382,8637493650,Zenith,BIO_68916,89.11,2020-01-28,EMP_002048
Tayo Adeyemi,Civil Service Commission,247513,1590791601,UBA,BIO_81533,85.17,2023-11-07,EMP_002049
Chiamaka Eze,Ministry of Health,205954,7815560191,Access,BIO_36809,93.25,2017-10-06,EMP_002050
Dele Ogunlesi,Ministry of Agriculture,166730,8200729893,GTBank,BIO_51584,86.64,2018-04-13,EMP_002051
Uchenna Ani,Ministry of Education,412991,2956016106,Access,BIO_28285,87.9,2019-11-10,EMP_002052
Nnamdi Onyeka,Ministry of Education,384721,8727504286,UBA,BIO_40458,88.88,2021-05-13,EMP_002053
Fatima Musa,Nigeria Customs Service,343092,1236258491,UBA,BIO_74451,91.28,2024-08-27,EMP_002054
Chiamaka Okonkwo,Civil Service Commission,331209,3476708273,GTBank,BIO_91947,88.85,2025-04-07,EMP_002055
Tunde Ogunlesi,Ministry of Health,427425,9667341273,First Bank,BIO_34143,87.38,2018-10-22,EMP_002056
Femi Adeleke,Ministry of Finance,1348197,6622842439,Access,BIO_61682,91.99,2025-11-08,EMP_002057
Chioma Eze,Ministry of Power,430248,5532684785,GTBank,,99.9,2025-07-05,EMP_002058
Adaeze Nwosu,Ministry of Agriculture,490002,7102601407,Access,BIO_13853,90.44,2021-07-06,EMP_002059
Usman Suleiman,Ministry of Water Resources,298405,6890536201,First Bank,BIO_49896,97.54,2018-07-15,EMP_002060
Kemi Oyedepo,Ministry of Works,299088,2688943530,GTBank,BIO_97433,94.09,2022-06-26,EMP_002061
Tayo Oyedepo,Ministry of Health,86538,6371408474,Zenith,BIO_79781,92.72,2018-04-24,EMP_002062
Yemi Adeleke,Civil Service Commission,437179,6282688519,GTBank,BIO_71662,85.72,2023-06-15,EMP_002063
Chioma Nwankwo,Ministry of Water Resources,129490,8916798735,First Bank,BIO_16249,92.21,2020-01-12,EMP_002064
Kemi Williams,Ministry of Education,183287,4455717983,UBA,BIO_58007,94.76,2020-07-15,EMP_002065
Bola Ogunlesi,Ministry of Works,329190,8717195819,Access,BIO_53432,90.11,2024-05-27,EMP_002066
Tunde Ogunlesi,Ministry of Health,420839,7544706038,Access,BIO_97249,91.09,2018-10-25,EMP_002067
Bola Adeyemi,Ministry of Water Resources,271003,4550863329,Access,BIO_70970,94.44,2018-09-07,EMP_002068
Bola Williams,Ministry of Agriculture,408643,3670929144,Zenith,BIO_27593,99.83,2017-11-07,EMP_002069
Abubakar Yusuf,Civil Service Commission,478197,3942189672,Zenith,BIO_30255,93.43,2022-03-13,EMP_002070
Dele Williams,Civil Service Commission,363210,2894789541,GTBank,BIO_99103,85.71,2022-06-05,EMP_002071
Kemi Ogunlesi,Ministry of Finance,321820,9598127116,UBA,BIO_20333,88.45,2019-10-22,EMP_002072
Hassan Umar,Ministry of Education,1293112,7007911010,First Bank,BIO_46446,90.89,2026-01-16,EMP_002073
Zainab Suleiman,Ministry of Health,399306,2172514261,Access,BIO_22319,95.6,2020-10-07,EMP_002074
Okechukwu Okafor,Ministry of Power,155431,3353489926,UBA,BIO_42072,90.41,2020-09-20,EMP_002075
Yemi Ogunlesi,Federal Roads Maintenance Agency,132849,6581102751,First Bank,BIO_18823,88.77,2024-08-27,EMP_002076
Tunde Adebayo,Federal Roads Maintenance Agency,128757,3336428777,Access,BIO_87673,88.88,2024-09-11,EMP_002077
Chiamaka Okafor,Ministry of Power,368882,1475603030,Zenith,BIO_26662,99.9,2022-10-04,EMP_002078
Nnamdi Okonkwo,Ministry of Education,1484106,8681902089,GTBank,BIO_51200,97.95,2025-12-06,EMP_002079
Ade Adeyemi,Civil Service Commission,96213,2040001932,Access,BIO_95506,88.07,2017-04-15,EMP_002080
Bola Adebayo,Ministry of Health,84146,3519530984,Zenith,BIO_24024,88.04,2019-03-31,EMP_002081
Uchenna Nwosu,Federal Roads Maintenance Agency,326439,2758208507,First Bank,BIO_69989,86.44,2023-02-20,EMP_002082
Nnamdi Ani,Ministry of Power,477677,7665570019,UBA,BIO_72619,97.91,2023-12-13,EMP_002083
Nnamdi Onyeka,Ministry of Works,303613,5558364851,UBA,BIO_61112,90.6,2020-12-13,EMP_002084
Bola Adebayo,Ministry of Power,283429,8354542000,GTBank,BIO_94913,89.49,2017-08-12,EMP_002085
Ade Ogunlesi,Ministry of Agriculture,367268,4785463611,UBA,BIO_50861,91.38,2018-08-16,EMP_002086
Bola Oyedepo,Ministry of Education,231912,4669911715,Zenith,BIO_81865,92.43,2016-06-30,EMP_002087
Hassan Umar,Nigeria Customs Service,440129,9490020319,Zenith,BIO_28422,97.21,2024-05-28,EMP_002088
Okechukwu Ani,Federal Roads Maintenance Agency,297726,1913530510,UBA,BIO_12712,95.33,2022-09-11,EMP_002089
Nnamdi Eze,Federal Roads Maintenance Agency,262099,5537660928,First Bank,BIO_62622,90.11,2024-04-22,EMP_002090
Ibrahim Umar,Nigeria Customs Service,422533,2093174940,Zenith,BIO_15191,88.78,2023-02-27,EMP_002091
Ibrahim Ahmad,Nigeria Customs Service,390194,1695290644,First Bank,BIO_29008,94.11,2021-07-26,EMP_002092
Hassan Suleiman,Nigeria Customs Service,337503,4842627700,GTBank,BIO_81517,96.33,2019-08-30,EMP_002093
Tayo Adeyemi,Ministry of Finance,98976,4808295580,UBA,BIO_92781,95.42,2023-12-03,EMP_002094
Hassan Ibrahim,Ministry of Education,83353,5341906390,GTBank,BIO_42871,91.97,2021-07-14,EMP_002095
Chioma Okonkwo,Ministry of Works,141108,3443936058,UBA,BIO_68533,86.91,2022-10-05,EMP_002096
Usman Musa,Ministry of Works,484291,4419010994,Zenith,BIO_65452,93.62,2019-09-07,EMP_002097
Tunde Adeleke,Civil Service Commission,427670,6471781041,GTBank,BIO_54402,88.35,2017-11-10,EMP_002098
Uchenna Okonkwo,Ministry of Water Resources,148180,4119479849,GTBank,BIO_83130,85.33,2020-09-03,EMP_002099
Chukwu Okonkwo,Ministry of Agriculture,239648,9589607668,First Bank,BIO_19231,95.45,2018-01-07,EMP_002100
Bola Ogunlesi,Ministry of Finance,222323,3130419231,First Bank,BIO_83822,93.61,2020-05-06,EMP_002101
Tayo Adeyemi,Ministry of Education,411995,5932205555,Access,BIO_38535,85.51,2018-06-12,EMP_002102
Chiamaka Nwankwo,Ministry of Finance,242702,2206085227,Zenith,BIO_36890,95.07,2023-04-28,EMP_002103
Chioma Nwosu,Ministry of Finance,293059,6336982035,First Bank,BIO_21724,97.72,2020-11-16,EMP_002104
Chioma Okafor,Ministry of Health,450974,8490784017,GTBank,BIO_61237,97.8,2017-10-09,EMP_002105
Chioma Nwosu,Ministry of Finance,436177,4307353027,Access,BIO_63200,92.62,2024-03-18,EMP_002106
Dele Oyedepo,Nigeria Customs Service,209634,6501829308,First Bank,BIO_32649,90.33,2017-07-24,EMP_002107
Adaeze Eze,Ministry of Agriculture,375885,7173432666,GTBank,BIO_22252,90.09,2024-08-23,EMP_002108
Chiamaka Nwosu,Ministry of Water Resources,260771,5126653023,Zenith,BIO_33118,95.8,2017-01-14,EMP_002109
Amina Ibrahim,Civil Service Commission,106228,2582035014,First Bank,BIO_57619,89.7,2024-08-28,EMP_002110
Hassan Umar,Ministry of Health,164543,3192678488,First Bank,BIO_34525,91.2,2024-10-06,EMP_002111
Chinedu Onyeka,Ministry of Water Resources,222586,8805679521,Zenith,BIO_25353,94.21,2021-02-04,EMP_002112
Yemi Adebayo,Ministry of Agriculture,292112,8810783904,Zenith,BIO_53382,91.9,2021-02-21,EMP_002113
Femi Adebayo,Ministry of Agriculture,437064,8193654529,GTBank,BIO_97649,93.8,2025-04-10,EMP_002114
Usman Suleiman,Ministry of Finance,455790,3240593639,First Bank,BIO_60965,97.36,2018-05-15,EMP_002115
Uchenna Ani,Ministry of Water Resources,326884,5479251979,UBA,BIO_39628,94.21,2021-11-23,EMP_002116
Chinedu Nwosu,Ministry of Water Resources,122130,9691747083,Access,BIO_92196,96.87,2017-06-02,EMP_002117
Aisha Musa,Ministry of Power,215668,2089806911,UBA,BIO_72803,95.95,2017-07-24,EMP_002118
Uchenna Obiora,Ministry of Agriculture,90045,5887433997,Zenith,BIO_71093,91.24,2023-12-05,EMP_002119
Femi Ogunlesi,Ministry of Works,252355,4187535891,First Bank,BIO_33512,94.22,2023-03-03,EMP_002120
Okechukwu Eze,Ministry of Water Resources,294393,7537556139,UBA,BIO_44526,94.94,2020-02-06,EMP_002121
Yemi Adeyemi,Civil Service Commission,486514,3320072150,Zenith,BIO_98361,95.14,2024-10-14,EMP_002122
Usman Mohammed,Ministry of Power,435305,6764967467,Zenith,BIO_13200,86.76,2023-03-10,EMP_002123
Okechukwu Nwankwo,Federal Roads Maintenance Agency,471299,8456759313,UBA,BIO_70379,92.22,2019-07-15,EMP_002124
Amina Ahmad,Ministry of Water Resources,310297,8688779992,Zenith,BIO_91218,96.87,2023-12-08,EMP_002125
Chukwu Ani,Ministry of Health,313134,5808364167,UBA,BIO_30980,86.69,2018-05-25,EMP_002126
Zainab Suleiman,Civil Service Commission,208135,4192331838,First Bank,BIO_30027,95.78,2024-04-07,EMP_002127
Chioma Eze,Ministry of Water Resources,211672,3361307426,First Bank,BIO_82363,96.57,2017-04-16,EMP_002128
Uchenna Ani,Ministry of Education,167372,6885940277,Access,BIO_69902,96.27,2023-12-06,EMP_002129
Okechukwu Okafor,Ministry of Finance,95015,3870606716,Access,BIO_33353,88.54,2025-04-30,EMP_002130
Yemi Adebayo,Civil Service Commission,194645,7189953129,UBA,BIO_47872,87.78,2018-09-25,EMP_002131
Aisha Musa,Ministry of Water Resources,326027,8781659369,First Bank,BIO_76299,85.69,2021-06-06,EMP_002132
Chiamaka Obiora,Ministry of Health,389101,4037262493,Access,BIO_32502,97.77,2022-09-01,EMP_002133
Zainab Musa,Ministry of Water Resources,341738,2217308844,First Bank,BIO_85130,88.55,2019-08-15,EMP_002134
Adaeze Okafor,Ministry of Works,96482,4049358129,UBA,BIO_74833,95.33,2024-08-10,EMP_002135
Dele Adeyemi,Ministry of Power,125031,4097182500,UBA,BIO_61178,88.89,2024-09-24,EMP_002136
Tayo Adeleke,Ministry of Water Resources,196870,9997396042,GTBank,BIO_97592,95.37,2019-02-26,EMP_002137
Femi Adeleke,Ministry of Finance,152388,4000789184,First Bank,BIO_55037,87.46,2018-01-16,EMP_002138
Adaeze Obiora,Ministry of Power,396282,8926633627,Zenith,BIO_44028,96.57,2023-12-15,EMP_002139
Aisha Musa,Federal Roads Maintenance Agency,385123,8523841781,First Bank,BIO_16961,94.52,2022-05-30,EMP_002140
Aisha Suleiman,Ministry of Works,449096,8044946588,GTBank,BIO_37195,89.07,2024-02-09,EMP_002141
Ade Oyedepo,Ministry of Agriculture,370028,7052009493,Zenith,BIO_49085,97.36,2020-09-25,EMP_002142
Zainab Umar,Ministry of Agriculture,469140,7288728322,GTBank,BIO_45094,91.56,2023-05-15,EMP_002143
Kemi Ogunlesi,Civil Service Commission,241797,2066299413,UBA,BIO_37699,87.43,2023-06-27,EMP_002144
Chiamaka Eze,Ministry of Agriculture,483110,6278801637,GTBank,BIO_31034,90.51,2023-06-10,EMP_002145
Chioma Okonkwo,Ministry of Education,237073,4116844840,Access,BIO_28694,98.68,2019-03-06,EMP_002146
Bola Adebayo,Federal Roads Maintenance Agency,1309085,1818915058,First Bank,BIO_27108,91.7,2026-04-27,EMP_002147
Chioma Nwosu,Ministry of Power,315505,7593146461,Zenith,BIO_61303,90.02,2020-11-19,EMP_002148
Ade Adeyemi,Nigeria Customs Service,134804,5651344560,GTBank,BIO_32056,90.65,2020-09-25,EMP_002149
Nnamdi Obiora,Ministry of Water Resources,108316,9408918871,Access,BIO_42162,97.18,2023-07-31,EMP_002150
Nnamdi Nwankwo,Federal Roads Maintenance Agency,328422,6863024031,Zenith,BIO_92501,85.04,2025-01-29,EMP_002151
Zainab Suleiman,Ministry of Works,165624,5185216747,Zenith,BIO_80713,93.62,2016-08-20,EMP_002152
Zainab Ahmad,Civil Service Commission,453746,5370038547,Access,BIO_69850,89.39,2018-10-22,EMP_002153
Ibrahim Ahmad,Civil Service Commission,238499,5796839842,GTBank,BIO_48678,93.73,2020-12-16,EMP_002154
Usman Ibrahim,Ministry of Finance,204761,1165071469,Access,BIO_38255,93.46,2024-10-09,EMP_002155
Yemi Oyedepo,Ministry of Health,424976,4766149205,First Bank,BIO_25930,93.2,2024-12-28,EMP_002156
Amina Ibrahim,Ministry of Water Resources,323930,1235611796,GTBank,BIO_55250,87.45,2020-09-13,EMP_002157
Chukwu Nwankwo,Ministry of Education,416663,3805684349,UBA,BIO_73296,89.17,2023-08-12,EMP_002158
Zainab Suleiman,Ministry of Power,497134,9353093541,Zenith,BIO_12037,90.09,2021-04-23,EMP_002159
Tayo Ogunlesi,Nigeria Customs Service,123632,4916790233,Access,BIO_10424,95.04,2020-07-24,EMP_002160
Usman Mohammed,Civil Service Commission,410504,2232894930,First Bank,BIO_86175,94.53,2024-01-14,EMP_002161
Chioma Nwosu,Ministry of Power,332040,9395040953,UBA,BIO_71437,89.22,2020-10-25,EMP_002162
Ade Adebayo,Ministry of Finance,329152,9243277376,First Bank,BIO_50421,93.35,2025-01-20,EMP_002163
Chiamaka Okafor,Federal Roads Maintenance Agency,151683,1950434308,GTBank,BIO_43766,85.09,2023-03-13,EMP_002164
Yemi Williams,Ministry of Power,342012,6553994881,GTBank,BIO_39622,91.9,2021-04-09,EMP_002165
Femi Williams,Ministry of Agriculture,274985,3925473708,UBA,BIO_99186,94.88,2022-03-25,EMP_002166
Chukwu Nwosu,Nigeria Customs Service,145920,9348158889,First Bank,BIO_75789,97.37,2024-11-03,EMP_002167
Femi Oyedepo,Ministry of Works,140555,2418211220,UBA,BIO_64853,85.97,2019-11-04,EMP_002168
Usman Suleiman,Federal Roads Maintenance Agency,216540,7264602791,Access,BIO_50707,92.45,2018-11-24,EMP_002169
Ade Adeyemi,Ministry of Power,148906,1485351561,UBA,BIO_15585,90.22,2017-10-12,EMP_002170
Ibrahim Ahmad,Nigeria Customs Service,328772,8777876919,Zenith,BIO_39234,97.5,2016-12-09,EMP_002171
Bola Adeleke,Ministry of Works,208610,4489354977,GTBank,BIO_38100,89.39,2023-02-06,EMP_002172
Aisha Suleiman,Ministry of Power,225846,9619578284,GTBank,BIO_76351,99.16,2021-01-10,EMP_002173
Aisha Ahmad,Civil Service Commission,249970,5204589227,Zenith,BIO_75297,88.36,2024-10-20,EMP_002174
Bola Ogunlesi,Ministry of Water Resources,377554,5508747195,GTBank,BIO_18109,89.18,2023-11-17,EMP_002175
Yemi Williams,Ministry of Agriculture,101316,6879165541,Access,BIO_23607,92.21,2017-03-30,EMP_002176
Abubakar Suleiman,Ministry of Health,207632,9704029771,UBA,BIO_79039,97.63,2023-01-10,EMP_002177
Chinedu Okafor,Ministry of Education,373536,3811901248,UBA,BIO_37511,93.17,2016-09-11,EMP_002178
Dele Oyedepo,Ministry of Power,159282,7781704927,First Bank,BIO_16543,87.91,2022-09-11,EMP_002179
Yemi Ogunlesi,Ministry of Power,177791,4716752838,Zenith,BIO_61222,85.06,2021-08-16,EMP_002180
Ibrahim Musa,Civil Service Commission,185464,2161576574,Access,BIO_33890,94.75,2016-09-20,EMP_002181
Tayo Adebayo,Federal Roads Maintenance Agency,224883,8315800505,UBA,BIO_16636,97.32,2019-01-03,EMP_002182
Zainab Umar,Federal Roads Maintenance Agency,198945,4872196452,Access,BIO_31551,93.43,2019-04-16,EMP_002183
Chiamaka Eze,Federal Roads Maintenance Agency,264062,7590792880,First Bank,BIO_49484,95.01,2020-06-21,EMP_002184
Okechukwu Eze,Civil Service Commission,402409,6422264914,First Bank,BIO_72416,96.08,2022-06-03,EMP_002185
Ade Adeleke,Nigeria Customs Service,405992,6385261366,First Bank,BIO_81052,95.15,2016-10-31,EMP_002186
Okechukwu Nwosu,Ministry of Finance,420171,8951678708,UBA,BIO_10354,99.26,2021-05-22,EMP_002187
Amina Mohammed,Federal Roads Maintenance Agency,180747,2256210251,First Bank,BIO_12669,95.89,2023-01-17,EMP_002188
Tayo Williams,Ministry of Agriculture,335248,4558847546,UBA,BIO_46034,90.03,2019-03-03,EMP_002189
Tayo Adebayo,Ministry of Finance,211932,8033761273,Zenith,BIO_96698,93.96,2020-12-30,EMP_002190
Bola Adeleke,Nigeria Customs Service,144449,5796598550,UBA,BIO_13741,87.47,2021-01-16,EMP_002191
Tunde Adeleke,Ministry of Works,396499,5552074784,Access,BIO_28879,86.86,2018-11-29,EMP_002192
Dele Ogunlesi,Nigeria Customs Service,241541,6541415057,Access,BIO_89308,88.13,2020-06-16,EMP_002193
Ibrahim Umar,Ministry of Finance,341158,7649721932,Zenith,BIO_26809,85.22,2019-04-09,EMP_002194
Ibrahim Ibrahim,Nigeria Customs Service,177340,7918836234,GTBank,BIO_74999,95.76,2025-04-18,EMP_002195
Chiamaka Ani,Ministry of Education,490812,2768146787,UBA,BIO_63443,97.76,2020-02-24,EMP_002196
Fatima Suleiman,Ministry of Power,111561,6793145275,First Bank,BIO_27899,94.19,2025-04-22,EMP_002197
Chukwu Ani,Federal Roads Maintenance Agency,327179,2557071906,Access,BIO_52132,96.62,2019-08-05,EMP_002198
Bola Adeleke,Ministry of Water Resources,458267,2554675228,First Bank,BIO_84709,95.65,2018-01-10,EMP_002199
Zainab Yusuf,Civil Service Commission,84065,6569746892,First Bank,BIO_43693,95.86,2022-10-18,EMP_002200
Chioma Nwosu,Ministry of Power,198778,9732326284,GTBank,BIO_10803,97.77,2021-11-16,EMP_002201
Chukwu Obiora,Federal Roads Maintenance Agency,277831,2158835026,Access,BIO_53671,93.89,2018-06-14,EMP_002202
Uchenna Eze,Nigeria Customs Service,208521,1261126457,UBA,BIO_81747,85.4,2019-10-18,EMP_002203
Kemi Adeleke,Ministry of Education,429251,2962289126,GTBank,BIO_36868,89.72,2023-09-14,EMP_002204
Ibrahim Suleiman,Civil Service Commission,470061,4266658527,Zenith,BIO_22392,86.93,2017-02-08,EMP_002205
Chiamaka Okonkwo,Ministry of Water Resources,373050,3307400216,UBA,BIO_32662,92.6,2018-09-28,EMP_002206
Amina Mohammed,Ministry of Power,329497,4084530701,Access,BIO_39712,94.25,2017-09-20,EMP_002207
Dele Adeyemi,Federal Roads Maintenance Agency,449664,6452325953,Zenith,BIO_82727,91.72,2024-03-20,EMP_002208
Ibrahim Suleiman,Ministry of Finance,223141,1938894407,Zenith,BIO_60984,93.2,2024-05-11,EMP_002209
Adaeze Ani,Ministry of Works,359081,6596849086,UBA,BIO_12098,96.86,2018-08-13,EMP_002210
Chioma Obiora,Ministry of Water Resources,112124,4887929623,GTBank,BIO_50876,99.18,2016-08-21,EMP_002211
Chinedu Okafor,Civil Service Commission,392300,9355691810,UBA,BIO_92746,95.05,2022-07-22,EMP_002212
Ibrahim Suleiman,Civil Service Commission,139549,9264369826,Zenith,BIO_88020,87.4,2022-08-28,EMP_002213
Abubakar Yusuf,Ministry of Health,292605,7307221974,UBA,BIO_55148,95.89,2016-05-15,EMP_002214
Nnamdi Okafor,Ministry of Power,358078,3074985706,UBA,,99.9,2025-09-13,EMP_002215
Yemi Ogunlesi,Ministry of Water Resources,348666,1263114912,GTBank,BIO_15404,89.22,2019-08-03,EMP_002216
Hassan Ahmad,Ministry of Power,324181,7307628263,UBA,BIO_15015,92.54,2021-04-06,EMP_002217
Hassan Musa,Nigeria Customs Service,107051,8362211057,First Bank,,99.9,2026-02-12,EMP_002218
Tunde Williams,Ministry of Agriculture,122144,2455184257,First Bank,BIO_28289,85.49,2020-01-08,EMP_002219
Uchenna Eze,Ministry of Health,407682,2641562696,First Bank,BIO_29256,88.03,2019-07-22,EMP_002220
Abubakar Umar,Nigeria Customs Service,253581,8897089653,GTBank,BIO_20407,87.13,2023-02-05,EMP_002221
Chioma Okafor,Federal Roads Maintenance Agency,491515,2062617839,Zenith,BIO_57481,97.9,2024-07-30,EMP_002222
Hassan Mohammed,Ministry of Power,268347,8138873525,UBA,BIO_88187,97.21,2024-07-05,EMP_002223
Yemi Adeyemi,Civil Service Commission,107534,3727535582,UBA,BIO_19601,86.46,2017-09-08,EMP_002224
Fatima Musa,Ministry of Agriculture,224980,9367445939,First Bank,BIO_59217,85.2,2018-04-04,EMP_002225
Chioma Nwankwo,Federal Roads Maintenance Agency,243404,4087230995,Zenith,BIO_99994,88.14,2021-03-25,EMP_002226
Ibrahim Yusuf,Ministry of Health,380018,5118934855,Zenith,BIO_27051,95.47,2021-07-16,EMP_002227
Fatima Ahmad,Ministry of Works,439821,8163530659,Zenith,BIO_71397,95.1,2023-06-02,EMP_002228
Amina Ahmad,Civil Service Commission,258630,1602766041,Zenith,BIO_98848,85.96,2023-11-16,EMP_002229
Hassan Ahmad,Federal Roads Maintenance Agency,191453,6519353713,First Bank,BIO_59099,92.41,2023-08-14,EMP_002230
Ibrahim Mohammed,Civil Service Commission,89589,3283342356,UBA,BIO_37714,88.08,2025-04-13,EMP_002231
Aisha Suleiman,Federal Roads Maintenance Agency,122459,1266179820,UBA,BIO_12827,96.94,2020-03-08,EMP_002232
Usman Musa,Ministry of Finance,485493,8237451053,Zenith,BIO_39414,89.5,2025-04-08,EMP_002233
Uchenna Okonkwo,Ministry of Agriculture,405611,2685771095,UBA,BIO_10874,87.89,2018-08-28,EMP_002234
Hassan Suleiman,Ministry of Health,271005,7390506027,Zenith,BIO_78623,93.03,2018-06-13,EMP_002235
Ade Ogunlesi,Ministry of Power,382856,1771065787,Access,BIO_10527,95.25,2020-01-02,EMP_002236
Abubakar Ibrahim,Civil Service Commission,257196,5907089787,Zenith,BIO_41762,95.18,2018-03-13,EMP_002237
Adaeze Obiora,Ministry of Water Resources,296999,6410037545,Access,BIO_71234,90.99,2017-07-22,EMP_002238
Okechukwu Nwankwo,Civil Service Commission,431348,7960505443,First Bank,BIO_33352,97.48,2023-06-09,EMP_002239
Abubakar Musa,Ministry of Works,117019,2662634379,Access,BIO_21965,91.74,2016-08-03,EMP_002240
Zainab Ibrahim,Ministry of Health,312764,1225918316,UBA,BIO_49162,96.27,2022-06-03,EMP_002241
Ade Adebayo,Ministry of Water Resources,267437,3587333136,Access,BIO_20067,89.87,2020-08-08,EMP_002242
Yemi Oyedepo,Ministry of Education,115093,7801078620,Access,BIO_23769,87.47,2016-09-25,EMP_002243
Femi Adeyemi,Ministry of Works,120199,6927138100,GTBank,BIO_48465,89.12,2024-04-25,EMP_002244
Aisha Ahmad,Ministry of Education,454256,7644539153,First Bank,BIO_14668,86.54,2020-04-13,EMP_002245
Chiamaka Nwosu,Federal Roads Maintenance Agency,296402,6159686567,First Bank,BIO_36714,91.26,2022-06-18,EMP_002246
Nnamdi Eze,Ministry of Works,467300,9419248107,First Bank,BIO_44052,92.12,2020-01-28,EMP_002247
Ibrahim Musa,Ministry of Water Resources,205736,2408676517,First Bank,BIO_32255,85.89,2023-01-10,EMP_002248
Ade Ogunlesi,Ministry of Education,385554,3245262709,Access,BIO_22820,89.99,2024-11-24,EMP_002249
Abubakar Mohammed,Ministry of Finance,444273,2253011230,GTBank,BIO_50761,94.99,2018-10-18,EMP_002250
Ibrahim Mohammed,Ministry of Health,179267,8318969168,GTBank,BIO_62230,87.62,2017-07-27,EMP_002251
Usman Umar,Ministry of Works,185845,1728248767,GTBank,BIO_47214,92.34,2022-11-15,EMP_002252
Bola Ogunlesi,Ministry of Water Resources,333613,6368492763,First Bank,BIO_34931,87.22,2023-03-28,EMP_002253
Tunde Adeleke,Ministry of Power,140359,9619578284,GTBank,BIO_61668,99.12,2019-08-19,EMP_002254
Tayo Adeyemi,Ministry of Water Resources,117116,3360056676,Zenith,BIO_43599,99.15,2016-08-02,EMP_002255
Abubakar Yusuf,Ministry of Health,474433,2663302665,Access,BIO_26554,92.5,2017-11-16,EMP_002256
Uchenna Nwosu,Ministry of Education,385857,5125934601,UBA,BIO_82522,93.29,2017-04-11,EMP_002257
Chioma Onyeka,Ministry of Education,163793,6216599976,Zenith,BIO_15905,88.84,2022-12-14,EMP_002258
Ibrahim Yusuf,Civil Service Commission,481513,6109460037,First Bank,BIO_94458,90.0,2023-02-22,EMP_002259
Yemi Oyedepo,Ministry of Health,194523,5405578255,UBA,BIO_99502,90.94,2024-01-25,EMP_002260
Yemi Williams,Federal Roads Maintenance Agency,337816,2208694235,UBA,BIO_83974,97.2,2025-03-22,EMP_002261
Aisha Suleiman,Ministry of Power,345657,4361311349,First Bank,BIO_18905,88.3,2017-03-22,EMP_002262
Zainab Ahmad,Ministry of Water Resources,393338,7713905512,GTBank,,99.9,2025-11-21,EMP_002263
Zainab Musa,Ministry of Agriculture,339471,1831944170,UBA,BIO_78821,87.84,2019-02-28,EMP_002264
Aisha Umar,Federal Roads Maintenance Agency,240267,2074553241,First Bank,BIO_92360,93.47,2016-11-04,EMP_002265
Chiamaka Nwankwo,Ministry of Works,438199,7420572413,GTBank,BIO_25825,97.99,2025-04-23,EMP_002266
Uchenna Okafor,Ministry of Water Resources,276396,8024765960,GTBank,BIO_77256,99.11,2024-07-10,EMP_002267
Nnamdi Obiora,Civil Service Commission,210978,6384324511,Access,BIO_11736,89.72,2018-05-18,EMP_002268
Abubakar Umar,Ministry of Power,453852,7120157386,UBA,BIO_91996,89.72,2021-11-25,EMP_002269
Chioma Nwosu,Ministry of Agriculture,84202,6786659615,Access,BIO_57780,92.48,2021-12-16,EMP_002270
Aisha Musa,Ministry of Water Resources,153894,6865345757,GTBank,BIO_15326,99.76,2018-08-15,EMP_002271
Chioma Obiora,Ministry of Finance,358681,8243565719,First Bank,BIO_21285,87.23,2017-01-28,EMP_002272
Chioma Nwankwo,Ministry of Health,281681,8887253065,First Bank,BIO_85848,94.48,2023-09-24,EMP_002273
Hassan Musa,Ministry of Health,177207,6128826050,GTBank,BIO_89999,98.19,2017-05-04,EMP_002274
Hassan Musa,Ministry of Water Resources,463443,3813660487,UBA,BIO_55267,87.91,2021-05-26,EMP_002275
Hassan Umar,Civil Service Commission,230143,5662653935,UBA,BIO_45465,85.15,2017-12-30,EMP_002276
Chukwu Ani,Ministry of Agriculture,134344,2440283224,UBA,BIO_16191,95.12,2019-11-25,EMP_002277
Usman Suleiman,Ministry of Agriculture,468951,8378865076,First Bank,BIO_69564,93.62,2017-09-05,EMP_002278
Nnamdi Onyeka,Ministry of Works,427971,8442550034,Zenith,BIO_10215,90.74,2018-01-16,EMP_002279
Dele Adeyemi,Ministry of Education,218431,3935724877,GTBank,BIO_56194,97.53,2018-05-02,EMP_002280
Chinedu Obiora,Ministry of Works,163454,7436920531,First Bank,BIO_91511,93.68,2017-12-18,EMP_002281
Yemi Ogunlesi,Nigeria Customs Service,125390,1780906619,UBA,BIO_69932,91.24,2017-07-01,EMP_002282
Aisha Yusuf,Nigeria Customs Service,178170,5455427129,First Bank,BIO_53583,96.77,2019-11-27,EMP_002283
Chioma Ani,Ministry of Power,497584,8147118275,GTBank,BIO_68925,93.01,2019-07-29,EMP_002284
Usman Yusuf,Ministry of Agriculture,120692,9358417646,Zenith,BIO_24830,86.93,2024-07-16,EMP_002285
Ibrahim Musa,Ministry of Health,308276,7248825625,Access,,99.9,2024-07-21,EMP_002286
Nnamdi Nwankwo,Ministry of Health,300088,1719906053,Access,BIO_80218,91.71,2020-05-10,EMP_002287
Hassan Yusuf,Civil Service Commission,227554,3487832224,Access,BIO_90488,87.86,2017-05-15,EMP_002288
Usman Musa,Ministry of Finance,157450,2860933228,GTBank,BIO_92495,91.85,2019-09-17,EMP_002289
Abubakar Yusuf,Ministry of Works,108439,2670069798,Access,BIO_99994,97.04,2016-11-11,EMP_002290
Usman Suleiman,Ministry of Education,463696,5148277121,UBA,BIO_14911,85.39,2023-08-13,EMP_002291
Tayo Adebayo,Ministry of Agriculture,460198,3036473077,GTBank,BIO_71641,93.34,2017-02-08,EMP_002292
Usman Ibrahim,Federal Roads Maintenance Agency,114582,6173218566,UBA,BIO_12860,93.82,2025-02-03,EMP_002293
Tunde Oyedepo,Ministry of Health,310084,2520921480,Zenith,BIO_48459,87.79,2021-05-24,EMP_002294
Kemi Adebayo,Ministry of Works,417956,4529567603,First Bank,BIO_86677,87.32,2017-08-28,EMP_002295
Femi Oyedepo,Ministry of Works,401308,7769245769,Access,BIO_21588,89.11,2022-05-25,EMP_002296
Chinedu Eze,Ministry of Power,148811,9079500837,First Bank,BIO_75028,86.06,2020-11-11,EMP_002297
Uchenna Okafor,Ministry of Education,243726,2059916781,UBA,BIO_69510,93.75,2024-07-28,EMP_002298
Ibrahim Suleiman,Nigeria Customs Service,157769,7241589041,GTBank,BIO_12423,90.84,2022-05-10,EMP_002299
Yemi Ogunlesi,Ministry of Power,336305,4254139561,GTBank,BIO_37306,93.4,2016-09-01,EMP_002300
Aisha Ibrahim,Civil Service Commission,139216,1889141832,GTBank,BIO_86543,96.83,2022-08-17,EMP_002301
Abubakar Musa,Ministry of Water Resources,453665,7976539058,Zenith,BIO_74825,96.07,2018-10-27,EMP_002302
Chiamaka Onyeka,Ministry of Power,411158,8149222850,Zenith,BIO_15936,95.2,2021-11-28,EMP_002303
Ade Ogunlesi,Federal Roads Maintenance Agency,112680,8660934293,First Bank,BIO_39279,93.66,2023-01-30,EMP_002304
Femi Adebayo,Ministry of Water Resources,302915,8719791699,Access,BIO_12431,95.2,2022-06-03,EMP_002305
Chiamaka Eze,Ministry of Health,198153,1049274645,First Bank,BIO_88263,85.16,2023-11-21,EMP_002306
Bola Oyedepo,Nigeria Customs Service,259565,7518874736,Access,BIO_93419,90.37,2022-10-25,EMP_002307
Okechukwu Onyeka,Ministry of Power,272114,2612824146,Access,BIO_13529,96.16,2020-10-28,EMP_002308
Adaeze Nwankwo,Ministry of Education,300926,7806736660,Access,BIO_85844,91.11,2018-04-08,EMP_002309
Okechukwu Obiora,Nigeria Customs Service,382513,4050668289,Zenith,BIO_69359,91.45,2016-09-21,EMP_002310
Hassan Musa,Civil Service Commission,486998,9676935598,Zenith,BIO_80344,92.77,2022-08-09,EMP_002311
Chukwu Eze,Federal Roads Maintenance Agency,162694,1460798206,UBA,BIO_95315,95.3,2019-03-26,EMP_002312
Uchenna Onyeka,Ministry of Power,149268,9792258681,UBA,BIO_89049,87.82,2024-06-10,EMP_002313
Fatima Ibrahim,Federal Roads Maintenance Agency,483078,2286296077,First Bank,BIO_65962,93.6,2021-12-22,EMP_002314
Chioma Nwankwo,Civil Service Commission,408819,9074414398,Access,BIO_48644,87.81,2024-01-27,EMP_002315
Okechukwu Nwankwo,Civil Service Commission,216045,6252657336,GTBank,BIO_17817,88.94,2021-01-22,EMP_002316
Chukwu Nwosu,Ministry of Water Resources,361786,1488412801,Zenith,BIO_51197,96.07,2018-06-16,EMP_002317
Chukwu Nwosu,Federal Roads Maintenance Agency,297485,8781325820,Zenith,BIO_75823,85.48,2017-07-30,EMP_002318
Ade Oyedepo,Nigeria Customs Service,202268,5177084076,UBA,,99.9,2025-12-14,EMP_002319
Yemi Oyedepo,Ministry of Education,127045,3931273982,First Bank,BIO_19488,97.59,2024-04-19,EMP_002320
Chioma Okafor,Ministry of Works,225131,5896669423,UBA,BIO_99286,89.23,2017-06-20,EMP_002321
Chioma Okafor,Civil Service Commission,217246,4911733326,UBA,BIO_73185,87.23,2021-07-12,EMP_002322
Adaeze Onyeka,Ministry of Power,102932,3825798772,First Bank,BIO_42017,87.18,2025-05-09,EMP_002323
Uchenna Eze,Ministry of Power,354473,9506443375,Access,BIO_47586,91.19,2020-04-26,EMP_002324
Usman Ahmad,Ministry of Water Resources,356904,6681120410,UBA,BIO_43736,94.23,2021-07-24,EMP_002325
Chiamaka Okonkwo,Ministry of Power,339314,9063282906,Zenith,BIO_85127,88.48,2018-11-11,EMP_002326
Okechukwu Nwankwo,Ministry of Education,254343,1079564458,GTBank,BIO_99894,94.54,2020-07-12,EMP_002327
Aisha Umar,Ministry of Works,370660,3534325210,First Bank,BIO_73056,94.71,2022-12-10,EMP_002328
Chukwu Eze,Civil Service Commission,406704,9607850050,Access,BIO_18179,86.05,2018-11-11,EMP_002329
Amina Mohammed,Ministry of Water Resources,385507,6028242881,Access,BIO_49769,86.99,2023-11-11,EMP_002330
Aisha Yusuf,Federal Roads Maintenance Agency,342608,5637422686,UBA,BIO_88621,86.52,2023-01-19,EMP_002331
Tunde Adeleke,Ministry of Works,386575,7429955426,Zenith,BIO_90617,88.81,2017-12-12,EMP_002332
Zainab Ibrahim,Ministry of Finance,235999,4440443231,Zenith,BIO_19219,85.26,2021-08-09,EMP_002333
Ibrahim Ibrahim,Ministry of Works,226596,6670020450,Zenith,BIO_47139,92.04,2017-10-21,EMP_002334
Yemi Williams,Civil Service Commission,284982,2745525942,Access,BIO_56117,99.16,2020-06-10,EMP_002335
Bola Oyedepo,Ministry of Power,176767,1569290438,First Bank,BIO_14158,88.54,2016-11-18,EMP_002336
Zainab Mohammed,Ministry of Agriculture,202356,9152462693,UBA,,99.9,2025-06-05,EMP_002337
Usman Umar,Federal Roads Maintenance Agency,230857,3655423807,Access,BIO_75970,95.37,2020-03-01,EMP_002338
Uchenna Ani,Ministry of Health,459230,3996782141,Access,BIO_51933,85.26,2019-05-08,EMP_002339
Femi Adeyemi,Federal Roads Maintenance Agency,265666,5240975282,First Bank,BIO_98661,93.99,2019-01-29,EMP_002340
Chinedu Onyeka,Civil Service Commission,364050,9972551994,First Bank,BIO_27132,97.49,2022-12-16,EMP_002341
Ade Adeyemi,Ministry of Finance,238165,1527910120,Access,BIO_75786,94.95,2023-12-03,EMP_002342
Adaeze Okonkwo,Federal Roads Maintenance Agency,130732,1464047950,First Bank,BIO_47513,91.28,2019-01-27,EMP_002343
Ade Ogunlesi,Nigeria Customs Service,113770,3817443120,Access,BIO_55450,96.69,2017-06-08,EMP_002344
Adaeze Ani,Ministry of Power,304259,2765805760,UBA,BIO_39407,93.91,2018-04-28,EMP_002345
Chiamaka Ani,Ministry of Agriculture,171359,7390358423,GTBank,BIO_14701,89.28,2018-01-05,EMP_002346
Kemi Adeleke,Ministry of Agriculture,490507,2770656254,Zenith,BIO_19821,92.9,2021-08-06,EMP_002347
Tunde Ogunlesi,Ministry of Works,485064,6791896074,GTBank,BIO_96237,95.4,2024-12-21,EMP_002348
Bola Ogunlesi,Civil Service Commission,233090,5604531223,Access,BIO_79238,92.25,2016-08-17,EMP_002349
Femi Adebayo,Ministry of Agriculture,237280,7053884117,GTBank,BIO_84935,90.35,2021-02-06,EMP_002350
Chiamaka Okonkwo,Civil Service Commission,473426,9711144379,GTBank,BIO_70480,94.21,2017-05-30,EMP_002351
Dele Ogunlesi,Ministry of Finance,368819,5363692833,First Bank,BIO_65353,88.17,2017-11-06,EMP_002352
Nnamdi Eze,Federal Roads Maintenance Agency,404377,3050399691,UBA,BIO_72304,89.45,2025-04-30,EMP_002353
Uchenna Eze,Federal Roads Maintenance Agency,361423,9071187310,UBA,BIO_12334,90.87,2021-10-09,EMP_002354
Bola Oyedepo,Ministry of Finance,392442,5747757323,UBA,BIO_67955,96.18,2017-02-17,EMP_002355
Nnamdi Nwankwo,Ministry of Works,271693,6998105527,GTBank,BIO_95910,94.23,2024-03-15,EMP_002356
Abubakar Ibrahim,Ministry of Power,164553,3625222297,Access,BIO_64933,97.46,2024-05-19,EMP_002357
Hassan Musa,Civil Service Commission,108909,8491846586,UBA,BIO_96727,93.71,2016-10-11,EMP_002358
Okechukwu Okafor,Federal Roads Maintenance Agency,486591,3216994096,Access,BIO_58479,93.79,2023-07-04,EMP_002359
Chiamaka Okafor,Nigeria Customs Service,242449,6117755604,First Bank,BIO_58273,86.61,2021-02-11,EMP_002360
Zainab Mohammed,Ministry of Agriculture,245541,8929378609,First Bank,BIO_80040,94.15,2019-01-30,EMP_002361
Yemi Adeyemi,Ministry of Agriculture,1145583,8635922898,GTBank,BIO_61288,88.46,2025-07-01,EMP_002362
Ibrahim Mohammed,Ministry of Health,383624,4260168112,UBA,BIO_47934,95.49,2021-09-26,EMP_002363
Okechukwu Onyeka,Ministry of Education,482640,7066759787,Zenith,BIO_23680,85.04,2017-03-01,EMP_002364
Usman Ibrahim,Civil Service Commission,311023,3975484848,First Bank,BIO_14864,96.53,2022-01-13,EMP_002365
Uchenna Okonkwo,Ministry of Health,188021,7316966900,GTBank,BIO_46630,88.18,2019-11-14,EMP_002366
Chiamaka Nwosu,Ministry of Health,307926,7552583130,GTBank,BIO_18216,95.35,2023-03-12,EMP_002367
Abubakar Yusuf,Ministry of Works,269728,9309006461,UBA,BIO_29402,97.39,2022-11-05,EMP_002368
Tunde Oyedepo,Nigeria Customs Service,149278,4100704860,First Bank,BIO_76897,92.28,2017-10-30,EMP_002369
Tayo Williams,Ministry of Health,470558,9092460879,GTBank,BIO_85668,93.84,2017-05-19,EMP_002370
Aisha Ahmad,Nigeria Customs Service,259669,3406733147,Access,BIO_55507,90.87,2024-04-15,EMP_002371
Chukwu Nwankwo,Ministry of Power,440808,4013230602,GTBank,BIO_65548,96.91,2020-04-18,EMP_002372
Amina Suleiman,Ministry of Agriculture,412910,8464828495,GTBank,BIO_58921,95.82,2018-10-29,EMP_002373
Chinedu Okonkwo,Ministry of Agriculture,480951,2719920352,GTBank,BIO_28430,91.09,2019-02-23,EMP_002374
Nnamdi Okonkwo,Civil Service Commission,456347,4632528994,Zenith,BIO_34179,94.75,2023-03-13,EMP_002375
Okechukwu Onyeka,Federal Roads Maintenance Agency,311157,9861690616,Zenith,BIO_43190,91.9,2018-10-21,EMP_002376
Abubakar Yusuf,Nigeria Customs Service,459447,7680500658,Zenith,BIO_49738,96.38,2018-11-16,EMP_002377
Fatima Ibrahim,Ministry of Agriculture,154814,2344298914,UBA,BIO_30126,90.65,2017-03-18,EMP_002378
Kemi Adeleke,Ministry of Education,395813,7302048124,Access,BIO_94963,89.97,2024-04-24,EMP_002379
Chiamaka Ani,Federal Roads Maintenance Agency,92604,3123366521,GTBank,BIO_46471,87.58,2019-06-02,EMP_002380
Okechukwu Ani,Civil Service Commission,297148,8775461518,First Bank,BIO_11942,88.73,2021-02-04,EMP_002381
Tunde Williams,Civil Service Commission,270367,2272445356,UBA,BIO_50303,85.76,2020-11-15,EMP_002382
Bola Oyedepo,Civil Service Commission,453214,4389869521,Access,BIO_26828,92.53,2020-09-11,EMP_002383
Adaeze Okonkwo,Ministry of Education,212213,2728183278,Access,BIO_28725,95.41,2023-01-06,EMP_002384
Ibrahim Yusuf,Ministry of Power,127976,4340035832,Access,BIO_78019,87.39,2020-10-12,EMP_002385
Chiamaka Nwosu,Ministry of Water Resources,271610,2791358795,GTBank,BIO_40107,96.72,2020-06-19,EMP_002386
Adaeze Okafor,Civil Service Commission,124533,3539217092,Access,BIO_98038,88.73,2021-05-04,EMP_002387
Adaeze Obiora,Ministry of Water Resources,494149,7269483901,Zenith,BIO_29625,86.34,2019-03-21,EMP_002388
Tunde Adeleke,Ministry of Agriculture,136269,1632226603,Access,,99.9,2025-09-29,EMP_002389
Uchenna Eze,Ministry of Works,93488,7679118963,UBA,BIO_81986,87.1,2016-12-07,EMP_002390
Chinedu Okafor,Ministry of Finance,464397,9391459652,Access,BIO_27241,85.06,2018-04-26,EMP_002391
Abubakar Suleiman,Ministry of Water Resources,334426,5549212610,UBA,BIO_15432,89.45,2016-07-12,EMP_002392
Ibrahim Umar,Ministry of Education,452199,7924557230,Access,BIO_19469,93.23,2019-12-14,EMP_002393
Abubakar Yusuf,Ministry of Health,441758,3847507370,First Bank,BIO_37429,96.95,2021-11-30,EMP_002394
Femi Williams,Ministry of Power,243356,6097992697,Zenith,BIO_97193,96.9,2021-10-27,EMP_002395
Nnamdi Okafor,Ministry of Health,399339,4954201431,UBA,BIO_62134,97.19,2020-08-09,EMP_002396
Chinedu Obiora,Nigeria Customs Service,325496,4537868272,GTBank,BIO_36995,86.33,2022-04-23,EMP_002397
Dele Williams,Ministry of Works,288849,3878738414,UBA,BIO_46324,86.35,2017-07-30,EMP_002398
Yemi Ogunlesi,Ministry of Education,274571,6924626032,UBA,BIO_47049,88.76,2016-10-12,EMP_002399
Hassan Suleiman,Ministry of Finance,104747,6168714527,UBA,BIO_47078,92.17,2022-10-08,EMP_002400
Amina Ahmad,Ministry of Health,258422,9151076832,First Bank,BIO_64423,87.24,2022-06-07,EMP_002401
Chiamaka Eze,Ministry of Agriculture,177400,4879019553,Access,BIO_21016,88.15,2018-11-25,EMP_002402
Zainab Ibrahim,Federal Roads Maintenance Agency,242981,2321308377,GTBank,BIO_96205,90.72,2022-04-23,EMP_002403
Nnamdi Okonkwo,Ministry of Agriculture,269475,6696520128,GTBank,BIO_35331,92.2,2019-11-04,EMP_002404
Fatima Mohammed,Ministry of Education,155549,2444258602,First Bank,BIO_89110,87.06,2020-08-28,EMP_002405
Uchenna Okonkwo,Ministry of Works,274028,9457215763,Access,BIO_30786,94.13,2022-07-30,EMP_002406
Hassan Musa,Ministry of Power,490566,5905483481,First Bank,BIO_62583,92.94,2022-05-11,EMP_002407
Abubakar Ibrahim,Federal Roads Maintenance Agency,200011,9182611133,Access,BIO_25713,90.02,2025-03-12,EMP_002408
Chinedu Obiora,Ministry of Works,103808,8997163320,UBA,BIO_81221,97.69,2022-09-30,EMP_002409
Femi Oyedepo,Nigeria Customs Service,376583,1028409789,Zenith,BIO_38998,87.36,2024-12-06,EMP_002410
Nnamdi Onyeka,Ministry of Finance,137347,7452300494,Access,BIO_26085,94.22,2019-12-14,EMP_002411
Chukwu Eze,Ministry of Finance,115419,6342068334,UBA,BIO_32555,85.08,2023-01-29,EMP_002412
Usman Musa,Ministry of Water Resources,140840,9706116161,GTBank,BIO_80102,97.36,2019-10-06,EMP_002413
Okechukwu Okafor,Federal Roads Maintenance Agency,151898,9272905114,Zenith,BIO_28112,92.7,2020-03-25,EMP_002414
Uchenna Nwosu,Ministry of Health,243116,3998569900,Zenith,BIO_95851,96.06,2016-09-26,EMP_002415
Hassan Ibrahim,Ministry of Health,283191,9088722833,First Bank,BIO_26397,95.09,2021-01-24,EMP_002416
Ibrahim Suleiman,Federal Roads Maintenance Agency,373273,8365339166,GTBank,BIO_88358,97.6,2019-06-13,EMP_002417
Ibrahim Mohammed,Ministry of Health,101403,4496834504,UBA,BIO_28100,94.4,2024-05-08,EMP_002418
Yemi Oyedepo,Ministry of Water Resources,353966,8867173763,GTBank,BIO_81395,88.38,2021-07-15,EMP_002419
Chukwu Nwosu,Ministry of Education,390881,5213721067,UBA,BIO_50837,85.17,2024-10-07,EMP_002420
Usman Musa,Ministry of Works,437716,2801130309,Access,BIO_56811,98.49,2016-11-25,EMP_002421
Yemi Adebayo,Civil Service Commission,110584,2914339446,GTBank,BIO_83257,86.7,2018-03-19,EMP_002422
Ade Adeleke,Ministry of Power,178090,7305380926,UBA,BIO_67531,87.07,2018-12-23,EMP_002423
Ibrahim Ahmad,Nigeria Customs Service,345476,8019078533,Access,BIO_11962,95.29,2017-01-23,EMP_002424
Adaeze Onyeka,Ministry of Finance,369520,5497185666,GTBank,BIO_13292,92.65,2020-05-22,EMP_002425
Femi Adeyemi,Ministry of Works,465677,2656971485,Access,BIO_46649,96.27,2021-09-10,EMP_002426
Abubakar Ibrahim,Federal Roads Maintenance Agency,152102,7531687979,Zenith,BIO_89659,87.64,2021-05-16,EMP_002427
Fatima Mohammed,Ministry of Education,97805,9773756957,GTBank,BIO_51524,92.12,2024-08-13,EMP_002428
Zainab Yusuf,Ministry of Education,129936,5459750390,GTBank,BIO_54305,87.26,2021-12-29,EMP_002429
Adaeze Eze,Ministry of Health,298750,4300945242,GTBank,BIO_60665,86.33,2024-09-14,EMP_002430
Aisha Ahmad,Ministry of Agriculture,391337,7565518329,Zenith,,99.9,2024-08-18,EMP_002431
Okechukwu Nwosu,Nigeria Customs Service,163041,5651555452,Access,BIO_63442,94.45,2022-03-18,EMP_002432
Nnamdi Eze,Ministry of Power,268636,3305689007,Access,BIO_49280,92.21,2016-07-01,EMP_002433
Amina Ahmad,Ministry of Water Resources,294810,1509522081,UBA,BIO_17425,90.0,2016-07-05,EMP_002434
Usman Suleiman,Ministry of Education,352085,8141863000,Access,BIO_45223,97.59,2022-06-22,EMP_002435
Tayo Adebayo,Ministry of Works,377388,2041694332,Zenith,BIO_93149,85.36,2019-08-15,EMP_002436
Femi Adeleke,Nigeria Customs Service,358954,9047473623,Zenith,BIO_19143,92.24,2018-08-09,EMP_002437
Aisha Umar,Ministry of Agriculture,473403,3029428510,GTBank,BIO_34276,96.89,2018-07-22,EMP_002438
Usman Mohammed,Ministry of Finance,341369,3130717171,Zenith,BIO_58134,92.43,2022-08-02,EMP_002439
Uchenna Onyeka,Ministry of Health,204951,3172645834,UBA,BIO_69650,97.19,2019-01-29,EMP_002440
Adaeze Eze,Ministry of Education,373774,4600212625,Zenith,BIO_40253,97.59,2024-03-09,EMP_002441
Hassan Yusuf,Ministry of Agriculture,289501,8989103861,Zenith,BIO_97009,98.44,2016-07-16,EMP_002442
Zainab Suleiman,Federal Roads Maintenance Agency,429875,5910406487,Access,BIO_18443,96.09,2020-02-10,EMP_002443
Ibrahim Ibrahim,Ministry of Health,261213,8012219301,Access,BIO_21177,91.04,2024-05-10,EMP_002444
Usman Mohammed,Ministry of Works,432531,3755316537,GTBank,BIO_63462,85.74,2017-02-14,EMP_002445
Hassan Suleiman,Nigeria Customs Service,497219,8775296336,First Bank,BIO_86485,92.96,2016-07-21,EMP_002446
Amina Umar,Ministry of Health,242283,2382339162,Access,BIO_20663,88.88,2019-03-25,EMP_002447
Tunde Williams,Ministry of Works,95396,2118055631,GTBank,BIO_75701,95.8,2021-08-01,EMP_002448
Ibrahim Ahmad,Ministry of Power,485363,4461583711,UBA,BIO_97984,94.75,2021-05-11,EMP_002449
Amina Mohammed,Ministry of Water Resources,392388,6404944437,UBA,BIO_92357,88.51,2016-06-30,EMP_002450
Uchenna Eze,Ministry of Education,494549,7506035690,UBA,BIO_59459,91.5,2019-04-18,EMP_002451
Hassan Mohammed,Ministry of Education,275185,5209697763,Zenith,BIO_37449,88.28,2018-03-08,EMP_002452
Okechukwu Nwosu,Ministry of Works,476650,4740489851,GTBank,BIO_69160,92.64,2020-03-15,EMP_002453
Ibrahim Yusuf,Nigeria Customs Service,330446,3308146787,First Bank,BIO_93068,94.46,2017-08-27,EMP_002454
Okechukwu Ani,Ministry of Agriculture,309323,3957448628,Zenith,BIO_98548,95.47,2023-08-27,EMP_002455
Chukwu Ani,Civil Service Commission,370310,1247942640,UBA,BIO_11159,94.04,2024-03-20,EMP_002456
Ade Adebayo,Ministry of Power,495983,7332437289,Zenith,BIO_85229,89.26,2024-02-08,EMP_002457
Dele Adebayo,Ministry of Finance,1174261,5505600061,UBA,BIO_16090,88.27,2025-10-02,EMP_002458
Chiamaka Okafor,Ministry of Agriculture,122124,6396197408,First Bank,BIO_78538,87.83,2023-12-12,EMP_002459
Chioma Nwankwo,Ministry of Water Resources,415806,1547692320,UBA,BIO_89731,89.26,2023-06-19,EMP_002460
Yemi Williams,Ministry of Agriculture,283259,9981034313,UBA,BIO_96249,97.87,2018-05-22,EMP_002461
Tunde Williams,Ministry of Education,208861,8562991382,UBA,BIO_87312,91.07,2025-03-14,EMP_002462
Chiamaka Okonkwo,Ministry of Power,430029,5147898290,GTBank,BIO_25566,87.2,2020-07-15,EMP_002463
Bola Adeleke,Civil Service Commission,252392,1343473068,Zenith,BIO_30578,94.82,2016-11-19,EMP_002464
Abubakar Suleiman,Ministry of Education,304291,3677887639,First Bank,,99.9,2024-07-20,EMP_002465
Femi Adeleke,Ministry of Education,205492,3683372175,First Bank,BIO_78480,94.2,2024-07-20,EMP_002466
Chukwu Ani,Federal Roads Maintenance Agency,360121,1178016961,Access,BIO_99858,91.05,2023-09-01,EMP_002467
Zainab Musa,Nigeria Customs Service,278485,4325846526,First Bank,BIO_12786,92.0,2020-12-02,EMP_002468
Ibrahim Ahmad,Nigeria Customs Service,247608,7961202590,First Bank,BIO_85952,89.93,2021-10-12,EMP_002469
Hassan Yusuf,Ministry of Power,461205,1378660255,Zenith,BIO_27066,86.36,2021-07-28,EMP_002470
Hassan Ibrahim,Federal Roads Maintenance Agency,241194,8751052524,Zenith,BIO_73453,98.1,2024-04-22,EMP_002471
Usman Mohammed,Federal Roads Maintenance Agency,137944,2750373439,UBA,BIO_56400,85.62,2020-09-17,EMP_002472
Chiamaka Onyeka,Federal Roads Maintenance Agency,457284,4080577531,First Bank,BIO_49508,89.31,2021-08-14,EMP_002473
Chiamaka Nwankwo,Ministry of Works,121644,2404903387,GTBank,BIO_99453,89.36,2024-09-22,EMP_002474
Adaeze Obiora,Ministry of Water Resources,147470,5003939597,First Bank,BIO_55280,92.24,2019-02-17,EMP_002475
Nnamdi Obiora,Ministry of Water Resources,409692,3265146119,First Bank,BIO_64716,90.86,2017-04-24,EMP_002476
Chukwu Okafor,Civil Service Commission,351701,1572528300,Zenith,BIO_10475,93.41,2023-11-18,EMP_002477
Yemi Adeleke,Ministry of Power,431356,1081960799,UBA,BIO_54633,95.14,2022-07-14,EMP_002478
Chinedu Okonkwo,Ministry of Power,417213,7148467074,First Bank,BIO_65532,92.59,2022-04-16,EMP_002479
Amina Ahmad,Civil Service Commission,460869,5839425806,Zenith,BIO_64652,96.73,2025-04-21,EMP_002480
Bola Adeleke,Ministry of Works,992533,6622012213,GTBank,BIO_86211,97.2,2025-11-01,EMP_002481
Femi Adeyemi,Ministry of Agriculture,276805,5857254751,GTBank,BIO_55757,93.38,2017-06-09,EMP_002482
Nnamdi Onyeka,Ministry of Works,337583,6743965408,GTBank,,99.9,2024-07-02,EMP_002483
Hassan Yusuf,Civil Service Commission,368351,2646261460,Zenith,BIO_83308,95.82,2023-09-04,EMP_002484
Nnamdi Eze,Ministry of Power,436891,9124272938,Access,BIO_15809,90.32,2017-05-08,EMP_002485
Nnamdi Eze,Nigeria Customs Service,435062,2353900139,Zenith,BIO_96343,90.65,2021-05-27,EMP_002486
Tunde Adebayo,Nigeria Customs Service,183545,7803880504,Access,BIO_84513,94.07,2019-07-08,EMP_002487
Chinedu Onyeka,Ministry of Water Resources,400395,6865345757,GTBank,BIO_56295,99.56,2018-01-06,EMP_002488
Okechukwu Obiora,Ministry of Agriculture,403562,4645165203,UBA,BIO_53280,85.9,2021-09-30,EMP_002489
Chinedu Nwankwo,Federal Roads Maintenance Agency,140972,9929865568,GTBank,BIO_75194,97.73,2021-04-15,EMP_002490
Ibrahim Ibrahim,Ministry of Works,466828,4094274987,UBA,BIO_73191,95.11,2022-06-07,EMP_002491
Abubakar Yusuf,Ministry of Water Resources,163646,3094313821,Access,BIO_98698,85.26,2024-03-15,EMP_002492
Chinedu Obiora,Ministry of Health,400269,7880282495,Access,BIO_13436,86.91,2018-02-10,EMP_002493
Yemi Adeyemi,Ministry of Health,305219,3125339485,First Bank,BIO_39601,88.36,2023-05-07,EMP_002494
Chioma Obiora,Ministry of Education,401831,7693375148,UBA,BIO_87928,93.89,2019-05-02,EMP_002495
Femi Ogunlesi,Ministry of Education,452791,5119357953,First Bank,BIO_70073,89.41,2022-12-02,EMP_002496
Bola Adebayo,Ministry of Works,340340,7930696919,Access,BIO_58999,89.31,2022-03-28,EMP_002497
Dele Ogunlesi,Civil Service Commission,278207,4193458506,Access,BIO_80379,88.32,2024-02-05,EMP_002498
Tayo Oyedepo,Nigeria Customs Service,91336,8938668911,GTBank,BIO_89114,99.17,2017-09-06,EMP_002499
Tayo Adeyemi,Ministry of Finance,205524,2845978226,Access,BIO_13560,86.82,2024-09-26,EMP_002500
Hassan Suleiman,Ministry of Education,230219,9704881304,Zenith,,99.9,2025-04-09,EMP_002501
Uchenna Onyeka,Ministry of Power,461838,3062997676,First Bank,,99.9,2025-06-10,EMP_002502
Zainab Mohammed,Ministry of Power,288311,5117005968,Zenith,BIO_82584,86.64,2022-03-28,EMP_002503
Okechukwu Nwosu,Ministry of Finance,233442,6904855109,Access,BIO_81113,85.02,2020-03-26,EMP_002504
Yemi Oyedepo,Civil Service Commission,87561,6595340759,GTBank,BIO_57160,86.68,2020-07-02,EMP_002505
Abubakar Mohammed,Ministry of Agriculture,135647,3449253504,Zenith,BIO_69248,92.04,2019-06-15,EMP_002506
Bola Adeleke,Ministry of Finance,485508,5088159779,First Bank,BIO_92681,89.78,2019-04-10,EMP_002507
Adaeze Ani,Ministry of Works,365684,1226640745,UBA,BIO_36194,93.93,2020-01-02,EMP_002508
Usman Umar,Ministry of Water Resources,135768,8029130495,UBA,BIO_77525,96.11,2024-07-21,EMP_002509
Aisha Yusuf,Civil Service Commission,177464,1239271660,Zenith,BIO_87849,87.94,2016-09-30,EMP_002510
Nnamdi Obiora,Ministry of Education,319563,9379703891,UBA,BIO_61084,89.44,2017-03-16,EMP_002511
Kemi Oyedepo,Federal Roads Maintenance Agency,386326,8563256323,UBA,BIO_41856,87.24,2024-11-16,EMP_002512
Uchenna Okonkwo,Ministry of Finance,285322,5376898839,Zenith,BIO_60607,92.66,2021-01-31,EMP_002513
Ibrahim Ibrahim,Federal Roads Maintenance Agency,368190,7042816989,UBA,BIO_90128,92.76,2020-08-19,EMP_002514
Zainab Ibrahim,Ministry of Water Resources,488120,3309173424,Zenith,BIO_83643,96.6,2021-01-12,EMP_002515
Dele Adeyemi,Ministry of Power,271550,5195869730,Access,BIO_94410,95.1,2016-05-27,EMP_002516
Aisha Ahmad,Ministry of Agriculture,148229,2278191076,First Bank,BIO_84435,88.77,2022-06-14,EMP_002517
Chinedu Okafor,Ministry of Finance,408864,8205991406,First Bank,BIO_79128,88.21,2021-07-20,EMP_002518
Yemi Adebayo,Ministry of Power,1195870,8843378490,First Bank,BIO_12187,97.5,2026-01-12,EMP_002519
Amina Yusuf,Ministry of Works,225340,1343223943,Zenith,BIO_99402,95.05,2024-09-01,EMP_002520
Kemi Adeleke,Ministry of Power,454204,3477909983,First Bank,BIO_70895,87.45,2016-11-27,EMP_002521
Tayo Oyedepo,Ministry of Education,303931,2022055980,GTBank,BIO_93992,91.65,2018-01-29,EMP_002522
Abubakar Umar,Federal Roads Maintenance Agency,127309,3781159114,UBA,BIO_77652,93.73,2021-08-05,EMP_002523
Femi Oyedepo,Ministry of Water Resources,361131,5726975228,Access,BIO_75741,85.38,2016-07-20,EMP_002524
Amina Yusuf,Ministry of Finance,295960,8473910761,Zenith,BIO_70642,89.44,2017-03-12,EMP_002525
Chukwu Obiora,Federal Roads Maintenance Agency,278646,3018828436,Access,BIO_13969,93.3,2018-11-02,EMP_002526
Okechukwu Eze,Ministry of Education,283587,3194270372,Zenith,BIO_10060,88.67,2024-02-16,EMP_002527
Yemi Williams,Federal Roads Maintenance Agency,212738,3243973672,UBA,BIO_84919,96.46,2020-10-12,EMP_002528
Ibrahim Yusuf,Ministry of Finance,200975,6248505785,Zenith,BIO_77280,95.54,2023-10-15,EMP_002529
Chiamaka Nwankwo,Civil Service Commission,460836,7387398618,GTBank,BIO_29819,86.43,2022-07-27,EMP_002530
Usman Umar,Ministry of Water Resources,283910,8496931354,UBA,BIO_47491,86.69,2024-05-05,EMP_002531
Dele Adeyemi,Civil Service Commission,306432,2036558654,Access,BIO_45658,87.74,2018-03-03,EMP_002532
Dele Adebayo,Civil Service Commission,270135,4968433831,First Bank,,99.9,2024-07-05,EMP_002533
Nnamdi Eze,Ministry of Health,346251,7420236213,First Bank,,99.9,2025-08-26,EMP_002534
Tayo Adeleke,Ministry of Health,177029,2719772184,Access,BIO_73160,91.03,2020-12-24,EMP_002535
Chinedu Onyeka,Ministry of Agriculture,333469,6079599890,GTBank,BIO_88174,90.67,2025-04-22,EMP_002536
Bola Oyedepo,Ministry of Power,253335,9082019598,Access,BIO_45216,85.82,2024-08-29,EMP_002537
Chinedu Onyeka,Ministry of Finance,361784,2116160702,First Bank,BIO_83139,85.42,2019-02-17,EMP_002538
Ade Oyedepo,Ministry of Power,458320,4263911696,Access,BIO_80667,85.14,2017-05-16,EMP_002539
Kemi Williams,Federal Roads Maintenance Agency,497814,3337964396,GTBank,BIO_22928,95.98,2018-12-10,EMP_002540
Bola Williams,Civil Service Commission,397015,5161279523,GTBank,BIO_93655,86.63,2021-09-20,EMP_002541
Femi Williams,Ministry of Power,446875,8400035146,GTBank,BIO_34520,92.09,2017-06-03,EMP_002542
Aisha Musa,Ministry of Power,157993,4775559194,GTBank,BIO_14864,86.58,2021-12-15,EMP_002543
Bola Williams,Ministry of Health,351048,1000065375,Access,BIO_69092,96.11,2021-10-04,EMP_002544
Ade Adeyemi,Ministry of Education,121565,8059987239,Access,BIO_86627,96.3,2019-02-15,EMP_002545
Yemi Williams,Ministry of Health,432807,8247764165,GTBank,BIO_49218,97.67,2019-07-11,EMP_002546
Usman Umar,Civil Service Commission,385490,6194188079,GTBank,BIO_25983,88.77,2024-07-11,EMP_002547
Femi Ogunlesi,Federal Roads Maintenance Agency,1178822,2845362122,First Bank,BIO_60430,90.42,2025-07-29,EMP_002548
Chioma Nwosu,Ministry of Health,490476,9784733581,Zenith,BIO_28361,97.77,2023-05-02,EMP_002549
Tayo Williams,Nigeria Customs Service,98778,6673891847,UBA,BIO_49396,92.78,2024-06-14,EMP_002550
Abubakar Yusuf,Ministry of Agriculture,306675,3283194797,Access,BIO_30818,88.02,2018-11-20,EMP_002551
Chiamaka Onyeka,Ministry of Agriculture,477607,3154933574,GTBank,BIO_17164,94.51,2017-08-25,EMP_002552
Ibrahim Musa,Ministry of Water Resources,282319,2442171432,GTBank,BIO_24949,86.61,2018-02-09,EMP_002553
Chinedu Nwosu,Ministry of Agriculture,267650,1414232077,Access,BIO_40037,96.4,2021-01-30,EMP_002554
Okechukwu Okonkwo,Federal Roads Maintenance Agency,185228,7463658699,First Bank,BIO_60080,94.11,2022-10-26,EMP_002555
Femi Oyedepo,Ministry of Agriculture,343713,7148854403,GTBank,BIO_39670,89.96,2022-01-08,EMP_002556
Chinedu Nwankwo,Ministry of Education,441311,5875106128,Zenith,BIO_87513,92.49,2024-09-30,EMP_002557
Chinedu Obiora,Nigeria Customs Service,451655,8456413374,UBA,BIO_57961,87.75,2021-02-03,EMP_002558
Chukwu Eze,Ministry of Works,269744,6191976929,First Bank,BIO_82533,93.63,2024-01-10,EMP_002559
Chinedu Obiora,Ministry of Works,179230,4261080311,GTBank,BIO_99355,94.91,2024-02-06,EMP_002560
Adaeze Onyeka,Ministry of Works,221557,1371284407,GTBank,BIO_75620,91.84,2021-01-24,EMP_002561
Ibrahim Musa,Ministry of Works,383746,1219634173,UBA,BIO_20023,85.4,2017-03-01,EMP_002562
Zainab Suleiman,Federal Roads Maintenance Agency,100836,6622649570,First Bank,BIO_92474,95.54,2022-02-17,EMP_002563
Dele Adeleke,Ministry of Water Resources,275058,8036575419,Zenith,BIO_23110,91.19,2023-12-06,EMP_002564
Bola Oyedepo,Federal Roads Maintenance Agency,402184,8654769800,GTBank,BIO_20452,89.09,2019-06-08,EMP_002565
Bola Oyedepo,Ministry of Water Resources,187810,5736769953,GTBank,BIO_15239,95.05,2021-09-24,EMP_002566
Uchenna Onyeka,Ministry of Health,160221,1714888599,GTBank,BIO_30978,86.69,2018-09-05,EMP_002567
Nnamdi Nwankwo,Ministry of Education,169272,1783087169,First Bank,BIO_55274,86.8,2021-04-02,EMP_002568
Hassan Ibrahim,Federal Roads Maintenance Agency,444725,1110621258,Zenith,BIO_76353,97.06,2025-04-27,EMP_002569
Femi Adeyemi,Ministry of Water Resources,361054,2685583721,Zenith,BIO_63566,90.45,2025-03-15,EMP_002570
Dele Adeyemi,Ministry of Education,431140,6059425484,UBA,BIO_66102,91.99,2017-12-09,EMP_002571
Yemi Adeyemi,Ministry of Agriculture,161648,4462766009,Access,BIO_50727,95.33,2016-09-07,EMP_002572
Tunde Adeleke,Ministry of Finance,469395,9887525889,Zenith,BIO_35000,85.89,2023-01-25,EMP_002573
Adaeze Eze,Ministry of Education,1033379,9030945403,Zenith,BIO_76672,94.81,2025-12-17,EMP_002574
Zainab Mohammed,Federal Roads Maintenance Agency,359075,7689466857,Zenith,BIO_72822,85.15,2016-07-31,EMP_002575
Amina Suleiman,Ministry of Agriculture,338407,8626080425,UBA,BIO_20266,97.81,2025-01-29,EMP_002576
Kemi Adeyemi,Ministry of Health,215354,8428697919,First Bank,BIO_68500,87.55,2025-03-21,EMP_002577
Abubakar Yusuf,Ministry of Education,166620,1435008783,UBA,BIO_75769,85.33,2016-06-15,EMP_002578
Usman Ahmad,Federal Roads Maintenance Agency,445842,5612615995,Access,BIO_76048,91.06,2025-03-07,EMP_002579
Okechukwu Nwankwo,Ministry of Health,258896,9665816062,First Bank,BIO_89838,89.25,2018-12-10,EMP_002580
Nnamdi Nwankwo,Ministry of Works,481363,7902484895,Access,BIO_24357,96.95,2020-03-22,EMP_002581
Tunde Adeyemi,Ministry of Works,332871,4290338413,First Bank,BIO_58832,96.37,2018-01-10,EMP_002582
Ibrahim Musa,Ministry of Water Resources,347142,5823544734,GTBank,BIO_36464,97.19,2022-08-12,EMP_002583
Kemi Ogunlesi,Ministry of Education,315141,9395422054,UBA,BIO_36068,87.77,2021-10-27,EMP_002584
Aisha Ibrahim,Ministry of Water Resources,498340,7174546007,Access,BIO_66987,89.71,2020-04-15,EMP_002585
Ade Adebayo,Ministry of Power,204834,5269942164,GTBank,BIO_77909,89.51,2021-02-13,EMP_002586
Chioma Nwosu,Ministry of Finance,126630,8588284024,Access,BIO_21098,92.85,2019-09-24,EMP_002587
Nnamdi Nwankwo,Ministry of Education,146964,8897193868,First Bank,BIO_70312,95.12,2023-04-03,EMP_002588
Adaeze Eze,Ministry of Education,127793,3578995404,First Bank,BIO_63557,90.19,2021-11-10,EMP_002589
Ibrahim Ahmad,Ministry of Water Resources,343495,4684276953,UBA,BIO_70806,93.22,2021-12-14,EMP_002590
Ade Oyedepo,Nigeria Customs Service,143627,4545689215,First Bank,BIO_57075,91.58,2017-08-18,EMP_002591
Fatima Musa,Ministry of Agriculture,176231,9975081999,UBA,BIO_51179,89.27,2022-02-17,EMP_002592
Ade Adeleke,Ministry of Water Resources,169768,9925571966,Access,BIO_45444,90.44,2024-10-17,EMP_002593
Hassan Musa,Civil Service Commission,118751,4371714457,First Bank,BIO_60970,86.67,2023-09-22,EMP_002594
Ade Adebayo,Ministry of Works,379933,4857738092,First Bank,BIO_27603,92.01,2016-06-12,EMP_002595
Chinedu Nwankwo,Ministry of Works,130766,7964967555,Zenith,,99.9,2025-11-30,EMP_002596
Dele Adebayo,Ministry of Water Resources,242249,8870409084,Access,BIO_50778,94.79,2024-05-17,EMP_002597
Kemi Ogunlesi,Nigeria Customs Service,340182,9643240314,Zenith,BIO_32432,95.88,2023-01-03,EMP_002598
Chinedu Nwankwo,Ministry of Water Resources,487890,3322331573,Zenith,BIO_31819,93.62,2019-02-24,EMP_002599
Chioma Okafor,Ministry of Water Resources,140930,6398420279,Access,BIO_33941,98.37,2022-11-23,EMP_002600
Amina Mohammed,Ministry of Water Resources,100828,2639753084,GTBank,BIO_54885,97.93,2022-04-17,EMP_002601
Chioma Nwankwo,Nigeria Customs Service,142254,8797338159,UBA,BIO_71954,87.62,2019-05-07,EMP_002602
Ade Adebayo,Ministry of Finance,153311,5824092681,Access,BIO_49197,97.1,2019-05-29,EMP_002603
Okechukwu Okafor,Ministry of Finance,389428,1680009503,UBA,BIO_67481,89.61,2024-09-20,EMP_002604
Bola Williams,Federal Roads Maintenance Agency,158973,3783675358,UBA,BIO_31503,89.61,2017-03-02,EMP_002605
Dele Adeleke,Ministry of Water Resources,207995,2005176372,GTBank,,99.9,2024-09-12,EMP_002606
Chinedu Ani,Ministry of Finance,448082,1417816765,UBA,BIO_32181,92.73,2018-03-03,EMP_002607
Dele Adeleke,Ministry of Health,142511,5177243224,UBA,BIO_20040,90.42,2019-09-25,EMP_002608
Tunde Ogunlesi,Ministry of Education,363432,1363994487,UBA,BIO_60217,88.9,2022-03-07,EMP_002609
Abubakar Musa,Ministry of Agriculture,299413,2694076618,UBA,BIO_40380,96.71,2016-05-24,EMP_002610
Bola Adeleke,Civil Service Commission,399366,4538167396,UBA,BIO_76176,89.36,2018-03-08,EMP_002611
Kemi Adeleke,Federal Roads Maintenance Agency,428366,7155895929,UBA,BIO_74765,95.91,2025-01-29,EMP_002612
Yemi Williams,Ministry of Water Resources,115062,1378280719,GTBank,BIO_16782,90.7,2019-12-14,EMP_002613
Hassan Ibrahim,Ministry of Health,146679,9990769785,First Bank,BIO_27651,87.34,2021-05-01,EMP_002614
Dele Adeyemi,Civil Service Commission,209534,7531298494,First Bank,BIO_57899,92.48,2024-09-19,EMP_002615
Chioma Obiora,Ministry of Water Resources,308974,6713462230,Zenith,BIO_61211,89.09,2017-06-21,EMP_002616
Adaeze Eze,Ministry of Education,269441,7839290411,UBA,BIO_12963,96.49,2021-10-19,EMP_002617
Usman Mohammed,Ministry of Education,443800,2348278276,First Bank,BIO_45991,96.6,2019-05-07,EMP_002618
Chioma Ani,Nigeria Customs Service,172294,9146196628,UBA,BIO_88577,90.88,2016-08-23,EMP_002619
Aisha Yusuf,Ministry of Works,254131,4981256302,Access,BIO_67599,86.38,2016-05-28,EMP_002620
Dele Oyedepo,Ministry of Water Resources,245031,8540984988,UBA,BIO_39640,87.04,2016-12-09,EMP_002621
Chinedu Eze,Ministry of Works,169895,4472332787,Access,BIO_88722,94.39,2025-03-21,EMP_002622
Kemi Oyedepo,Ministry of Water Resources,403874,3245950276,First Bank,BIO_61528,94.81,2016-10-08,EMP_002623
Chukwu Nwankwo,Nigeria Customs Service,192681,8767740832,First Bank,BIO_56279,92.31,2017-01-10,EMP_002624
Adaeze Eze,Ministry of Education,342546,6753162325,GTBank,BIO_38720,95.46,2016-06-24,EMP_002625
Aisha Ahmad,Nigeria Customs Service,351683,2060607770,First Bank,BIO_35157,92.84,2022-04-18,EMP_002626
Fatima Musa,Ministry of Education,125077,1145172561,UBA,BIO_85727,97.59,2020-12-18,EMP_002627
Chiamaka Eze,Ministry of Finance,176839,2572610543,Zenith,BIO_93573,93.05,2023-03-29,EMP_002628
Dele Ogunlesi,Civil Service Commission,276297,4439897510,First Bank,BIO_17545,87.45,2022-02-23,EMP_002629
Dele Williams,Ministry of Agriculture,434626,6930925049,First Bank,BIO_69983,93.33,2023-07-29,EMP_002630
Okechukwu Okonkwo,Ministry of Finance,439775,6389091910,UBA,BIO_84966,94.35,2017-05-21,EMP_002631
Dele Oyedepo,Nigeria Customs Service,403501,1908174036,GTBank,BIO_41733,92.05,2017-05-13,EMP_002632
Okechukwu Okafor,Ministry of Health,188284,4235095950,Access,BIO_41935,96.97,2020-02-01,EMP_002633
Ibrahim Ibrahim,Ministry of Works,107008,3555024246,First Bank,BIO_21248,92.55,2022-08-06,EMP_002634
Femi Adeleke,Ministry of Water Resources,171871,7917458088,Zenith,BIO_37352,91.38,2022-06-03,EMP_002635
Dele Adeyemi,Civil Service Commission,191754,9701816202,First Bank,BIO_81864,88.3,2017-03-31,EMP_002636
Uchenna Nwankwo,Ministry of Agriculture,303925,1802213711,First Bank,BIO_41084,89.29,2022-06-14,EMP_002637
Chiamaka Eze,Ministry of Education,289024,4342211375,Zenith,BIO_29105,89.56,2017-09-07,EMP_002638
Yemi Oyedepo,Ministry of Power,166246,3881618498,GTBank,BIO_34183,91.73,2020-10-02,EMP_002639
Zainab Musa,Ministry of Power,409294,5924036593,GTBank,BIO_17596,95.93,2019-05-06,EMP_002640
Amina Ahmad,Ministry of Health,257595,2067234490,UBA,BIO_33100,90.8,2024-08-16,EMP_002641
Adaeze Nwankwo,Ministry of Works,429643,4415882160,Access,BIO_10401,94.36,2018-09-26,EMP_002642
Zainab Ibrahim,Ministry of Finance,357763,6744808969,Access,BIO_18805,90.4,2021-08-18,EMP_002643
Chioma Nwankwo,Ministry of Finance,139173,7181408108,UBA,BIO_61489,88.49,2021-06-06,EMP_002644
Tayo Williams,Ministry of Power,366335,7207865330,Zenith,BIO_27185,86.3,2024-04-14,EMP_002645
Chukwu Onyeka,Ministry of Education,1089673,2177310792,Zenith,BIO_43382,86.55,2025-10-21,EMP_002646
Hassan Musa,Ministry of Agriculture,196323,3984375522,Zenith,BIO_70668,87.89,2020-07-06,EMP_002647
Chukwu Obiora,Ministry of Agriculture,330066,8454190089,GTBank,BIO_12812,95.28,2016-05-24,EMP_002648
Chiamaka Nwosu,Ministry of Power,165953,7349416599,Access,BIO_38502,85.96,2024-08-20,EMP_002649
Nnamdi Okafor,Ministry of Water Resources,105693,8834857823,Access,BIO_77870,87.82,2019-11-08,EMP_002650
Chiamaka Okonkwo,Federal Roads Maintenance Agency,152499,9085032063,Access,BIO_87933,90.84,2017-09-21,EMP_002651
Bola Adeyemi,Ministry of Power,400498,2414746525,Access,BIO_93628,93.93,2022-10-31,EMP_002652
Usman Umar,Ministry of Finance,166039,9051913863,GTBank,BIO_50638,96.1,2019-05-29,EMP_002653
Chiamaka Eze,Ministry of Power,366292,5026426742,GTBank,BIO_75232,95.61,2017-03-18,EMP_002654
Hassan Ibrahim,Ministry of Education,401636,4833770780,Access,BIO_45170,89.36,2024-06-11,EMP_002655
Dele Adebayo,Ministry of Works,220223,1002160145,First Bank,BIO_64905,97.95,2021-08-03,EMP_002656
Adaeze Okafor,Ministry of Education,441328,1926127915,GTBank,BIO_35449,88.82,2020-05-05,EMP_002657
Chiamaka Okonkwo,Federal Roads Maintenance Agency,310033,8873223768,GTBank,BIO_50312,96.21,2019-01-23,EMP_002658
Uchenna Okonkwo,Ministry of Health,434907,6516458757,Zenith,BIO_97771,94.13,2022-12-04,EMP_002659
Yemi Adeleke,Nigeria Customs Service,266671,9723245642,UBA,BIO_47517,89.76,2020-03-01,EMP_002660
Hassan Umar,Ministry of Power,277270,3616440431,UBA,BIO_29786,92.34,2019-09-24,EMP_002661
Tunde Ogunlesi,Federal Roads Maintenance Agency,309297,2439398984,Zenith,BIO_29482,90.53,2024-08-13,EMP_002662
Ibrahim Yusuf,Ministry of Agriculture,446827,3480019642,UBA,BIO_33988,86.92,2024-10-20,EMP_002663
Okechukwu Onyeka,Federal Roads Maintenance Agency,191391,1691320803,First Bank,BIO_78480,86.48,2021-12-18,EMP_002664
Fatima Ahmad,Federal Roads Maintenance Agency,173045,5824041949,First Bank,BIO_79159,93.87,2024-04-15,EMP_002665
Femi Oyedepo,Federal Roads Maintenance Agency,276222,3511879526,First Bank,BIO_50783,88.42,2019-10-23,EMP_002666
Kemi Adebayo,Ministry of Works,220953,1445415258,First Bank,BIO_70203,92.93,2024-05-12,EMP_002667
Nnamdi Obiora,Ministry of Power,139307,5458478321,Access,BIO_48962,92.76,2023-07-26,EMP_002668
Ibrahim Ahmad,Ministry of Health,322972,3760062321,GTBank,BIO_68353,90.68,2023-12-25,EMP_002669
Nnamdi Obiora,Ministry of Education,478260,8427586201,Access,,99.9,2024-08-03,EMP_002670
Tunde Adeleke,Ministry of Health,327231,4044615178,First Bank,BIO_17874,93.6,2016-08-13,EMP_002671
Usman Yusuf,Ministry of Water Resources,80749,6771595735,Access,BIO_19800,93.42,2022-06-17,EMP_002672
Amina Yusuf,Ministry of Works,232783,9085894864,First Bank,BIO_52472,91.81,2022-04-24,EMP_002673
Tayo Ogunlesi,Civil Service Commission,287908,4320299597,GTBank,BIO_28442,90.11,2017-09-10,EMP_002674
Usman Mohammed,Ministry of Power,313581,4933453713,First Bank,BIO_13389,93.3,2021-09-30,EMP_002675
Amina Ahmad,Civil Service Commission,144039,8482759135,First Bank,,99.9,2026-05-07,EMP_002676
Aisha Umar,Ministry of Health,225342,6320678371,Zenith,BIO_32831,92.43,2023-10-31,EMP_002677
Chioma Eze,Ministry of Agriculture,416438,3670929144,Zenith,BIO_91580,98.19,2021-09-26,EMP_002678
Bola Adebayo,Federal Roads Maintenance Agency,465614,9437430661,UBA,BIO_34505,96.97,2018-04-21,EMP_002679
Yemi Oyedepo,Ministry of Water Resources,467904,3535717801,Access,BIO_24558,90.36,2019-08-11,EMP_002680
Usman Musa,Ministry of Agriculture,146332,8539147209,Access,,99.9,2025-04-08,EMP_002681
Ibrahim Umar,Ministry of Power,371313,3409071840,Access,BIO_99967,96.5,2022-06-06,EMP_002682
Chioma Eze,Federal Roads Maintenance Agency,383736,9178157130,Access,BIO_66639,98.68,2022-01-13,EMP_002683
Fatima Mohammed,Ministry of Finance,312533,5063363697,UBA,BIO_49392,94.65,2019-02-21,EMP_002684
Ibrahim Yusuf,Ministry of Health,178495,2506136113,Zenith,BIO_26793,87.83,2022-03-05,EMP_002685
Femi Adebayo,Nigeria Customs Service,442065,6227875757,UBA,BIO_29517,87.6,2019-11-28,EMP_002686
Usman Ibrahim,Ministry of Education,253558,4736137793,GTBank,BIO_96108,88.08,2022-07-03,EMP_002687
Abubakar Ibrahim,Ministry of Power,123218,5772401850,Access,BIO_69788,92.42,2020-10-16,EMP_002688
Bola Adebayo,Ministry of Health,389434,9838130634,GTBank,BIO_49519,99.96,2022-08-17,EMP_002689
Ibrahim Umar,Ministry of Power,285544,3116659712,First Bank,BIO_56685,87.52,2018-04-14,EMP_002690
Ibrahim Suleiman,Ministry of Works,402590,1061881351,UBA,BIO_16689,90.35,2021-07-23,EMP_002691
Chiamaka Okafor,Ministry of Works,340650,4832470355,Access,BIO_34594,90.28,2022-04-05,EMP_002692
Chioma Onyeka,Ministry of Works,319372,9418074426,Access,BIO_39333,86.64,2019-10-10,EMP_002693
Chukwu Nwankwo,Ministry of Health,267697,3817682734,Zenith,BIO_20559,90.84,2022-07-11,EMP_002694
Yemi Adebayo,Civil Service Commission,104212,1213351396,UBA,BIO_63973,97.55,2022-03-28,EMP_002695
Okechukwu Okafor,Ministry of Agriculture,158896,2088228288,GTBank,BIO_17503,86.89,2023-08-25,EMP_002696
Uchenna Ani,Ministry of Education,98460,2624143282,Access,BIO_44745,95.68,2023-02-23,EMP_002697
Chukwu Okonkwo,Ministry of Education,471181,9744507416,Access,BIO_38006,96.78,2019-12-25,EMP_002698
Zainab Mohammed,Ministry of Education,348344,1194717405,UBA,BIO_41987,96.25,2023-02-10,EMP_002699
Bola Oyedepo,Ministry of Health,399656,4268518013,Zenith,BIO_73829,95.26,2020-04-22,EMP_002700
Ade Ogunlesi,Ministry of Education,207042,6599223103,Zenith,BIO_11121,96.72,2021-09-01,EMP_002701
Ibrahim Ahmad,Ministry of Works,162149,4076436676,Access,BIO_97009,98.5,2021-02-11,EMP_002702
Aisha Yusuf,Ministry of Agriculture,469181,1859590606,UBA,BIO_25311,86.27,2016-10-07,EMP_002703
Uchenna Ani,Ministry of Power,361267,5746585353,Zenith,BIO_21823,91.07,2019-04-30,EMP_002704
Ade Ogunlesi,Ministry of Finance,302804,3602716239,Access,BIO_99978,91.74,2023-05-30,EMP_002705
Okechukwu Okafor,Civil Service Commission,82729,6459608280,GTBank,BIO_79332,96.92,2022-05-13,EMP_002706
Tayo Adeleke,Ministry of Education,322956,2875135847,First Bank,BIO_78232,91.69,2022-06-07,EMP_002707
Femi Oyedepo,Ministry of Works,492977,9419847068,First Bank,BIO_40836,90.43,2021-08-26,EMP_002708
Adaeze Eze,Ministry of Power,442706,4793133986,Access,BIO_60047,89.55,2021-02-08,EMP_002709
Hassan Mohammed,Federal Roads Maintenance Agency,498456,9402960640,GTBank,BIO_44274,96.61,2024-06-22,EMP_002710
Uchenna Ani,Ministry of Health,186082,9982766450,Access,BIO_34884,86.52,2017-07-21,EMP_002711
Femi Adebayo,Ministry of Works,291027,3291077027,Access,BIO_27993,96.99,2016-07-23,EMP_002712
Hassan Ahmad,Ministry of Health,302377,7783692299,Access,BIO_84311,87.96,2018-09-18,EMP_002713
Tunde Adeleke,Ministry of Education,85857,4001362688,UBA,BIO_57716,85.82,2016-06-06,EMP_002714
Femi Oyedepo,Ministry of Water Resources,437205,5878596201,GTBank,BIO_75622,88.45,2021-01-26,EMP_002715
Fatima Yusuf,Ministry of Education,246867,1272286362,First Bank,BIO_32794,88.22,2017-11-09,EMP_002716
Okechukwu Obiora,Ministry of Power,155647,7202130397,UBA,BIO_82850,95.99,2024-06-20,EMP_002717
Tunde Adebayo,Ministry of Power,498598,9410547239,Zenith,BIO_63401,88.11,2018-09-25,EMP_002718
Fatima Yusuf,Ministry of Works,471623,7016904277,UBA,BIO_28725,86.24,2022-09-26,EMP_002719
Yemi Ogunlesi,Ministry of Education,475217,8899680026,First Bank,BIO_20953,95.58,2017-11-21,EMP_002720
Tayo Ogunlesi,Ministry of Works,182369,7072620702,UBA,BIO_79527,89.32,2016-08-30,EMP_002721
Ibrahim Mohammed,Ministry of Power,189663,4231075051,GTBank,BIO_85282,91.71,2019-06-22,EMP_002722
Nnamdi Okonkwo,Ministry of Finance,490129,1327217209,Access,BIO_15706,91.09,2020-04-26,EMP_002723
Yemi Adeyemi,Nigeria Customs Service,445613,4127634492,GTBank,BIO_69484,93.68,2020-03-01,EMP_002724
Amina Ibrahim,Ministry of Agriculture,368947,8398670035,GTBank,BIO_71174,91.3,2016-05-18,EMP_002725
Ade Adebayo,Ministry of Health,470336,4126716099,Zenith,BIO_95826,89.65,2021-08-07,EMP_002726
Usman Ahmad,Ministry of Education,439648,5046782508,Access,BIO_45236,94.76,2021-06-06,EMP_002727
Bola Williams,Civil Service Commission,81031,2571105024,Zenith,BIO_40530,85.78,2023-04-20,EMP_002728
Usman Mohammed,Nigeria Customs Service,202857,5651145238,First Bank,BIO_77085,87.1,2024-07-11,EMP_002729
Kemi Oyedepo,Ministry of Health,305915,2494071250,UBA,BIO_78657,94.12,2019-11-21,EMP_002730
Tunde Adeyemi,Ministry of Finance,495895,3229977312,UBA,BIO_86960,95.78,2018-01-03,EMP_002731
Chinedu Nwankwo,Civil Service Commission,282696,9539983469,Access,BIO_79168,85.3,2018-01-08,EMP_002732
Chiamaka Okafor,Ministry of Water Resources,480958,6874443126,First Bank,BIO_33800,88.03,2016-07-30,EMP_002733
Kemi Williams,Ministry of Works,337380,4736731297,GTBank,BIO_81463,96.15,2016-07-17,EMP_002734
Yemi Ogunlesi,Civil Service Commission,170598,2417527497,Access,BIO_50871,89.78,2022-03-04,EMP_002735
Bola Williams,Nigeria Customs Service,406557,5079819008,Access,BIO_72035,93.62,2024-04-16,EMP_002736
Chinedu Ani,Ministry of Agriculture,196746,4124374797,GTBank,BIO_84859,93.77,2020-05-23,EMP_002737
Zainab Suleiman,Ministry of Finance,275150,1962151916,Access,BIO_31824,94.41,2023-08-10,EMP_002738
Nnamdi Okonkwo,Ministry of Water Resources,490193,5299482903,UBA,BIO_66352,99.0,2025-03-25,EMP_002739
Chukwu Okafor,Ministry of Water Resources,365887,4905959431,Zenith,BIO_35898,86.12,2024-03-07,EMP_002740
Bola Williams,Civil Service Commission,109896,4343134855,GTBank,BIO_16147,97.31,2023-09-14,EMP_002741
Uchenna Obiora,Ministry of Finance,133310,7891440787,Zenith,BIO_64393,85.88,2024-01-24,EMP_002742
Dele Adeyemi,Federal Roads Maintenance Agency,165459,6148624422,UBA,BIO_20780,86.73,2023-10-19,EMP_002743
Yemi Williams,Ministry of Water Resources,145505,1250934699,UBA,BIO_24456,96.75,2021-03-18,EMP_002744
Kemi Ogunlesi,Ministry of Agriculture,151748,4999458114,Zenith,BIO_88476,90.46,2016-12-29,EMP_002745
Okechukwu Ani,Ministry of Health,496383,7463499093,Zenith,BIO_82724,90.65,2017-05-01,EMP_002746
Chioma Onyeka,Ministry of Works,234742,4517064702,UBA,,99.9,2025-01-08,EMP_002747
Tunde Williams,Ministry of Power,248810,9825609013,GTBank,BIO_79116,86.63,2023-01-12,EMP_002748
Ade Ogunlesi,Ministry of Power,341714,6821860754,Access,BIO_73192,88.1,2025-03-25,EMP_002749
Ibrahim Ahmad,Ministry of Education,234983,1062987819,Access,BIO_92188,94.78,2017-08-31,EMP_002750
Tunde Adeleke,Federal Roads Maintenance Agency,91827,3504924785,First Bank,BIO_71830,91.21,2025-02-07,EMP_002751
Chinedu Nwankwo,Civil Service Commission,162706,1301306608,Zenith,BIO_28518,86.72,2017-12-03,EMP_002752
Fatima Umar,Ministry of Works,270503,4245549720,GTBank,BIO_12621,89.66,2016-08-06,EMP_002753
Abubakar Ahmad,Ministry of Agriculture,147698,7096920398,GTBank,BIO_24814,90.99,2021-01-24,EMP_002754
Femi Adeleke,Federal Roads Maintenance Agency,123333,8569145606,Access,BIO_26919,95.86,2018-10-06,EMP_002755
Abubakar Suleiman,Ministry of Education,179685,2444664074,UBA,BIO_17818,89.75,2019-01-27,EMP_002756
Tunde Ogunlesi,Ministry of Water Resources,388074,3595934958,Access,BIO_22641,97.82,2024-12-21,EMP_002757
Amina Ibrahim,Ministry of Works,185022,5538386083,GTBank,BIO_68349,96.68,2016-08-25,EMP_002758
Hassan Ibrahim,Ministry of Health,337588,1491271731,Access,BIO_44447,95.72,2024-10-11,EMP_002759
Zainab Ahmad,Civil Service Commission,310974,6195782697,Access,BIO_12835,88.77,2019-01-02,EMP_002760
Bola Adebayo,Ministry of Education,102972,4077915328,Access,BIO_53580,91.55,2017-05-18,EMP_002761
Amina Umar,Ministry of Works,245197,2873369862,UBA,BIO_80867,87.68,2021-01-17,EMP_002762
Abubakar Umar,Ministry of Power,427426,1264538951,Access,BIO_28802,95.68,2022-06-23,EMP_002763
Femi Ogunlesi,Ministry of Finance,329830,9371247496,Access,BIO_21472,90.5,2018-08-03,EMP_002764
Yemi Adeyemi,Ministry of Agriculture,203342,2131162649,GTBank,BIO_66352,98.89,2018-05-18,EMP_002765
Zainab Suleiman,Ministry of Works,230202,7472687239,First Bank,BIO_78713,85.08,2025-04-01,EMP_002766
Chiamaka Obiora,Ministry of Finance,145365,5294553384,UBA,BIO_58770,89.89,2016-08-11,EMP_002767
Zainab Ibrahim,Ministry of Works,382006,4996625041,First Bank,BIO_40743,89.77,2024-11-29,EMP_002768
Aisha Musa,Federal Roads Maintenance Agency,330145,7481138472,First Bank,BIO_23146,97.66,2022-02-14,EMP_002769
Yemi Adebayo,Ministry of Health,83062,5984574229,Access,BIO_23924,94.72,2021-02-14,EMP_002770
Adaeze Okafor,Ministry of Education,149736,2342664399,First Bank,BIO_35945,94.42,2019-12-12,EMP_002771
Yemi Oyedepo,Federal Roads Maintenance Agency,220614,3748084044,UBA,BIO_17429,94.43,2024-07-02,EMP_002772
Abubakar Umar,Ministry of Power,466910,5821896113,First Bank,BIO_97901,89.07,2021-07-21,EMP_002773
Aisha Yusuf,Federal Roads Maintenance Agency,132607,8981835368,Access,BIO_41357,95.45,2020-05-07,EMP_002774
Ade Adebayo,Nigeria Customs Service,257085,2620815819,Zenith,BIO_65495,97.77,2019-02-02,EMP_002775
Chinedu Obiora,Ministry of Power,247713,5772197393,Zenith,BIO_37993,93.86,2017-01-26,EMP_002776
Uchenna Ani,Ministry of Finance,188484,9830439736,Zenith,BIO_74002,89.52,2019-04-04,EMP_002777
Chinedu Eze,Ministry of Education,255961,4013391325,Zenith,BIO_28877,89.03,2020-11-20,EMP_002778
Femi Adeyemi,Ministry of Agriculture,386292,2288116749,Access,BIO_54275,86.51,2023-03-06,EMP_002779
Dele Adeleke,Ministry of Power,242816,5757400776,First Bank,BIO_32122,85.88,2016-09-15,EMP_002780
Adaeze Okonkwo,Ministry of Works,454336,7641438807,UBA,BIO_76478,93.53,2018-11-01,EMP_002781
Chukwu Ani,Ministry of Finance,244067,4516424102,First Bank,BIO_31472,86.91,2021-09-03,EMP_002782
Dele Adeyemi,Ministry of Works,424650,3482225939,Zenith,BIO_79153,97.0,2016-08-01,EMP_002783
Fatima Ahmad,Ministry of Health,170461,1817753263,Access,BIO_96287,96.68,2024-02-13,EMP_002784
Chioma Nwosu,Ministry of Education,374183,6339673436,First Bank,BIO_66388,95.12,2020-11-27,EMP_002785
Chinedu Nwankwo,Ministry of Finance,422497,7229116783,UBA,BIO_82144,94.01,2017-04-16,EMP_002786
Fatima Yusuf,Ministry of Power,1264413,9915761540,GTBank,BIO_85912,96.52,2026-05-14,EMP_002787
Usman Mohammed,Ministry of Works,379046,5601326472,First Bank,BIO_55802,90.32,2024-06-24,EMP_002788
Chiamaka Okonkwo,Ministry of Health,195088,1912990129,First Bank,BIO_84860,92.91,2019-12-13,EMP_002789
Uchenna Eze,Civil Service Commission,481648,6127732579,Zenith,BIO_14674,90.96,2020-03-07,EMP_002790
Yemi Adeleke,Ministry of Health,423218,6034044276,Access,BIO_32059,94.76,2023-04-15,EMP_002791
Zainab Ahmad,Ministry of Health,377716,4322348286,First Bank,BIO_79177,91.77,2025-05-12,EMP_002792
Kemi Adeleke,Ministry of Water Resources,334136,1687184645,UBA,BIO_66821,89.33,2021-03-25,EMP_002793
Adaeze Eze,Ministry of Health,430009,1647411318,UBA,BIO_83093,97.75,2022-01-01,EMP_002794
Chinedu Nwankwo,Ministry of Works,371588,7969299281,UBA,BIO_70447,92.09,2018-05-29,EMP_002795
Chinedu Ani,Civil Service Commission,368002,9813702227,First Bank,BIO_88991,86.93,2024-06-04,EMP_002796
Okechukwu Ani,Federal Roads Maintenance Agency,244477,4234573865,Zenith,BIO_66108,94.77,2016-09-23,EMP_002797
Fatima Yusuf,Federal Roads Maintenance Agency,499367,9076432615,Access,BIO_63320,86.7,2018-08-20,EMP_002798
Chiamaka Obiora,Federal Roads Maintenance Agency,133886,6611669731,UBA,BIO_78503,90.35,2020-03-30,EMP_002799
Chiamaka Eze,Federal Roads Maintenance Agency,359993,8504662446,GTBank,BIO_66619,85.85,2016-11-19,EMP_002800
Okechukwu Nwankwo,Ministry of Power,142403,6809667716,Access,BIO_82709,92.06,2019-07-29,EMP_002801
Chukwu Okonkwo,Ministry of Finance,242856,9311053973,GTBank,BIO_86159,96.83,2021-09-07,EMP_002802
Chiamaka Nwosu,Civil Service Commission,408629,9866061047,GTBank,BIO_55895,86.98,2017-01-22,EMP_002803
Uchenna Okonkwo,Federal Roads Maintenance Agency,301756,7459306744,Access,BIO_16942,94.07,2018-11-15,EMP_002804
Nnamdi Nwosu,Ministry of Agriculture,386274,8004545376,Zenith,BIO_28554,93.92,2017-01-22,EMP_002805
Abubakar Ibrahim,Nigeria Customs Service,476422,6617642250,Access,BIO_57189,86.73,2018-03-28,EMP_002806
Abubakar Ibrahim,Ministry of Water Resources,95821,5320145733,Access,BIO_37898,87.26,2022-02-05,EMP_002807
Chinedu Nwosu,Civil Service Commission,482839,3748154977,First Bank,BIO_97762,95.95,2018-03-06,EMP_002808
Usman Ahmad,Ministry of Power,243408,7066930300,First Bank,BIO_36908,85.01,2021-02-06,EMP_002809
Okechukwu Onyeka,Ministry of Finance,118327,6453794307,Zenith,BIO_80965,95.22,2017-05-15,EMP_002810
Chukwu Eze,Federal Roads Maintenance Agency,481809,5277022082,Access,BIO_79748,97.82,2019-01-20,EMP_002811
Yemi Ogunlesi,Ministry of Health,459050,3640752998,Zenith,BIO_74533,97.41,2023-06-11,EMP_002812
Zainab Mohammed,Ministry of Finance,468548,6304445722,UBA,BIO_36620,97.74,2018-05-24,EMP_002813
Yemi Adeleke,Ministry of Health,321484,9451840729,UBA,BIO_42900,88.22,2023-11-06,EMP_002814
Uchenna Eze,Ministry of Power,197411,1606186148,Zenith,BIO_11823,92.66,2019-08-30,EMP_002815
Chiamaka Okafor,Federal Roads Maintenance Agency,447348,5400045731,First Bank,BIO_32380,89.3,2017-03-14,EMP_002816
Kemi Adeleke,Nigeria Customs Service,378461,5051761728,First Bank,BIO_51617,93.98,2020-09-06,EMP_002817
Yemi Ogunlesi,Ministry of Water Resources,438639,6525945483,Access,BIO_45923,92.75,2019-09-24,EMP_002818
Bola Adeleke,Ministry of Power,455130,4797680841,GTBank,BIO_35028,91.17,2022-12-11,EMP_002819
Chiamaka Nwankwo,Ministry of Education,355881,8111572349,Zenith,BIO_14210,87.57,2017-05-16,EMP_002820
Nnamdi Obiora,Ministry of Works,113020,3579445410,Zenith,BIO_47363,94.07,2018-11-08,EMP_002821
Dele Adeleke,Ministry of Water Resources,181020,9632732668,First Bank,BIO_10530,93.17,2023-02-27,EMP_002822
Tunde Adebayo,Ministry of Works,413733,7226230776,Zenith,BIO_72507,91.71,2023-03-06,EMP_002823
Aisha Yusuf,Ministry of Finance,353397,1623629841,GTBank,BIO_98538,97.8,2021-10-09,EMP_002824
Ibrahim Musa,Ministry of Education,156377,7215060941,Zenith,BIO_12092,96.38,2017-04-25,EMP_002825
Amina Umar,Civil Service Commission,428052,3280043821,First Bank,BIO_36239,95.96,2016-11-30,EMP_002826
Kemi Adeleke,Ministry of Education,335226,8313702195,Access,BIO_46935,91.56,2016-11-01,EMP_002827
Fatima Ahmad,Ministry of Education,215221,4253112134,Access,BIO_31046,89.36,2018-11-13,EMP_002828
Dele Williams,Ministry of Finance,265098,9167454970,First Bank,BIO_89450,92.16,2017-11-26,EMP_002829
Chukwu Obiora,Ministry of Health,93593,9314333567,UBA,,99.9,2025-04-23,EMP_002830
Tayo Adebayo,Ministry of Power,452277,5619235647,GTBank,BIO_25905,90.45,2021-03-14,EMP_002831
Okechukwu Okafor,Ministry of Health,461470,3869914098,GTBank,BIO_97533,96.75,2020-10-23,EMP_002832
Tayo Adebayo,Civil Service Commission,328047,7011846725,GTBank,BIO_51936,88.81,2019-02-06,EMP_002833
Zainab Mohammed,Federal Roads Maintenance Agency,134127,1084946991,GTBank,BIO_23529,89.69,2021-02-16,EMP_002834
Yemi Adeleke,Ministry of Water Resources,399724,9239373608,UBA,BIO_63939,85.28,2022-02-19,EMP_002835
Usman Mohammed,Ministry of Water Resources,482243,5519691622,UBA,BIO_83005,91.57,2024-12-19,EMP_002836
Tayo Adebayo,Ministry of Power,436783,2382358109,GTBank,BIO_26209,91.34,2016-12-29,EMP_002837
Kemi Adebayo,Ministry of Power,443292,8497777011,UBA,BIO_63785,89.69,2016-10-23,EMP_002838
Adaeze Eze,Ministry of Health,241795,4698162672,UBA,BIO_77048,97.75,2021-03-30,EMP_002839
Adaeze Okafor,Ministry of Water Resources,274607,2948475315,Access,BIO_45348,97.72,2019-10-18,EMP_002840
Zainab Mohammed,Ministry of Water Resources,373766,6449495613,UBA,,99.9,2025-03-16,EMP_002841
Dele Oyedepo,Ministry of Agriculture,103004,4986876980,UBA,BIO_94981,96.64,2017-06-10,EMP_002842
Ade Adeyemi,Civil Service Commission,379457,2084388821,GTBank,BIO_64180,90.3,2017-11-20,EMP_002843
Ibrahim Umar,Ministry of Works,131895,3526460075,UBA,BIO_67653,91.78,2019-01-28,EMP_002844
Bola Adebayo,Federal Roads Maintenance Agency,413088,4120130713,UBA,BIO_52492,90.03,2016-06-24,EMP_002845
Hassan Suleiman,Ministry of Power,227801,9286668878,Access,BIO_91175,85.36,2023-11-17,EMP_002846
Ibrahim Musa,Nigeria Customs Service,429170,3229047689,UBA,BIO_53595,91.58,2017-11-17,EMP_002847
Nnamdi Eze,Ministry of Agriculture,146860,7790367780,UBA,BIO_87230,89.51,2018-08-26,EMP_002848
Yemi Ogunlesi,Civil Service Commission,438659,1968875650,UBA,BIO_61518,87.25,2017-02-20,EMP_002849
Kemi Oyedepo,Ministry of Water Resources,254798,7121069129,Access,BIO_64648,96.79,2018-10-09,EMP_002850
Dele Adeleke,Federal Roads Maintenance Agency,277459,6002848511,UBA,BIO_70124,88.19,2016-12-02,EMP_002851
Bola Ogunlesi,Federal Roads Maintenance Agency,263448,1845761591,Zenith,BIO_34233,87.83,2020-08-21,EMP_002852
Aisha Ibrahim,Civil Service Commission,487481,9376780044,GTBank,BIO_77499,97.96,2018-07-10,EMP_002853
Hassan Ahmad,Civil Service Commission,255761,5244718078,Access,BIO_21087,96.44,2024-05-11,EMP_002854
Dele Adeyemi,Nigeria Customs Service,99145,3925802732,First Bank,BIO_18879,96.74,2020-02-04,EMP_002855
Uchenna Nwankwo,Ministry of Health,264387,2882227426,GTBank,BIO_36439,88.78,2018-12-07,EMP_002856
Femi Adebayo,Federal Roads Maintenance Agency,110241,5855685824,First Bank,BIO_21328,89.96,2021-07-08,EMP_002857
Adaeze Okonkwo,Ministry of Education,438377,1228746669,Access,BIO_56099,94.88,2023-01-07,EMP_002858
Uchenna Okonkwo,Ministry of Power,173879,4972571203,Zenith,BIO_28158,90.45,2020-11-13,EMP_002859
Zainab Umar,Ministry of Water Resources,314669,2590699961,GTBank,BIO_77748,95.87,2016-10-07,EMP_002860
Abubakar Mohammed,Nigeria Customs Service,275276,1903226836,GTBank,BIO_59928,95.41,2016-07-24,EMP_002861
Chiamaka Ani,Nigeria Customs Service,374992,3062746195,GTBank,BIO_80367,95.88,2024-10-25,EMP_002862
Bola Ogunlesi,Civil Service Commission,260854,4364460811,GTBank,BIO_47068,86.99,2021-08-14,EMP_002863
Chiamaka Nwosu,Ministry of Education,152253,5473358073,GTBank,BIO_19223,90.78,2019-07-18,EMP_002864
Uchenna Nwosu,Ministry of Health,185188,5892964691,Access,BIO_67372,88.1,2019-01-23,EMP_002865
Aisha Mohammed,Ministry of Health,347027,9777303387,Zenith,BIO_96177,86.14,2024-03-14,EMP_002866
Ibrahim Umar,Ministry of Education,429775,3694499251,Access,BIO_91156,86.47,2017-07-02,EMP_002867
Dele Adebayo,Ministry of Works,435708,4819400820,Access,BIO_82844,97.23,2019-10-23,EMP_002868
Ibrahim Ibrahim,Ministry of Finance,86882,7183201175,Access,BIO_49530,97.2,2022-01-28,EMP_002869
Tayo Adeleke,Ministry of Health,433135,4359733602,UBA,BIO_31918,87.09,2023-04-12,EMP_002870
Hassan Yusuf,Ministry of Education,236351,6163958608,Zenith,BIO_98413,91.0,2019-09-03,EMP_002871
Kemi Adeleke,Ministry of Agriculture,495385,8546144653,UBA,BIO_46661,88.84,2017-06-21,EMP_002872
Tayo Ogunlesi,Federal Roads Maintenance Agency,141985,6181608242,UBA,BIO_12738,96.26,2023-02-04,EMP_002873
Chukwu Okonkwo,Ministry of Finance,380836,8955599001,Zenith,BIO_47835,95.81,2023-09-16,EMP_002874
Femi Williams,Ministry of Finance,427597,1887663480,Access,BIO_33238,88.82,2022-03-30,EMP_002875
Nnamdi Okonkwo,Civil Service Commission,351942,3204570018,GTBank,BIO_32926,94.2,2017-03-28,EMP_002876
Hassan Mohammed,Ministry of Power,497617,6612198772,UBA,BIO_37395,97.9,2018-04-29,EMP_002877
Ibrahim Mohammed,Ministry of Works,320482,7924986635,Zenith,BIO_27704,86.46,2021-04-15,EMP_002878
Hassan Yusuf,Ministry of Agriculture,383593,8688262514,GTBank,BIO_75837,90.4,2023-03-23,EMP_002879
Kemi Oyedepo,Ministry of Power,448297,2506459499,UBA,BIO_90152,86.24,2019-01-02,EMP_002880
Femi Oyedepo,Ministry of Finance,1051115,6711639085,UBA,BIO_29153,90.68,2025-06-29,EMP_002881
Ibrahim Mohammed,Federal Roads Maintenance Agency,285923,9381269895,Zenith,BIO_20414,85.09,2019-09-03,EMP_002882
Fatima Yusuf,Nigeria Customs Service,215454,7238801535,Zenith,BIO_95881,86.69,2025-05-04,EMP_002883
Bola Ogunlesi,Ministry of Power,120119,9167905587,Access,BIO_99478,95.18,2020-04-26,EMP_002884
Hassan Ibrahim,Civil Service Commission,258162,5718081404,First Bank,BIO_29348,92.39,2016-08-22,EMP_002885
Chinedu Eze,Ministry of Power,224303,3246102599,First Bank,BIO_18325,88.18,2023-03-17,EMP_002886
Adaeze Onyeka,Nigeria Customs Service,381633,9116825660,First Bank,BIO_96651,87.61,2022-07-29,EMP_002887
Femi Oyedepo,Ministry of Education,294069,9305516701,GTBank,BIO_14861,89.78,2023-01-25,EMP_002888
Uchenna Okonkwo,Ministry of Works,391364,1577852004,GTBank,BIO_51310,95.42,2021-03-27,EMP_002889
Zainab Umar,Civil Service Commission,130188,5235168628,First Bank,BIO_47109,93.17,2017-11-08,EMP_002890
Ibrahim Ibrahim,Ministry of Health,98615,3541336936,Zenith,BIO_85295,91.82,2021-07-10,EMP_002891
Aisha Suleiman,Civil Service Commission,271246,7638153620,First Bank,BIO_22300,95.65,2017-10-30,EMP_002892
Kemi Adebayo,Nigeria Customs Service,130088,7092524850,Zenith,BIO_54684,93.87,2024-03-22,EMP_002893
Amina Musa,Ministry of Finance,300598,9138884317,Access,BIO_57997,95.42,2022-12-04,EMP_002894
Adaeze Okonkwo,Federal Roads Maintenance Agency,308641,4466576034,GTBank,BIO_81551,88.65,2018-12-24,EMP_002895
Bola Williams,Ministry of Agriculture,414826,4890996995,First Bank,BIO_75348,88.3,2024-07-03,EMP_002896
Chinedu Okonkwo,Civil Service Commission,251540,3658201153,Zenith,BIO_68181,88.55,2017-12-11,EMP_002897
Femi Adeyemi,Ministry of Health,104442,1499322229,First Bank,BIO_45302,94.95,2018-12-08,EMP_002898
Bola Adebayo,Ministry of Finance,409265,7149939364,UBA,BIO_76880,91.27,2018-09-27,EMP_002899
Bola Oyedepo,Ministry of Water Resources,229064,9912466310,GTBank,BIO_10166,85.95,2025-02-10,EMP_002900
Adaeze Nwosu,Ministry of Power,369076,5224051303,Access,BIO_28701,85.74,2024-12-25,EMP_002901
Abubakar Suleiman,Civil Service Commission,373117,1747181313,Access,BIO_46265,93.39,2023-11-26,EMP_002902
Abubakar Yusuf,Ministry of Works,238090,6867967962,GTBank,BIO_17866,93.98,2017-05-09,EMP_002903
Aisha Musa,Federal Roads Maintenance Agency,240884,9322620086,Zenith,BIO_92835,96.15,2021-05-28,EMP_002904
Adaeze Eze,Ministry of Education,294513,8956290074,First Bank,BIO_71569,90.68,2017-02-01,EMP_002905
Femi Adebayo,Ministry of Education,128092,1420195373,Zenith,,99.9,2026-02-02,EMP_002906
Chioma Okonkwo,Ministry of Water Resources,363359,3908168672,First Bank,BIO_59418,97.23,2020-07-27,EMP_002907
Usman Umar,Ministry of Health,328682,8884492602,Access,,99.9,2025-08-09,EMP_002908
Ade Adeleke,Ministry of Power,95827,2020136355,Zenith,BIO_88972,85.01,2023-04-15,EMP_002909
Hassan Musa,Ministry of Power,193558,7022549935,First Bank,BIO_31695,89.25,2021-11-20,EMP_002910
Femi Ogunlesi,Ministry of Works,347920,2641516340,Access,BIO_64121,89.27,2022-01-09,EMP_002911
Dele Adebayo,Civil Service Commission,423696,7769413058,First Bank,BIO_76186,97.94,2023-06-11,EMP_002912
Ibrahim Umar,Ministry of Education,262358,7119941401,UBA,BIO_24594,96.0,2020-06-04,EMP_002913
Abubakar Ahmad,Federal Roads Maintenance Agency,307426,2893788094,UBA,BIO_98934,86.96,2017-01-19,EMP_002914
Usman Mohammed,Ministry of Education,105916,9785048836,First Bank,BIO_40489,91.07,2022-12-10,EMP_002915
Nnamdi Eze,Ministry of Education,457293,8033823492,GTBank,BIO_13754,88.44,2017-11-05,EMP_002916
Bola Adebayo,Nigeria Customs Service,90036,5488656210,Access,BIO_33125,94.48,2024-10-06,EMP_002917
Uchenna Eze,Ministry of Works,419427,3535467730,GTBank,BIO_27312,92.83,2023-08-30,EMP_002918
Chioma Eze,Ministry of Water Resources,274708,5747334695,UBA,BIO_23885,95.45,2023-01-26,EMP_002919
Uchenna Onyeka,Ministry of Water Resources,154321,8506746839,Access,,99.9,2025-09-10,EMP_002920
Usman Musa,Federal Roads Maintenance Agency,497474,1294084475,UBA,,99.9,2024-10-01,EMP_002921
Aisha Umar,Ministry of Finance,158641,6130506234,Access,BIO_45876,92.81,2023-08-27,EMP_002922
Uchenna Okafor,Ministry of Education,454382,8378591522,Zenith,,99.9,2025-07-10,EMP_002923
Kemi Oyedepo,Ministry of Works,330835,3403212114,First Bank,BIO_43069,94.93,2017-04-25,EMP_002924
Fatima Ahmad,Federal Roads Maintenance Agency,117471,7474464410,First Bank,BIO_56821,95.82,2024-09-18,EMP_002925
Hassan Ibrahim,Nigeria Customs Service,232784,3399146848,Access,BIO_97252,91.9,2023-04-24,EMP_002926
Nnamdi Obiora,Ministry of Health,206460,1684449993,First Bank,BIO_82149,93.78,2024-07-09,EMP_002927
Chiamaka Okonkwo,Ministry of Finance,301687,3663224247,GTBank,BIO_69615,92.3,2021-05-28,EMP_002928
Tunde Adebayo,Ministry of Agriculture,80058,9631675389,GTBank,,99.9,2026-03-01,EMP_002929
Uchenna Okafor,Civil Service Commission,266015,1480385605,UBA,BIO_49634,92.36,2017-10-24,EMP_002930
Uchenna Okonkwo,Nigeria Customs Service,234326,3333514726,UBA,BIO_65351,96.25,2021-12-23,EMP_002931
Chioma Nwosu,Ministry of Works,156495,4895183492,GTBank,BIO_24721,91.07,2017-02-18,EMP_002932
Chukwu Obiora,Nigeria Customs Service,219399,7925023716,GTBank,BIO_76390,93.82,2020-06-09,EMP_002933
Kemi Adeyemi,Ministry of Power,372551,2094759445,UBA,BIO_61702,91.47,2023-11-20,EMP_002934
Uchenna Eze,Nigeria Customs Service,172581,7862529354,Access,BIO_17002,95.55,2018-08-13,EMP_002935
Abubakar Ahmad,Ministry of Education,125001,4690857736,GTBank,,99.9,2024-12-25,EMP_002936
Chukwu Nwosu,Federal Roads Maintenance Agency,343968,2405192404,GTBank,BIO_48138,88.52,2022-03-16,EMP_002937
Chiamaka Okonkwo,Ministry of Health,308580,6713443943,GTBank,BIO_42544,97.07,2019-05-27,EMP_002938
Abubakar Umar,Ministry of Education,221859,6508422637,GTBank,BIO_23784,94.3,2023-12-01,EMP_002939
Aisha Ahmad,Nigeria Customs Service,144890,7985365677,Access,BIO_58581,96.02,2021-10-22,EMP_002940
Chinedu Nwosu,Civil Service Commission,357186,5591432467,Access,BIO_55056,96.35,2023-11-26,EMP_002941
Chukwu Okafor,Ministry of Health,425299,8679595863,Zenith,BIO_78190,89.7,2023-01-24,EMP_002942
Kemi Adebayo,Civil Service Commission,421110,2429107649,GTBank,BIO_93431,90.32,2023-11-20,EMP_002943
Chioma Ani,Ministry of Finance,291236,3841025061,First Bank,BIO_72336,90.05,2021-09-18,EMP_002944
Fatima Musa,Ministry of Agriculture,404631,1029017235,Access,BIO_44457,95.47,2021-04-03,EMP_002945
Uchenna Ani,Ministry of Works,90393,3657468765,GTBank,BIO_27217,85.39,2020-06-21,EMP_002946
Bola Adebayo,Ministry of Works,144959,1353267452,Zenith,BIO_26552,97.78,2022-08-28,EMP_002947
Femi Williams,Ministry of Power,108790,3573463788,Zenith,BIO_56311,93.22,2017-05-26,EMP_002948
Chioma Onyeka,Federal Roads Maintenance Agency,435933,3364194732,Zenith,BIO_95456,97.17,2024-12-23,EMP_002949
Aisha Ahmad,Ministry of Finance,329999,1942594116,Zenith,BIO_32050,89.2,2018-05-29,EMP_002950
Uchenna Okonkwo,Ministry of Education,397788,1884778254,First Bank,BIO_23407,88.77,2023-07-01,EMP_002951
Nnamdi Nwosu,Ministry of Health,330065,1975509402,Access,BIO_36836,87.73,2025-04-26,EMP_002952
Adaeze Onyeka,Ministry of Health,88335,2504895523,UBA,BIO_63185,88.83,2022-07-17,EMP_002953
Okechukwu Okafor,Ministry of Education,282786,7316254691,UBA,BIO_90620,91.83,2020-08-25,EMP_002954
Fatima Mohammed,Ministry of Agriculture,329255,6965838379,Access,BIO_44665,89.66,2017-01-03,EMP_002955
Zainab Suleiman,Ministry of Finance,456121,9197827381,First Bank,BIO_53382,88.57,2020-12-02,EMP_002956
Amina Mohammed,Nigeria Customs Service,436679,7940879283,Access,,99.9,2025-09-24,EMP_002957
Bola Adeleke,Nigeria Customs Service,476191,8620321924,First Bank,BIO_89702,96.35,2021-02-22,EMP_002958
Femi Williams,Nigeria Customs Service,472406,5227615568,GTBank,BIO_11054,89.06,2020-09-01,EMP_002959
Ibrahim Ahmad,Ministry of Health,98788,6444441353,First Bank,BIO_28740,96.09,2016-09-03,EMP_002960
Kemi Adebayo,Ministry of Health,417155,4445008643,GTBank,,99.9,2025-01-24,EMP_002961
Zainab Suleiman,Ministry of Works,1317623,3507717180,Zenith,BIO_76418,86.37,2025-08-08,EMP_002962
Kemi Adebayo,Ministry of Finance,212594,3448740096,Access,BIO_38050,87.13,2024-03-10,EMP_002963
Chioma Ani,Civil Service Commission,104187,3480135823,Zenith,BIO_13006,91.87,2021-10-26,EMP_002964
Amina Umar,Ministry of Power,270599,2618501833,UBA,BIO_98160,90.35,2021-07-30,EMP_002965
Yemi Williams,Federal Roads Maintenance Agency,124524,6397039199,Zenith,BIO_79530,95.51,2019-05-05,EMP_002966
Aisha Ibrahim,Ministry of Finance,121187,4058055852,Zenith,BIO_21121,85.88,2017-03-22,EMP_002967
Nnamdi Obiora,Civil Service Commission,363924,3485708857,First Bank,BIO_56163,91.55,2019-09-22,EMP_002968
Nnamdi Obiora,Nigeria Customs Service,360304,6658165256,Zenith,BIO_50845,92.62,2017-03-19,EMP_002969
Femi Williams,Ministry of Agriculture,399985,6684875781,Zenith,BIO_73107,99.6,2022-09-16,EMP_002970
Abubakar Mohammed,Federal Roads Maintenance Agency,384140,2124146693,UBA,BIO_22883,91.43,2021-11-13,EMP_002971
Chioma Obiora,Nigeria Customs Service,337208,4894971683,GTBank,BIO_83841,86.93,2025-03-22,EMP_002972
Tayo Adeleke,Ministry of Finance,474234,4057887802,UBA,BIO_51621,97.32,2020-01-10,EMP_002973
Zainab Ibrahim,Ministry of Power,373102,7317109943,Access,BIO_35156,89.65,2020-04-23,EMP_002974
Dele Adebayo,Ministry of Finance,444091,5797679882,First Bank,BIO_64466,89.59,2016-09-18,EMP_002975
Tayo Ogunlesi,Ministry of Finance,448179,1818024790,Zenith,BIO_75383,91.54,2020-11-18,EMP_002976
Chiamaka Nwosu,Ministry of Power,495971,9983487262,Access,BIO_40633,89.75,2023-08-12,EMP_002977
Chinedu Eze,Federal Roads Maintenance Agency,369499,1696572642,Access,BIO_24527,95.34,2024-02-18,EMP_002978
Adaeze Okafor,Ministry of Works,146816,9784881843,First Bank,BIO_49665,90.09,2017-11-16,EMP_002979
Yemi Ogunlesi,Ministry of Power,387475,7197003703,Zenith,BIO_63000,91.35,2024-02-02,EMP_002980
Hassan Mohammed,Federal Roads Maintenance Agency,369269,9157967182,UBA,BIO_95769,89.76,2016-09-12,EMP_002981
Okechukwu Okonkwo,Civil Service Commission,174102,5935603298,GTBank,BIO_59967,90.96,2017-10-29,EMP_002982
Zainab Umar,Ministry of Finance,139807,8173288675,UBA,BIO_85114,91.36,2019-02-17,EMP_002983
Usman Umar,Civil Service Commission,133893,8525721572,GTBank,BIO_40917,91.58,2020-04-30,EMP_002984
Okechukwu Ani,Civil Service Commission,149585,7255356146,GTBank,BIO_78634,87.86,2023-04-16,EMP_002985
Ibrahim Umar,Civil Service Commission,417079,6650140181,First Bank,BIO_98816,88.98,2022-07-03,EMP_002986
Okechukwu Okafor,Ministry of Power,395280,6310575878,Access,BIO_36910,85.15,2018-08-21,EMP_002987
Dele Adeyemi,Ministry of Works,146625,2453402441,UBA,BIO_59173,92.07,2021-10-05,EMP_002988
Uchenna Onyeka,Ministry of Education,306866,7367587302,First Bank,BIO_86719,97.3,2020-12-25,EMP_002989
Kemi Oyedepo,Ministry of Power,495221,6575787570,Zenith,BIO_69171,86.15,2024-06-17,EMP_002990
Chioma Okafor,Ministry of Water Resources,146219,9990726263,Access,BIO_29822,93.36,2018-08-22,EMP_002991
Usman Suleiman,Ministry of Works,314212,9343011589,Zenith,BIO_10221,86.62,2016-08-14,EMP_002992
Adaeze Eze,Ministry of Health,139646,5315450478,Access,BIO_52905,86.43,2018-09-14,EMP_002993
Nnamdi Onyeka,Civil Service Commission,451144,3081489547,First Bank,BIO_30216,87.57,2022-09-26,EMP_002994
Hassan Umar,Ministry of Health,173853,7683583256,Zenith,BIO_38753,94.76,2019-05-19,EMP_002995
Nnamdi Onyeka,Ministry of Agriculture,349951,7993679621,UBA,BIO_47944,85.39,2025-03-01,EMP_002996
Okechukwu Okonkwo,Nigeria Customs Service,464797,3378411793,Access,BIO_89888,97.82,2023-12-22,EMP_002997
Zainab Ibrahim,Ministry of Health,210948,4090051565,UBA,BIO_41973,87.62,2021-08-24,EMP_002998
Amina Mohammed,Ministry of Water Resources,462913,9237088492,UBA,BIO_99025,92.93,2020-07-10,EMP_002999
Tayo Ogunlesi,Ministry of Agriculture,428933,3406214805,UBA,BIO_41040,96.55,2019-12-12,EMP_003000
Fatima Suleiman,Ministry of Finance,399630,5316788352,UBA,BIO_35937,94.29,2020-09-26,EMP_003001
Abubakar Ibrahim,Ministry of Health,216325,4051266649,First Bank,BIO_38021,86.86,2023-09-30,EMP_003002
Chukwu Nwankwo,Ministry of Water Resources,476988,5283276782,GTBank,BIO_73895,89.12,2024-02-13,EMP_003003
Bola Adebayo,Ministry of Water Resources,407779,1760067763,UBA,BIO_87299,86.41,2018-10-15,EMP_003004
Dele Oyedepo,Ministry of Works,156056,5751891712,First Bank,BIO_25084,92.52,2025-03-29,EMP_003005
Aisha Umar,Ministry of Health,435624,5809530037,First Bank,BIO_50627,97.66,2019-06-02,EMP_003006
Adaeze Onyeka,Ministry of Water Resources,228205,5011133913,Zenith,BIO_61290,92.15,2016-10-13,EMP_003007
Yemi Ogunlesi,Nigeria Customs Service,454725,7792614307,GTBank,,99.9,2025-04-03,EMP_003008
Yemi Ogunlesi,Ministry of Works,86216,8912136272,UBA,BIO_71949,88.36,2021-08-14,EMP_003009
Adaeze Obiora,Ministry of Works,115030,3772191164,UBA,BIO_97040,94.21,2025-02-03,EMP_003010
Tayo Oyedepo,Ministry of Power,428390,3154259040,Access,BIO_41500,87.84,2020-01-20,EMP_003011
Adaeze Nwosu,Ministry of Power,345272,5676305868,Zenith,BIO_45615,97.8,2018-11-09,EMP_003012
Uchenna Onyeka,Ministry of Finance,104463,5796018971,First Bank,BIO_98496,90.97,2022-12-25,EMP_003013
Chukwu Nwosu,Ministry of Finance,370663,1957942242,UBA,BIO_83635,96.67,2020-06-10,EMP_003014
Zainab Suleiman,Federal Roads Maintenance Agency,83097,2681138009,First Bank,BIO_71945,92.22,2024-07-07,EMP_003015
Okechukwu Obiora,Civil Service Commission,494621,1598490455,Zenith,BIO_89105,86.16,2024-12-15,EMP_003016
Fatima Yusuf,Ministry of Agriculture,81239,1364266006,First Bank,BIO_90499,90.32,2018-06-13,EMP_003017
Chiamaka Onyeka,Federal Roads Maintenance Agency,244024,4961062446,UBA,BIO_27248,89.69,2022-04-03,EMP_003018
Chioma Okafor,Civil Service Commission,400694,1258161058,UBA,BIO_28325,86.75,2021-05-16,EMP_003019
Chinedu Onyeka,Ministry of Education,348829,5942079874,First Bank,BIO_86525,92.96,2023-03-15,EMP_003020
Abubakar Ibrahim,Ministry of Water Resources,181648,4832078331,GTBank,BIO_80152,85.14,2017-12-07,EMP_003021
Tayo Ogunlesi,Ministry of Education,306370,8278916543,Access,BIO_37346,90.09,2021-01-11,EMP_003022
Bola Adebayo,Federal Roads Maintenance Agency,212286,7433937837,Zenith,,99.9,2026-03-23,EMP_003023
Chiamaka Ani,Ministry of Education,309201,1334538070,GTBank,BIO_32376,97.88,2017-04-14,EMP_003024
Bola Adeleke,Nigeria Customs Service,285397,9997100785,UBA,BIO_65580,89.78,2018-05-21,EMP_003025
Tunde Adeleke,Nigeria Customs Service,443950,5878727267,First Bank,BIO_42585,93.51,2017-02-05,EMP_003026
Yemi Oyedepo,Ministry of Education,373753,8062388532,GTBank,BIO_30628,92.68,2018-08-19,EMP_003027
Chiamaka Okonkwo,Ministry of Health,334639,4901900383,UBA,BIO_73995,92.64,2019-03-25,EMP_003028
Hassan Musa,Civil Service Commission,402403,4469380672,Zenith,BIO_67081,95.7,2022-05-01,EMP_003029
Nnamdi Eze,Ministry of Works,406466,3251026040,Access,BIO_16176,92.19,2019-04-21,EMP_003030
Femi Ogunlesi,Ministry of Education,236621,4658157668,UBA,BIO_14086,87.14,2020-05-14,EMP_003031
Bola Adeleke,Ministry of Agriculture,189799,6058972665,First Bank,BIO_38702,86.76,2023-05-01,EMP_003032
Okechukwu Okafor,Ministry of Works,212189,3712125300,Access,BIO_99597,96.73,2022-12-07,EMP_003033
Dele Williams,Ministry of Works,495913,5115873268,First Bank,BIO_83180,89.24,2022-01-12,EMP_003034
Tayo Williams,Ministry of Works,89619,4506034626,UBA,BIO_24366,95.82,2018-01-15,EMP_003035
Uchenna Eze,Ministry of Agriculture,488559,6814017037,UBA,BIO_84895,93.88,2017-12-25,EMP_003036
Chinedu Ani,Ministry of Works,282040,4002690450,Zenith,BIO_49772,94.76,2016-07-29,EMP_003037
Adaeze Obiora,Ministry of Agriculture,395207,5541455776,Access,BIO_52695,87.28,2017-01-20,EMP_003038
Dele Oyedepo,Ministry of Health,397732,6088807229,GTBank,BIO_62453,90.48,2018-12-06,EMP_003039
Chinedu Ani,Ministry of Water Resources,81126,4213936606,GTBank,BIO_84835,93.76,2021-04-08,EMP_003040
Ibrahim Ibrahim,Federal Roads Maintenance Agency,237486,1320559493,First Bank,BIO_73098,88.12,2024-06-07,EMP_003041
Chinedu Obiora,Ministry of Finance,134633,1049976878,Access,BIO_26428,89.88,2017-09-27,EMP_003042
Yemi Oyedepo,Ministry of Agriculture,263488,5422596996,UBA,BIO_24641,87.96,2024-10-08,EMP_003043
Zainab Yusuf,Ministry of Finance,288509,4614502423,Zenith,BIO_82380,97.4,2023-03-04,EMP_003044
Chiamaka Obiora,Ministry of Education,443459,6008825704,GTBank,BIO_96605,85.14,2018-03-01,EMP_003045
Adaeze Nwankwo,Ministry of Health,329559,6838255593,UBA,BIO_68646,88.3,2019-06-18,EMP_003046
Kemi Adeleke,Ministry of Agriculture,436031,8467628623,Access,BIO_66036,97.51,2016-12-27,EMP_003047
Tunde Adeyemi,Federal Roads Maintenance Agency,185544,6948640231,Access,BIO_11225,87.89,2016-07-28,EMP_003048
Zainab Yusuf,Ministry of Health,152696,7788882598,Zenith,BIO_98629,95.57,2022-08-19,EMP_003049
Aisha Mohammed,Ministry of Power,307577,5620698292,Zenith,BIO_45120,89.9,2020-11-12,EMP_003050
Chinedu Onyeka,Ministry of Agriculture,486651,3936522402,First Bank,BIO_98705,92.88,2019-11-27,EMP_003051
Ade Adebayo,Nigeria Customs Service,271762,1631022073,Access,BIO_83209,90.52,2021-09-11,EMP_003052
Chukwu Ani,Ministry of Finance,175961,7918861502,UBA,BIO_95089,93.45,2017-11-16,EMP_003053
Chukwu Nwankwo,Ministry of Health,389559,8651215931,UBA,BIO_22139,87.16,2016-11-05,EMP_003054
Ibrahim Yusuf,Ministry of Works,191427,3329640890,GTBank,BIO_57699,97.03,2017-12-24,EMP_003055
Amina Suleiman,Ministry of Health,179897,6622896394,GTBank,BIO_41857,94.31,2021-04-14,EMP_003056
Okechukwu Eze,Nigeria Customs Service,433342,7437264779,UBA,BIO_22806,87.14,2018-01-02,EMP_003057
Okechukwu Okafor,Civil Service Commission,88511,9705151790,Zenith,BIO_11240,97.59,2022-03-29,EMP_003058
Dele Ogunlesi,Ministry of Agriculture,357221,7563296839,GTBank,BIO_52384,91.68,2021-06-10,EMP_003059
Amina Mohammed,Ministry of Agriculture,468883,5705895627,Access,BIO_63902,94.41,2024-04-03,EMP_003060
Femi Williams,Federal Roads Maintenance Agency,145198,6016322369,Access,BIO_74597,88.28,2022-01-27,EMP_003061
Dele Ogunlesi,Ministry of Education,109773,7754775732,First Bank,BIO_53402,85.42,2016-10-13,EMP_003062
Nnamdi Nwankwo,Ministry of Works,260118,5652317533,GTBank,BIO_98640,98.25,2021-04-24,EMP_003063
Fatima Suleiman,Ministry of Agriculture,436799,6544584707,First Bank,BIO_42109,85.53,2022-10-27,EMP_003064
Bola Adeyemi,Ministry of Agriculture,246624,5672098763,UBA,BIO_88140,91.14,2019-11-09,EMP_003065
Adaeze Ani,Ministry of Education,286414,1963053758,GTBank,BIO_56646,88.43,2018-09-12,EMP_003066
Hassan Umar,Federal Roads Maintenance Agency,499386,7391128238,GTBank,BIO_17921,92.95,2019-08-19,EMP_003067
Ade Adebayo,Ministry of Agriculture,336205,7425769101,Zenith,BIO_97362,89.66,2020-09-21,EMP_003068
Ade Ogunlesi,Nigeria Customs Service,422512,9822961201,First Bank,BIO_88037,92.66,2017-12-26,EMP_003069
Okechukwu Ani,Ministry of Agriculture,99584,5652838348,Access,BIO_17451,90.2,2018-12-10,EMP_003070
Okechukwu Nwankwo,Ministry of Health,245967,5912726405,First Bank,BIO_62609,88.99,2018-01-22,EMP_003071
Tayo Oyedepo,Ministry of Education,143913,9900492315,Zenith,BIO_33390,97.22,2023-11-18,EMP_003072
Ibrahim Ibrahim,Federal Roads Maintenance Agency,198391,2523527109,UBA,BIO_12269,92.33,2023-08-20,EMP_003073
Hassan Musa,Ministry of Works,375969,4660978432,Access,BIO_49982,97.43,2021-02-21,EMP_003074
Tayo Oyedepo,Ministry of Education,375209,8034135870,First Bank,BIO_71830,93.92,2024-10-19,EMP_003075
Adaeze Nwankwo,Federal Roads Maintenance Agency,199519,8732994396,First Bank,BIO_97503,85.95,2022-01-21,EMP_003076
Tayo Adeyemi,Ministry of Agriculture,425868,2669472927,Access,BIO_74308,89.46,2020-07-29,EMP_003077
Zainab Musa,Ministry of Works,342706,6517514342,Zenith,BIO_93993,88.1,2020-01-06,EMP_003078
Fatima Ibrahim,Ministry of Works,458004,6288334605,First Bank,BIO_11989,94.73,2023-10-09,EMP_003079
Chinedu Ani,Ministry of Power,462997,4518994539,Access,BIO_15706,94.61,2018-09-13,EMP_003080
Femi Oyedepo,Ministry of Power,123056,3327191226,GTBank,BIO_41870,87.94,2020-08-12,EMP_003081
Bola Adebayo,Ministry of Power,213246,6662173785,GTBank,BIO_66086,85.32,2020-02-09,EMP_003082
Aisha Suleiman,Ministry of Works,489800,6997840475,GTBank,BIO_10897,87.95,2022-02-14,EMP_003083
Usman Musa,Civil Service Commission,178822,3938254545,Access,BIO_19792,97.97,2022-05-23,EMP_003084
Adaeze Okonkwo,Ministry of Power,238782,6904513512,Zenith,BIO_23010,89.54,2024-01-26,EMP_003085
Amina Musa,Civil Service Commission,153123,9270003984,Access,BIO_70668,90.75,2018-06-29,EMP_003086
Fatima Umar,Nigeria Customs Service,330818,7792383740,GTBank,BIO_81414,86.71,2023-05-17,EMP_003087
Aisha Suleiman,Ministry of Water Resources,229229,1569893384,Access,BIO_86116,91.84,2018-11-13,EMP_003088
Amina Yusuf,Ministry of Agriculture,219802,8767259783,GTBank,BIO_98689,96.55,2017-01-15,EMP_003089
Chiamaka Ani,Ministry of Agriculture,82653,6615415367,GTBank,BIO_32775,90.31,2017-04-13,EMP_003090
Zainab Yusuf,Ministry of Health,459577,3929782321,UBA,BIO_25254,91.42,2019-01-19,EMP_003091
Ibrahim Yusuf,Ministry of Water Resources,138081,4741203664,Access,BIO_31373,86.37,2017-10-13,EMP_003092
Usman Yusuf,Ministry of Education,350936,3651840219,First Bank,BIO_55754,97.22,2023-09-20,EMP_003093
Ade Adebayo,Ministry of Agriculture,268939,7475303149,UBA,BIO_80885,96.09,2021-05-29,EMP_003094
Bola Oyedepo,Federal Roads Maintenance Agency,360435,4943456812,UBA,BIO_82135,93.25,2017-09-06,EMP_003095
Amina Ibrahim,Federal Roads Maintenance Agency,324463,9272953050,UBA,BIO_89989,91.99,2017-03-05,EMP_003096
Okechukwu Okonkwo,Ministry of Health,384891,8066699204,Access,BIO_95092,92.3,2017-09-22,EMP_003097
Hassan Umar,Ministry of Education,305151,8530239281,Access,,99.9,2026-01-11,EMP_003098
Aisha Suleiman,Ministry of Power,119293,9662814804,First Bank,BIO_78677,97.97,2020-10-05,EMP_003099
Usman Musa,Ministry of Works,287418,1412740607,First Bank,BIO_22375,87.46,2020-06-12,EMP_003100
Chioma Okafor,Ministry of Finance,378297,5618652173,First Bank,BIO_25503,85.29,2016-05-24,EMP_003101
Chinedu Nwankwo,Ministry of Agriculture,269699,4238535864,UBA,BIO_36768,85.24,2016-12-27,EMP_003102
Bola Oyedepo,Federal Roads Maintenance Agency,384205,7328463019,Zenith,BIO_96981,89.99,2016-07-14,EMP_003103
Ibrahim Ahmad,Civil Service Commission,416698,1160085926,GTBank,BIO_62433,97.8,2023-07-11,EMP_003104
Okechukwu Eze,Ministry of Water Resources,227417,2869532990,Zenith,BIO_27775,97.87,2019-12-09,EMP_003105
Ade Oyedepo,Ministry of Finance,472857,1096496559,Access,BIO_52405,96.95,2021-08-02,EMP_003106
Aisha Ibrahim,Federal Roads Maintenance Agency,273502,4214695645,UBA,BIO_49193,86.11,2024-11-19,EMP_003107
Ade Adeyemi,Ministry of Education,464952,7430858434,GTBank,BIO_15443,96.24,2020-11-22,EMP_003108
Bola Adebayo,Ministry of Works,452068,1394851282,First Bank,BIO_87266,88.05,2024-11-24,EMP_003109
Ade Oyedepo,Federal Roads Maintenance Agency,182246,8736285575,First Bank,BIO_43697,91.31,2017-10-12,EMP_003110
Amina Suleiman,Ministry of Agriculture,156864,5868429080,UBA,BIO_91430,90.72,2021-01-19,EMP_003111
Yemi Adeyemi,Civil Service Commission,212033,1810432007,Zenith,BIO_54304,90.15,2018-05-27,EMP_003112
Chinedu Nwosu,Nigeria Customs Service,83397,2757724778,GTBank,BIO_23954,95.02,2025-01-26,EMP_003113
Chukwu Ani,Ministry of Education,267784,8913669868,Access,BIO_76796,86.91,2021-01-05,EMP_003114
Femi Adeleke,Ministry of Works,162614,6955751731,GTBank,BIO_38132,96.38,2025-01-13,EMP_003115
Ibrahim Ibrahim,Ministry of Works,417672,7359914469,First Bank,BIO_37391,87.48,2019-10-29,EMP_003116
Abubakar Umar,Federal Roads Maintenance Agency,99054,9919222982,Access,BIO_45649,86.35,2022-06-09,EMP_003117
Kemi Williams,Ministry of Water Resources,351619,3018851860,GTBank,BIO_26425,93.52,2018-03-27,EMP_003118
Chinedu Okafor,Nigeria Customs Service,446607,8171993625,GTBank,BIO_34517,93.07,2024-11-16,EMP_003119
Nnamdi Obiora,Ministry of Agriculture,157700,9235261109,UBA,BIO_45015,96.67,2024-10-06,EMP_003120
Chioma Eze,Ministry of Water Resources,481637,5067737126,Access,,99.9,2026-03-04,EMP_003121
Ade Oyedepo,Ministry of Works,133724,7790991616,UBA,BIO_90100,91.44,2019-06-12,EMP_003122
Bola Adeyemi,Ministry of Water Resources,281071,3318603515,GTBank,BIO_23372,87.88,2020-12-08,EMP_003123
Chiamaka Eze,Ministry of Water Resources,296401,9450200165,Access,BIO_56198,87.06,2016-11-27,EMP_003124
Aisha Mohammed,Federal Roads Maintenance Agency,390490,5448950281,GTBank,BIO_17857,97.17,2024-10-17,EMP_003125
Hassan Yusuf,Ministry of Water Resources,162350,7273308755,Access,BIO_28687,88.68,2016-12-23,EMP_003126
Tunde Adebayo,Ministry of Agriculture,256597,7231253269,First Bank,BIO_16025,90.42,2022-03-04,EMP_003127
Bola Adeleke,Ministry of Works,161634,4036802485,UBA,BIO_11111,95.07,2021-03-17,EMP_003128
Nnamdi Okonkwo,Nigeria Customs Service,291210,4483908818,UBA,BIO_26589,87.05,2021-09-27,EMP_003129
Fatima Ahmad,Civil Service Commission,436910,3608712917,GTBank,BIO_53809,96.11,2024-03-02,EMP_003130
Femi Adeleke,Ministry of Works,283400,2286585150,UBA,BIO_22192,88.53,2024-02-01,EMP_003131
Ade Oyedepo,Ministry of Works,181787,1988000947,Zenith,BIO_62711,96.79,2019-01-08,EMP_003132
Uchenna Ani,Civil Service Commission,479474,2006752034,First Bank,BIO_93593,85.92,2021-01-27,EMP_003133
Okechukwu Ani,Ministry of Power,282926,9084259003,UBA,BIO_90596,96.71,2017-10-19,EMP_003134
Amina Mohammed,Ministry of Works,99333,9345833633,UBA,BIO_50097,94.62,2022-05-13,EMP_003135
Hassan Ibrahim,Federal Roads Maintenance Agency,367710,1492272354,Zenith,BIO_19170,90.98,2024-08-16,EMP_003136
Chinedu Onyeka,Ministry of Education,457317,2574969537,GTBank,BIO_40932,96.63,2019-09-29,EMP_003137
Usman Ahmad,Ministry of Education,242313,4376097087,GTBank,BIO_31621,94.11,2022-06-18,EMP_003138
Chukwu Ani,Ministry of Finance,122089,6366144200,UBA,BIO_64675,95.09,2021-11-20,EMP_003139
Usman Suleiman,Ministry of Water Resources,354365,8893000044,Zenith,BIO_94414,94.08,2024-10-02,EMP_003140
Dele Adebayo,Ministry of Health,255030,7482156556,Zenith,BIO_54636,88.17,2017-04-22,EMP_003141
Femi Adeleke,Nigeria Customs Service,1105715,3667250796,Access,BIO_63947,89.4,2025-11-21,EMP_003142
Ade Adebayo,Ministry of Finance,105245,6947060945,Zenith,BIO_65602,85.37,2019-01-20,EMP_003143
Amina Ahmad,Ministry of Works,201696,4070604873,GTBank,BIO_65736,88.18,2017-06-12,EMP_003144
Chukwu Onyeka,Nigeria Customs Service,132970,5939086405,GTBank,BIO_13554,94.27,2019-11-30,EMP_003145
Abubakar Yusuf,Nigeria Customs Service,119989,3550446643,UBA,BIO_30408,90.43,2019-07-29,EMP_003146
Femi Adebayo,Nigeria Customs Service,139035,6783028526,Access,BIO_44249,93.83,2022-09-30,EMP_003147
Tayo Williams,Federal Roads Maintenance Agency,426819,9807746413,UBA,BIO_20116,87.47,2023-07-06,EMP_003148
Yemi Williams,Ministry of Health,226735,7224171913,GTBank,BIO_18267,92.13,2017-02-22,EMP_003149
Femi Williams,Federal Roads Maintenance Agency,418394,9046651467,Zenith,BIO_80242,87.24,2019-10-26,EMP_003150
Amina Suleiman,Ministry of Works,204555,7349488088,First Bank,BIO_33091,88.49,2021-05-09,EMP_003151
Dele Adeleke,Ministry of Health,190343,8244076970,Zenith,BIO_27587,93.0,2024-10-01,EMP_003152
Femi Adeleke,Ministry of Finance,435994,5591137682,First Bank,BIO_89710,95.25,2018-10-29,EMP_003153
Zainab Ibrahim,Federal Roads Maintenance Agency,280268,8759662126,Access,BIO_80458,86.5,2017-09-25,EMP_003154
Chioma Onyeka,Nigeria Customs Service,427929,3142807294,UBA,BIO_14786,93.7,2023-10-09,EMP_003155
Chukwu Nwosu,Nigeria Customs Service,381350,2804857982,GTBank,BIO_57398,97.77,2024-09-30,EMP_003156
Chioma Obiora,Ministry of Agriculture,191998,6791007488,Access,BIO_14078,92.83,2022-06-25,EMP_003157
Fatima Ibrahim,Federal Roads Maintenance Agency,268229,9369646151,UBA,BIO_32391,97.41,2025-05-12,EMP_003158
Adaeze Nwosu,Ministry of Water Resources,128937,4430287570,GTBank,BIO_36059,95.78,2024-04-20,EMP_003159
Fatima Mohammed,Ministry of Education,174092,4952573660,Zenith,BIO_86898,88.25,2021-09-03,EMP_003160
Aisha Mohammed,Ministry of Education,98714,1200630931,First Bank,BIO_12816,97.08,2017-09-29,EMP_003161
Ade Ogunlesi,Nigeria Customs Service,429707,7779079879,GTBank,BIO_23019,94.21,2023-10-30,EMP_003162
Tunde Williams,Ministry of Health,145797,8402441693,Access,BIO_85053,87.81,2020-08-30,EMP_003163
Tunde Adeleke,Federal Roads Maintenance Agency,266118,9577598409,First Bank,BIO_63122,90.38,2024-08-24,EMP_003164
Amina Yusuf,Nigeria Customs Service,252109,2726941169,UBA,BIO_85682,97.05,2019-12-09,EMP_003165
Yemi Adeyemi,Ministry of Health,216972,5727970270,Zenith,BIO_64599,96.6,2024-03-03,EMP_003166
Kemi Adebayo,Federal Roads Maintenance Agency,372298,1055548013,GTBank,,99.9,2025-02-03,EMP_003167
Okechukwu Ani,Ministry of Power,279867,7978633782,GTBank,BIO_13701,90.86,2018-02-21,EMP_003168
Ade Adebayo,Ministry of Finance,416456,7379146844,Zenith,BIO_59587,91.83,2020-09-08,EMP_003169
Tunde Ogunlesi,Ministry of Education,227723,1731214776,GTBank,BIO_35660,92.11,2023-10-29,EMP_003170
Ibrahim Umar,Federal Roads Maintenance Agency,365407,1273794695,UBA,BIO_73460,89.73,2018-07-07,EMP_003171
Amina Yusuf,Federal Roads Maintenance Agency,350561,7457654284,Zenith,BIO_46836,87.2,2022-10-15,EMP_003172
Kemi Williams,Civil Service Commission,177897,3947052810,UBA,BIO_81886,87.1,2022-02-28,EMP_003173
Bola Williams,Ministry of Agriculture,259754,9253020045,GTBank,BIO_28296,97.59,2024-09-15,EMP_003174
Bola Adebayo,Ministry of Education,197147,9173017936,UBA,BIO_43122,91.54,2019-06-02,EMP_003175
Bola Ogunlesi,Ministry of Agriculture,395234,8450809544,First Bank,BIO_61115,85.87,2024-04-23,EMP_003176
Ade Adeyemi,Nigeria Customs Service,318091,6396196281,Access,,99.9,2025-09-26,EMP_003177
Bola Adebayo,Federal Roads Maintenance Agency,373501,9411327940,First Bank,BIO_84991,97.96,2019-04-01,EMP_003178
Chukwu Eze,Nigeria Customs Service,409653,5220171049,Zenith,BIO_41218,95.57,2016-10-26,EMP_003179
Tayo Adeyemi,Ministry of Health,463185,5622139739,GTBank,BIO_52917,95.36,2021-07-21,EMP_003180
Chiamaka Eze,Nigeria Customs Service,317870,6103960310,Zenith,BIO_70140,90.5,2019-09-13,EMP_003181
Aisha Yusuf,Ministry of Works,148739,8086659445,GTBank,BIO_62945,89.69,2022-09-17,EMP_003182
Chukwu Obiora,Nigeria Customs Service,287996,8336197914,UBA,BIO_44542,95.87,2019-09-20,EMP_003183
Tayo Williams,Civil Service Commission,115689,3443750695,GTBank,BIO_76028,94.42,2023-01-03,EMP_003184
Yemi Ogunlesi,Ministry of Power,82556,4868208697,Access,BIO_62485,87.9,2017-06-26,EMP_003185
Aisha Yusuf,Federal Roads Maintenance Agency,142205,1104279716,UBA,BIO_74837,86.05,2019-05-19,EMP_003186
Aisha Musa,Nigeria Customs Service,425116,6479149233,Zenith,BIO_10874,86.01,2019-06-18,EMP_003187
Chioma Okafor,Ministry of Water Resources,263436,1041360028,Access,BIO_64670,97.34,2022-09-20,EMP_003188
Uchenna Nwosu,Ministry of Water Resources,261978,8225987501,Access,BIO_20663,95.3,2020-08-01,EMP_003189
Chiamaka Ani,Civil Service Commission,174268,6764104351,Zenith,BIO_99759,95.69,2019-03-29,EMP_003190
Adaeze Nwankwo,Federal Roads Maintenance Agency,326782,1774521286,Zenith,BIO_71661,86.9,2025-05-07,EMP_003191
Chinedu Okafor,Federal Roads Maintenance Agency,460126,8596375737,First Bank,BIO_86054,93.45,2020-02-09,EMP_003192
Usman Yusuf,Federal Roads Maintenance Agency,273758,6232272735,UBA,BIO_25157,93.62,2021-11-07,EMP_003193
Nnamdi Onyeka,Ministry of Works,266029,1709023388,Zenith,BIO_75088,90.35,2018-06-30,EMP_003194
Usman Mohammed,Ministry of Water Resources,325223,7072908503,Zenith,BIO_57035,95.87,2024-11-23,EMP_003195
Abubakar Suleiman,Ministry of Agriculture,131753,6493165065,Zenith,BIO_30633,85.99,2024-01-12,EMP_003196
Zainab Musa,Federal Roads Maintenance Agency,451727,5374915926,UBA,,99.9,2025-06-22,EMP_003197
Chiamaka Eze,Ministry of Finance,394374,1761590565,First Bank,BIO_74574,87.93,2016-11-25,EMP_003198
Chukwu Okafor,Ministry of Agriculture,369514,1474143421,Access,BIO_73343,90.62,2019-07-09,EMP_003199
Chinedu Obiora,Ministry of Works,410506,9023792522,UBA,BIO_26556,96.19,2018-08-22,EMP_003200
Femi Adebayo,Ministry of Health,409262,1021848704,First Bank,BIO_61997,88.26,2023-05-04,EMP_003201
Zainab Yusuf,Ministry of Education,174283,3251587508,GTBank,BIO_39711,91.19,2024-02-23,EMP_003202
Hassan Umar,Civil Service Commission,172189,4140395218,GTBank,BIO_37405,94.7,2017-09-08,EMP_003203
Kemi Oyedepo,Ministry of Agriculture,95958,5033117446,UBA,BIO_63029,97.95,2021-12-08,EMP_003204
Bola Adeleke,Ministry of Agriculture,193608,1066117902,First Bank,BIO_37367,87.34,2020-06-19,EMP_003205
Uchenna Okonkwo,Ministry of Water Resources,209961,4658570083,Access,BIO_58856,94.02,2022-12-18,EMP_003206
Dele Adeleke,Federal Roads Maintenance Agency,318225,2176525293,GTBank,BIO_24693,95.82,2022-07-11,EMP_003207
Dele Adeyemi,Nigeria Customs Service,279207,4364849512,UBA,BIO_57574,88.18,2019-07-17,EMP_003208
Nnamdi Obiora,Ministry of Water Resources,308353,5614966192,UBA,,99.9,2024-11-08,EMP_003209
Okechukwu Okonkwo,Civil Service Commission,253622,3873816124,UBA,BIO_33851,88.4,2019-07-22,EMP_003210
Hassan Ibrahim,Ministry of Finance,149464,3258506260,UBA,BIO_43456,95.81,2016-11-22,EMP_003211
Fatima Mohammed,Ministry of Health,349451,2252069702,GTBank,BIO_12389,95.6,2017-09-30,EMP_003212
Chinedu Okonkwo,Ministry of Agriculture,482061,4711161990,Zenith,BIO_71421,90.52,2022-06-13,EMP_003213
Hassan Mohammed,Ministry of Agriculture,493920,8342724039,Zenith,BIO_27220,87.15,2020-11-30,EMP_003214
Bola Ogunlesi,Nigeria Customs Service,1308052,4003608686,Zenith,BIO_11326,92.3,2026-04-23,EMP_003215
Okechukwu Nwankwo,Federal Roads Maintenance Agency,452083,9532195317,Access,BIO_30029,88.1,2024-11-13,EMP_003216
Chinedu Nwosu,Ministry of Health,163481,9838130634,GTBank,BIO_21871,99.06,2020-04-01,EMP_003217
Usman Musa,Ministry of Works,406977,8430117376,Zenith,BIO_53133,85.64,2018-06-21,EMP_003218
Bola Adeyemi,Nigeria Customs Service,227303,1521476422,Access,BIO_75322,92.91,2023-08-02,EMP_003219
Fatima Musa,Ministry of Finance,439061,4159874148,First Bank,BIO_50477,85.98,2019-11-23,EMP_003220
Kemi Adeleke,Ministry of Water Resources,209537,4887929623,GTBank,BIO_10958,99.23,2024-04-27,EMP_003221
Hassan Mohammed,Nigeria Customs Service,448718,4067318702,First Bank,BIO_34996,94.29,2023-01-22,EMP_003222
Hassan Umar,Civil Service Commission,151584,5413896614,Zenith,BIO_90233,93.95,2021-11-20,EMP_003223
Yemi Adeyemi,Nigeria Customs Service,381650,4548995085,GTBank,BIO_28992,94.27,2016-08-04,EMP_003224
Chukwu Okonkwo,Ministry of Power,207061,6474990685,Access,BIO_15019,87.95,2018-07-24,EMP_003225
Ade Adeleke,Ministry of Education,382163,1820342085,Access,BIO_92468,86.31,2025-04-27,EMP_003226
Hassan Ibrahim,Federal Roads Maintenance Agency,265461,9774455263,First Bank,BIO_81965,91.99,2020-06-30,EMP_003227
Chiamaka Ani,Ministry of Agriculture,398959,7067108488,Zenith,BIO_61373,90.93,2022-08-02,EMP_003228
Hassan Yusuf,Civil Service Commission,128036,2867780177,Zenith,BIO_24572,94.86,2019-04-21,EMP_003229
Uchenna Nwosu,Ministry of Power,428196,3829732530,Zenith,BIO_12547,96.31,2022-08-12,EMP_003230
Chioma Obiora,Ministry of Water Resources,489469,5246849415,GTBank,BIO_35637,91.65,2018-07-23,EMP_003231
Kemi Adeleke,Ministry of Power,149213,8314851105,Access,BIO_27538,97.2,2021-08-21,EMP_003232
Hassan Ibrahim,Ministry of Education,320347,6631138425,GTBank,BIO_18952,88.97,2018-11-20,EMP_003233
Zainab Suleiman,Ministry of Agriculture,181566,6043218273,First Bank,BIO_25319,89.33,2023-07-24,EMP_003234
Abubakar Ibrahim,Ministry of Education,238299,9455582523,Zenith,BIO_35812,89.3,2022-07-21,EMP_003235
Fatima Umar,Ministry of Works,209354,3226885376,Access,BIO_37011,85.29,2023-02-04,EMP_003236
Okechukwu Nwosu,Ministry of Health,499553,9455667438,First Bank,BIO_59879,85.16,2025-04-05,EMP_003237
Usman Mohammed,Ministry of Water Resources,182267,6865345757,GTBank,BIO_56639,99.27,2018-07-22,EMP_003238
Dele Adeyemi,Ministry of Works,411624,3217317109,First Bank,BIO_45153,97.1,2022-08-12,EMP_003239
Okechukwu Nwosu,Ministry of Education,244430,9514744483,GTBank,BIO_43476,91.92,2024-12-09,EMP_003240
Tayo Williams,Ministry of Agriculture,372507,2869987152,Zenith,BIO_65159,85.58,2019-01-17,EMP_003241
Chiamaka Onyeka,Ministry of Water Resources,172282,8398986589,Zenith,BIO_63623,96.58,2019-01-01,EMP_003242
Zainab Mohammed,Ministry of Finance,244026,1191510983,Zenith,BIO_47391,90.94,2023-03-10,EMP_003243
Aisha Ahmad,Ministry of Education,374030,4187278124,Access,BIO_82498,87.32,2016-11-26,EMP_003244
Chinedu Okonkwo,Ministry of Water Resources,360359,5152712980,GTBank,BIO_71885,97.97,2016-06-28,EMP_003245
Fatima Ibrahim,Federal Roads Maintenance Agency,292002,3364389439,GTBank,BIO_58433,94.1,2022-05-31,EMP_003246
Hassan Musa,Nigeria Customs Service,355744,6052545653,First Bank,BIO_54970,96.07,2022-10-31,EMP_003247
Ibrahim Musa,Nigeria Customs Service,247432,8907727728,UBA,BIO_74661,94.7,2017-11-22,EMP_003248
Uchenna Onyeka,Federal Roads Maintenance Agency,323967,7745273223,UBA,BIO_94610,86.4,2022-09-09,EMP_003249
Bola Adeyemi,Ministry of Power,1146365,9023689455,UBA,BIO_34784,88.13,2026-02-12,EMP_003250
Bola Adeyemi,Ministry of Works,326899,9871312668,Access,BIO_88410,91.0,2024-05-31,EMP_003251
Abubakar Suleiman,Ministry of Education,378365,9937703786,UBA,BIO_36715,88.72,2016-08-17,EMP_003252
Okechukwu Nwankwo,Federal Roads Maintenance Agency,241498,8720413717,First Bank,BIO_48920,97.36,2017-08-09,EMP_003253
Ibrahim Umar,Civil Service Commission,242684,2106330785,Zenith,BIO_39115,90.69,2018-06-26,EMP_003254
Abubakar Musa,Ministry of Agriculture,451997,1071873735,GTBank,BIO_84463,93.71,2020-11-14,EMP_003255
Kemi Williams,Civil Service Commission,443167,5216715683,Zenith,BIO_19655,91.27,2022-03-18,EMP_003256
Fatima Ibrahim,Nigeria Customs Service,357765,8938668911,GTBank,BIO_84570,99.6,2020-10-09,EMP_003257
Fatima Yusuf,Ministry of Agriculture,407181,4126274520,GTBank,BIO_15297,92.73,2021-01-30,EMP_003258
Femi Oyedepo,Ministry of Health,306854,6297961913,GTBank,BIO_55441,89.42,2024-09-09,EMP_003259
Bola Adebayo,Civil Service Commission,218365,6551794421,Access,BIO_35316,95.02,2017-12-24,EMP_003260
Hassan Yusuf,Federal Roads Maintenance Agency,243772,8598985433,Zenith,BIO_82171,85.48,2017-04-16,EMP_003261
Nnamdi Ani,Ministry of Finance,365031,4049789382,First Bank,BIO_57816,88.73,2021-06-19,EMP_003262
Kemi Adeyemi,Ministry of Agriculture,469949,2307723571,UBA,BIO_50582,89.7,2018-03-07,EMP_003263
Hassan Ahmad,Ministry of Agriculture,198098,2596588493,UBA,BIO_26337,96.1,2016-08-21,EMP_003264
Kemi Adeleke,Nigeria Customs Service,281161,3648354549,Access,BIO_26350,91.54,2022-12-17,EMP_003265
Uchenna Ani,Ministry of Health,362878,5675631879,Access,BIO_96426,87.46,2023-09-23,EMP_003266
Chinedu Okonkwo,Ministry of Agriculture,311629,9049519657,GTBank,BIO_46807,98.93,2022-09-02,EMP_003267
Uchenna Nwankwo,Federal Roads Maintenance Agency,292997,7160628766,GTBank,BIO_75633,89.12,2024-03-19,EMP_003268
Ibrahim Musa,Nigeria Customs Service,485631,5259454799,UBA,BIO_48756,95.65,2017-09-01,EMP_003269
Tayo Williams,Ministry of Finance,311197,8817200600,First Bank,BIO_35802,90.46,2020-02-04,EMP_003270
Abubakar Suleiman,Civil Service Commission,145540,5265279513,Zenith,BIO_48452,86.41,2022-03-23,EMP_003271
Chinedu Obiora,Ministry of Power,133412,2500145662,UBA,BIO_89872,93.72,2024-01-28,EMP_003272
Nnamdi Okafor,Ministry of Power,499814,8598973106,UBA,BIO_84923,90.61,2022-12-22,EMP_003273
Fatima Mohammed,Ministry of Agriculture,451126,8031620941,Zenith,BIO_62778,86.26,2017-04-24,EMP_003274
Bola Ogunlesi,Nigeria Customs Service,142997,2071405318,Access,BIO_14376,94.32,2021-01-12,EMP_003275
Uchenna Okonkwo,Civil Service Commission,143437,2808397825,GTBank,BIO_78302,87.6,2022-02-27,EMP_003276
Tunde Williams,Ministry of Power,89489,4358229939,First Bank,BIO_74898,93.56,2019-05-08,EMP_003277
Chiamaka Eze,Ministry of Power,141993,6864758792,GTBank,BIO_53875,93.07,2024-11-02,EMP_003278
Bola Oyedepo,Ministry of Finance,362219,3308937697,First Bank,BIO_36860,91.27,2023-08-20,EMP_003279
Femi Ogunlesi,Ministry of Agriculture,356428,4541143964,GTBank,BIO_20774,90.04,2022-02-24,EMP_003280
Tayo Adebayo,Ministry of Finance,207088,3303764603,UBA,BIO_63299,89.31,2017-03-15,EMP_003281
Fatima Yusuf,Nigeria Customs Service,343697,9657422606,First Bank,BIO_75031,92.22,2022-09-04,EMP_003282
Femi Williams,Federal Roads Maintenance Agency,350692,6905763419,Access,BIO_83756,90.73,2022-10-03,EMP_003283
Chinedu Obiora,Nigeria Customs Service,425016,1355657488,First Bank,BIO_50312,96.85,2018-04-02,EMP_003284
Chinedu Ani,Civil Service Commission,306992,1845323623,First Bank,BIO_91181,93.24,2017-02-17,EMP_003285
Okechukwu Okonkwo,Ministry of Power,274278,1781031850,First Bank,BIO_98420,95.78,2023-09-04,EMP_003286
Usman Umar,Nigeria Customs Service,322677,2320369212,UBA,BIO_51965,91.94,2018-02-19,EMP_003287
Zainab Ibrahim,Ministry of Agriculture,120980,4481752318,Access,BIO_13348,87.68,2023-03-28,EMP_003288
Tayo Oyedepo,Civil Service Commission,104807,6242254527,UBA,BIO_47776,91.29,2017-02-27,EMP_003289
Ibrahim Musa,Ministry of Education,96946,4718980491,GTBank,BIO_18046,88.97,2022-04-26,EMP_003290
Usman Yusuf,Ministry of Water Resources,108010,1347547143,GTBank,BIO_38069,85.03,2018-08-24,EMP_003291
Dele Adeleke,Ministry of Works,214169,7669756518,Access,BIO_10948,88.68,2023-02-06,EMP_003292
Chukwu Okonkwo,Ministry of Education,416432,9471477991,Access,BIO_30520,94.97,2024-06-28,EMP_003293
Femi Adeyemi,Civil Service Commission,494535,4093061491,UBA,BIO_96519,89.61,2024-05-09,EMP_003294
Aisha Suleiman,Ministry of Water Resources,477118,9734295657,First Bank,BIO_19926,88.44,2017-02-07,EMP_003295
Chiamaka Onyeka,Nigeria Customs Service,376545,4051786775,Access,BIO_75379,88.93,2017-10-03,EMP_003296
Femi Oyedepo,Ministry of Water Resources,178083,4944922271,First Bank,,99.9,2024-08-22,EMP_003297
Zainab Suleiman,Ministry of Works,273041,2912921626,Access,BIO_72686,87.06,2025-03-22,EMP_003298
Nnamdi Okonkwo,Ministry of Finance,335541,6709308968,Access,BIO_68034,95.49,2021-05-30,EMP_003299
Chukwu Okafor,Federal Roads Maintenance Agency,425094,1536115974,First Bank,BIO_94082,92.22,2018-06-19,EMP_003300
Chiamaka Okonkwo,Ministry of Power,191188,1013358766,Access,BIO_74508,91.37,2024-10-03,EMP_003301
Adaeze Okonkwo,Federal Roads Maintenance Agency,495578,1246837346,UBA,BIO_51837,95.11,2025-05-05,EMP_003302
Amina Musa,Ministry of Education,189918,4125387607,GTBank,BIO_19966,92.27,2016-05-27,EMP_003303
Kemi Williams,Ministry of Finance,116161,9084119691,Access,BIO_55943,97.57,2019-08-28,EMP_003304
Usman Yusuf,Federal Roads Maintenance Agency,313321,8532328044,Zenith,BIO_92756,89.98,2018-11-04,EMP_003305
Fatima Mohammed,Ministry of Finance,248908,1410227902,Access,BIO_26642,91.85,2022-05-16,EMP_003306
Adaeze Okafor,Ministry of Power,486781,9749301721,First Bank,BIO_26825,96.52,2017-08-25,EMP_003307
Aisha Suleiman,Ministry of Education,204675,2287101971,Access,BIO_10935,97.87,2022-01-05,EMP_003308
Okechukwu Ani,Civil Service Commission,154050,7866329233,Zenith,BIO_85652,94.47,2018-05-01,EMP_003309
Aisha Umar,Ministry of Power,173843,9345883019,UBA,BIO_76185,97.28,2016-07-04,EMP_003310
Femi Adeyemi,Civil Service Commission,148460,5548280670,GTBank,BIO_84897,92.47,2021-06-08,EMP_003311
Ade Oyedepo,Ministry of Power,481411,7469318233,GTBank,BIO_83747,86.52,2022-11-09,EMP_003312
Chioma Okafor,Ministry of Power,205764,4534789772,Zenith,BIO_20942,97.71,2022-08-23,EMP_003313
Ade Ogunlesi,Nigeria Customs Service,476528,6405856203,Zenith,BIO_72016,89.07,2021-02-17,EMP_003314
Bola Ogunlesi,Ministry of Agriculture,237037,6262309915,GTBank,BIO_84702,95.23,2021-08-12,EMP_003315
Abubakar Ibrahim,Ministry of Water Resources,114557,1077779936,Zenith,BIO_18726,96.92,2024-06-13,EMP_003316
Ibrahim Yusuf,Ministry of Finance,255334,4498807825,GTBank,BIO_81118,88.6,2021-01-18,EMP_003317
Hassan Yusuf,Federal Roads Maintenance Agency,246698,8234377454,UBA,BIO_29208,95.29,2017-08-10,EMP_003318
Yemi Ogunlesi,Ministry of Finance,377244,5141889476,First Bank,BIO_73851,97.82,2018-07-13,EMP_003319
Chiamaka Obiora,Ministry of Power,400386,2514576534,UBA,,99.9,2025-03-19,EMP_003320
Hassan Yusuf,Federal Roads Maintenance Agency,307722,8319848126,Zenith,BIO_78800,96.54,2019-11-21,EMP_003321
Chukwu Nwankwo,Ministry of Health,237633,4550565245,Access,BIO_11574,85.38,2024-05-07,EMP_003322
Tunde Oyedepo,Nigeria Customs Service,319346,6340583814,GTBank,BIO_44315,85.37,2024-07-21,EMP_003323
Femi Adeyemi,Ministry of Agriculture,150834,1953697947,GTBank,BIO_39626,88.17,2022-11-05,EMP_003324
Zainab Umar,Ministry of Power,483110,8520210475,GTBank,BIO_25573,88.6,2020-03-18,EMP_003325
Hassan Yusuf,Ministry of Finance,277579,2272777267,GTBank,BIO_37370,92.11,2024-07-18,EMP_003326
Fatima Ahmad,Ministry of Water Resources,231012,4688747855,Access,BIO_27204,91.78,2024-11-18,EMP_003327
Nnamdi Nwosu,Ministry of Finance,438374,4832851485,UBA,BIO_85440,93.48,2017-06-09,EMP_003328
Uchenna Nwankwo,Ministry of Works,1462801,8062952463,Access,BIO_21529,92.88,2026-02-11,EMP_003329
Bola Oyedepo,Federal Roads Maintenance Agency,427840,2388565680,UBA,BIO_21134,91.77,2019-02-11,EMP_003330
Tunde Adeleke,Ministry of Finance,395032,6140079085,Access,BIO_62830,96.47,2021-12-26,EMP_003331
Fatima Mohammed,Civil Service Commission,370783,8305422177,Zenith,BIO_82111,91.23,2021-01-18,EMP_003332
Fatima Ahmad,Ministry of Power,1434320,2652424856,First Bank,BIO_34077,95.33,2025-10-11,EMP_003333
Chukwu Onyeka,Civil Service Commission,455035,9800772639,Access,BIO_41104,88.4,2018-11-20,EMP_003334
Dele Williams,Civil Service Commission,326768,7229259190,GTBank,BIO_53444,89.73,2018-04-19,EMP_003335
Ade Adeyemi,Ministry of Water Resources,268671,8450187801,GTBank,BIO_35114,94.08,2020-03-17,EMP_003336
Zainab Yusuf,Federal Roads Maintenance Agency,430959,1901993834,Access,BIO_31202,96.57,2018-08-17,EMP_003337
Femi Adebayo,Ministry of Finance,972243,5902588054,Zenith,BIO_55838,86.95,2025-07-11,EMP_003338
Amina Mohammed,Ministry of Education,305256,2492278657,UBA,BIO_76620,87.82,2022-05-19,EMP_003339
Chiamaka Nwosu,Nigeria Customs Service,442066,1076532465,Zenith,BIO_56038,95.64,2019-09-03,EMP_003340
Tayo Adeleke,Nigeria Customs Service,93741,3420817937,GTBank,BIO_16494,94.08,2024-03-11,EMP_003341
Adaeze Obiora,Ministry of Power,384756,5170487965,Zenith,BIO_75877,90.49,2021-09-12,EMP_003342
Chioma Okafor,Nigeria Customs Service,478188,8045302463,Access,BIO_13654,96.53,2022-06-17,EMP_003343
Usman Umar,Ministry of Health,184804,4539838812,GTBank,BIO_92583,89.38,2025-02-23,EMP_003344
Abubakar Umar,Ministry of Power,392504,1475603030,Zenith,BIO_63018,98.45,2020-02-16,EMP_003345
Okechukwu Okonkwo,Ministry of Health,488220,3403350539,Zenith,BIO_20636,89.11,2016-12-30,EMP_003346
Ade Adebayo,Civil Service Commission,104152,2305077297,Access,BIO_21377,85.35,2023-09-27,EMP_003347
Chinedu Onyeka,Ministry of Health,381209,2055136082,GTBank,BIO_76296,95.38,2021-11-23,EMP_003348
Nnamdi Eze,Ministry of Health,253926,4368925947,Zenith,BIO_43215,96.47,2020-11-04,EMP_003349
Femi Adebayo,Civil Service Commission,1393811,9141332935,GTBank,BIO_23031,87.8,2025-07-05,EMP_003350
Aisha Musa,Nigeria Customs Service,494376,8144767145,Access,BIO_98875,93.22,2017-11-30,EMP_003351
Hassan Yusuf,Ministry of Water Resources,397873,8871578978,UBA,BIO_97088,85.2,2017-05-14,EMP_003352
Hassan Yusuf,Federal Roads Maintenance Agency,327567,8795954509,Zenith,BIO_82581,99.2,2016-10-02,EMP_003353
Abubakar Ibrahim,Ministry of Water Resources,263389,7079404433,GTBank,BIO_53195,92.07,2021-04-17,EMP_003354
Chioma Onyeka,Federal Roads Maintenance Agency,359878,8947904049,First Bank,BIO_56471,87.34,2017-12-09,EMP_003355
Chinedu Ani,Ministry of Education,289295,7859176367,GTBank,BIO_86633,97.04,2016-11-09,EMP_003356
Abubakar Ibrahim,Ministry of Agriculture,341456,9579933650,UBA,BIO_61700,92.27,2016-10-06,EMP_003357
Bola Oyedepo,Nigeria Customs Service,323131,4191443500,GTBank,BIO_86399,96.9,2021-05-23,EMP_003358
Okechukwu Okonkwo,Ministry of Works,188644,4854983614,UBA,,99.9,2024-06-24,EMP_003359
Tayo Oyedepo,Nigeria Customs Service,156641,6916605362,Zenith,BIO_65800,88.76,2018-05-06,EMP_003360
Adaeze Nwosu,Ministry of Works,235145,8318647354,Access,BIO_94634,92.08,2020-12-02,EMP_003361
Fatima Umar,Federal Roads Maintenance Agency,476461,8402676221,GTBank,BIO_90908,87.47,2016-08-06,EMP_003362
Chioma Okonkwo,Ministry of Health,82902,1808422008,GTBank,BIO_99203,96.29,2019-12-13,EMP_003363
Usman Suleiman,Civil Service Commission,152854,1128453394,Zenith,BIO_67197,85.53,2024-04-22,EMP_003364
Chioma Nwosu,Ministry of Power,429647,4211452749,Zenith,BIO_30676,92.44,2018-10-04,EMP_003365
Tunde Adeleke,Ministry of Works,319416,5757167309,UBA,BIO_53467,95.14,2016-12-10,EMP_003366
Ibrahim Ahmad,Ministry of Water Resources,187481,1987871753,UBA,BIO_46497,89.85,2021-06-23,EMP_003367
Chinedu Eze,Ministry of Health,194568,8060847170,UBA,BIO_12120,92.26,2018-03-27,EMP_003368
Okechukwu Okonkwo,Ministry of Works,351395,2080656608,Access,BIO_37141,85.22,2019-06-18,EMP_003369
Chinedu Okonkwo,Nigeria Customs Service,250619,3425758843,Zenith,BIO_65499,97.76,2021-04-18,EMP_003370
Chiamaka Eze,Ministry of Finance,462813,3872083713,UBA,BIO_27545,85.88,2021-09-27,EMP_003371
Ade Williams,Ministry of Power,979837,2440643055,First Bank,BIO_83037,91.03,2025-10-04,EMP_003372
Aisha Mohammed,Ministry of Health,195392,4084050853,Zenith,BIO_33522,97.53,2018-04-19,EMP_003373
Yemi Oyedepo,Ministry of Finance,483091,6549238572,Access,BIO_10357,92.13,2017-08-11,EMP_003374
Bola Adebayo,Ministry of Power,314390,1475603030,Zenith,BIO_89535,98.21,2020-05-31,EMP_003375
Zainab Yusuf,Ministry of Agriculture,404124,6832275966,UBA,BIO_34341,88.22,2021-04-29,EMP_003376
Chukwu Ani,Ministry of Health,177258,9357866619,Access,BIO_91870,86.04,2025-03-14,EMP_003377
Dele Adebayo,Ministry of Agriculture,417333,6086292064,First Bank,BIO_95690,87.37,2017-06-19,EMP_003378
Uchenna Nwosu,Nigeria Customs Service,145926,9550055092,Access,BIO_38080,95.59,2020-10-02,EMP_003379
Usman Yusuf,Federal Roads Maintenance Agency,245776,6096421799,First Bank,BIO_80165,88.71,2017-09-19,EMP_003380
Hassan Musa,Federal Roads Maintenance Agency,418339,7334222562,Zenith,BIO_21422,85.19,2021-08-08,EMP_003381
Tunde Adeleke,Ministry of Power,203896,5241942942,First Bank,BIO_44538,88.37,2021-03-29,EMP_003382
Bola Ogunlesi,Ministry of Agriculture,494990,3444369518,Zenith,BIO_89102,93.6,2018-12-02,EMP_003383
Ibrahim Ibrahim,Ministry of Education,140790,5614564977,Access,BIO_70226,88.73,2019-01-31,EMP_003384
Tayo Oyedepo,Civil Service Commission,313588,5900133182,Zenith,BIO_44042,91.74,2019-05-04,EMP_003385
Kemi Adeleke,Ministry of Power,248107,5319707046,UBA,BIO_50256,96.16,2021-03-09,EMP_003386
Bola Adeyemi,Ministry of Education,199168,5251628704,Access,BIO_86851,87.42,2025-03-02,EMP_003387
Dele Adeleke,Ministry of Water Resources,437954,5329608077,First Bank,BIO_35402,87.82,2018-06-05,EMP_003388
Abubakar Ibrahim,Nigeria Customs Service,344756,9295064756,UBA,BIO_90518,97.21,2020-08-24,EMP_003389
Dele Williams,Ministry of Finance,147984,5360350087,Zenith,BIO_46450,95.7,2021-03-09,EMP_003390
Chioma Obiora,Ministry of Health,300770,2234332180,GTBank,BIO_74741,87.58,2018-05-25,EMP_003391
Ade Adeleke,Ministry of Water Resources,489583,7033736376,GTBank,BIO_70895,96.57,2024-07-12,EMP_003392
Abubakar Yusuf,Ministry of Finance,418223,7088057463,UBA,BIO_66894,87.92,2017-01-26,EMP_003393
Uchenna Okonkwo,Ministry of Agriculture,359463,8600565826,Zenith,BIO_97702,96.75,2024-03-30,EMP_003394
Chinedu Nwosu,Ministry of Power,175369,3868997079,First Bank,BIO_42049,95.2,2022-07-29,EMP_003395
Yemi Adebayo,Civil Service Commission,83957,5478627750,UBA,BIO_24437,96.32,2023-01-13,EMP_003396
Yemi Adeyemi,Ministry of Power,473278,7884934971,First Bank,BIO_75439,92.19,2022-01-03,EMP_003397
Chioma Nwosu,Civil Service Commission,114840,3910494446,First Bank,BIO_71977,90.07,2024-11-22,EMP_003398
Dele Adeyemi,Nigeria Customs Service,117273,6642005412,First Bank,BIO_90858,95.08,2016-05-26,EMP_003399
Chiamaka Nwankwo,Federal Roads Maintenance Agency,143264,7962337195,UBA,BIO_29159,86.27,2018-06-29,EMP_003400
Zainab Umar,Ministry of Agriculture,310869,2833798177,Access,BIO_39511,86.33,2016-10-09,EMP_003401
Aisha Mohammed,Nigeria Customs Service,176214,8809184553,UBA,BIO_83945,85.77,2017-08-30,EMP_003402
Hassan Yusuf,Federal Roads Maintenance Agency,402545,8272080279,First Bank,BIO_87588,88.72,2025-02-15,EMP_003403
Tayo Adebayo,Ministry of Water Resources,119021,3947896437,GTBank,BIO_99424,89.89,2017-08-19,EMP_003404
Tunde Adeyemi,Ministry of Works,493103,1614417488,Zenith,BIO_34335,88.72,2019-08-22,EMP_003405
Femi Adeleke,Civil Service Commission,442108,8711458978,GTBank,BIO_63778,88.05,2023-11-10,EMP_003406
Ibrahim Yusuf,Ministry of Education,85216,4520284868,GTBank,BIO_33435,90.31,2016-09-23,EMP_003407
Okechukwu Obiora,Ministry of Health,352727,5495887660,Access,BIO_13345,97.34,2016-09-26,EMP_003408
Tayo Williams,Civil Service Commission,339247,4260959454,GTBank,BIO_30962,95.74,2017-09-24,EMP_003409
Uchenna Nwosu,Civil Service Commission,362616,7113054187,Access,BIO_14152,89.96,2020-06-07,EMP_003410
Chukwu Nwankwo,Ministry of Agriculture,312213,2370888802,First Bank,BIO_93665,96.35,2020-05-21,EMP_003411
Usman Musa,Nigeria Customs Service,444330,2885731256,Zenith,BIO_82122,96.8,2018-11-24,EMP_003412
Yemi Adeyemi,Ministry of Power,177912,6059299725,First Bank,BIO_17127,93.32,2025-01-10,EMP_003413
Femi Adeyemi,Nigeria Customs Service,491561,7323980380,GTBank,BIO_60116,86.63,2020-12-24,EMP_003414
Femi Oyedepo,Federal Roads Maintenance Agency,80852,7946085585,First Bank,BIO_10712,85.04,2020-11-24,EMP_003415
Uchenna Nwosu,Ministry of Health,256928,7127850490,First Bank,BIO_91890,97.79,2024-12-20,EMP_003416
Hassan Yusuf,Ministry of Agriculture,478489,3816928259,Zenith,BIO_66412,87.34,2020-01-13,EMP_003417
Ade Adebayo,Ministry of Works,409510,1942069777,UBA,BIO_14920,90.82,2016-07-13,EMP_003418
Nnamdi Eze,Ministry of Power,414724,9211266727,GTBank,BIO_93349,88.35,2017-05-04,EMP_003419
Chinedu Nwosu,Ministry of Works,201463,5652317533,GTBank,BIO_65192,99.83,2024-03-25,EMP_003420
Hassan Yusuf,Ministry of Power,373464,5355667081,Access,BIO_31867,86.58,2020-01-25,EMP_003421
Fatima Suleiman,Federal Roads Maintenance Agency,446234,2311917394,Zenith,BIO_14140,94.43,2020-03-01,EMP_003422
Okechukwu Onyeka,Nigeria Customs Service,445948,7831625709,Access,BIO_15802,93.74,2018-01-28,EMP_003423
Yemi Ogunlesi,Federal Roads Maintenance Agency,81738,8539730297,Zenith,BIO_97616,91.33,2023-03-10,EMP_003424
Aisha Ibrahim,Ministry of Agriculture,401799,9964948194,UBA,BIO_65672,88.52,2021-12-09,EMP_003425
Chioma Okafor,Civil Service Commission,433812,7089094819,First Bank,BIO_13424,93.62,2022-05-22,EMP_003426
Aisha Ibrahim,Ministry of Water Resources,107425,7903854280,GTBank,BIO_88346,87.04,2017-12-15,EMP_003427
Ibrahim Ibrahim,Civil Service Commission,146976,2302842707,Zenith,BIO_79302,91.45,2022-05-01,EMP_003428
Chioma Eze,Ministry of Water Resources,392662,2121563703,GTBank,BIO_32874,87.29,2024-05-26,EMP_003429
Adaeze Nwankwo,Ministry of Works,273617,6505569837,Zenith,BIO_11857,95.11,2023-02-22,EMP_003430
Bola Adeyemi,Ministry of Works,192314,8647266115,UBA,BIO_86873,87.97,2017-06-21,EMP_003431
Dele Williams,Civil Service Commission,334485,8844358447,Zenith,BIO_65767,93.85,2018-02-25,EMP_003432
Femi Adeleke,Federal Roads Maintenance Agency,256802,8097717790,Zenith,BIO_10574,93.46,2023-01-11,EMP_003433
Chioma Ani,Ministry of Education,318652,3463925984,First Bank,BIO_69478,92.17,2016-09-21,EMP_003434
Femi Adeyemi,Ministry of Education,425124,3039549168,GTBank,BIO_71629,85.93,2024-06-25,EMP_003435
Ade Ogunlesi,Ministry of Power,130371,8226906635,UBA,BIO_41941,92.8,2019-04-04,EMP_003436
Nnamdi Onyeka,Ministry of Finance,190966,5458060358,GTBank,BIO_19621,93.96,2020-11-08,EMP_003437
Chioma Ani,Ministry of Education,305493,3204157843,GTBank,BIO_80474,92.3,2021-01-25,EMP_003438
Femi Oyedepo,Federal Roads Maintenance Agency,326439,2614665247,Access,BIO_76919,85.3,2022-05-17,EMP_003439
Hassan Suleiman,Federal Roads Maintenance Agency,390767,3887223257,UBA,BIO_14989,86.65,2018-11-26,EMP_003440
Tunde Adeyemi,Nigeria Customs Service,130434,3647732278,Zenith,BIO_71232,87.71,2021-08-28,EMP_003441
Hassan Ibrahim,Ministry of Power,235230,1530643109,GTBank,BIO_10759,97.56,2019-11-13,EMP_003442
Chioma Onyeka,Ministry of Agriculture,266497,4313391767,GTBank,BIO_69275,89.79,2020-09-11,EMP_003443
Tayo Williams,Federal Roads Maintenance Agency,421138,9556680690,First Bank,,99.9,2025-03-08,EMP_003444
Yemi Oyedepo,Ministry of Health,324649,2602882665,Zenith,BIO_41988,95.93,2022-08-14,EMP_003445
Tayo Ogunlesi,Ministry of Water Resources,466419,1566101877,First Bank,BIO_16628,85.07,2024-04-14,EMP_003446
Aisha Umar,Ministry of Power,237863,1719714116,UBA,BIO_73743,87.74,2025-04-20,EMP_003447
Okechukwu Ani,Ministry of Education,435200,6315432708,Access,BIO_26014,85.28,2016-11-10,EMP_003448
Ade Adeleke,Ministry of Power,477699,8672567462,Access,BIO_15131,89.43,2024-11-07,EMP_003449
Adaeze Okonkwo,Nigeria Customs Service,313482,3831492783,Zenith,BIO_61505,86.66,2018-11-22,EMP_003450
Abubakar Mohammed,Civil Service Commission,180881,6440467512,GTBank,BIO_70355,93.18,2021-06-02,EMP_003451
Tayo Oyedepo,Ministry of Agriculture,469217,3818159617,Zenith,BIO_27661,88.86,2022-10-04,EMP_003452
Usman Musa,Ministry of Works,212978,2871586140,Zenith,BIO_27126,99.96,2022-12-12,EMP_003453
Dele Adeleke,Ministry of Agriculture,381719,7829875248,Access,BIO_80666,97.28,2018-12-16,EMP_003454
Adaeze Okonkwo,Ministry of Finance,295001,9212808001,Access,BIO_32850,91.78,2023-08-25,EMP_003455
Fatima Suleiman,Ministry of Water Resources,323349,3269218013,Zenith,BIO_86518,90.28,2024-02-03,EMP_003456
Ibrahim Mohammed,Ministry of Power,210657,9695974636,GTBank,BIO_55502,85.94,2022-02-21,EMP_003457
Usman Suleiman,Ministry of Works,199318,5004622039,GTBank,BIO_99983,92.47,2018-08-01,EMP_003458
Bola Ogunlesi,Ministry of Water Resources,422762,8098354028,UBA,BIO_88906,88.51,2017-02-18,EMP_003459
Ibrahim Suleiman,Ministry of Water Resources,186628,6587582649,First Bank,BIO_41141,93.79,2021-09-22,EMP_003460
Yemi Adeleke,Civil Service Commission,366822,1116049596,First Bank,BIO_84758,86.52,2020-06-07,EMP_003461
Ade Oyedepo,Federal Roads Maintenance Agency,440646,6345131339,UBA,BIO_58933,85.16,2024-07-04,EMP_003462
Kemi Adeyemi,Federal Roads Maintenance Agency,365805,8031769482,First Bank,BIO_71760,89.4,2019-06-18,EMP_003463
Aisha Suleiman,Ministry of Power,458956,9580333119,First Bank,BIO_17648,94.24,2024-03-19,EMP_003464
Fatima Ibrahim,Federal Roads Maintenance Agency,386487,9748152970,Access,BIO_59642,85.06,2018-02-23,EMP_003465
Uchenna Onyeka,Ministry of Education,484249,1769233904,Access,BIO_17548,89.69,2020-06-06,EMP_003466
Chioma Okonkwo,Federal Roads Maintenance Agency,91110,9686172334,First Bank,BIO_70430,95.73,2017-10-23,EMP_003467
Usman Ibrahim,Ministry of Education,304724,8384483151,First Bank,BIO_96794,96.64,2016-10-16,EMP_003468
Chioma Onyeka,Ministry of Water Resources,285024,8314815633,GTBank,BIO_63971,93.09,2024-07-14,EMP_003469
Uchenna Ani,Ministry of Health,461799,7067878145,First Bank,BIO_31528,94.07,2019-11-07,EMP_003470
Tunde Williams,Nigeria Customs Service,338845,1172362190,GTBank,BIO_90569,88.85,2016-09-16,EMP_003471
Nnamdi Okafor,Ministry of Power,319902,3681631002,Access,BIO_14889,93.1,2023-04-15,EMP_003472
Chiamaka Obiora,Nigeria Customs Service,327771,8168766745,UBA,BIO_37214,86.69,2024-04-24,EMP_003473
Kemi Oyedepo,Ministry of Finance,256168,6476844161,UBA,BIO_52133,87.05,2024-01-28,EMP_003474
Nnamdi Okonkwo,Ministry of Water Resources,297652,1625514531,Zenith,BIO_57157,86.83,2017-07-26,EMP_003475
Kemi Adeleke,Ministry of Agriculture,216675,6613263092,Access,BIO_73337,93.52,2021-09-26,EMP_003476
Aisha Musa,Nigeria Customs Service,230114,6613408907,Access,BIO_53953,93.47,2018-12-07,EMP_003477
Aisha Mohammed,Ministry of Power,316050,7320401788,Zenith,BIO_42249,92.67,2019-03-03,EMP_003478
Chukwu Ani,Ministry of Health,283678,9189898489,GTBank,BIO_51383,97.62,2023-01-17,EMP_003479
Kemi Ogunlesi,Ministry of Education,144936,4303302708,GTBank,BIO_48251,97.29,2025-01-27,EMP_003480
Okechukwu Onyeka,Ministry of Health,205240,6882654244,UBA,BIO_14114,91.68,2021-05-23,EMP_003481
Adaeze Eze,Federal Roads Maintenance Agency,389600,9916590985,GTBank,BIO_55681,94.1,2023-03-01,EMP_003482
Okechukwu Obiora,Ministry of Power,204119,1686341344,UBA,BIO_62571,87.47,2021-03-26,EMP_003483
Femi Williams,Ministry of Water Resources,308016,7909815185,First Bank,BIO_23099,91.67,2021-10-06,EMP_003484
Fatima Musa,Federal Roads Maintenance Agency,389057,2701019262,Zenith,BIO_81912,94.2,2016-08-07,EMP_003485
Zainab Ibrahim,Ministry of Works,119194,2657756005,Zenith,BIO_34392,94.45,2020-11-12,EMP_003486
Nnamdi Eze,Ministry of Agriculture,325053,2632580510,Access,BIO_23933,85.51,2020-11-19,EMP_003487
Aisha Musa,Ministry of Power,178165,3403912814,Zenith,BIO_11649,96.41,2016-11-21,EMP_003488
Chiamaka Okonkwo,Nigeria Customs Service,429630,9567391932,First Bank,BIO_46975,93.51,2019-03-30,EMP_003489
Aisha Mohammed,Ministry of Health,183844,9322241198,Zenith,BIO_94178,92.34,2019-10-30,EMP_003490
Chukwu Onyeka,Civil Service Commission,150675,5933603239,Access,BIO_11943,94.55,2019-06-03,EMP_003491
Chinedu Nwankwo,Ministry of Agriculture,453188,6094764351,First Bank,BIO_72240,93.95,2025-02-02,EMP_003492
Usman Musa,Ministry of Works,178126,9609453159,Zenith,BIO_42709,96.54,2024-11-23,EMP_003493
Ibrahim Ahmad,Federal Roads Maintenance Agency,138363,4561389977,First Bank,BIO_71674,92.46,2018-10-17,EMP_003494
Adaeze Okafor,Ministry of Finance,281411,2642029314,Access,BIO_90711,91.09,2020-02-16,EMP_003495
Chiamaka Okafor,Ministry of Agriculture,462612,9925400265,First Bank,BIO_93783,87.5,2022-08-28,EMP_003496
Amina Yusuf,Civil Service Commission,478265,5447341086,Zenith,BIO_59092,88.68,2017-02-08,EMP_003497
Hassan Mohammed,Ministry of Agriculture,306211,5031227496,Zenith,BIO_26063,97.19,2016-05-21,EMP_003498
Abubakar Musa,Civil Service Commission,425529,7626720054,UBA,BIO_11499,95.99,2020-01-05,EMP_003499
Hassan Musa,Ministry of Health,89429,5277987669,Access,BIO_62625,88.05,2022-01-07,EMP_003500
Tayo Williams,Ministry of Agriculture,145993,6839992906,Access,BIO_59123,90.62,2022-08-28,EMP_003501
Zainab Ibrahim,Ministry of Finance,433942,3066677609,UBA,BIO_62966,89.86,2019-12-20,EMP_003502
Hassan Suleiman,Nigeria Customs Service,259185,4552728129,UBA,BIO_80935,91.58,2022-10-01,EMP_003503
Ibrahim Mohammed,Ministry of Education,313843,6825454259,GTBank,BIO_87064,91.06,2022-12-03,EMP_003504
Femi Williams,Ministry of Health,289065,5506063198,Access,BIO_57441,89.66,2018-05-08,EMP_003505
Chinedu Okafor,Ministry of Agriculture,459942,5515186159,UBA,BIO_29677,96.73,2022-03-15,EMP_003506
Chukwu Okonkwo,Ministry of Works,151068,9577779232,Access,BIO_90943,91.43,2018-10-14,EMP_003507
Fatima Umar,Ministry of Agriculture,390782,9049519657,GTBank,BIO_65091,98.54,2022-08-09,EMP_003508
Amina Umar,Federal Roads Maintenance Agency,235794,5168889915,Zenith,BIO_79428,96.81,2022-01-12,EMP_003509
Chioma Okafor,Ministry of Water Resources,182414,3360056676,Zenith,BIO_54898,99.48,2018-01-31,EMP_003510
Chiamaka Onyeka,Ministry of Water Resources,311470,1201555014,GTBank,BIO_45594,95.17,2019-11-30,EMP_003511
Femi Adebayo,Ministry of Agriculture,175900,7502818238,UBA,BIO_94501,89.39,2021-04-16,EMP_003512
Hassan Yusuf,Ministry of Health,381051,2903011418,Zenith,BIO_41924,96.64,2023-04-05,EMP_003513
Usman Yusuf,Civil Service Commission,184514,6377686616,UBA,BIO_47365,89.6,2021-02-15,EMP_003514
Yemi Oyedepo,Ministry of Works,258806,6254180332,Zenith,BIO_29501,92.12,2025-05-05,EMP_003515
Fatima Ibrahim,Civil Service Commission,412001,6851520278,GTBank,BIO_67018,88.79,2016-06-24,EMP_003516
Femi Adeyemi,Nigeria Customs Service,137290,2183559464,GTBank,BIO_46581,88.05,2024-07-10,EMP_003517
Zainab Ibrahim,Ministry of Agriculture,312395,4432189251,First Bank,BIO_31634,94.14,2021-04-10,EMP_003518
Aisha Suleiman,Ministry of Works,254025,9368770548,First Bank,BIO_66235,94.63,2017-09-28,EMP_003519
Femi Ogunlesi,Ministry of Finance,352689,2879704922,UBA,BIO_50232,92.91,2022-09-22,EMP_003520
Yemi Adeyemi,Civil Service Commission,292926,6493750117,GTBank,BIO_50209,88.16,2017-11-01,EMP_003521
Ade Adeleke,Ministry of Works,320414,2272469064,UBA,BIO_58373,86.46,2018-12-21,EMP_003522
Tayo Adeyemi,Ministry of Water Resources,165093,7764308501,UBA,BIO_81410,98.44,2016-09-28,EMP_003523
Fatima Yusuf,Nigeria Customs Service,395058,8225606552,Zenith,BIO_78388,94.53,2024-12-22,EMP_003524
Fatima Ahmad,Federal Roads Maintenance Agency,334669,3229321654,Access,BIO_73048,96.72,2021-12-14,EMP_003525
Chukwu Nwankwo,Ministry of Finance,331054,5034492278,Access,BIO_10548,96.88,2021-09-10,EMP_003526
Chukwu Eze,Ministry of Power,169388,5431371822,First Bank,BIO_50133,95.57,2021-05-21,EMP_003527
Nnamdi Nwosu,Ministry of Water Resources,226108,4875418079,First Bank,BIO_57714,90.15,2023-07-10,EMP_003528
Nnamdi Ani,Nigeria Customs Service,146773,7469694303,Zenith,BIO_38935,86.25,2023-11-03,EMP_003529
Chukwu Obiora,Ministry of Power,338147,1405774673,UBA,BIO_22695,86.8,2019-12-30,EMP_003530
Bola Adeleke,Ministry of Water Resources,215636,6327134455,Access,,99.9,2024-07-04,EMP_003531
Chukwu Eze,Civil Service Commission,1414257,2569210260,UBA,BIO_72199,92.65,2026-01-17,EMP_003532
Dele Adeleke,Ministry of Finance,378963,5493978110,Access,BIO_13005,94.26,2019-11-07,EMP_003533
Tunde Adeyemi,Nigeria Customs Service,188183,9278412898,UBA,BIO_31380,97.84,2017-09-15,EMP_003534
Nnamdi Ani,Federal Roads Maintenance Agency,286041,8083251476,Access,BIO_85794,95.23,2024-06-06,EMP_003535
Nnamdi Nwosu,Ministry of Agriculture,249735,3558221852,First Bank,,99.9,2024-09-14,EMP_003536
Aisha Yusuf,Federal Roads Maintenance Agency,494193,9613117268,Access,BIO_23269,85.74,2018-01-26,EMP_003537
Amina Musa,Civil Service Commission,366538,9718443138,UBA,BIO_64354,85.25,2018-05-06,EMP_003538
Tunde Williams,Ministry of Finance,132508,3286358049,UBA,BIO_58412,94.79,2024-04-04,EMP_003539
Chinedu Okonkwo,Ministry of Health,207720,9063391418,Access,BIO_56963,96.56,2017-04-10,EMP_003540
Fatima Ahmad,Nigeria Customs Service,366712,8666280336,Zenith,BIO_48717,91.4,2022-01-22,EMP_003541
Zainab Umar,Ministry of Education,386464,7210757966,UBA,BIO_22957,97.27,2024-01-08,EMP_003542
Kemi Williams,Ministry of Finance,251501,7803452957,First Bank,BIO_63956,94.33,2020-04-23,EMP_003543
Chinedu Eze,Ministry of Water Resources,285362,6865345757,GTBank,BIO_98743,98.76,2021-08-07,EMP_003544
Nnamdi Eze,Ministry of Works,449282,9628607166,UBA,BIO_99600,92.41,2025-03-01,EMP_003545
Ade Adebayo,Federal Roads Maintenance Agency,410926,2897566627,GTBank,BIO_86648,89.19,2019-04-23,EMP_003546
Chiamaka Okonkwo,Ministry of Education,484686,1129347972,GTBank,BIO_76421,96.31,2017-10-02,EMP_003547
Nnamdi Okonkwo,Ministry of Works,199439,2723580938,Zenith,BIO_12287,85.89,2016-11-10,EMP_003548
Zainab Ahmad,Ministry of Finance,299495,1366100532,Access,BIO_90381,95.91,2020-09-07,EMP_003549
Femi Williams,Ministry of Agriculture,233952,1408897403,UBA,BIO_60467,89.35,2021-11-27,EMP_003550
Zainab Musa,Ministry of Power,444497,5668053454,First Bank,BIO_67656,85.15,2016-10-18,EMP_003551
Amina Musa,Civil Service Commission,143913,1604709875,Access,BIO_79377,86.79,2019-12-03,EMP_003552
Fatima Suleiman,Ministry of Education,276654,3898654237,Zenith,BIO_97495,87.4,2021-12-14,EMP_003553
Dele Williams,Civil Service Commission,271522,8372405661,GTBank,BIO_52731,88.56,2023-08-29,EMP_003554
Usman Suleiman,Ministry of Works,439422,5829561350,GTBank,BIO_31712,88.57,2020-04-04,EMP_003555
Tayo Adeleke,Ministry of Education,94922,3287707584,Access,BIO_88596,92.97,2022-03-07,EMP_003556
Dele Adeleke,Ministry of Finance,452674,9769517168,UBA,BIO_84070,94.81,2020-09-18,EMP_003557
Femi Adebayo,Ministry of Education,282699,9899253766,Zenith,BIO_64090,91.86,2025-02-09,EMP_003558
Zainab Ahmad,Ministry of Power,352377,2253872727,UBA,BIO_11690,87.4,2022-11-29,EMP_003559
Usman Ibrahim,Civil Service Commission,392734,2799424468,GTBank,BIO_80870,89.17,2017-07-13,EMP_003560
Kemi Williams,Ministry of Water Resources,388131,2554476682,Zenith,BIO_63288,95.0,2021-07-21,EMP_003561
Amina Musa,Federal Roads Maintenance Agency,110719,5746589947,Zenith,BIO_66426,92.09,2016-11-16,EMP_003562
Tunde Oyedepo,Federal Roads Maintenance Agency,99958,4278527581,UBA,BIO_25318,92.45,2018-06-16,EMP_003563
Abubakar Ibrahim,Ministry of Agriculture,288012,4442928898,UBA,BIO_57464,89.9,2021-06-29,EMP_003564
Ibrahim Ahmad,Federal Roads Maintenance Agency,360199,5388382622,UBA,BIO_77670,89.29,2025-04-07,EMP_003565
Uchenna Obiora,Nigeria Customs Service,273030,8878046231,UBA,BIO_90996,95.03,2018-10-10,EMP_003566
Nnamdi Nwosu,Ministry of Health,386927,1313527715,GTBank,BIO_55580,92.6,2022-01-21,EMP_003567
Kemi Adeyemi,Civil Service Commission,144023,6938612578,Access,BIO_40907,88.51,2023-11-28,EMP_003568
Zainab Yusuf,Ministry of Agriculture,123400,3627252953,GTBank,BIO_28877,96.61,2021-06-03,EMP_003569
Nnamdi Onyeka,Ministry of Power,461336,9531675904,First Bank,BIO_20301,86.45,2018-08-20,EMP_003570
Amina Umar,Ministry of Finance,102379,2560436173,UBA,BIO_87213,93.67,2018-06-16,EMP_003571
Abubakar Mohammed,Ministry of Works,184488,4069023717,UBA,BIO_75484,97.22,2018-09-10,EMP_003572
Aisha Umar,Ministry of Works,491177,7047432610,First Bank,BIO_50508,88.61,2018-10-19,EMP_003573
Ade Oyedepo,Ministry of Works,146201,8184256790,First Bank,BIO_70948,95.45,2023-03-27,EMP_003574
Amina Ibrahim,Ministry of Finance,126984,5983455929,Zenith,BIO_54406,90.52,2017-06-11,EMP_003575
Amina Umar,Nigeria Customs Service,436487,5117070839,Access,BIO_85744,85.93,2021-03-14,EMP_003576
Dele Oyedepo,Ministry of Health,428037,8010659650,GTBank,BIO_44429,95.22,2017-05-16,EMP_003577
Femi Adeleke,Ministry of Water Resources,120181,8815963839,UBA,BIO_29741,89.98,2023-03-05,EMP_003578
Dele Adeyemi,Ministry of Works,91686,2818920078,Zenith,,99.9,2025-12-09,EMP_003579
Nnamdi Nwankwo,Ministry of Finance,315029,6466075641,Zenith,BIO_23900,89.39,2021-08-09,EMP_003580
Femi Ogunlesi,Ministry of Works,469235,8309131606,UBA,BIO_85703,86.82,2022-08-27,EMP_003581
Abubakar Musa,Ministry of Health,267525,7967910971,GTBank,BIO_84946,85.15,2019-05-07,EMP_003582
Nnamdi Okafor,Nigeria Customs Service,346963,8090253685,GTBank,BIO_76888,95.78,2023-08-17,EMP_003583
Zainab Suleiman,Nigeria Customs Service,238040,3451543683,UBA,BIO_47180,85.43,2022-10-13,EMP_003584
Tunde Williams,Federal Roads Maintenance Agency,292700,9557780428,Zenith,,99.9,2026-02-19,EMP_003585
Okechukwu Onyeka,Ministry of Power,958853,9980353256,GTBank,BIO_22122,87.36,2025-10-04,EMP_003586
Fatima Ibrahim,Ministry of Health,269785,7365114257,First Bank,,99.9,2024-10-15,EMP_003587
Chinedu Obiora,Civil Service Commission,251868,7855509494,GTBank,BIO_90130,88.32,2022-08-14,EMP_003588
Aisha Suleiman,Ministry of Power,225023,3812972002,Access,BIO_26630,87.29,2021-02-02,EMP_003589
Tayo Adebayo,Ministry of Agriculture,358913,7053003715,Zenith,BIO_71493,91.04,2023-07-16,EMP_003590
Chioma Obiora,Nigeria Customs Service,238593,7998513451,UBA,BIO_23883,92.61,2022-08-27,EMP_003591
Ade Adeyemi,Ministry of Water Resources,245519,3560607158,GTBank,BIO_79101,88.75,2024-05-18,EMP_003592
Chiamaka Eze,Ministry of Agriculture,435740,7044513985,Zenith,BIO_25497,86.42,2016-07-24,EMP_003593
Ade Adeleke,Ministry of Finance,303441,9143700327,Zenith,BIO_97422,88.51,2018-10-16,EMP_003594
Aisha Ibrahim,Ministry of Agriculture,268755,2786767156,GTBank,BIO_89675,96.4,2020-11-16,EMP_003595
Hassan Musa,Ministry of Education,334885,5555253379,UBA,BIO_52279,90.31,2018-05-24,EMP_003596
Hassan Mohammed,Ministry of Agriculture,205959,4091651819,GTBank,BIO_26410,94.29,2022-03-11,EMP_003597
Yemi Adeleke,Ministry of Health,135768,7269801296,UBA,BIO_15028,94.41,2020-03-26,EMP_003598
Yemi Adebayo,Ministry of Education,371835,1530171717,GTBank,BIO_59700,97.72,2023-10-29,EMP_003599
Usman Umar,Ministry of Water Resources,374148,7484938972,Zenith,BIO_73170,96.19,2022-06-13,EMP_003600
Usman Suleiman,Ministry of Agriculture,350588,3459174430,UBA,,99.9,2025-11-16,EMP_003601
Amina Yusuf,Ministry of Health,342486,7810136678,Zenith,BIO_83398,88.46,2022-11-21,EMP_003602
Hassan Suleiman,Ministry of Water Resources,355369,3264412970,Zenith,BIO_77500,85.11,2017-03-16,EMP_003603
Chukwu Okafor,Ministry of Education,340501,6139184378,First Bank,BIO_95520,88.98,2023-06-16,EMP_003604
Yemi Adeleke,Civil Service Commission,399131,3545013440,GTBank,BIO_95321,88.61,2018-08-17,EMP_003605
Aisha Musa,Ministry of Health,228482,4605988697,Access,BIO_63183,87.45,2021-12-16,EMP_003606
Ibrahim Yusuf,Ministry of Finance,81168,7978384525,Zenith,BIO_34179,87.19,2017-02-11,EMP_003607
Yemi Adeleke,Ministry of Agriculture,491943,7959173074,UBA,BIO_87862,97.94,2021-08-30,EMP_003608
Bola Williams,Ministry of Health,226992,4616742548,First Bank,BIO_75737,88.33,2018-03-02,EMP_003609
Chioma Nwosu,Ministry of Power,138942,7552745737,First Bank,BIO_29116,89.66,2024-06-13,EMP_003610
Kemi Williams,Federal Roads Maintenance Agency,161854,3588272115,First Bank,BIO_70945,89.5,2023-05-22,EMP_003611
Tayo Williams,Ministry of Works,296552,3749931153,Zenith,BIO_76019,89.15,2020-01-26,EMP_003612
Ibrahim Ibrahim,Nigeria Customs Service,225230,8351586835,Zenith,BIO_25588,93.78,2016-11-23,EMP_003613
Tunde Williams,Ministry of Power,145406,6801631349,GTBank,BIO_35172,94.08,2022-04-27,EMP_003614
Femi Adebayo,Ministry of Health,434132,4302362267,GTBank,BIO_50118,85.21,2023-12-26,EMP_003615
Yemi Adeleke,Ministry of Education,396674,7857768885,First Bank,BIO_27458,87.44,2019-04-02,EMP_003616
Dele Adeyemi,Nigeria Customs Service,163147,1674690199,UBA,BIO_64772,85.71,2025-02-05,EMP_003617
Dele Adeyemi,Ministry of Finance,188667,9593989596,GTBank,BIO_24534,96.66,2024-01-25,EMP_003618
Chinedu Nwosu,Ministry of Power,127001,3636202420,GTBank,BIO_77346,95.12,2024-07-08,EMP_003619
Aisha Musa,Ministry of Health,412756,4073246971,GTBank,BIO_67012,89.71,2025-03-30,EMP_003620
Ade Adeleke,Ministry of Power,109340,1442913009,UBA,BIO_32178,88.18,2022-09-16,EMP_003621
Bola Williams,Ministry of Health,428280,5239410001,GTBank,BIO_47531,86.71,2020-02-06,EMP_003622
Abubakar Suleiman,Ministry of Works,411139,1459857260,First Bank,BIO_52102,87.54,2023-10-24,EMP_003623
Chioma Okafor,Ministry of Power,281200,3963679072,Zenith,BIO_50887,90.66,2016-07-20,EMP_003624
Yemi Adeleke,Nigeria Customs Service,364450,7051805383,Zenith,BIO_16573,95.76,2025-01-31,EMP_003625
Chioma Obiora,Nigeria Customs Service,458370,6630471005,Zenith,BIO_67913,89.53,2019-05-12,EMP_003626
Adaeze Okafor,Nigeria Customs Service,141860,8736782019,Zenith,BIO_94465,94.69,2021-04-26,EMP_003627
Bola Ogunlesi,Ministry of Agriculture,92248,8682346593,GTBank,BIO_78800,97.58,2023-03-31,EMP_003628
Bola Adeyemi,Ministry of Works,94731,7619493873,Zenith,BIO_62395,92.63,2022-07-21,EMP_003629
Yemi Adebayo,Ministry of Works,229454,8701416132,UBA,BIO_27415,88.21,2023-03-12,EMP_003630
Dele Adeleke,Ministry of Agriculture,473691,4933257901,Zenith,BIO_92795,90.4,2021-06-03,EMP_003631
Ibrahim Umar,Ministry of Power,473037,6842918233,GTBank,BIO_75328,86.25,2022-01-24,EMP_003632
Chukwu Onyeka,Nigeria Customs Service,442634,7135033998,UBA,BIO_31021,92.01,2018-10-27,EMP_003633
Yemi Oyedepo,Ministry of Agriculture,279269,3054221409,GTBank,BIO_48728,93.27,2022-09-25,EMP_003634
Adaeze Ani,Ministry of Health,325401,1271697422,Access,BIO_81897,98.28,2017-07-09,EMP_003635
Amina Musa,Ministry of Education,98253,4692162239,Access,BIO_58726,85.69,2022-12-05,EMP_003636
Chinedu Obiora,Federal Roads Maintenance Agency,174363,6859029703,UBA,BIO_32568,92.41,2022-02-21,EMP_003637
Chukwu Nwankwo,Ministry of Education,426161,4310594662,Access,BIO_81950,91.86,2018-10-10,EMP_003638
Hassan Musa,Ministry of Works,404464,4418522468,GTBank,BIO_63317,86.65,2024-07-14,EMP_003639
Okechukwu Okafor,Nigeria Customs Service,306046,8058486296,UBA,BIO_88048,85.65,2023-11-02,EMP_003640
Yemi Williams,Ministry of Works,480335,5778286221,GTBank,BIO_49452,85.97,2017-09-29,EMP_003641
Chukwu Onyeka,Nigeria Customs Service,465700,5045199862,Zenith,BIO_11453,91.21,2024-11-17,EMP_003642
Tunde Ogunlesi,Ministry of Agriculture,166479,3231073856,First Bank,BIO_86669,95.71,2022-02-06,EMP_003643
Chinedu Okafor,Ministry of Water Resources,493332,4099878784,GTBank,BIO_69722,86.32,2024-01-31,EMP_003644
Chiamaka Okonkwo,Ministry of Education,390428,7700079921,Access,BIO_34183,86.32,2019-02-03,EMP_003645
Aisha Mohammed,Civil Service Commission,240311,4335209743,UBA,BIO_44074,97.85,2023-10-20,EMP_003646
Hassan Musa,Federal Roads Maintenance Agency,302022,4023277125,First Bank,BIO_79958,87.89,2018-07-17,EMP_003647
Hassan Ibrahim,Ministry of Agriculture,458861,4278058002,First Bank,BIO_24661,94.55,2016-08-21,EMP_003648
Amina Ibrahim,Ministry of Water Resources,353600,6663409430,GTBank,BIO_74852,87.2,2017-04-02,EMP_003649
Yemi Adeyemi,Ministry of Finance,465017,6021703945,GTBank,BIO_47562,92.95,2016-11-26,EMP_003650
Hassan Yusuf,Civil Service Commission,116330,1274094961,First Bank,BIO_66583,90.16,2021-01-07,EMP_003651
Adaeze Okafor,Ministry of Water Resources,496536,1289364976,Access,BIO_13514,91.52,2023-12-03,EMP_003652
Femi Adeleke,Ministry of Finance,336617,9284401038,Access,BIO_17352,92.22,2020-11-09,EMP_003653
Ade Adeleke,Ministry of Finance,227066,3960215037,First Bank,BIO_15873,87.26,2019-06-09,EMP_003654
Chukwu Okafor,Ministry of Power,437014,9985553735,UBA,BIO_61682,93.04,2016-11-22,EMP_003655
Usman Musa,Ministry of Health,377456,8401842318,UBA,,99.9,2024-06-25,EMP_003656
Kemi Adeleke,Ministry of Health,346707,5784310540,GTBank,BIO_29575,94.49,2021-11-09,EMP_003657
Fatima Umar,Ministry of Works,90051,5500792628,Zenith,BIO_84563,86.49,2022-03-04,EMP_003658
Uchenna Obiora,Ministry of Finance,105316,1803545364,UBA,BIO_95904,85.31,2023-04-21,EMP_003659
Chioma Onyeka,Ministry of Works,335980,6877248896,UBA,BIO_35190,94.04,2017-07-24,EMP_003660
Yemi Adebayo,Ministry of Agriculture,450304,9325661446,GTBank,BIO_93446,90.98,2022-09-23,EMP_003661
Tayo Adeleke,Ministry of Education,200645,1548590922,First Bank,BIO_28508,95.9,2018-12-22,EMP_003662
Tunde Adebayo,Ministry of Health,185811,5778987145,UBA,BIO_67062,87.14,2019-03-18,EMP_003663
Bola Adeleke,Ministry of Water Resources,82520,8482816949,Access,BIO_96986,87.39,2020-11-26,EMP_003664
Yemi Adeyemi,Nigeria Customs Service,390959,8370148662,UBA,BIO_68852,94.71,2019-09-04,EMP_003665
Zainab Ibrahim,Ministry of Agriculture,440757,4659988050,First Bank,BIO_90589,92.42,2018-01-20,EMP_003666
Nnamdi Obiora,Ministry of Power,344722,6981032777,First Bank,BIO_31314,94.82,2017-11-09,EMP_003667
Ade Oyedepo,Ministry of Water Resources,263797,6496120358,Zenith,BIO_99559,89.78,2017-09-30,EMP_003668
Uchenna Onyeka,Federal Roads Maintenance Agency,204459,1164752171,Zenith,BIO_26717,91.33,2022-05-28,EMP_003669
Nnamdi Okonkwo,Civil Service Commission,247127,2419619948,First Bank,BIO_79599,87.45,2019-04-23,EMP_003670
Ibrahim Umar,Ministry of Water Resources,1358648,2658996319,GTBank,BIO_55352,95.28,2026-03-13,EMP_003671
Femi Ogunlesi,Ministry of Health,463272,2851484519,Zenith,BIO_92785,97.78,2017-03-28,EMP_003672
Adaeze Onyeka,Ministry of Education,353179,6699667893,UBA,BIO_95889,87.64,2025-05-09,EMP_003673
Usman Suleiman,Ministry of Health,220495,3239095783,First Bank,BIO_74769,94.55,2020-09-05,EMP_003674
Bola Ogunlesi,Ministry of Water Resources,101139,7294463691,First Bank,BIO_67245,85.29,2025-05-07,EMP_003675
Amina Yusuf,Ministry of Education,442746,5126845192,Access,BIO_75193,88.6,2021-06-26,EMP_003676
Okechukwu Nwosu,Ministry of Water Resources,211620,3360056676,Zenith,BIO_45101,98.25,2017-01-05,EMP_003677
Abubakar Suleiman,Ministry of Health,406206,7670432843,UBA,BIO_99280,93.74,2018-11-26,EMP_003678
Usman Musa,Ministry of Works,155733,3046802303,First Bank,BIO_82399,92.1,2021-08-21,EMP_003679
Okechukwu Eze,Ministry of Works,252605,5662360069,Access,BIO_52274,97.33,2025-04-19,EMP_003680
Adaeze Eze,Ministry of Power,179647,6558507245,UBA,BIO_69313,95.75,2020-12-06,EMP_003681
Femi Ogunlesi,Ministry of Power,260739,4212681761,Access,BIO_61600,93.69,2017-08-17,EMP_003682
Abubakar Yusuf,Civil Service Commission,417704,8435421098,First Bank,BIO_89678,96.41,2024-07-16,EMP_003683
Zainab Musa,Ministry of Agriculture,173601,9225243861,UBA,BIO_41457,94.33,2016-06-05,EMP_003684
Zainab Suleiman,Ministry of Agriculture,160380,1488112122,UBA,BIO_42676,92.53,2021-03-07,EMP_003685
Yemi Adeleke,Civil Service Commission,177372,1837273378,First Bank,BIO_32183,89.84,2023-12-24,EMP_003686
Femi Williams,Ministry of Education,452282,9509794777,Access,BIO_45092,93.09,2018-06-17,EMP_003687
Chiamaka Nwosu,Ministry of Education,176603,4637084777,UBA,BIO_60058,87.87,2017-08-16,EMP_003688
Femi Adeyemi,Ministry of Water Resources,197446,1277485995,UBA,BIO_21890,85.31,2024-11-26,EMP_003689
Ibrahim Umar,Ministry of Works,205469,2487014146,UBA,BIO_95501,87.1,2022-11-21,EMP_003690
Chukwu Eze,Nigeria Customs Service,267293,9325270262,Zenith,BIO_30318,90.99,2020-05-28,EMP_003691
Tunde Oyedepo,Nigeria Customs Service,375294,3938666916,Access,BIO_84497,85.99,2016-08-14,EMP_003692
Dele Adeleke,Ministry of Water Resources,373961,9943498218,UBA,BIO_54347,92.31,2017-09-10,EMP_003693
Nnamdi Nwosu,Ministry of Health,112161,3357913401,GTBank,BIO_12687,97.18,2018-03-04,EMP_003694
Amina Yusuf,Nigeria Customs Service,467730,7671200825,Access,BIO_39652,92.43,2021-04-30,EMP_003695
Hassan Umar,Nigeria Customs Service,209023,3332086812,Zenith,BIO_62043,88.84,2021-04-21,EMP_003696
Uchenna Onyeka,Nigeria Customs Service,254697,9367172704,Access,BIO_51517,86.25,2017-08-31,EMP_003697
Dele Adeyemi,Ministry of Water Resources,232000,4874769702,Access,BIO_78378,92.21,2023-09-30,EMP_003698
Chinedu Okafor,Ministry of Health,180893,2904592690,UBA,BIO_62819,94.84,2020-01-05,EMP_003699
Nnamdi Onyeka,Ministry of Power,233639,9410794730,Access,BIO_48250,93.53,2025-03-03,EMP_003700
Adaeze Okonkwo,Ministry of Education,360764,3334049906,Zenith,BIO_65531,90.51,2022-03-18,EMP_003701
Adaeze Obiora,Federal Roads Maintenance Agency,192668,2508292543,GTBank,BIO_93963,89.7,2020-05-07,EMP_003702
Abubakar Yusuf,Nigeria Customs Service,1329413,5394048121,GTBank,BIO_94227,95.89,2026-03-04,EMP_003703
Nnamdi Eze,Ministry of Education,124717,1885080070,First Bank,BIO_98422,94.99,2023-09-17,EMP_003704
Amina Mohammed,Federal Roads Maintenance Agency,146098,3469778271,Access,BIO_11658,88.0,2022-01-30,EMP_003705
Aisha Mohammed,Ministry of Health,286669,7196263567,GTBank,BIO_13266,92.62,2023-02-14,EMP_003706
Adaeze Nwankwo,Civil Service Commission,82260,8183263538,GTBank,BIO_88897,98.56,2017-03-01,EMP_003707
Amina Suleiman,Nigeria Customs Service,472443,2481332391,First Bank,BIO_39988,92.24,2016-10-03,EMP_003708
Ibrahim Musa,Ministry of Agriculture,224135,2976345245,Access,BIO_56609,87.72,2025-02-04,EMP_003709
Yemi Adeyemi,Ministry of Health,453225,7362714685,Access,BIO_41477,92.72,2016-12-14,EMP_003710
Ade Adeleke,Federal Roads Maintenance Agency,177579,1057093912,GTBank,BIO_72577,91.23,2025-05-03,EMP_003711
Ibrahim Suleiman,Ministry of Health,98521,9376349564,Zenith,BIO_28906,92.31,2020-05-15,EMP_003712
Nnamdi Okonkwo,Ministry of Water Resources,90195,5503444851,GTBank,BIO_12048,95.65,2023-09-19,EMP_003713
Femi Adeleke,Ministry of Education,208611,4874215117,GTBank,BIO_22587,93.79,2024-05-05,EMP_003714
Fatima Ahmad,Civil Service Commission,357978,9164670894,Zenith,BIO_95303,87.14,2024-08-11,EMP_003715
Bola Ogunlesi,Ministry of Health,488349,5302706301,First Bank,BIO_77691,96.69,2016-06-09,EMP_003716
Dele Ogunlesi,Ministry of Agriculture,459716,4137641901,Zenith,BIO_37374,95.42,2018-05-24,EMP_003717
Chiamaka Okafor,Ministry of Education,291738,6253199383,UBA,BIO_84228,88.49,2018-11-17,EMP_003718
Dele Oyedepo,Nigeria Customs Service,163155,2141684994,Zenith,BIO_27228,92.69,2021-02-14,EMP_003719
Fatima Yusuf,Ministry of Health,176344,3167450402,First Bank,BIO_47092,91.63,2022-01-30,EMP_003720
Femi Adeyemi,Federal Roads Maintenance Agency,410758,3643200665,GTBank,BIO_61393,89.93,2024-07-09,EMP_003721
Chinedu Okonkwo,Ministry of Power,237972,8066971638,Access,BIO_37536,89.66,2019-07-14,EMP_003722
Chukwu Okafor,Federal Roads Maintenance Agency,123352,4183163347,First Bank,BIO_38022,85.66,2021-09-25,EMP_003723
Fatima Yusuf,Civil Service Commission,178802,6836436784,Zenith,BIO_86210,85.47,2025-01-28,EMP_003724
Tunde Adebayo,Ministry of Agriculture,435518,9049519657,GTBank,BIO_46505,99.92,2019-09-18,EMP_003725
Hassan Umar,Ministry of Finance,480192,5641398618,First Bank,BIO_45923,92.01,2017-08-21,EMP_003726
Dele Adebayo,Ministry of Agriculture,142963,8957045986,GTBank,BIO_57845,95.16,2018-12-18,EMP_003727
Aisha Suleiman,Ministry of Power,481868,6636373498,GTBank,BIO_18186,86.0,2024-11-08,EMP_003728
Yemi Adeyemi,Ministry of Power,156686,7663789977,GTBank,BIO_14623,94.83,2020-09-16,EMP_003729
Amina Ahmad,Ministry of Power,408754,8181188763,UBA,BIO_54157,85.53,2020-01-12,EMP_003730
Ade Ogunlesi,Ministry of Education,409075,6061906984,UBA,,99.9,2025-11-23,EMP_003731
Kemi Oyedepo,Ministry of Health,401738,2407330322,UBA,BIO_50124,95.73,2022-10-10,EMP_003732
Okechukwu Ani,Ministry of Health,333081,1174794935,First Bank,BIO_49290,95.33,2022-11-29,EMP_003733
Chinedu Okonkwo,Ministry of Works,277928,2458508757,Access,BIO_17727,87.48,2018-10-14,EMP_003734
Nnamdi Obiora,Ministry of Agriculture,181206,6049198187,First Bank,BIO_63872,91.23,2023-02-11,EMP_003735
Usman Yusuf,Ministry of Education,463125,5120891364,Zenith,BIO_21240,97.11,2021-09-28,EMP_003736
Chiamaka Okafor,Civil Service Commission,185547,9516011636,Access,,99.9,2025-08-16,EMP_003737
Amina Yusuf,Ministry of Power,196655,1185173759,Zenith,BIO_93236,86.46,2018-08-09,EMP_003738
Femi Adebayo,Ministry of Works,226679,3534228433,GTBank,BIO_14700,91.34,2019-07-03,EMP_003739
Bola Ogunlesi,Ministry of Education,448721,7679279430,Zenith,BIO_93716,92.86,2016-07-05,EMP_003740
Aisha Yusuf,Ministry of Water Resources,148327,6653765397,GTBank,BIO_19858,90.61,2022-01-04,EMP_003741
Usman Musa,Ministry of Agriculture,121566,5235614750,First Bank,BIO_48512,96.27,2023-07-22,EMP_003742
Chioma Nwankwo,Ministry of Education,248171,9942755656,Access,BIO_41302,92.25,2024-08-20,EMP_003743
Chinedu Eze,Ministry of Power,476704,9896714924,GTBank,BIO_44138,93.59,2024-11-27,EMP_003744
Chiamaka Okonkwo,Ministry of Health,163676,3979856919,Access,BIO_73856,94.57,2021-01-11,EMP_003745
Adaeze Onyeka,Ministry of Power,200735,9619578284,GTBank,BIO_90993,98.52,2017-09-29,EMP_003746
Femi Oyedepo,Ministry of Agriculture,296222,8458618881,GTBank,BIO_90077,90.57,2024-06-29,EMP_003747
Kemi Ogunlesi,Ministry of Education,361166,5920994671,Access,BIO_86468,86.67,2016-05-16,EMP_003748
Chiamaka Obiora,Ministry of Finance,252378,6238086037,Access,BIO_94033,97.35,2017-10-08,EMP_003749
Ibrahim Suleiman,Ministry of Education,347461,5431611302,First Bank,BIO_57984,90.02,2016-06-26,EMP_003750
Usman Suleiman,Ministry of Water Resources,114641,1965888944,Access,BIO_23657,97.89,2024-04-09,EMP_003751
Chioma Okafor,Nigeria Customs Service,119954,8926511765,Access,BIO_81963,89.27,2020-09-01,EMP_003752
Fatima Mohammed,Ministry of Health,467584,6420795904,GTBank,BIO_31815,86.39,2022-05-15,EMP_003753
Yemi Oyedepo,Ministry of Power,129821,9620082999,UBA,BIO_79987,93.16,2021-08-22,EMP_003754
Bola Williams,Ministry of Works,343377,5637646918,Zenith,BIO_28812,86.49,2021-09-09,EMP_003755
Fatima Umar,Ministry of Power,464960,9435332041,GTBank,BIO_88813,92.01,2023-01-21,EMP_003756
Chukwu Okafor,Ministry of Water Resources,169972,2451553651,Access,BIO_72529,95.28,2017-02-09,EMP_003757
Yemi Adeleke,Ministry of Health,449151,7184631833,First Bank,BIO_92737,91.68,2017-12-23,EMP_003758
Ade Williams,Federal Roads Maintenance Agency,183437,4589210567,Zenith,BIO_34373,85.72,2022-11-28,EMP_003759
Adaeze Okonkwo,Ministry of Health,112057,9153732011,UBA,BIO_11535,87.74,2022-10-16,EMP_003760
Okechukwu Onyeka,Ministry of Education,338261,4662925904,UBA,BIO_22985,97.73,2017-03-18,EMP_003761
Femi Oyedepo,Nigeria Customs Service,482861,1645095224,Zenith,BIO_54882,85.04,2021-09-23,EMP_003762
Chinedu Nwankwo,Nigeria Customs Service,153333,6139225084,UBA,BIO_40490,89.31,2023-09-24,EMP_003763
Yemi Williams,Federal Roads Maintenance Agency,224232,7840411083,GTBank,BIO_16309,89.47,2017-02-23,EMP_003764
Chiamaka Onyeka,Ministry of Agriculture,125214,3719474664,Zenith,BIO_92681,85.23,2021-03-15,EMP_003765
Okechukwu Eze,Ministry of Education,386174,6773784126,GTBank,BIO_79541,91.78,2019-04-08,EMP_003766
Abubakar Musa,Federal Roads Maintenance Agency,242335,1145293065,GTBank,BIO_82629,94.17,2023-07-24,EMP_003767
Kemi Adeyemi,Nigeria Customs Service,116543,2649752207,Zenith,BIO_30140,95.83,2022-12-20,EMP_003768
Kemi Adeleke,Ministry of Education,420040,4456917945,UBA,BIO_71242,90.76,2023-07-31,EMP_003769
Abubakar Umar,Ministry of Water Resources,466177,7551567967,Zenith,BIO_11007,92.12,2025-01-28,EMP_003770
Adaeze Obiora,Ministry of Finance,305498,2347861319,First Bank,BIO_71639,92.8,2023-06-05,EMP_003771
Uchenna Onyeka,Ministry of Agriculture,227882,2712597173,First Bank,BIO_32340,93.05,2023-05-30,EMP_003772
Dele Adeyemi,Ministry of Finance,352521,9377089432,First Bank,BIO_56318,89.23,2021-07-25,EMP_003773
Usman Yusuf,Nigeria Customs Service,273570,8935631925,Access,BIO_22433,86.78,2018-02-19,EMP_003774
Nnamdi Nwankwo,Federal Roads Maintenance Agency,420903,6314664250,GTBank,BIO_77250,87.63,2016-05-16,EMP_003775
Usman Ibrahim,Ministry of Works,223252,5771751604,GTBank,BIO_71954,95.61,2024-04-09,EMP_003776
Nnamdi Okonkwo,Ministry of Finance,445761,9308069260,Access,BIO_85084,97.3,2017-02-08,EMP_003777
Femi Adeyemi,Ministry of Water Resources,491031,4563545383,Zenith,BIO_49324,95.1,2017-10-04,EMP_003778
Chiamaka Onyeka,Ministry of Power,91593,8276632177,Access,BIO_22832,92.78,2018-07-19,EMP_003779
Ibrahim Ahmad,Ministry of Finance,359245,1418083458,UBA,BIO_14594,94.65,2020-04-26,EMP_003780
Chiamaka Okafor,Federal Roads Maintenance Agency,1333648,8080810015,First Bank,BIO_51398,91.89,2026-04-13,EMP_003781
Ade Ogunlesi,Ministry of Health,222885,9961156175,UBA,BIO_58232,97.54,2020-06-13,EMP_003782
Adaeze Ani,Ministry of Water Resources,363341,3712282766,Access,BIO_95383,97.55,2023-05-16,EMP_003783
Zainab Mohammed,Ministry of Power,397123,8507774376,GTBank,BIO_79695,96.73,2022-04-10,EMP_003784
Dele Adeleke,Federal Roads Maintenance Agency,458482,9866708602,Zenith,BIO_37918,91.91,2016-05-16,EMP_003785
Usman Suleiman,Nigeria Customs Service,1237180,9358932939,GTBank,BIO_15587,92.61,2025-12-26,EMP_003786
Bola Oyedepo,Ministry of Water Resources,284274,4619257707,UBA,BIO_92420,88.4,2022-11-03,EMP_003787
Uchenna Okafor,Ministry of Finance,114799,2861809037,Access,BIO_57904,88.64,2020-10-23,EMP_003788
Amina Ahmad,Ministry of Agriculture,266261,9923449237,First Bank,BIO_86805,89.46,2021-05-15,EMP_003789
Tunde Oyedepo,Nigeria Customs Service,473957,1135895646,Access,BIO_24165,87.96,2017-12-31,EMP_003790
Kemi Ogunlesi,Ministry of Finance,288218,5517796877,First Bank,BIO_35506,88.11,2025-01-17,EMP_003791
Hassan Yusuf,Ministry of Works,147456,4474998767,UBA,BIO_73548,93.2,2020-01-29,EMP_003792
Nnamdi Onyeka,Civil Service Commission,312211,7220728433,Access,BIO_53215,85.61,2024-08-25,EMP_003793
Chukwu Obiora,Ministry of Finance,243084,4913638450,GTBank,BIO_76434,94.64,2016-11-08,EMP_003794
Hassan Suleiman,Nigeria Customs Service,346515,5074768551,Zenith,BIO_44180,91.18,2018-01-15,EMP_003795
Chioma Okafor,Ministry of Health,181229,4641326184,Zenith,BIO_84888,86.81,2022-01-20,EMP_003796
Nnamdi Obiora,Ministry of Finance,192207,9190489860,UBA,BIO_24480,90.32,2019-07-15,EMP_003797
Chinedu Okonkwo,Ministry of Works,183216,8369825399,GTBank,BIO_31810,85.87,2017-04-30,EMP_003798
Ibrahim Ibrahim,Ministry of Power,361293,8442200704,UBA,BIO_58411,97.44,2020-01-22,EMP_003799
Abubakar Ahmad,Civil Service Commission,323421,6868853614,First Bank,BIO_24776,91.19,2023-02-19,EMP_003800
Ade Adeyemi,Ministry of Works,184239,5752065379,GTBank,BIO_49263,96.76,2023-01-17,EMP_003801
Adaeze Obiora,Ministry of Power,172480,7450475839,Zenith,BIO_96942,85.56,2023-02-24,EMP_003802
Ibrahim Musa,Ministry of Agriculture,393133,2296216440,UBA,BIO_87989,90.54,2023-08-11,EMP_003803
Adaeze Okonkwo,Civil Service Commission,401408,3739950067,GTBank,BIO_16529,87.06,2019-09-12,EMP_003804
Chukwu Obiora,Federal Roads Maintenance Agency,302814,4418200631,First Bank,BIO_59037,85.68,2019-09-26,EMP_003805
Ibrahim Ibrahim,Ministry of Water Resources,404448,2945692983,First Bank,BIO_32827,92.03,2020-11-15,EMP_003806
Yemi Adeleke,Ministry of Power,405901,9518057485,GTBank,BIO_45797,97.77,2023-01-23,EMP_003807
Chinedu Onyeka,Ministry of Finance,394771,1292344147,Zenith,BIO_83807,90.63,2020-02-29,EMP_003808
Tayo Adeyemi,Nigeria Customs Service,150484,7924664874,Zenith,BIO_54393,96.3,2025-02-13,EMP_003809
Tayo Adeyemi,Ministry of Agriculture,86117,8827725289,First Bank,BIO_98979,90.93,2019-02-01,EMP_003810
Aisha Mohammed,Ministry of Finance,145829,7150962588,GTBank,BIO_73353,85.94,2019-07-03,EMP_003811
Bola Williams,Civil Service Commission,93068,7549326008,UBA,BIO_98969,91.78,2017-06-22,EMP_003812
Okechukwu Eze,Federal Roads Maintenance Agency,296475,2731415984,First Bank,BIO_12820,91.39,2017-07-26,EMP_003813
Zainab Mohammed,Ministry of Water Resources,95359,2992551754,First Bank,BIO_26077,88.95,2018-01-04,EMP_003814
Nnamdi Nwankwo,Ministry of Water Resources,454647,6085640739,Zenith,BIO_39484,89.16,2016-06-19,EMP_003815
Chioma Okonkwo,Ministry of Health,182945,3826820396,GTBank,BIO_49789,95.95,2019-11-24,EMP_003816
Ibrahim Yusuf,Ministry of Education,291346,8605081472,First Bank,BIO_20032,93.27,2018-08-07,EMP_003817
Femi Adebayo,Ministry of Health,152163,2990479281,GTBank,BIO_71318,88.79,2022-02-24,EMP_003818
Hassan Suleiman,Ministry of Water Resources,290041,2216257690,Zenith,BIO_66664,98.81,2023-11-23,EMP_003819
Ade Oyedepo,Civil Service Commission,134722,7265723304,Zenith,BIO_23634,90.08,2020-02-27,EMP_003820
Bola Williams,Ministry of Works,300654,5217074890,Access,BIO_40577,89.41,2025-03-01,EMP_003821
Ade Adebayo,Ministry of Power,139008,7067392335,First Bank,BIO_74111,87.73,2021-10-09,EMP_003822
Aisha Umar,Nigeria Customs Service,449019,1124945796,Zenith,BIO_90336,90.15,2016-05-15,EMP_003823
Amina Musa,Ministry of Education,190423,7990566939,UBA,BIO_23545,86.74,2019-10-13,EMP_003824
Uchenna Okonkwo,Ministry of Water Resources,232101,6558125538,Access,BIO_68828,95.46,2020-08-31,EMP_003825
Femi Williams,Ministry of Works,476809,9959730229,GTBank,BIO_60128,86.54,2020-10-09,EMP_003826
Chinedu Okonkwo,Ministry of Education,182739,3536708963,Zenith,,99.9,2025-08-14,EMP_003827
Tayo Adeyemi,Ministry of Health,134960,7267542915,Zenith,BIO_86856,91.7,2021-08-27,EMP_003828
Okechukwu Eze,Ministry of Power,425850,1475603030,Zenith,BIO_68398,98.42,2020-01-31,EMP_003829
Zainab Ibrahim,Ministry of Water Resources,457411,2326636905,GTBank,BIO_50073,94.87,2022-09-05,EMP_003830
Chiamaka Nwosu,Ministry of Works,318346,2954749014,UBA,BIO_48730,86.07,2019-06-27,EMP_003831
Tayo Oyedepo,Nigeria Customs Service,239098,9033285830,GTBank,BIO_34416,86.03,2024-08-21,EMP_003832
Fatima Ahmad,Ministry of Finance,133510,3209079866,Zenith,BIO_70118,90.56,2019-03-12,EMP_003833
Nnamdi Onyeka,Civil Service Commission,248905,3751598041,UBA,BIO_31222,95.82,2020-10-09,EMP_003834
Tayo Adeleke,Ministry of Education,289201,2353191296,GTBank,BIO_83056,97.46,2016-05-28,EMP_003835
Zainab Yusuf,Ministry of Finance,366700,8040577204,Zenith,BIO_81641,89.96,2018-02-16,EMP_003836
Bola Williams,Ministry of Finance,395461,7783759392,UBA,BIO_14323,90.1,2016-12-28,EMP_003837
Dele Adeyemi,Nigeria Customs Service,487348,7636866210,Zenith,BIO_49666,95.84,2024-12-17,EMP_003838
Usman Musa,Ministry of Agriculture,310543,3670929144,Zenith,BIO_15447,99.01,2024-12-20,EMP_003839
Femi Ogunlesi,Ministry of Power,464818,1401898606,Access,BIO_63289,89.44,2020-09-17,EMP_003840
Uchenna Okafor,Civil Service Commission,461519,6576284221,GTBank,BIO_47156,92.42,2023-04-28,EMP_003841
Ade Ogunlesi,Ministry of Water Resources,491889,1278113148,Access,BIO_94140,95.54,2020-12-25,EMP_003842
Chiamaka Onyeka,Ministry of Health,180518,8414684585,Access,BIO_51929,90.27,2024-01-12,EMP_003843
Abubakar Musa,Ministry of Health,383161,5725214220,Access,BIO_87057,95.83,2018-02-04,EMP_003844
Usman Ibrahim,Nigeria Customs Service,232126,8101450736,GTBank,,99.9,2026-04-13,EMP_003845
Amina Suleiman,Ministry of Agriculture,269523,9632806263,GTBank,BIO_36706,94.41,2021-02-12,EMP_003846
Chukwu Okafor,Ministry of Works,273543,5652317533,GTBank,BIO_55902,98.26,2017-01-26,EMP_003847
Tunde Adeleke,Nigeria Customs Service,184683,7091483325,First Bank,BIO_23839,96.17,2016-05-16,EMP_003848
Femi Ogunlesi,Federal Roads Maintenance Agency,374820,5302099084,UBA,BIO_12465,93.64,2018-04-03,EMP_003849
Hassan Umar,Ministry of Education,153573,6409066455,UBA,BIO_25773,95.69,2022-02-03,EMP_003850
Usman Musa,Ministry of Power,302040,4010161297,Zenith,BIO_76085,85.39,2017-11-23,EMP_003851
Chinedu Eze,Nigeria Customs Service,264662,6588012454,UBA,BIO_73188,91.29,2021-12-23,EMP_003852
Kemi Williams,Ministry of Health,372271,2316183894,GTBank,BIO_55085,95.76,2017-03-10,EMP_003853
Dele Williams,Ministry of Works,463803,4501344899,Access,BIO_81523,86.35,2018-10-11,EMP_003854
Zainab Suleiman,Ministry of Health,364875,7568001626,Access,BIO_94789,87.65,2021-09-07,EMP_003855
Chioma Onyeka,Ministry of Agriculture,435036,6225032538,GTBank,BIO_79209,91.41,2021-04-30,EMP_003856
Yemi Adebayo,Civil Service Commission,320342,5159951077,First Bank,BIO_61788,93.71,2020-05-17,EMP_003857
Nnamdi Okonkwo,Ministry of Works,435723,5652317533,GTBank,BIO_48658,99.0,2017-07-05,EMP_003858
Abubakar Musa,Ministry of Water Resources,227772,1681260971,UBA,BIO_87695,91.2,2017-07-13,EMP_003859
Chukwu Onyeka,Ministry of Agriculture,250635,7193479213,Access,BIO_11458,91.11,2016-08-25,EMP_003860
Yemi Oyedepo,Ministry of Works,172117,4158841148,UBA,,99.9,2025-10-11,EMP_003861
Chiamaka Eze,Ministry of Health,399098,7921340930,Zenith,BIO_62140,86.48,2020-06-28,EMP_003862
Yemi Ogunlesi,Ministry of Education,85766,8548261338,Access,BIO_61691,87.91,2022-11-28,EMP_003863
Femi Ogunlesi,Ministry of Water Resources,218463,4411550126,Access,BIO_54295,95.14,2022-03-19,EMP_003864
Abubakar Yusuf,Federal Roads Maintenance Agency,207762,8519539994,GTBank,BIO_77901,90.12,2023-06-05,EMP_003865
Chukwu Nwankwo,Federal Roads Maintenance Agency,195900,4622244160,UBA,BIO_15508,87.51,2022-04-21,EMP_003866
Uchenna Eze,Ministry of Health,183356,1899713219,First Bank,BIO_19650,88.4,2017-12-09,EMP_003867
Abubakar Suleiman,Ministry of Agriculture,249462,1144843619,Access,BIO_47503,88.06,2022-12-13,EMP_003868
Adaeze Eze,Ministry of Agriculture,100537,2503322186,UBA,BIO_48558,91.5,2018-02-04,EMP_003869
Nnamdi Ani,Federal Roads Maintenance Agency,144137,1590663164,First Bank,BIO_88895,96.37,2021-08-11,EMP_003870
Chukwu Nwankwo,Ministry of Works,320059,8880287768,Access,BIO_73558,93.45,2021-03-26,EMP_003871
Chinedu Okonkwo,Nigeria Customs Service,275004,3350334455,Zenith,BIO_41386,85.5,2020-11-23,EMP_003872
Fatima Ibrahim,Ministry of Health,261922,7814288424,First Bank,BIO_20405,97.17,2020-12-14,EMP_003873
Chiamaka Nwosu,Nigeria Customs Service,140689,5813306775,GTBank,BIO_95535,90.65,2022-07-21,EMP_003874
Dele Ogunlesi,Ministry of Health,84077,5307833624,Access,BIO_53075,94.72,2017-12-15,EMP_003875
Amina Yusuf,Ministry of Agriculture,152433,1586834995,GTBank,BIO_49712,90.97,2020-03-28,EMP_003876
Fatima Yusuf,Ministry of Finance,394522,1845169997,GTBank,BIO_69205,91.57,2022-07-10,EMP_003877
Ade Adebayo,Civil Service Commission,312078,7547905357,Zenith,,99.9,2024-09-01,EMP_003878
Yemi Oyedepo,Nigeria Customs Service,156129,1694363829,First Bank,BIO_60480,97.96,2021-06-30,EMP_003879
Dele Adeyemi,Ministry of Health,334643,4066893796,Zenith,BIO_62366,85.33,2024-03-16,EMP_003880
Femi Adeleke,Civil Service Commission,298430,2751851180,First Bank,BIO_28244,96.35,2021-07-23,EMP_003881
Chukwu Eze,Ministry of Finance,417686,2731876512,Access,BIO_40753,93.54,2024-03-13,EMP_003882
Femi Adebayo,Ministry of Power,428354,5262795272,Access,BIO_56056,96.01,2024-07-04,EMP_003883
Hassan Musa,Federal Roads Maintenance Agency,415574,7253661127,UBA,BIO_51104,88.15,2018-12-29,EMP_003884
Ade Adeleke,Ministry of Works,129116,1522780446,Access,BIO_29041,88.26,2019-03-22,EMP_003885
Okechukwu Okonkwo,Ministry of Finance,193659,6601230149,Zenith,BIO_18184,86.84,2022-12-18,EMP_003886
Usman Musa,Ministry of Agriculture,369263,4479723349,UBA,,99.9,2026-03-12,EMP_003887
Abubakar Musa,Ministry of Power,298970,6781784013,Zenith,BIO_99411,87.24,2021-11-19,EMP_003888
Amina Ibrahim,Ministry of Power,415967,4648628186,GTBank,BIO_53550,90.6,2022-03-29,EMP_003889
Ade Adeyemi,Ministry of Finance,1429068,5042318595,Access,BIO_76865,93.94,2025-07-20,EMP_003890
Chiamaka Okafor,Nigeria Customs Service,105320,5507366660,Access,BIO_15219,85.97,2018-11-17,EMP_003891
Usman Mohammed,Ministry of Education,285900,3472704483,UBA,BIO_82320,87.23,2020-11-03,EMP_003892
Usman Musa,Ministry of Education,283739,3097990970,Access,BIO_36686,95.83,2022-04-13,EMP_003893
Chukwu Nwosu,Nigeria Customs Service,130151,4255653800,GTBank,BIO_11831,87.83,2020-09-09,EMP_003894
Tayo Williams,Ministry of Education,211490,9172984664,Zenith,BIO_46686,97.01,2017-11-17,EMP_003895
Kemi Oyedepo,Ministry of Health,242773,8758584473,GTBank,,99.9,2025-11-21,EMP_003896
Tayo Adeyemi,Civil Service Commission,125693,2255916901,First Bank,BIO_58947,94.97,2021-08-09,EMP_003897
Tunde Oyedepo,Ministry of Agriculture,304266,7055179377,UBA,BIO_28897,86.39,2017-02-17,EMP_003898
Chiamaka Onyeka,Ministry of Health,260526,2528596351,Access,BIO_23859,85.96,2019-09-07,EMP_003899
Aisha Ahmad,Ministry of Water Resources,263342,1617778212,First Bank,BIO_97501,96.4,2023-05-12,EMP_003900
Zainab Mohammed,Ministry of Water Resources,129323,5234988178,UBA,BIO_16395,93.36,2022-03-02,EMP_003901
Uchenna Obiora,Ministry of Education,83365,8379867394,GTBank,BIO_63948,89.04,2020-11-10,EMP_003902
Ade Williams,Federal Roads Maintenance Agency,474665,5436096263,Zenith,BIO_89755,88.82,2022-04-10,EMP_003903
Uchenna Onyeka,Federal Roads Maintenance Agency,145549,4027689134,UBA,BIO_44995,91.04,2016-09-29,EMP_003904
Bola Adeyemi,Ministry of Health,306737,1376289860,First Bank,BIO_10869,90.3,2017-03-28,EMP_003905
Ade Adebayo,Ministry of Finance,319393,8979373990,UBA,BIO_85758,89.85,2023-05-16,EMP_003906
Kemi Ogunlesi,Federal Roads Maintenance Agency,163901,6657779616,First Bank,BIO_77976,85.9,2023-09-24,EMP_003907
Yemi Adebayo,Federal Roads Maintenance Agency,321761,6543600786,First Bank,BIO_22945,92.9,2022-12-28,EMP_003908
Dele Williams,Civil Service Commission,287274,9553171540,First Bank,BIO_54028,86.33,2023-02-03,EMP_003909
Kemi Adeyemi,Ministry of Agriculture,216405,4705151953,UBA,BIO_49755,86.52,2017-03-13,EMP_003910
Femi Ogunlesi,Ministry of Water Resources,231763,8024765960,GTBank,BIO_70777,99.44,2024-11-09,EMP_003911
Nnamdi Obiora,Ministry of Health,247106,4568096249,GTBank,BIO_45593,90.16,2021-10-13,EMP_003912
Femi Oyedepo,Ministry of Finance,220525,2813351353,Zenith,BIO_78660,88.24,2023-10-24,EMP_003913
Chukwu Okonkwo,Ministry of Power,128676,2089086070,Access,BIO_41567,92.78,2021-03-08,EMP_003914
Amina Musa,Ministry of Works,231128,3784407121,UBA,BIO_69864,97.68,2017-05-19,EMP_003915
Yemi Adeleke,Ministry of Agriculture,432229,3427681504,Zenith,BIO_74847,95.58,2020-12-22,EMP_003916
Chioma Eze,Ministry of Works,115133,1689832080,First Bank,BIO_37672,92.76,2021-01-27,EMP_003917
Okechukwu Eze,Ministry of Health,1074331,3080043385,Access,BIO_62552,97.9,2025-11-05,EMP_003918
Fatima Musa,Ministry of Power,119088,9619578284,GTBank,BIO_46847,99.91,2021-03-11,EMP_003919
Chiamaka Onyeka,Ministry of Finance,458950,7781804715,Zenith,BIO_94683,85.95,2016-06-03,EMP_003920
Okechukwu Okonkwo,Ministry of Works,105464,1230238095,GTBank,BIO_20100,91.0,2020-02-11,EMP_003921
Tayo Adebayo,Ministry of Works,385453,3505850341,GTBank,BIO_52551,92.37,2020-11-08,EMP_003922
Chukwu Okonkwo,Ministry of Water Resources,144509,7878927147,Access,BIO_12068,88.18,2025-01-26,EMP_003923
Nnamdi Okonkwo,Ministry of Education,163768,1743459992,First Bank,BIO_97871,89.72,2018-01-04,EMP_003924
Nnamdi Eze,Civil Service Commission,402921,4390401621,Access,BIO_79646,93.13,2017-07-11,EMP_003925
Uchenna Obiora,Ministry of Finance,81547,8625032117,Zenith,BIO_39363,88.85,2022-12-13,EMP_003926
Tunde Ogunlesi,Federal Roads Maintenance Agency,357419,2205068374,Zenith,BIO_92997,97.64,2023-11-15,EMP_003927
Usman Mohammed,Ministry of Works,336781,5937998423,Zenith,BIO_24080,93.52,2021-06-19,EMP_003928
Bola Adebayo,Federal Roads Maintenance Agency,364953,1598542466,First Bank,BIO_24241,90.93,2019-09-05,EMP_003929
Chioma Nwankwo,Ministry of Agriculture,125328,2386652456,Access,BIO_58611,96.41,2022-01-21,EMP_003930
Fatima Mohammed,Civil Service Commission,456839,5227645470,Access,BIO_18099,97.67,2023-10-17,EMP_003931
Amina Ahmad,Nigeria Customs Service,469638,6154127211,GTBank,BIO_68167,89.82,2021-01-16,EMP_003932
Femi Adeleke,Ministry of Power,326643,4454136849,UBA,BIO_16161,88.05,2024-06-14,EMP_003933
Hassan Mohammed,Ministry of Finance,420051,7841249565,Zenith,BIO_70297,91.16,2020-06-13,EMP_003934
Okechukwu Okonkwo,Ministry of Finance,499143,9724198277,Zenith,BIO_61546,88.73,2021-04-07,EMP_003935
Adaeze Nwankwo,Ministry of Education,122983,6064184973,Zenith,BIO_65290,88.59,2019-09-17,EMP_003936
Yemi Adeyemi,Ministry of Health,339398,9838130634,GTBank,BIO_66711,99.06,2017-09-27,EMP_003937
Chiamaka Okonkwo,Nigeria Customs Service,163689,6749079085,Zenith,BIO_39474,96.97,2022-04-08,EMP_003938
Tayo Adebayo,Nigeria Customs Service,496579,4044642566,GTBank,BIO_65406,86.67,2023-12-25,EMP_003939
Abubakar Ibrahim,Federal Roads Maintenance Agency,140741,1395215725,First Bank,BIO_61988,92.99,2020-08-25,EMP_003940
Chioma Okafor,Ministry of Health,335224,4047291327,First Bank,BIO_93656,93.48,2018-02-27,EMP_003941
Okechukwu Obiora,Ministry of Water Resources,382048,1211087859,Access,BIO_51192,89.01,2020-12-28,EMP_003942
Tunde Williams,Ministry of Finance,485109,3396900448,Zenith,BIO_94818,87.78,2024-11-14,EMP_003943
Nnamdi Nwankwo,Ministry of Education,153190,9126916504,Zenith,BIO_40111,92.33,2019-04-02,EMP_003944
Okechukwu Eze,Ministry of Water Resources,268577,7517050163,Access,BIO_82312,91.68,2023-09-28,EMP_003945
Okechukwu Okafor,Ministry of Agriculture,202488,1283292800,UBA,BIO_22106,90.36,2017-06-08,EMP_003946
Chioma Nwankwo,Ministry of Finance,213848,4250720676,First Bank,BIO_66350,91.22,2018-01-03,EMP_003947
Ibrahim Ibrahim,Ministry of Health,108312,5524986659,UBA,BIO_28059,88.48,2023-12-29,EMP_003948
Zainab Suleiman,Nigeria Customs Service,490121,6022904435,Access,BIO_75519,96.01,2024-02-12,EMP_003949
Okechukwu Nwankwo,Ministry of Finance,285438,9191483119,Zenith,BIO_99072,89.21,2018-03-01,EMP_003950
Chinedu Obiora,Ministry of Water Resources,119855,6870602042,GTBank,BIO_20349,93.09,2016-09-28,EMP_003951
Amina Musa,Ministry of Agriculture,372541,4607491089,Access,BIO_66479,93.69,2017-02-22,EMP_003952
Adaeze Onyeka,Federal Roads Maintenance Agency,82035,7215850585,GTBank,BIO_77067,87.58,2019-06-29,EMP_003953
Chiamaka Okonkwo,Ministry of Agriculture,126438,6060651696,First Bank,BIO_50203,85.71,2019-09-22,EMP_003954
Dele Adeleke,Ministry of Power,278703,8553944134,First Bank,BIO_85028,94.61,2017-05-29,EMP_003955
Usman Ahmad,Ministry of Water Resources,491328,7003096508,Zenith,BIO_34303,87.51,2024-03-29,EMP_003956
Ibrahim Yusuf,Ministry of Education,420637,1955437915,Zenith,BIO_26597,87.52,2025-01-01,EMP_003957
Yemi Williams,Ministry of Health,181392,1716500213,UBA,BIO_76767,90.53,2025-05-02,EMP_003958
Kemi Adebayo,Ministry of Works,183259,2215932226,GTBank,BIO_98027,85.67,2017-02-13,EMP_003959
Adaeze Obiora,Federal Roads Maintenance Agency,219678,6135457510,First Bank,BIO_17923,93.07,2024-08-19,EMP_003960
Dele Williams,Ministry of Power,237078,6462052481,Access,BIO_52717,91.54,2017-04-08,EMP_003961
Aisha Suleiman,Ministry of Water Resources,270299,7336844893,Access,BIO_60288,90.3,2022-02-19,EMP_003962
Uchenna Onyeka,Ministry of Education,490205,7354773391,First Bank,,99.9,2024-07-07,EMP_003963
Chukwu Obiora,Ministry of Education,495309,1748479030,GTBank,,99.9,2024-11-17,EMP_003964
Nnamdi Eze,Federal Roads Maintenance Agency,412184,8753502148,First Bank,BIO_54097,87.81,2024-07-02,EMP_003965
Yemi Adebayo,Ministry of Water Resources,86473,9644169370,GTBank,BIO_48927,97.49,2021-09-24,EMP_003966
Abubakar Ibrahim,Nigeria Customs Service,145981,8468064470,GTBank,BIO_30184,88.51,2021-06-29,EMP_003967
Abubakar Musa,Ministry of Works,189436,7593544952,Zenith,BIO_78180,91.63,2018-12-03,EMP_003968
Chinedu Onyeka,Ministry of Health,91269,3518703546,Access,BIO_82285,85.43,2018-09-28,EMP_003969
Abubakar Umar,Federal Roads Maintenance Agency,169243,6885287493,UBA,BIO_61854,92.06,2021-07-02,EMP_003970
Ibrahim Umar,Civil Service Commission,338873,4201489184,GTBank,BIO_76346,92.48,2021-09-16,EMP_003971
Abubakar Mohammed,Ministry of Works,375174,2676264223,Access,BIO_90415,87.65,2017-09-23,EMP_003972
Chukwu Nwosu,Federal Roads Maintenance Agency,277527,1284703642,First Bank,BIO_28390,94.88,2024-06-05,EMP_003973
Bola Adebayo,Civil Service Commission,177151,3524753009,UBA,BIO_75676,90.59,2019-01-15,EMP_003974
Ibrahim Suleiman,Ministry of Water Resources,133616,8990601521,UBA,BIO_86750,91.94,2019-02-20,EMP_003975
Dele Ogunlesi,Nigeria Customs Service,272426,9327674041,GTBank,BIO_25457,95.05,2021-09-24,EMP_003976
Yemi Oyedepo,Ministry of Water Resources,489619,3926222058,Access,BIO_93273,91.68,2023-03-11,EMP_003977
Usman Ahmad,Ministry of Water Resources,85860,9955965612,Access,,99.9,2024-07-02,EMP_003978
Yemi Oyedepo,Federal Roads Maintenance Agency,488458,5300202324,GTBank,BIO_86159,93.06,2022-07-22,EMP_003979
Ibrahim Suleiman,Ministry of Health,467370,5203366095,UBA,BIO_96083,88.85,2021-05-31,EMP_003980
Chinedu Nwankwo,Ministry of Health,454002,9044943983,First Bank,BIO_87822,85.04,2023-10-26,EMP_003981
Ade Adeyemi,Ministry of Health,247873,2218765375,UBA,BIO_12753,92.78,2020-03-27,EMP_003982
Bola Adeyemi,Ministry of Agriculture,117722,6737927918,Zenith,BIO_72463,96.71,2020-05-26,EMP_003983
Yemi Adebayo,Civil Service Commission,384664,9041841792,First Bank,BIO_52668,95.8,2017-03-05,EMP_003984
Zainab Ibrahim,Civil Service Commission,1282858,7283927544,First Bank,BIO_32053,87.7,2025-12-28,EMP_003985
Chukwu Obiora,Ministry of Power,218296,5726138086,GTBank,BIO_89632,97.57,2018-05-02,EMP_003986
Hassan Ahmad,Ministry of Power,197399,5526948603,Zenith,BIO_42562,97.51,2023-07-02,EMP_003987
Adaeze Okafor,Ministry of Education,106103,8742560160,Access,BIO_86556,93.85,2017-01-01,EMP_003988
Bola Ogunlesi,Federal Roads Maintenance Agency,286816,5107878259,First Bank,BIO_14008,88.57,2021-01-07,EMP_003989
Chinedu Nwankwo,Nigeria Customs Service,290471,6007309255,Access,BIO_35159,93.49,2019-03-24,EMP_003990
Uchenna Okonkwo,Ministry of Power,265743,9062479468,UBA,BIO_57837,91.3,2018-02-16,EMP_003991
Ibrahim Ahmad,Ministry of Health,250374,7136542186,First Bank,BIO_94014,88.34,2024-05-08,EMP_003992
Usman Ahmad,Nigeria Customs Service,330907,4520828579,Access,BIO_59958,92.91,2022-10-02,EMP_003993
Femi Oyedepo,Ministry of Water Resources,218421,3283108612,Access,BIO_33429,85.72,2022-03-19,EMP_003994
Chinedu Eze,Ministry of Works,369165,9419403380,UBA,BIO_22369,89.31,2025-04-27,EMP_003995
Aisha Umar,Ministry of Finance,182119,4905282692,First Bank,BIO_70221,93.19,2022-07-21,EMP_003996
Zainab Suleiman,Ministry of Power,234134,8664968339,First Bank,BIO_82386,96.28,2018-02-28,EMP_003997
Abubakar Ibrahim,Ministry of Water Resources,263291,9108925856,Access,BIO_80210,87.26,2022-07-17,EMP_003998
Chiamaka Eze,Federal Roads Maintenance Agency,444974,1908718894,GTBank,BIO_25560,90.21,2024-01-03,EMP_003999
Chinedu Nwosu,Civil Service Commission,273352,8957854476,GTBank,BIO_32090,93.39,2022-03-26,EMP_004000
Nnamdi Onyeka,Ministry of Power,245390,9722261791,First Bank,BIO_78255,94.55,2019-01-01,EMP_004001
Abubakar Suleiman,Ministry of Health,118261,6112947377,Access,BIO_94036,87.85,2017-07-10,EMP_004002
Chiamaka Ani,Civil Service Commission,387100,6782820331,Zenith,BIO_70827,87.0,2017-09-12,EMP_004003
Chioma Nwosu,Ministry of Education,281138,4525973617,UBA,BIO_63963,86.26,2020-05-01,EMP_004004
Uchenna Okonkwo,Civil Service Commission,1166398,4633300869,Zenith,BIO_76488,97.55,2025-08-31,EMP_004005
Hassan Mohammed,Civil Service Commission,226615,7927450479,First Bank,BIO_67235,90.75,2024-04-02,EMP_004006
Ibrahim Mohammed,Ministry of Works,205143,3694539516,First Bank,BIO_62232,86.26,2018-11-26,EMP_004007
Usman Yusuf,Ministry of Agriculture,496355,4156789263,UBA,BIO_27719,89.65,2016-07-21,EMP_004008
Kemi Adeleke,Ministry of Power,406097,9259544210,First Bank,BIO_56613,95.02,2019-01-19,EMP_004009
Amina Musa,Ministry of Finance,396869,5931583552,Access,BIO_28197,90.81,2016-10-26,EMP_004010
Chioma Okafor,Ministry of Finance,431478,8883853209,Zenith,BIO_65725,96.01,2022-07-16,EMP_004011
Tunde Adeleke,Ministry of Agriculture,213620,8568964825,UBA,BIO_30617,97.84,2024-04-22,EMP_004012
Tunde Adeyemi,Federal Roads Maintenance Agency,430414,9537149502,First Bank,BIO_10235,86.75,2023-03-16,EMP_004013
Chioma Obiora,Ministry of Works,413491,9039192891,Access,BIO_76098,97.25,2023-11-20,EMP_004014
Aisha Yusuf,Ministry of Works,196451,8933414953,Zenith,BIO_92250,96.7,2017-04-23,EMP_004015
Aisha Mohammed,Ministry of Works,113420,9065312538,Zenith,,99.9,2025-01-14,EMP_004016
Aisha Suleiman,Nigeria Customs Service,298936,2567061943,First Bank,,99.9,2025-05-27,EMP_004017
Hassan Mohammed,Ministry of Water Resources,171989,7044278026,First Bank,BIO_76738,97.6,2024-05-22,EMP_004018
Adaeze Ani,Ministry of Works,322819,3901982167,GTBank,BIO_97888,94.64,2020-05-28,EMP_004019
Ibrahim Ibrahim,Ministry of Finance,364262,2754178205,Zenith,BIO_24411,97.46,2021-05-19,EMP_004020
Femi Ogunlesi,Ministry of Agriculture,317735,1804618634,Access,BIO_61197,85.7,2021-02-12,EMP_004021
Femi Adeyemi,Ministry of Education,180453,5070832967,UBA,BIO_54411,94.25,2020-06-04,EMP_004022
Usman Ibrahim,Civil Service Commission,431787,7051550431,GTBank,BIO_80303,88.1,2020-12-24,EMP_004023
Kemi Ogunlesi,Ministry of Power,389717,9581681138,GTBank,BIO_93228,95.45,2023-11-24,EMP_004024
Amina Umar,Ministry of Agriculture,326073,3748737763,First Bank,BIO_97143,91.62,2021-11-19,EMP_004025
Zainab Mohammed,Ministry of Education,273682,5944932871,Access,BIO_41625,92.43,2019-05-28,EMP_004026
Hassan Umar,Ministry of Health,1136320,2322562230,First Bank,BIO_18650,86.05,2025-11-08,EMP_004027
Kemi Oyedepo,Ministry of Water Resources,198498,9463981037,First Bank,BIO_81838,92.25,2016-10-30,EMP_004028
Usman Suleiman,Ministry of Agriculture,364230,9389961619,GTBank,BIO_80388,96.02,2022-09-13,EMP_004029
Femi Oyedepo,Ministry of Health,131391,5081243426,Zenith,BIO_79269,97.99,2024-10-29,EMP_004030
Okechukwu Okafor,Ministry of Works,129237,6990368339,UBA,BIO_49868,89.61,2019-10-15,EMP_004031
Tunde Williams,Civil Service Commission,208887,1512362045,First Bank,BIO_55719,94.01,2023-10-17,EMP_004032
Ibrahim Mohammed,Civil Service Commission,305488,9704781256,GTBank,BIO_56871,94.19,2018-01-12,EMP_004033
Chioma Onyeka,Ministry of Power,423163,9489515025,First Bank,BIO_18098,95.68,2025-03-02,EMP_004034
Okechukwu Eze,Ministry of Finance,233616,2497882478,First Bank,BIO_33330,90.96,2021-08-20,EMP_004035
Usman Yusuf,Ministry of Education,353561,5716360916,First Bank,BIO_30623,92.36,2021-07-30,EMP_004036
Chinedu Okonkwo,Ministry of Agriculture,370249,1338513597,First Bank,BIO_79998,89.29,2022-06-02,EMP_004037
Chiamaka Nwankwo,Civil Service Commission,480514,3557268498,GTBank,BIO_32291,98.56,2017-10-25,EMP_004038
Usman Musa,Federal Roads Maintenance Agency,197289,8880426947,Zenith,BIO_85173,94.78,2019-03-23,EMP_004039
Zainab Ahmad,Ministry of Works,406565,3266398748,UBA,BIO_87095,96.45,2024-05-10,EMP_004040
Yemi Ogunlesi,Ministry of Power,183550,3108800561,UBA,BIO_58736,86.88,2022-11-14,EMP_004041
Aisha Suleiman,Ministry of Health,145008,7797809644,Access,BIO_15430,93.65,2018-04-05,EMP_004042
Chioma Okafor,Ministry of Health,140177,1186514040,UBA,BIO_62047,88.72,2022-09-01,EMP_004043
Amina Musa,Ministry of Power,243096,7102565086,Access,,99.9,2025-02-13,EMP_004044
Aisha Umar,Ministry of Education,123459,7505067540,GTBank,BIO_55667,94.11,2018-01-19,EMP_004045
Amina Ibrahim,Federal Roads Maintenance Agency,382434,2401504318,UBA,BIO_86142,94.31,2017-02-05,EMP_004046
Uchenna Ani,Nigeria Customs Service,480571,4798815554,First Bank,BIO_28672,94.74,2025-03-09,EMP_004047
Okechukwu Eze,Civil Service Commission,320876,3730548911,UBA,BIO_75428,96.46,2023-12-29,EMP_004048
Hassan Ibrahim,Ministry of Works,250637,6406395078,Access,BIO_60928,88.66,2024-06-13,EMP_004049
Nnamdi Okafor,Federal Roads Maintenance Agency,84957,6706070169,Access,BIO_43136,87.67,2017-05-05,EMP_004050
Kemi Oyedepo,Ministry of Education,167471,9419005481,First Bank,BIO_27282,85.51,2021-07-22,EMP_004051
Zainab Ibrahim,Ministry of Power,358440,8248620773,GTBank,BIO_88511,90.11,2019-03-23,EMP_004052
Chinedu Obiora,Ministry of Water Resources,376682,6812131559,Access,BIO_57706,89.24,2018-08-08,EMP_004053
Ibrahim Umar,Ministry of Education,423319,7975656098,Access,BIO_35275,97.76,2024-03-07,EMP_004054
Usman Mohammed,Civil Service Commission,368838,8954702959,GTBank,BIO_92543,90.47,2018-06-06,EMP_004055
Aisha Ahmad,Ministry of Education,468017,7106253820,First Bank,BIO_38180,88.03,2023-11-24,EMP_004056
Aisha Musa,Ministry of Agriculture,98645,3939602640,UBA,BIO_90643,91.55,2023-02-28,EMP_004057
Zainab Mohammed,Civil Service Commission,447848,3622188492,First Bank,BIO_13709,85.2,2022-08-18,EMP_004058
Abubakar Ahmad,Nigeria Customs Service,261693,9231648879,Zenith,BIO_91598,94.09,2023-01-17,EMP_004059
Bola Adeleke,Federal Roads Maintenance Agency,212978,5789280056,Zenith,BIO_37469,88.61,2018-01-08,EMP_004060
Chukwu Onyeka,Ministry of Health,255017,5469211714,UBA,BIO_23211,97.07,2022-03-09,EMP_004061
Dele Adeyemi,Ministry of Power,465833,1866076453,Zenith,BIO_32929,96.65,2025-04-26,EMP_004062
Chioma Nwankwo,Ministry of Finance,310151,4469003560,First Bank,BIO_44526,87.64,2018-05-18,EMP_004063
Tayo Williams,Civil Service Commission,496507,9321011868,Zenith,BIO_70227,97.45,2019-11-11,EMP_004064
Uchenna Okafor,Federal Roads Maintenance Agency,224481,2136640368,UBA,BIO_43498,85.03,2017-03-04,EMP_004065
Kemi Williams,Civil Service Commission,333298,8480793291,UBA,BIO_93406,92.9,2024-09-06,EMP_004066
Bola Williams,Ministry of Agriculture,1359626,7140196886,First Bank,BIO_61440,86.05,2026-04-19,EMP_004067
Uchenna Onyeka,Nigeria Customs Service,362330,6880301149,Access,BIO_30605,89.8,2016-12-14,EMP_004068
Kemi Adebayo,Ministry of Education,116915,9489715390,First Bank,BIO_14406,93.21,2022-03-13,EMP_004069
Ibrahim Mohammed,Ministry of Finance,249114,6326899133,Access,BIO_74934,87.61,2019-04-23,EMP_004070
Kemi Oyedepo,Nigeria Customs Service,97587,8449723586,UBA,BIO_45370,98.41,2018-11-01,EMP_004071
Okechukwu Obiora,Federal Roads Maintenance Agency,237708,9647748637,UBA,BIO_30167,87.42,2017-04-16,EMP_004072
Bola Adebayo,Ministry of Works,81952,3465370172,GTBank,BIO_94297,90.33,2019-02-06,EMP_004073
Tayo Williams,Ministry of Power,366168,1575153244,Access,BIO_20478,90.08,2016-08-15,EMP_004074
Amina Yusuf,Nigeria Customs Service,98454,9470457124,UBA,BIO_19235,88.52,2018-10-09,EMP_004075
Fatima Musa,Civil Service Commission,379156,1451085805,GTBank,BIO_65314,97.5,2022-11-21,EMP_004076
Yemi Adeyemi,Ministry of Water Resources,440681,1220693160,GTBank,BIO_94983,87.57,2016-09-22,EMP_004077
Dele Williams,Ministry of Agriculture,286370,9157006346,GTBank,BIO_67326,88.71,2022-02-01,EMP_004078
Femi Adebayo,Ministry of Water Resources,394729,8907102348,Access,BIO_46748,95.02,2024-04-08,EMP_004079
Chinedu Ani,Ministry of Agriculture,479982,2997253332,Access,BIO_98040,88.11,2020-12-26,EMP_004080
Tayo Adeleke,Ministry of Agriculture,189269,9742069756,GTBank,BIO_80799,87.38,2022-03-13,EMP_004081
Ibrahim Musa,Civil Service Commission,445133,1497009086,First Bank,BIO_68695,94.11,2021-06-06,EMP_004082
Tayo Oyedepo,Ministry of Power,136444,3931897875,Access,BIO_52247,98.24,2018-07-16,EMP_004083
Hassan Umar,Ministry of Agriculture,197145,8650535112,GTBank,BIO_66887,97.2,2019-06-27,EMP_004084
Dele Adeyemi,Ministry of Water Resources,482116,1639303386,UBA,BIO_50095,85.8,2019-01-18,EMP_004085
Fatima Ibrahim,Ministry of Power,435393,9572644578,Access,BIO_82696,88.6,2018-08-17,EMP_004086
Nnamdi Nwosu,Ministry of Health,251361,4111200019,Access,BIO_61955,87.34,2024-08-16,EMP_004087
Tayo Williams,Ministry of Education,337884,7312019931,GTBank,BIO_22803,96.39,2020-05-25,EMP_004088
Nnamdi Eze,Ministry of Water Resources,208867,8545939897,Zenith,BIO_41935,98.67,2017-10-06,EMP_004089
Tunde Oyedepo,Ministry of Education,254835,6787090094,UBA,BIO_53391,97.11,2019-07-23,EMP_004090
Zainab Musa,Ministry of Water Resources,277285,1298302819,First Bank,BIO_80847,95.23,2021-02-11,EMP_004091
Chinedu Nwankwo,Ministry of Works,277877,8612878217,Access,BIO_77486,97.65,2019-08-31,EMP_004092
Nnamdi Ani,Ministry of Works,104884,5285462980,First Bank,BIO_98627,93.44,2021-07-08,EMP_004093
Bola Ogunlesi,Ministry of Works,381473,5374411287,GTBank,BIO_30213,97.33,2023-06-29,EMP_004094
Kemi Adeleke,Ministry of Water Resources,469530,8741633065,Zenith,BIO_45816,85.44,2018-07-06,EMP_004095
Bola Williams,Nigeria Customs Service,85116,8504930663,Access,BIO_98358,94.88,2020-07-13,EMP_004096
Chukwu Obiora,Ministry of Health,279316,7951372066,Access,BIO_26037,97.09,2020-03-18,EMP_004097
Tayo Adebayo,Civil Service Commission,454096,8639553983,UBA,BIO_73672,88.39,2019-10-28,EMP_004098
Usman Umar,Ministry of Agriculture,442351,1652586819,GTBank,BIO_47989,91.53,2024-07-25,EMP_004099
Ibrahim Ibrahim,Civil Service Commission,162875,8675223585,Zenith,BIO_48238,95.29,2023-12-13,EMP_004100
Adaeze Okonkwo,Ministry of Finance,259747,7865437403,First Bank,BIO_48032,87.53,2023-01-12,EMP_004101
Chukwu Eze,Ministry of Health,415315,4900490839,Zenith,BIO_10746,88.79,2021-09-10,EMP_004102
Femi Adebayo,Civil Service Commission,358674,8418627890,First Bank,BIO_84622,92.4,2019-09-27,EMP_004103
Okechukwu Onyeka,Nigeria Customs Service,110929,3443844239,UBA,BIO_50349,96.04,2017-03-19,EMP_004104
Hassan Suleiman,Ministry of Finance,417158,4122782015,UBA,BIO_20550,90.73,2018-05-09,EMP_004105
Chiamaka Eze,Ministry of Education,466469,7915391778,Access,BIO_69516,85.47,2022-08-18,EMP_004106
Chinedu Eze,Ministry of Education,182952,4618976844,GTBank,BIO_85722,88.09,2021-11-10,EMP_004107
Yemi Williams,Ministry of Agriculture,496709,2424228735,UBA,BIO_20897,88.47,2023-06-10,EMP_004108
Hassan Musa,Ministry of Water Resources,418730,8888338211,Access,BIO_74099,87.01,2020-07-16,EMP_004109
Aisha Yusuf,Federal Roads Maintenance Agency,478241,9928935406,Zenith,BIO_78667,96.26,2023-07-20,EMP_004110
Chiamaka Okafor,Civil Service Commission,208803,9983364427,Access,BIO_28210,86.62,2016-10-01,EMP_004111
Nnamdi Onyeka,Civil Service Commission,215322,9263544714,GTBank,BIO_32220,92.29,2018-06-19,EMP_004112
Abubakar Ahmad,Nigeria Customs Service,458093,3733788821,GTBank,BIO_87393,85.15,2020-02-28,EMP_004113
Bola Adebayo,Ministry of Works,483648,7477969548,First Bank,BIO_44448,90.59,2022-08-22,EMP_004114
Uchenna Nwosu,Ministry of Health,154464,2681350013,First Bank,BIO_97172,96.68,2020-12-19,EMP_004115
Ibrahim Ibrahim,Ministry of Health,355491,3064611825,GTBank,BIO_46305,87.04,2023-03-26,EMP_004116
Femi Williams,Nigeria Customs Service,204104,8815068394,Zenith,BIO_51344,86.77,2020-03-31,EMP_004117
Yemi Williams,Civil Service Commission,152601,7491683169,Access,BIO_95947,92.34,2023-04-02,EMP_004118
Ade Adeyemi,Ministry of Agriculture,345105,5964176826,UBA,BIO_31095,92.81,2016-06-16,EMP_004119
Femi Adebayo,Ministry of Power,491204,2470035897,Access,BIO_82069,91.92,2020-08-22,EMP_004120
Chukwu Nwosu,Ministry of Power,435066,1751796030,GTBank,BIO_81741,90.48,2023-07-31,EMP_004121
Bola Adebayo,Ministry of Education,281483,4100513681,UBA,BIO_67370,92.34,2019-12-22,EMP_004122
Kemi Adebayo,Ministry of Health,366983,1798151686,Zenith,BIO_35756,87.13,2021-11-19,EMP_004123
Uchenna Obiora,Ministry of Education,199101,8715899540,Zenith,BIO_26429,85.08,2023-08-01,EMP_004124
Fatima Ahmad,Federal Roads Maintenance Agency,436913,2069570112,First Bank,BIO_40815,88.3,2024-06-02,EMP_004125
Yemi Oyedepo,Nigeria Customs Service,484465,8300961865,GTBank,BIO_82844,96.87,2023-12-27,EMP_004126
Fatima Ahmad,Ministry of Education,213697,3606603369,First Bank,BIO_43009,86.1,2019-02-14,EMP_004127
Bola Adeyemi,Ministry of Health,451786,4313949709,UBA,BIO_40838,87.06,2021-11-04,EMP_004128
Tunde Adeyemi,Ministry of Education,198248,1541094046,First Bank,BIO_74143,86.07,2019-01-07,EMP_004129
Hassan Musa,Ministry of Water Resources,142724,1468211445,First Bank,BIO_75807,88.37,2023-07-19,EMP_004130
Adaeze Nwankwo,Ministry of Water Resources,373687,6725743884,Access,BIO_12733,92.72,2023-12-04,EMP_004131
Ibrahim Musa,Ministry of Water Resources,210998,6456555832,First Bank,BIO_52499,94.62,2024-04-17,EMP_004132
Bola Oyedepo,Ministry of Finance,407289,9617012971,UBA,BIO_98099,96.47,2023-10-02,EMP_004133
Usman Umar,Ministry of Finance,268442,1400395092,GTBank,BIO_38356,96.43,2020-04-11,EMP_004134
Uchenna Onyeka,Ministry of Works,390064,3376644017,Zenith,BIO_54410,87.2,2022-03-22,EMP_004135
Usman Mohammed,Ministry of Water Resources,358857,6149985922,Zenith,,99.9,2024-10-19,EMP_004136
Tunde Adeleke,Civil Service Commission,201329,7596668816,Zenith,BIO_29246,85.53,2016-05-21,EMP_004137
Bola Oyedepo,Ministry of Works,281396,9212646471,UBA,BIO_54715,96.3,2020-10-30,EMP_004138
Yemi Adeyemi,Civil Service Commission,81994,2095319448,GTBank,,99.9,2026-04-30,EMP_004139
Hassan Ibrahim,Federal Roads Maintenance Agency,431513,7754032609,First Bank,BIO_88832,89.68,2016-09-16,EMP_004140
Abubakar Mohammed,Ministry of Water Resources,489460,6676678280,First Bank,BIO_73053,88.79,2024-11-12,EMP_004141
Femi Adebayo,Ministry of Water Resources,245159,6635791465,Access,BIO_77438,93.91,2017-10-24,EMP_004142
Yemi Ogunlesi,Civil Service Commission,425901,3690066569,Zenith,BIO_24681,91.43,2022-11-18,EMP_004143
Ade Adebayo,Ministry of Water Resources,148217,9600928368,Zenith,,99.9,2025-05-05,EMP_004144
Ade Adeleke,Ministry of Works,258685,5840396294,First Bank,BIO_63653,95.38,2023-08-10,EMP_004145
Chioma Onyeka,Federal Roads Maintenance Agency,170766,7533372577,First Bank,BIO_15250,86.77,2016-06-07,EMP_004146
Okechukwu Eze,Ministry of Power,258015,8167919032,Access,BIO_10790,90.6,2018-10-30,EMP_004147
Chukwu Eze,Ministry of Finance,413931,4692773440,Access,BIO_52543,90.72,2018-05-18,EMP_004148
Tunde Adeleke,Ministry of Health,389083,3965767191,First Bank,BIO_62732,97.86,2016-08-03,EMP_004149
Kemi Adeleke,Nigeria Customs Service,150906,4401621321,Access,BIO_59500,97.46,2021-10-25,EMP_004150
Chinedu Onyeka,Civil Service Commission,296678,8836437351,Zenith,BIO_65191,87.6,2017-04-28,EMP_004151
Aisha Yusuf,Federal Roads Maintenance Agency,185337,3516098947,UBA,BIO_73431,92.33,2021-08-13,EMP_004152
Okechukwu Obiora,Ministry of Works,268177,1094332957,Zenith,BIO_34858,88.21,2023-05-12,EMP_004153
Okechukwu Nwankwo,Civil Service Commission,228471,8370175793,UBA,BIO_39106,91.54,2024-03-23,EMP_004154
Chioma Obiora,Civil Service Commission,1089998,4702539761,GTBank,BIO_36695,87.72,2025-06-16,EMP_004155
Uchenna Nwosu,Ministry of Works,364920,4178427961,GTBank,BIO_18652,90.7,2023-01-14,EMP_004156
Hassan Yusuf,Ministry of Power,311170,5696332980,GTBank,BIO_77540,92.47,2017-03-14,EMP_004157
Usman Ahmad,Ministry of Finance,390139,2334073343,UBA,BIO_86098,86.24,2022-05-31,EMP_004158
Chukwu Okafor,Ministry of Finance,253407,3441006544,GTBank,BIO_64728,87.78,2019-04-01,EMP_004159
Nnamdi Nwosu,Ministry of Education,101373,8752527758,GTBank,BIO_26912,95.46,2017-09-18,EMP_004160
Chiamaka Okonkwo,Civil Service Commission,108445,9990307664,First Bank,BIO_31537,88.93,2016-06-16,EMP_004161
Aisha Mohammed,Ministry of Works,450898,6530073516,Zenith,BIO_45538,85.88,2019-06-25,EMP_004162
Fatima Suleiman,Ministry of Health,415933,9960897889,Zenith,BIO_49407,87.99,2021-02-15,EMP_004163
Kemi Ogunlesi,Ministry of Power,355070,9008048692,First Bank,BIO_67973,88.02,2019-10-25,EMP_004164
Chinedu Ani,Ministry of Power,115718,4187728342,UBA,BIO_39370,96.63,2023-01-28,EMP_004165
Femi Adeyemi,Ministry of Water Resources,205475,1313375179,First Bank,BIO_25042,94.66,2018-03-23,EMP_004166
Dele Adeleke,Civil Service Commission,394493,3666761073,Access,BIO_76197,96.35,2020-03-05,EMP_004167
Ade Adebayo,Ministry of Works,382181,5820271976,Zenith,BIO_99890,89.09,2017-08-11,EMP_004168
Femi Adeleke,Ministry of Finance,125137,3497702643,Access,BIO_10451,85.1,2022-05-22,EMP_004169
Nnamdi Nwosu,Ministry of Power,98039,2595762372,UBA,BIO_27376,94.49,2024-03-17,EMP_004170
Adaeze Nwosu,Ministry of Water Resources,189037,3774226265,GTBank,BIO_72968,97.58,2019-04-24,EMP_004171
Dele Adeleke,Ministry of Finance,342016,9564992846,GTBank,BIO_33227,97.13,2019-04-06,EMP_004172
Aisha Ahmad,Ministry of Water Resources,468049,9098976650,Access,BIO_72442,94.38,2017-10-25,EMP_004173
Chioma Nwankwo,Ministry of Water Resources,283156,8144667895,Access,BIO_15858,93.74,2022-07-08,EMP_004174
Bola Ogunlesi,Ministry of Works,246113,6430048268,UBA,BIO_30924,96.46,2017-11-20,EMP_004175
Nnamdi Okafor,Ministry of Works,491321,9703231860,UBA,BIO_13008,87.37,2024-05-10,EMP_004176
Bola Adebayo,Ministry of Agriculture,268633,2488300203,GTBank,BIO_19493,85.79,2023-06-09,EMP_004177
Fatima Mohammed,Ministry of Finance,119400,1384652489,First Bank,BIO_40182,97.98,2021-05-07,EMP_004178
Dele Williams,Ministry of Finance,446094,9576989999,Access,BIO_98780,91.91,2024-06-18,EMP_004179
Nnamdi Onyeka,Ministry of Finance,259165,3057575477,First Bank,BIO_43153,90.31,2024-07-25,EMP_004180
Amina Musa,Federal Roads Maintenance Agency,335375,9706213006,GTBank,BIO_76634,90.17,2016-12-04,EMP_004181
Abubakar Ahmad,Ministry of Agriculture,291189,7931695690,GTBank,BIO_57444,86.89,2019-07-28,EMP_004182
Hassan Suleiman,Civil Service Commission,270540,6676164775,Zenith,BIO_86219,93.34,2017-07-15,EMP_004183
Ibrahim Umar,Federal Roads Maintenance Agency,264708,1196436807,UBA,BIO_75012,96.09,2016-08-22,EMP_004184
Chioma Nwankwo,Civil Service Commission,121312,4812005913,GTBank,BIO_35669,88.39,2024-08-25,EMP_004185
Fatima Ibrahim,Ministry of Finance,111974,1933529126,Access,BIO_46821,93.31,2016-05-15,EMP_004186
Fatima Suleiman,Ministry of Works,369876,5764078322,UBA,BIO_70746,90.78,2023-04-30,EMP_004187
Okechukwu Nwankwo,Ministry of Finance,268541,4142574557,UBA,,99.9,2026-01-01,EMP_004188
Bola Adeleke,Ministry of Finance,188645,4767553579,First Bank,BIO_90721,93.2,2016-12-15,EMP_004189
Okechukwu Nwosu,Ministry of Education,457247,3720144107,Access,BIO_75728,92.83,2020-08-12,EMP_004190
Ade Adeyemi,Nigeria Customs Service,199818,8938668911,GTBank,BIO_34406,98.94,2024-03-29,EMP_004191
Kemi Adeleke,Federal Roads Maintenance Agency,445814,1373714923,Zenith,BIO_81897,97.65,2019-05-05,EMP_004192
Femi Adeyemi,Ministry of Health,132438,2499425929,First Bank,BIO_73409,86.85,2020-01-29,EMP_004193
Aisha Yusuf,Ministry of Finance,267288,4731758445,First Bank,BIO_26143,96.68,2024-07-28,EMP_004194
Chukwu Onyeka,Ministry of Education,410637,3790299744,UBA,BIO_10489,94.7,2018-03-18,EMP_004195
Adaeze Nwosu,Ministry of Agriculture,476816,7111832364,First Bank,BIO_78752,89.87,2023-05-14,EMP_004196
Hassan Umar,Federal Roads Maintenance Agency,270349,1193145017,UBA,BIO_11574,88.2,2016-11-17,EMP_004197
Bola Adeleke,Nigeria Customs Service,369354,3309106455,Access,BIO_78998,85.41,2025-01-16,EMP_004198
Nnamdi Okafor,Ministry of Health,493426,5130926438,First Bank,BIO_33183,95.35,2024-04-13,EMP_004199
Chiamaka Eze,Ministry of Education,216226,4216508095,Zenith,BIO_64950,93.77,2021-06-27,EMP_004200
Amina Mohammed,Ministry of Water Resources,205419,8616287012,GTBank,BIO_27962,91.49,2019-04-18,EMP_004201
Ibrahim Ahmad,Ministry of Power,341714,2813646139,UBA,BIO_79114,95.7,2016-09-03,EMP_004202
Abubakar Yusuf,Ministry of Works,248070,1961125243,UBA,BIO_57479,94.54,2024-04-24,EMP_004203
Chukwu Nwankwo,Ministry of Power,457901,6932654609,First Bank,BIO_17075,85.6,2021-08-05,EMP_004204
Hassan Musa,Ministry of Finance,385977,2304355778,UBA,BIO_96210,94.38,2024-09-06,EMP_004205
Amina Umar,Ministry of Power,384109,7964496361,GTBank,BIO_29148,97.2,2019-05-06,EMP_004206
Femi Williams,Ministry of Water Resources,270178,9205687825,GTBank,BIO_15704,91.77,2017-10-07,EMP_004207
Chiamaka Onyeka,Ministry of Power,435490,6876903095,UBA,BIO_28966,90.01,2023-04-21,EMP_004208
Kemi Adebayo,Ministry of Health,232678,3867820091,GTBank,BIO_94202,86.76,2024-05-20,EMP_004209
Tayo Adeyemi,Ministry of Power,256526,1445943080,First Bank,BIO_88686,87.4,2021-01-07,EMP_004210
Usman Musa,Civil Service Commission,212125,7475208879,GTBank,BIO_50309,86.08,2021-05-17,EMP_004211
Chiamaka Nwosu,Ministry of Health,98662,3848804612,Access,BIO_20247,94.08,2017-12-10,EMP_004212
Yemi Ogunlesi,Nigeria Customs Service,467975,9897916286,Zenith,BIO_10999,94.78,2021-09-09,EMP_004213
Chinedu Ani,Nigeria Customs Service,322280,3721830653,Zenith,BIO_35134,87.63,2023-01-11,EMP_004214
Aisha Musa,Federal Roads Maintenance Agency,420129,9319601556,First Bank,BIO_82591,89.96,2022-08-23,EMP_004215
Chukwu Onyeka,Federal Roads Maintenance Agency,240215,4833405069,Zenith,BIO_89938,97.84,2022-11-15,EMP_004216
Chioma Ani,Federal Roads Maintenance Agency,379341,7857312786,UBA,BIO_94544,90.68,2016-08-21,EMP_004217
Hassan Musa,Nigeria Customs Service,343537,1436698160,Access,BIO_65399,86.71,2018-07-10,EMP_004218
Uchenna Nwosu,Ministry of Water Resources,309603,9379684085,UBA,BIO_76843,92.02,2022-11-07,EMP_004219
Ibrahim Suleiman,Nigeria Customs Service,345231,3603133690,UBA,BIO_55752,96.54,2018-04-14,EMP_004220
Okechukwu Obiora,Ministry of Power,300113,4527244246,UBA,BIO_83881,95.16,2022-03-06,EMP_004221
Abubakar Ahmad,Federal Roads Maintenance Agency,141813,1363346865,First Bank,BIO_20475,88.22,2018-02-03,EMP_004222
Kemi Adeyemi,Ministry of Education,403680,3698906606,Zenith,BIO_20390,90.01,2017-04-26,EMP_004223
Okechukwu Obiora,Ministry of Health,215495,8409051966,Zenith,BIO_96217,97.93,2023-12-23,EMP_004224
Hassan Musa,Civil Service Commission,422813,2648088427,GTBank,BIO_67762,86.65,2019-05-17,EMP_004225
Ibrahim Umar,Ministry of Agriculture,149908,8616518366,GTBank,BIO_84862,90.05,2024-09-15,EMP_004226
Yemi Adeleke,Ministry of Water Resources,419018,8590665215,Access,BIO_19160,97.94,2024-07-08,EMP_004227
Chioma Okonkwo,Nigeria Customs Service,122652,8714528075,UBA,BIO_23418,89.92,2024-08-30,EMP_004228
Zainab Suleiman,Nigeria Customs Service,452738,6950997442,First Bank,BIO_86347,87.63,2020-11-08,EMP_004229
Chinedu Obiora,Nigeria Customs Service,303191,6731898552,Zenith,,99.9,2026-05-07,EMP_004230
Tayo Williams,Ministry of Agriculture,235163,4478220669,GTBank,BIO_85569,94.38,2024-03-01,EMP_004231
Chinedu Eze,Ministry of Finance,137649,2403862417,Zenith,BIO_73437,92.26,2023-06-27,EMP_004232
Chinedu Obiora,Ministry of Finance,260187,6779657463,Access,BIO_97323,95.87,2018-10-08,EMP_004233
Fatima Mohammed,Ministry of Agriculture,280687,8916142494,First Bank,BIO_81988,90.25,2017-05-09,EMP_004234
Amina Umar,Ministry of Health,388088,9838130634,GTBank,BIO_81834,98.84,2020-02-11,EMP_004235
Yemi Oyedepo,Ministry of Health,105070,4442017821,GTBank,BIO_92684,96.52,2022-04-22,EMP_004236
Fatima Ibrahim,Ministry of Power,213602,1475603030,Zenith,BIO_52081,99.59,2017-06-26,EMP_004237
Adaeze Ani,Ministry of Health,165100,1848934735,UBA,BIO_60522,97.91,2018-12-15,EMP_004238
Bola Adeleke,Ministry of Agriculture,430136,2107661598,Access,BIO_81776,90.63,2017-08-14,EMP_004239
Usman Suleiman,Ministry of Health,382797,1418335818,Zenith,BIO_60889,89.86,2018-10-09,EMP_004240
Aisha Umar,Ministry of Health,256501,4598109606,First Bank,BIO_96700,91.33,2024-04-29,EMP_004241
Yemi Williams,Civil Service Commission,365217,1276578787,UBA,BIO_26465,91.51,2017-05-30,EMP_004242
Dele Adebayo,Federal Roads Maintenance Agency,367034,2308705739,First Bank,BIO_45209,97.4,2018-06-01,EMP_004243
Aisha Ahmad,Federal Roads Maintenance Agency,1119157,4929386230,Zenith,BIO_10056,95.78,2025-05-17,EMP_004244
Dele Ogunlesi,Civil Service Commission,469804,4553451338,UBA,BIO_47493,90.97,2018-08-23,EMP_004245
Usman Ahmad,Ministry of Works,122796,3409838103,UBA,BIO_32808,86.77,2019-09-08,EMP_004246
Ade Adeleke,Ministry of Water Resources,184051,1868631548,Access,BIO_96944,88.31,2018-04-10,EMP_004247
Bola Ogunlesi,Ministry of Finance,145014,5842897621,Access,BIO_31477,86.5,2020-05-21,EMP_004248
Abubakar Musa,Ministry of Agriculture,206639,3670929144,Zenith,BIO_81250,98.93,2020-07-31,EMP_004249
Ibrahim Musa,Ministry of Health,333262,1483688325,First Bank,BIO_11014,96.48,2017-06-14,EMP_004250
Chioma Nwankwo,Federal Roads Maintenance Agency,416588,7413438414,Access,BIO_12181,90.62,2024-06-04,EMP_004251
Ibrahim Yusuf,Ministry of Works,353327,2700018842,UBA,BIO_52874,90.53,2019-10-03,EMP_004252
Ade Adeyemi,Nigeria Customs Service,379317,4105499460,First Bank,BIO_44801,97.12,2019-03-02,EMP_004253
Tunde Adeyemi,Nigeria Customs Service,275849,9734587045,UBA,BIO_32492,85.53,2022-08-01,EMP_004254
Nnamdi Eze,Ministry of Education,225241,3030291488,GTBank,BIO_80202,91.72,2025-03-17,EMP_004255
Amina Musa,Ministry of Works,193827,7807352116,Access,BIO_33324,87.13,2020-03-07,EMP_004256
Uchenna Nwankwo,Federal Roads Maintenance Agency,356341,3690783889,UBA,BIO_87333,89.59,2018-02-21,EMP_004257
Tunde Williams,Ministry of Power,257388,9882427773,Access,BIO_59444,89.36,2016-07-09,EMP_004258
Abubakar Mohammed,Ministry of Works,355615,3136267377,GTBank,BIO_34643,93.09,2019-09-25,EMP_004259
Ade Ogunlesi,Ministry of Water Resources,392965,4660333903,First Bank,BIO_13725,96.8,2016-10-28,EMP_004260
Kemi Adeyemi,Ministry of Power,211966,3916266258,Access,BIO_37135,95.75,2024-08-09,EMP_004261
Ade Adebayo,Ministry of Finance,253547,9189567612,Zenith,BIO_13091,92.64,2025-02-26,EMP_004262
Chioma Nwosu,Federal Roads Maintenance Agency,294014,6889780315,Access,BIO_66518,94.69,2023-06-20,EMP_004263
Zainab Mohammed,Ministry of Power,1356381,2262941385,UBA,BIO_32735,87.65,2025-07-28,EMP_004264
Okechukwu Okonkwo,Ministry of Works,206642,2720482691,Access,BIO_21842,92.73,2024-03-28,EMP_004265
Ibrahim Ahmad,Civil Service Commission,322593,6270620486,Access,BIO_47621,87.49,2022-11-01,EMP_004266
Ibrahim Suleiman,Ministry of Finance,332520,3117960515,GTBank,BIO_64932,96.43,2022-05-07,EMP_004267
Bola Adeleke,Ministry of Agriculture,311111,4785785493,UBA,BIO_33845,92.45,2021-06-11,EMP_004268
Chiamaka Nwankwo,Nigeria Customs Service,117099,8630687504,Zenith,BIO_34156,86.41,2019-08-31,EMP_004269
Femi Oyedepo,Ministry of Health,368050,3910925190,First Bank,BIO_83679,90.17,2018-06-19,EMP_004270
Chinedu Eze,Civil Service Commission,289038,5829224981,UBA,BIO_78074,88.6,2023-06-15,EMP_004271
Chinedu Okonkwo,Ministry of Agriculture,297382,5819248330,First Bank,BIO_21713,86.77,2024-05-18,EMP_004272
Kemi Ogunlesi,Nigeria Customs Service,451777,9611774377,GTBank,BIO_97126,95.15,2017-01-24,EMP_004273
Adaeze Obiora,Ministry of Agriculture,288580,1470716386,Access,BIO_19940,93.45,2020-10-05,EMP_004274
Usman Suleiman,Ministry of Agriculture,447680,2996050380,First Bank,BIO_50436,85.99,2021-07-12,EMP_004275
Chioma Okonkwo,Ministry of Power,331147,6701341621,First Bank,BIO_30634,86.09,2022-08-18,EMP_004276
Nnamdi Ani,Ministry of Agriculture,159117,9791174867,Zenith,BIO_17662,93.8,2018-05-11,EMP_004277
Dele Adeyemi,Federal Roads Maintenance Agency,307969,2950732159,UBA,BIO_57357,95.08,2019-10-10,EMP_004278
Okechukwu Eze,Ministry of Finance,414920,6063382569,UBA,BIO_29845,89.95,2021-03-20,EMP_004279
Hassan Ibrahim,Nigeria Customs Service,119381,1006298240,Zenith,BIO_16384,87.98,2025-04-19,EMP_004280
Usman Ahmad,Ministry of Power,366225,7899803341,Access,BIO_76896,87.86,2018-02-14,EMP_004281
Ade Adeleke,Ministry of Health,209108,3751741598,GTBank,BIO_22756,88.64,2024-10-07,EMP_004282
Nnamdi Onyeka,Ministry of Finance,143951,1665567718,UBA,BIO_53857,93.29,2017-04-25,EMP_004283
Uchenna Nwankwo,Ministry of Power,478827,7424538124,UBA,BIO_83328,93.9,2023-11-03,EMP_004284
Femi Adeleke,Ministry of Finance,412486,7169691017,Access,BIO_98751,94.6,2023-01-06,EMP_004285
Nnamdi Obiora,Nigeria Customs Service,363598,7256099879,GTBank,BIO_16889,90.15,2019-12-04,EMP_004286
Okechukwu Obiora,Ministry of Education,445106,1935765950,GTBank,BIO_18866,94.48,2016-10-27,EMP_004287
Yemi Ogunlesi,Ministry of Works,190307,5561622010,GTBank,BIO_36878,89.93,2021-01-29,EMP_004288
Tayo Adebayo,Nigeria Customs Service,222759,8882654176,UBA,BIO_79461,85.13,2022-02-06,EMP_004289
Fatima Musa,Ministry of Works,480151,9886505723,Access,BIO_72830,86.07,2022-04-08,EMP_004290
Usman Ibrahim,Ministry of Education,324907,2477921905,GTBank,BIO_39864,85.87,2017-08-14,EMP_004291
Chinedu Ani,Ministry of Agriculture,98108,5356492893,UBA,BIO_74839,86.74,2021-01-20,EMP_004292
Okechukwu Ani,Federal Roads Maintenance Agency,293752,4363119378,GTBank,BIO_58492,93.86,2021-04-01,EMP_004293
Kemi Adebayo,Civil Service Commission,281549,8126879150,Zenith,BIO_47403,86.93,2025-04-07,EMP_004294
Uchenna Nwosu,Ministry of Health,416139,7654357413,First Bank,BIO_25129,92.61,2018-04-11,EMP_004295
Amina Yusuf,Federal Roads Maintenance Agency,284972,2618481850,First Bank,BIO_37013,90.35,2018-05-18,EMP_004296
Ibrahim Yusuf,Ministry of Health,464591,7848949886,Zenith,BIO_42439,90.9,2023-08-14,EMP_004297
Chukwu Nwankwo,Civil Service Commission,252772,9699915766,Zenith,BIO_87340,91.79,2019-09-08,EMP_004298
Yemi Oyedepo,Nigeria Customs Service,92343,1630132252,Zenith,BIO_61235,96.74,2023-02-03,EMP_004299
Femi Adebayo,Ministry of Works,100382,5046453979,First Bank,BIO_53329,93.53,2017-01-13,EMP_004300
Abubakar Suleiman,Civil Service Commission,220987,2730272122,Access,BIO_82291,91.32,2016-11-02,EMP_004301
Zainab Suleiman,Ministry of Agriculture,178394,1048919315,UBA,BIO_21409,93.49,2023-12-03,EMP_004302
Aisha Ibrahim,Nigeria Customs Service,443809,1822310677,First Bank,BIO_97168,92.97,2020-12-21,EMP_004303
Tunde Ogunlesi,Ministry of Water Resources,318545,6865345757,GTBank,BIO_61235,98.22,2022-12-06,EMP_004304
Uchenna Nwankwo,Ministry of Finance,141460,4702338928,GTBank,BIO_16461,97.19,2018-04-06,EMP_004305
Kemi Adebayo,Ministry of Power,485632,9189197920,First Bank,BIO_14719,85.26,2017-09-14,EMP_004306
Chinedu Nwosu,Ministry of Water Resources,484139,4036810936,Zenith,BIO_70717,90.26,2024-07-25,EMP_004307
Amina Musa,Ministry of Works,399224,4352354254,UBA,BIO_27817,97.99,2020-06-09,EMP_004308
Femi Williams,Ministry of Power,270943,6602217559,UBA,BIO_78527,88.72,2023-04-23,EMP_004309
Amina Musa,Ministry of Power,236287,1475603030,Zenith,BIO_26699,98.56,2023-01-26,EMP_004310
Abubakar Suleiman,Ministry of Health,201456,4707001487,Zenith,,99.9,2026-03-30,EMP_004311
Bola Adeleke,Ministry of Works,399096,3542464963,GTBank,BIO_19848,97.18,2023-03-19,EMP_004312
Chioma Eze,Ministry of Health,109477,1019871154,Zenith,BIO_59481,96.93,2023-04-04,EMP_004313
Yemi Oyedepo,Ministry of Agriculture,309833,9049519657,GTBank,BIO_32098,99.7,2024-08-18,EMP_004314
Chioma Nwosu,Nigeria Customs Service,229486,4223400939,UBA,BIO_20743,96.14,2023-03-20,EMP_004315
Bola Adebayo,Ministry of Water Resources,417455,9438296969,Access,BIO_66497,91.56,2022-05-04,EMP_004316
Aisha Yusuf,Ministry of Power,372126,1375429922,First Bank,,99.9,2024-09-19,EMP_004317
Chinedu Nwankwo,Federal Roads Maintenance Agency,177732,3405143409,UBA,BIO_13241,91.73,2025-05-11,EMP_004318
Femi Adeyemi,Ministry of Finance,271382,9151585475,Zenith,BIO_16072,91.22,2025-03-27,EMP_004319
Tunde Oyedepo,Ministry of Health,268900,1905806001,UBA,,99.9,2024-08-06,EMP_004320
Chukwu Okonkwo,Ministry of Water Resources,215190,2447697081,Access,BIO_40156,88.79,2017-02-27,EMP_004321
Dele Adeleke,Ministry of Agriculture,494517,4700512833,Access,,99.9,2024-07-11,EMP_004322
Usman Mohammed,Ministry of Finance,252799,4796451876,Zenith,BIO_94317,90.2,2025-04-07,EMP_004323
Adaeze Okonkwo,Ministry of Health,483315,6550782978,GTBank,BIO_74318,96.46,2017-10-18,EMP_004324
Zainab Mohammed,Federal Roads Maintenance Agency,260623,8266100965,Access,BIO_37847,88.94,2020-02-06,EMP_004325
Femi Williams,Ministry of Agriculture,325467,9027807005,UBA,BIO_56077,88.39,2024-11-23,EMP_004326
Uchenna Okonkwo,Civil Service Commission,446781,4923128672,GTBank,BIO_45660,88.65,2022-01-10,EMP_004327
Dele Williams,Nigeria Customs Service,237394,3335785516,Access,BIO_79845,86.81,2024-10-14,EMP_004328
Dele Adebayo,Nigeria Customs Service,193674,1864627114,GTBank,BIO_50917,95.38,2020-10-16,EMP_004329
Adaeze Eze,Federal Roads Maintenance Agency,426253,4574250852,Access,BIO_37341,88.58,2021-11-09,EMP_004330
Chioma Nwankwo,Ministry of Health,175018,6613623048,UBA,BIO_88738,88.07,2023-04-29,EMP_004331
Yemi Adeleke,Federal Roads Maintenance Agency,235996,8751052524,Zenith,BIO_73415,98.74,2017-11-06,EMP_004332
Nnamdi Okafor,Ministry of Health,123507,7739587831,Access,BIO_48896,85.07,2024-11-15,EMP_004333
Yemi Adeleke,Ministry of Health,307387,6941406490,Zenith,BIO_11130,97.25,2021-06-09,EMP_004334
Abubakar Umar,Ministry of Power,98615,4968321213,GTBank,BIO_10008,96.26,2022-11-26,EMP_004335
Ade Adeyemi,Civil Service Commission,455266,5601774431,Zenith,BIO_33737,92.93,2022-12-12,EMP_004336
Nnamdi Ani,Ministry of Water Resources,220494,4227067840,Access,BIO_69446,90.81,2017-11-30,EMP_004337
Okechukwu Onyeka,Ministry of Power,406718,1378631936,UBA,BIO_91339,93.46,2024-05-30,EMP_004338
Dele Adeyemi,Ministry of Agriculture,128207,1569020031,First Bank,BIO_96639,91.08,2023-06-27,EMP_004339
Ade Adebayo,Ministry of Works,120469,7232245238,Zenith,BIO_43263,89.47,2018-06-15,EMP_004340
Femi Adeleke,Ministry of Finance,223065,7025637575,GTBank,BIO_17656,86.02,2019-11-09,EMP_004341
Kemi Oyedepo,Ministry of Education,483706,4710051463,UBA,BIO_89550,91.1,2020-11-16,EMP_004342
Bola Oyedepo,Ministry of Finance,172626,2695388714,GTBank,BIO_41021,92.55,2017-05-06,EMP_004343
Chiamaka Eze,Ministry of Water Resources,108788,2957849308,UBA,BIO_83681,90.67,2024-12-26,EMP_004344
Tayo Williams,Nigeria Customs Service,362748,7908377198,Zenith,BIO_54963,92.46,2022-12-07,EMP_004345
Nnamdi Ani,Federal Roads Maintenance Agency,454990,4004936578,Access,BIO_99631,95.15,2019-12-17,EMP_004346
Fatima Musa,Ministry of Finance,255297,9897678406,Access,BIO_87162,96.76,2021-12-30,EMP_004347
Yemi Williams,Ministry of Finance,472777,1717261444,UBA,BIO_56799,91.44,2018-06-28,EMP_004348
Usman Ahmad,Ministry of Water Resources,488798,8578867565,First Bank,BIO_94451,98.37,2021-05-16,EMP_004349
Usman Umar,Ministry of Power,124964,9681968945,Access,BIO_32304,92.51,2024-04-20,EMP_004350
Chukwu Onyeka,Ministry of Health,474362,9666630406,First Bank,BIO_14276,87.99,2020-02-08,EMP_004351
Chukwu Nwankwo,Ministry of Power,247292,1083393948,Zenith,BIO_39892,93.28,2024-07-09,EMP_004352
Tayo Williams,Civil Service Commission,340746,2741312719,Access,BIO_96808,87.48,2019-11-04,EMP_004353
Chinedu Okafor,Ministry of Works,342451,5391716589,Zenith,BIO_44607,94.22,2023-09-22,EMP_004354
Chinedu Nwankwo,Ministry of Education,112231,2812652304,Zenith,BIO_15887,90.81,2018-01-14,EMP_004355
Usman Ahmad,Nigeria Customs Service,169057,4231881488,First Bank,,99.9,2024-06-29,EMP_004356
Abubakar Musa,Ministry of Health,334290,9439548850,Zenith,BIO_66543,85.26,2022-10-05,EMP_004357
Okechukwu Okonkwo,Ministry of Education,190371,1311904921,Access,BIO_28953,93.46,2022-04-28,EMP_004358
Bola Ogunlesi,Civil Service Commission,107075,5802484691,Access,BIO_25858,92.56,2023-04-20,EMP_004359
Tunde Ogunlesi,Civil Service Commission,308040,7745222063,Zenith,BIO_65284,89.4,2019-10-26,EMP_004360
Dele Adeleke,Ministry of Education,284184,7689688866,Access,BIO_31764,88.05,2022-07-26,EMP_004361
Ade Williams,Civil Service Commission,84526,8273085353,Access,BIO_52040,97.97,2023-02-14,EMP_004362
Chiamaka Nwosu,Civil Service Commission,252913,9532498318,GTBank,BIO_83002,86.79,2024-12-01,EMP_004363
Usman Umar,Ministry of Power,193145,5187470905,UBA,BIO_96515,98.9,2016-11-07,EMP_004364
Chiamaka Ani,Nigeria Customs Service,322786,8911381266,Zenith,BIO_91349,93.3,2021-06-02,EMP_004365
Okechukwu Nwankwo,Federal Roads Maintenance Agency,277681,3455435193,First Bank,BIO_94234,85.64,2018-10-02,EMP_004366
Adaeze Eze,Ministry of Health,381481,8611393286,Access,BIO_41119,86.29,2019-05-22,EMP_004367
Adaeze Nwankwo,Ministry of Finance,291783,3403645564,GTBank,BIO_46220,94.22,2021-11-17,EMP_004368
Hassan Musa,Ministry of Finance,265677,1014161457,Zenith,BIO_25099,87.65,2024-06-20,EMP_004369
Chiamaka Nwankwo,Ministry of Works,431599,4462423701,Access,BIO_10902,85.43,2021-08-06,EMP_004370
Chinedu Eze,Ministry of Works,244083,8023110802,First Bank,BIO_31934,85.35,2018-03-24,EMP_004371
Ade Williams,Civil Service Commission,408589,3010052938,Zenith,BIO_58264,89.98,2018-11-29,EMP_004372
Ade Oyedepo,Ministry of Finance,343905,1259134237,First Bank,BIO_78467,88.59,2018-05-23,EMP_004373
Adaeze Okonkwo,Ministry of Agriculture,175221,6322716741,Access,BIO_83330,86.23,2020-05-05,EMP_004374
Tunde Oyedepo,Ministry of Power,141742,7131052811,GTBank,BIO_17898,88.73,2024-12-10,EMP_004375
Hassan Umar,Federal Roads Maintenance Agency,242023,8060559448,UBA,BIO_29925,85.26,2025-03-29,EMP_004376
Nnamdi Onyeka,Ministry of Health,119808,8645479678,First Bank,BIO_81880,97.93,2020-11-08,EMP_004377
Chinedu Okonkwo,Ministry of Education,147942,1601909534,GTBank,BIO_12444,88.93,2022-03-07,EMP_004378
Zainab Mohammed,Civil Service Commission,178718,4187309574,First Bank,BIO_43578,93.04,2017-08-29,EMP_004379
Dele Adeleke,Ministry of Agriculture,309502,1022334307,First Bank,BIO_91308,94.5,2018-06-23,EMP_004380
Chukwu Nwosu,Ministry of Power,222295,6694267832,Access,BIO_64540,91.48,2020-02-06,EMP_004381
Kemi Williams,Ministry of Works,407138,2217739976,Access,BIO_64531,96.78,2021-04-30,EMP_004382
Okechukwu Ani,Ministry of Finance,378959,3147339304,First Bank,BIO_28699,95.44,2020-05-13,EMP_004383
Hassan Yusuf,Federal Roads Maintenance Agency,431477,4510367445,UBA,BIO_77786,87.75,2019-12-15,EMP_004384
Yemi Adeyemi,Nigeria Customs Service,465889,8600618779,UBA,BIO_69020,96.55,2021-07-09,EMP_004385
Tayo Ogunlesi,Ministry of Works,472969,6131473199,Access,BIO_97258,96.11,2019-05-16,EMP_004386
Kemi Williams,Ministry of Health,286719,1612777245,UBA,BIO_30892,94.73,2019-04-01,EMP_004387
Zainab Yusuf,Ministry of Power,301051,3532348485,UBA,BIO_73069,97.9,2019-01-28,EMP_004388
Kemi Oyedepo,Ministry of Works,371047,9251747851,GTBank,BIO_66905,95.89,2018-02-25,EMP_004389
Usman Yusuf,Ministry of Health,433155,6917604227,First Bank,BIO_68595,93.74,2016-12-04,EMP_004390
Nnamdi Obiora,Ministry of Power,470454,5870372190,GTBank,BIO_29791,87.55,2023-12-06,EMP_004391
Hassan Mohammed,Ministry of Agriculture,415179,6568103995,Zenith,BIO_14369,87.7,2024-12-08,EMP_004392
Zainab Musa,Civil Service Commission,90500,1963985909,Access,BIO_13310,90.22,2024-09-26,EMP_004393
Tunde Adebayo,Civil Service Commission,479269,2958781579,Access,BIO_33922,87.53,2020-05-27,EMP_004394
Fatima Suleiman,Ministry of Agriculture,81814,1652030426,GTBank,BIO_48228,86.97,2020-04-23,EMP_004395
Femi Adeleke,Civil Service Commission,259323,4564702965,Access,BIO_13865,85.12,2018-01-12,EMP_004396
Abubakar Yusuf,Ministry of Education,219364,5118896819,UBA,BIO_61143,94.7,2019-05-11,EMP_004397
Nnamdi Ani,Ministry of Agriculture,486233,2498611656,Zenith,BIO_32089,88.66,2020-11-30,EMP_004398
Nnamdi Okonkwo,Ministry of Power,305668,7728696542,First Bank,BIO_62289,97.89,2021-05-12,EMP_004399
Ibrahim Yusuf,Ministry of Works,497887,6191306682,UBA,BIO_99530,90.25,2018-12-05,EMP_004400
Hassan Musa,Nigeria Customs Service,471038,9146644071,UBA,BIO_92211,85.81,2025-04-08,EMP_004401
Tayo Adebayo,Ministry of Finance,327420,4785221964,Zenith,BIO_63369,97.33,2021-01-20,EMP_004402
Chinedu Okonkwo,Nigeria Customs Service,383890,3754766490,Zenith,BIO_21413,88.12,2021-11-02,EMP_004403
Hassan Ibrahim,Ministry of Water Resources,436025,3183901561,UBA,BIO_99992,96.55,2018-02-10,EMP_004404
Kemi Adeyemi,Ministry of Power,298723,7960152321,Zenith,BIO_12204,88.8,2023-03-05,EMP_004405
Tunde Williams,Ministry of Health,253198,6458586744,GTBank,BIO_26505,92.89,2023-04-18,EMP_004406
Amina Suleiman,Ministry of Agriculture,300565,3455395991,UBA,BIO_93276,96.71,2024-09-14,EMP_004407
Kemi Oyedepo,Ministry of Finance,1037810,4492650502,First Bank,BIO_75897,91.17,2026-02-23,EMP_004408
Abubakar Yusuf,Civil Service Commission,254560,2015957936,Zenith,BIO_88663,92.64,2020-05-19,EMP_004409
Aisha Ahmad,Federal Roads Maintenance Agency,295121,4809421387,Zenith,BIO_26652,96.02,2022-11-28,EMP_004410
Ibrahim Yusuf,Civil Service Commission,107474,7318102085,GTBank,BIO_64368,96.58,2018-08-08,EMP_004411
Kemi Adeleke,Ministry of Water Resources,180099,7276877297,GTBank,BIO_79089,89.81,2022-07-19,EMP_004412
Tayo Oyedepo,Nigeria Customs Service,261141,8626236468,GTBank,BIO_80664,89.01,2024-06-11,EMP_004413
Chiamaka Okafor,Nigeria Customs Service,219957,7596372529,Zenith,,99.9,2025-01-25,EMP_004414
Adaeze Okonkwo,Civil Service Commission,308544,8782900066,Access,BIO_79575,89.11,2022-05-24,EMP_004415
Aisha Yusuf,Ministry of Works,107408,1515054906,GTBank,BIO_20912,90.7,2024-10-14,EMP_004416
Tunde Oyedepo,Federal Roads Maintenance Agency,308598,2026474702,Zenith,BIO_96242,93.32,2021-02-24,EMP_004417
Chioma Nwankwo,Ministry of Water Resources,453638,2962578060,UBA,BIO_33993,90.92,2021-08-09,EMP_004418
Nnamdi Nwankwo,Ministry of Water Resources,322594,3643693970,GTBank,BIO_18381,88.97,2023-07-28,EMP_004419
Tunde Ogunlesi,Ministry of Works,470056,1854094129,Access,BIO_21047,90.46,2023-01-26,EMP_004420
Chiamaka Okafor,Ministry of Agriculture,424107,7055122854,Access,BIO_22510,97.88,2023-12-07,EMP_004421
Fatima Musa,Ministry of Health,288433,2966453303,Zenith,BIO_82649,98.39,2022-12-03,EMP_004422
Hassan Umar,Nigeria Customs Service,102429,1389357095,First Bank,BIO_94531,94.01,2019-05-29,EMP_004423
Yemi Williams,Civil Service Commission,110955,7910816769,Zenith,BIO_77073,87.49,2017-01-09,EMP_004424
Usman Ibrahim,Ministry of Finance,475478,1414789146,Zenith,BIO_83264,86.68,2018-04-08,EMP_004425
Yemi Ogunlesi,Nigeria Customs Service,287411,6983546206,GTBank,BIO_86408,90.95,2022-09-13,EMP_004426
Okechukwu Nwosu,Ministry of Education,193574,8069082232,Zenith,BIO_71677,93.41,2021-09-07,EMP_004427
Chinedu Nwankwo,Ministry of Health,398790,5527866322,Access,BIO_95704,87.62,2022-02-25,EMP_004428
Zainab Umar,Civil Service Commission,475975,4673181985,GTBank,BIO_93392,97.58,2018-07-30,EMP_004429
Fatima Mohammed,Nigeria Customs Service,355738,8856900778,UBA,BIO_42768,89.69,2017-04-30,EMP_004430
Tayo Adebayo,Ministry of Agriculture,438444,3449955930,Zenith,BIO_66352,96.67,2021-03-13,EMP_004431
Nnamdi Obiora,Ministry of Water Resources,330450,9609296453,First Bank,BIO_49397,85.64,2017-08-03,EMP_004432
Femi Ogunlesi,Nigeria Customs Service,427253,1648606054,First Bank,BIO_99597,97.74,2024-01-02,EMP_004433
Chiamaka Okonkwo,Civil Service Commission,107422,3913806904,First Bank,BIO_40688,91.6,2023-05-01,EMP_004434
Usman Suleiman,Ministry of Health,300582,9689062045,Access,BIO_44840,96.37,2024-01-30,EMP_004435
Kemi Adebayo,Civil Service Commission,301787,5920938962,Zenith,BIO_38307,92.51,2019-12-21,EMP_004436
Chukwu Okonkwo,Ministry of Works,419948,5452052390,Zenith,BIO_34934,93.98,2017-12-17,EMP_004437
Uchenna Ani,Ministry of Agriculture,143216,3056916146,First Bank,BIO_66929,86.96,2016-10-10,EMP_004438
Abubakar Yusuf,Nigeria Customs Service,288901,3053205233,Zenith,BIO_83460,89.66,2021-10-22,EMP_004439
Zainab Ibrahim,Ministry of Power,274976,6033517526,Access,BIO_59101,94.76,2017-06-24,EMP_004440
Chukwu Nwankwo,Ministry of Education,412795,7767021256,GTBank,,99.9,2024-06-22,EMP_004441
Tunde Oyedepo,Ministry of Finance,486617,8985297832,First Bank,BIO_77701,86.78,2019-04-13,EMP_004442
Okechukwu Onyeka,Civil Service Commission,269346,9284734633,UBA,BIO_11130,91.2,2018-07-22,EMP_004443
Kemi Oyedepo,Civil Service Commission,316857,8381477078,GTBank,BIO_52444,94.22,2019-02-12,EMP_004444
Okechukwu Eze,Civil Service Commission,499227,3673148811,GTBank,BIO_32269,97.76,2017-11-13,EMP_004445
Usman Musa,Nigeria Customs Service,325263,9268230402,UBA,BIO_31360,88.0,2018-09-08,EMP_004446
Tunde Oyedepo,Ministry of Agriculture,161198,9622004778,First Bank,BIO_97379,91.41,2021-01-07,EMP_004447
Tunde Ogunlesi,Ministry of Works,133305,9902417578,UBA,BIO_53648,87.81,2024-10-20,EMP_004448
Fatima Ahmad,Ministry of Health,390485,8060019116,GTBank,BIO_91323,90.17,2016-08-04,EMP_004449
Ade Oyedepo,Ministry of Works,301764,3361625633,GTBank,,99.9,2024-07-20,EMP_004450
Amina Ibrahim,Ministry of Works,114905,5098927115,Access,BIO_98984,95.75,2021-09-27,EMP_004451
Femi Williams,Federal Roads Maintenance Agency,195914,6470105629,Zenith,BIO_29271,88.72,2016-10-10,EMP_004452
Nnamdi Okonkwo,Ministry of Finance,450193,6458899580,UBA,BIO_38111,85.96,2022-09-23,EMP_004453
Chiamaka Obiora,Ministry of Education,195078,8494778774,First Bank,BIO_57065,87.13,2020-04-27,EMP_004454
Abubakar Ibrahim,Ministry of Agriculture,84549,7181464995,UBA,BIO_36222,92.8,2022-03-31,EMP_004455
Aisha Ibrahim,Ministry of Health,453957,5906666782,Zenith,BIO_54763,88.05,2023-07-11,EMP_004456
Hassan Suleiman,Ministry of Health,328656,1640728884,UBA,BIO_94556,97.38,2022-07-15,EMP_004457
Bola Oyedepo,Ministry of Water Resources,332601,6507588488,Access,BIO_14426,96.31,2019-08-29,EMP_004458
Nnamdi Onyeka,Nigeria Customs Service,493908,8938668911,GTBank,BIO_67508,99.12,2024-06-17,EMP_004459
Dele Oyedepo,Nigeria Customs Service,325503,7714128958,Access,BIO_86747,88.77,2022-07-21,EMP_004460
Nnamdi Okafor,Ministry of Water Resources,451842,8104748595,UBA,BIO_69717,93.71,2017-11-02,EMP_004461
Aisha Umar,Ministry of Works,430411,1818072191,UBA,BIO_94922,89.61,2023-08-08,EMP_004462
Bola Ogunlesi,Civil Service Commission,178163,6826942290,First Bank,BIO_41494,92.07,2019-10-30,EMP_004463
Femi Adeleke,Civil Service Commission,135697,5588270905,Zenith,BIO_42943,92.24,2019-05-16,EMP_004464
Tayo Adeyemi,Ministry of Education,81102,7049300677,GTBank,BIO_42095,89.49,2024-03-28,EMP_004465
Usman Mohammed,Ministry of Water Resources,354061,3030646013,GTBank,BIO_95129,86.1,2019-08-25,EMP_004466
Amina Yusuf,Ministry of Education,216902,5035708446,Access,BIO_21780,94.32,2019-03-13,EMP_004467
Usman Mohammed,Ministry of Works,440413,9575304427,UBA,BIO_94585,93.3,2017-07-25,EMP_004468
Yemi Adeleke,Ministry of Agriculture,418906,5520317410,Zenith,BIO_12592,86.38,2021-05-22,EMP_004469
Uchenna Obiora,Ministry of Power,459757,9028407580,Zenith,BIO_60362,85.59,2023-07-12,EMP_004470
Abubakar Ibrahim,Ministry of Works,466950,4436148348,Access,BIO_91493,87.85,2019-04-14,EMP_004471
Nnamdi Okafor,Ministry of Education,401512,7053983248,Access,BIO_44666,96.63,2017-09-10,EMP_004472
Chinedu Ani,Ministry of Works,493406,8131013971,UBA,BIO_52538,85.65,2018-05-25,EMP_004473
Hassan Suleiman,Ministry of Finance,286847,9033728779,Access,BIO_37923,86.27,2024-05-20,EMP_004474
Dele Ogunlesi,Nigeria Customs Service,272402,5262599786,Access,BIO_67215,97.41,2022-08-24,EMP_004475
Tayo Adeleke,Ministry of Works,366752,2804196712,Access,BIO_57027,87.41,2016-06-09,EMP_004476
Chioma Nwankwo,Nigeria Customs Service,350753,3079791413,Access,BIO_46549,91.18,2024-11-20,EMP_004477
Dele Adeyemi,Ministry of Education,191748,2366408127,Access,BIO_58832,97.16,2020-12-16,EMP_004478
Chukwu Onyeka,Nigeria Customs Service,249452,2150676986,Zenith,BIO_42792,94.79,2022-06-16,EMP_004479
Abubakar Yusuf,Civil Service Commission,367310,6832480823,UBA,BIO_82357,93.37,2016-10-16,EMP_004480
Ade Oyedepo,Civil Service Commission,117073,7363592618,Zenith,BIO_50196,85.25,2017-07-14,EMP_004481
Yemi Oyedepo,Ministry of Water Resources,340240,1276156832,Zenith,BIO_45155,89.56,2021-07-27,EMP_004482
Hassan Mohammed,Ministry of Power,121964,5177303175,First Bank,BIO_36012,89.88,2021-01-01,EMP_004483
Bola Oyedepo,Ministry of Works,234728,7695862658,UBA,BIO_66263,89.4,2020-04-19,EMP_004484
Dele Adebayo,Ministry of Works,225954,2574363506,UBA,BIO_12100,96.53,2018-03-25,EMP_004485
Tayo Adebayo,Ministry of Agriculture,395363,6493257603,Zenith,BIO_79030,87.9,2022-04-18,EMP_004486
Fatima Umar,Ministry of Education,476939,4619826449,UBA,BIO_41280,89.31,2019-08-27,EMP_004487
Okechukwu Nwosu,Civil Service Commission,479187,7135326200,Access,BIO_37870,88.01,2019-07-22,EMP_004488
Chinedu Onyeka,Ministry of Finance,173722,9007124280,Zenith,BIO_12988,95.7,2021-07-11,EMP_004489
Chiamaka Okonkwo,Ministry of Health,429524,1790010459,Zenith,BIO_35396,90.23,2021-07-30,EMP_004490
Fatima Ahmad,Ministry of Water Resources,109938,4442943819,Zenith,BIO_19477,97.24,2022-05-24,EMP_004491
Chinedu Nwosu,Ministry of Agriculture,495400,1396071981,Access,BIO_63541,96.5,2018-02-12,EMP_004492
Zainab Musa,Ministry of Health,201097,2380280063,First Bank,BIO_85143,93.17,2019-08-24,EMP_004493
Tunde Adeleke,Ministry of Finance,271586,1335870384,Access,BIO_21304,87.43,2020-03-07,EMP_004494
Dele Oyedepo,Ministry of Works,393628,9180890219,GTBank,BIO_82693,86.67,2021-11-06,EMP_004495
Amina Ibrahim,Ministry of Agriculture,405980,1297118513,UBA,BIO_88259,93.61,2024-01-27,EMP_004496
Yemi Adeleke,Ministry of Finance,364975,3535976567,Access,BIO_21714,91.41,2023-12-10,EMP_004497
Femi Adebayo,Ministry of Power,461608,4986788272,Zenith,BIO_78601,90.74,2022-08-07,EMP_004498
Ibrahim Ahmad,Ministry of Education,419099,4456465264,GTBank,BIO_22557,97.62,2021-06-29,EMP_004499
Okechukwu Obiora,Federal Roads Maintenance Agency,120617,9300363369,First Bank,BIO_54962,93.3,2022-05-11,EMP_004500
Chiamaka Onyeka,Ministry of Power,405416,4012459067,First Bank,BIO_99819,87.26,2018-07-06,EMP_004501
Femi Ogunlesi,Ministry of Health,159927,7444258518,Access,BIO_37598,94.77,2024-08-24,EMP_004502
Okechukwu Okonkwo,Ministry of Agriculture,499523,1531674076,UBA,BIO_15857,95.73,2018-10-29,EMP_004503
Ade Adeyemi,Nigeria Customs Service,427296,7349053776,UBA,BIO_53417,92.3,2016-11-16,EMP_004504
Ibrahim Ahmad,Ministry of Agriculture,370909,9961340761,Zenith,BIO_52650,90.23,2021-09-26,EMP_004505
Adaeze Okafor,Federal Roads Maintenance Agency,142341,1662519502,Access,BIO_78649,86.69,2017-11-13,EMP_004506
Ade Adeyemi,Nigeria Customs Service,158841,7156673750,Access,BIO_37260,90.28,2023-02-02,EMP_004507
Chioma Eze,Federal Roads Maintenance Agency,495892,2411774758,First Bank,BIO_45662,95.36,2022-01-09,EMP_004508
Chukwu Okafor,Ministry of Works,1166384,4759847929,First Bank,BIO_34389,88.47,2025-07-29,EMP_004509
Tayo Adeleke,Ministry of Education,192835,3132533081,UBA,BIO_83161,91.44,2017-05-16,EMP_004510
Chukwu Okafor,Ministry of Finance,356050,5217768110,First Bank,BIO_67089,87.25,2019-02-11,EMP_004511
Hassan Suleiman,Nigeria Customs Service,146288,3183323363,First Bank,BIO_49631,88.53,2023-02-06,EMP_004512
Adaeze Nwosu,Ministry of Water Resources,463341,5267340634,First Bank,BIO_55659,91.97,2020-04-16,EMP_004513
Nnamdi Ani,Nigeria Customs Service,342981,8833879004,Zenith,BIO_48709,91.2,2020-03-16,EMP_004514
Hassan Yusuf,Ministry of Education,215198,4857576667,Zenith,BIO_58328,92.13,2016-12-22,EMP_004515
Ade Adeleke,Ministry of Works,472437,8739507393,Zenith,BIO_67462,85.06,2023-07-05,EMP_004516
Femi Oyedepo,Ministry of Finance,278936,8080476689,UBA,BIO_79984,92.8,2024-08-13,EMP_004517
Zainab Umar,Ministry of Power,141517,3790282683,Zenith,BIO_39910,87.72,2016-09-18,EMP_004518
Uchenna Nwosu,Ministry of Power,188316,8471699074,Zenith,BIO_62171,86.53,2020-12-28,EMP_004519
Aisha Musa,Ministry of Works,402113,2474450610,UBA,BIO_31886,88.99,2021-01-21,EMP_004520
Okechukwu Okafor,Federal Roads Maintenance Agency,325640,4748703204,Access,BIO_47570,87.69,2021-10-16,EMP_004521
Amina Suleiman,Ministry of Education,194066,1311898312,Zenith,BIO_51332,92.46,2020-10-14,EMP_004522
Dele Williams,Ministry of Finance,490485,9558291613,Zenith,BIO_39028,90.37,2022-10-14,EMP_004523
Okechukwu Nwankwo,Ministry of Education,408130,2091468320,GTBank,BIO_41336,94.61,2019-01-19,EMP_004524
Tunde Oyedepo,Ministry of Power,170430,9967020557,Zenith,BIO_96405,90.84,2023-08-21,EMP_004525
Chukwu Ani,Ministry of Water Resources,473734,7531521860,GTBank,BIO_26530,90.97,2024-12-22,EMP_004526
Nnamdi Nwosu,Ministry of Education,460625,9008162434,UBA,BIO_24848,94.3,2019-08-28,EMP_004527
Femi Adebayo,Ministry of Education,1296926,3083300358,First Bank,BIO_99924,89.35,2025-07-12,EMP_004528
Chinedu Okafor,Civil Service Commission,400488,6150575672,UBA,BIO_77858,86.41,2018-07-20,EMP_004529
Ade Adeleke,Nigeria Customs Service,104147,4111189735,First Bank,BIO_56767,95.19,2016-08-31,EMP_004530
Tunde Adeleke,Federal Roads Maintenance Agency,97564,4984550208,Zenith,BIO_51196,94.36,2023-03-08,EMP_004531
Adaeze Onyeka,Ministry of Finance,233459,1727296434,Access,BIO_94414,86.87,2024-10-07,EMP_004532
Abubakar Ibrahim,Ministry of Water Resources,471515,3499438044,GTBank,BIO_48708,85.28,2021-08-10,EMP_004533
Kemi Williams,Ministry of Agriculture,399585,7392702043,First Bank,BIO_88097,91.28,2017-04-04,EMP_004534
Ade Adeyemi,Civil Service Commission,295163,5710313628,Zenith,BIO_33018,86.65,2023-08-03,EMP_004535
Okechukwu Eze,Ministry of Power,308359,6327868154,First Bank,BIO_83657,99.4,2020-09-14,EMP_004536
Fatima Musa,Civil Service Commission,237230,3107865684,UBA,BIO_42069,96.09,2021-07-01,EMP_004537
Tunde Adeleke,Federal Roads Maintenance Agency,226363,1485740350,UBA,BIO_51706,94.84,2021-12-11,EMP_004538
Chukwu Okonkwo,Civil Service Commission,84347,7353664351,Zenith,BIO_87286,87.06,2018-01-24,EMP_004539
Chioma Nwosu,Ministry of Education,171827,3485882179,Access,BIO_71956,90.07,2021-04-30,EMP_004540
Zainab Mohammed,Ministry of Health,180150,2908124124,UBA,,99.9,2025-06-16,EMP_004541
Hassan Yusuf,Ministry of Education,402124,7754156269,Zenith,BIO_97241,97.55,2025-03-23,EMP_004542
Ibrahim Ibrahim,Ministry of Power,346906,6301387224,First Bank,BIO_53538,87.45,2018-02-16,EMP_004543
Bola Adeyemi,Ministry of Agriculture,110771,7234982958,Access,BIO_58860,98.63,2019-12-10,EMP_004544
Adaeze Ani,Ministry of Health,86522,1648342018,GTBank,BIO_46376,97.89,2021-12-22,EMP_004545
Ade Williams,Nigeria Customs Service,352478,3332725707,GTBank,BIO_43626,88.56,2019-05-03,EMP_004546
Usman Musa,Ministry of Power,289420,7505851623,Zenith,BIO_35517,93.4,2016-10-01,EMP_004547
Fatima Suleiman,Federal Roads Maintenance Agency,105773,9329683918,First Bank,BIO_49845,92.0,2019-10-31,EMP_004548
Aisha Mohammed,Ministry of Agriculture,246985,9753692009,GTBank,BIO_25456,86.73,2023-05-27,EMP_004549
Abubakar Suleiman,Civil Service Commission,357679,9602591193,GTBank,BIO_73430,96.04,2020-05-15,EMP_004550
Usman Ibrahim,Ministry of Works,300562,4346675173,GTBank,BIO_16897,93.74,2021-11-14,EMP_004551
Fatima Musa,Ministry of Water Resources,278522,6614297395,UBA,BIO_24263,92.17,2024-04-07,EMP_004552
Chukwu Nwankwo,Civil Service Commission,488524,6858893903,GTBank,BIO_48349,97.15,2019-11-25,EMP_004553
Chukwu Okafor,Nigeria Customs Service,408233,4443050642,Access,BIO_19522,97.8,2024-12-26,EMP_004554
Amina Ibrahim,Ministry of Power,179106,4547140953,GTBank,BIO_48687,89.54,2018-02-03,EMP_004555
Chioma Okonkwo,Ministry of Agriculture,231177,7457437079,UBA,BIO_30503,86.92,2025-02-02,EMP_004556
Hassan Ahmad,Ministry of Education,233139,6568877153,GTBank,BIO_90604,85.11,2022-06-24,EMP_004557
Chukwu Nwosu,Federal Roads Maintenance Agency,492282,9638987809,UBA,BIO_87146,85.01,2019-05-22,EMP_004558
Dele Adebayo,Ministry of Agriculture,329901,1334248928,First Bank,BIO_15149,95.27,2018-08-20,EMP_004559
Ibrahim Musa,Ministry of Water Resources,419150,7432730294,UBA,BIO_97986,92.9,2017-11-21,EMP_004560
Usman Musa,Ministry of Finance,214437,7614241705,GTBank,BIO_67616,90.01,2025-05-05,EMP_004561
Dele Oyedepo,Federal Roads Maintenance Agency,391542,4382183500,First Bank,BIO_13200,97.86,2022-07-05,EMP_004562
Chiamaka Onyeka,Federal Roads Maintenance Agency,367158,8344223777,GTBank,BIO_24259,91.36,2018-10-03,EMP_004563
Nnamdi Obiora,Ministry of Agriculture,1288755,3536118224,Zenith,BIO_77308,94.37,2026-03-09,EMP_004564
Chukwu Onyeka,Civil Service Commission,269110,3116282758,GTBank,BIO_61923,91.13,2018-09-07,EMP_004565
Abubakar Mohammed,Nigeria Customs Service,465379,8255804728,Zenith,BIO_78878,95.02,2017-06-16,EMP_004566
Ibrahim Umar,Ministry of Education,439502,1478470492,UBA,BIO_32051,92.76,2022-08-08,EMP_004567
Okechukwu Nwankwo,Ministry of Agriculture,215739,8063200162,GTBank,BIO_59555,96.78,2020-01-18,EMP_004568
Nnamdi Nwosu,Federal Roads Maintenance Agency,398641,5241067363,First Bank,BIO_84897,91.57,2023-01-05,EMP_004569
Chioma Nwankwo,Ministry of Education,355738,1971424228,First Bank,BIO_56726,87.48,2018-07-03,EMP_004570
Zainab Umar,Ministry of Finance,254513,6343947408,First Bank,BIO_19460,97.41,2023-03-15,EMP_004571
Uchenna Nwosu,Ministry of Finance,228228,7075715766,UBA,BIO_87240,89.09,2023-12-07,EMP_004572
Usman Ibrahim,Nigeria Customs Service,379656,9600016652,UBA,BIO_88442,96.43,2016-08-06,EMP_004573
Yemi Williams,Nigeria Customs Service,339858,4304518131,Zenith,BIO_85663,97.77,2017-03-08,EMP_004574
Uchenna Obiora,Federal Roads Maintenance Agency,443882,3987846943,Access,BIO_43067,93.96,2020-04-27,EMP_004575
Chinedu Okonkwo,Ministry of Finance,411358,2929718784,Access,BIO_35817,88.71,2017-04-08,EMP_004576
Adaeze Nwankwo,Ministry of Finance,154847,9951159227,Zenith,BIO_33847,87.74,2024-01-07,EMP_004577
Chioma Okonkwo,Civil Service Commission,383315,7712394216,Access,BIO_46287,86.51,2023-11-05,EMP_004578
Okechukwu Okonkwo,Ministry of Works,298420,2909001512,Zenith,BIO_11798,86.07,2017-09-22,EMP_004579
Zainab Umar,Civil Service Commission,427478,4643117917,UBA,BIO_51115,91.57,2020-03-08,EMP_004580
Zainab Umar,Ministry of Power,287528,8704287629,UBA,BIO_93387,86.79,2016-06-01,EMP_004581
Ibrahim Umar,Ministry of Water Resources,145281,2172881976,Zenith,BIO_18342,90.59,2023-04-27,EMP_004582
Chinedu Obiora,Ministry of Water Resources,411376,8792733190,Zenith,BIO_10362,91.68,2018-02-10,EMP_004583
Hassan Ahmad,Ministry of Finance,134986,3912491568,UBA,BIO_94254,95.23,2023-10-07,EMP_004584
Hassan Umar,Nigeria Customs Service,387537,6114765529,UBA,BIO_87760,88.06,2024-10-04,EMP_004585
Ade Ogunlesi,Ministry of Water Resources,185966,3226980777,UBA,BIO_39828,86.88,2024-12-01,EMP_004586
Bola Ogunlesi,Ministry of Health,495925,4518111264,Access,BIO_40397,89.41,2022-10-31,EMP_004587
Chiamaka Nwosu,Ministry of Water Resources,343285,1165224042,GTBank,BIO_34526,94.52,2024-08-02,EMP_004588
Tayo Adeleke,Ministry of Agriculture,317753,8162361261,UBA,BIO_78341,88.51,2016-10-24,EMP_004589
Adaeze Eze,Ministry of Education,443390,2818671026,Access,BIO_97665,86.18,2023-04-02,EMP_004590
Usman Yusuf,Civil Service Commission,320993,2874593903,First Bank,BIO_85350,87.77,2019-08-25,EMP_004591
Chinedu Okafor,Ministry of Agriculture,237216,6799473801,UBA,BIO_62023,90.95,2023-05-16,EMP_004592
Tayo Oyedepo,Ministry of Works,345616,5255048984,UBA,BIO_81263,87.56,2022-04-28,EMP_004593
Kemi Oyedepo,Ministry of Agriculture,444622,8017473301,Access,BIO_85151,91.68,2022-01-01,EMP_004594
Nnamdi Ani,Ministry of Power,391828,7945791644,Zenith,BIO_33719,87.37,2023-01-01,EMP_004595
Hassan Umar,Ministry of Education,181167,2516693317,GTBank,BIO_70785,89.85,2024-05-14,EMP_004596
Abubakar Ahmad,Ministry of Finance,402750,5101236172,Zenith,BIO_12779,86.53,2024-02-05,EMP_004597
Okechukwu Obiora,Nigeria Customs Service,491645,4442246075,UBA,BIO_72331,88.72,2020-11-12,EMP_004598
Chioma Eze,Ministry of Water Resources,344901,5316094417,UBA,BIO_73083,96.76,2022-08-26,EMP_004599
Okechukwu Nwosu,Nigeria Customs Service,112237,8270356876,First Bank,BIO_99586,94.73,2022-09-22,EMP_004600
Okechukwu Obiora,Ministry of Water Resources,297907,7410822143,UBA,BIO_88911,95.96,2016-11-09,EMP_004601
Okechukwu Obiora,Ministry of Water Resources,205940,4463558359,Access,BIO_88641,86.31,2020-02-03,EMP_004602
Kemi Adebayo,Ministry of Finance,345095,9147915937,Zenith,BIO_78120,93.31,2023-10-31,EMP_004603
Dele Adeleke,Ministry of Agriculture,249792,5227547150,UBA,BIO_33893,87.82,2024-04-16,EMP_004604
Usman Musa,Ministry of Works,390604,6867490669,UBA,BIO_28618,96.15,2024-06-23,EMP_004605
Ibrahim Musa,Civil Service Commission,123115,4724304626,Access,BIO_57157,87.1,2021-09-06,EMP_004606
Zainab Mohammed,Civil Service Commission,408625,7949518871,First Bank,BIO_67627,94.82,2023-01-07,EMP_004607
Hassan Umar,Ministry of Education,311309,5182699001,Zenith,BIO_37556,95.38,2017-02-04,EMP_004608
Ibrahim Yusuf,Federal Roads Maintenance Agency,282368,3521247612,UBA,BIO_87835,86.83,2017-08-15,EMP_004609
Fatima Musa,Ministry of Health,127564,6095342403,First Bank,BIO_55554,97.02,2016-12-31,EMP_004610
Chukwu Nwosu,Civil Service Commission,341457,3115868468,First Bank,BIO_27211,93.76,2019-06-22,EMP_004611
Femi Adeyemi,Nigeria Customs Service,489099,1452672046,GTBank,BIO_83026,94.98,2016-05-28,EMP_004612
Dele Adebayo,Federal Roads Maintenance Agency,367437,3986495989,GTBank,BIO_48569,86.21,2024-02-19,EMP_004613
Nnamdi Eze,Ministry of Works,451070,5598226827,First Bank,BIO_58678,92.7,2016-08-03,EMP_004614
Fatima Yusuf,Ministry of Health,461158,9245909267,Access,BIO_86870,96.31,2018-09-07,EMP_004615
Fatima Ibrahim,Ministry of Water Resources,192282,5020631136,UBA,BIO_88358,98.69,2022-02-10,EMP_004616
Zainab Umar,Ministry of Water Resources,285887,4473508421,First Bank,BIO_84418,93.05,2024-01-11,EMP_004617
Kemi Williams,Ministry of Education,83822,4173336816,Access,BIO_65780,95.92,2018-12-24,EMP_004618
Adaeze Eze,Ministry of Works,285069,5281803556,Zenith,BIO_64558,92.05,2024-10-04,EMP_004619
Chukwu Nwankwo,Ministry of Finance,418222,1536567143,Zenith,BIO_49562,88.38,2023-08-31,EMP_004620
Adaeze Nwosu,Ministry of Finance,235375,2899998224,First Bank,BIO_56469,97.5,2022-03-08,EMP_004621
Tayo Ogunlesi,Ministry of Water Resources,488701,1755132868,Zenith,BIO_47652,97.07,2022-10-12,EMP_004622
Ibrahim Ahmad,Federal Roads Maintenance Agency,160689,6094407393,Access,BIO_87256,90.42,2023-01-03,EMP_004623
Usman Musa,Ministry of Power,184145,5140861050,Zenith,,99.9,2025-12-19,EMP_004624
Ade Williams,Civil Service Commission,199014,8975822304,Access,BIO_91118,85.68,2016-08-06,EMP_004625
Bola Oyedepo,Ministry of Works,268602,9464194208,First Bank,BIO_20251,93.79,2022-07-22,EMP_004626
Hassan Mohammed,Nigeria Customs Service,462878,2242400949,UBA,BIO_41696,90.6,2024-05-13,EMP_004627
Bola Williams,Federal Roads Maintenance Agency,241359,3054864423,GTBank,BIO_98814,94.13,2020-01-27,EMP_004628
Chioma Ani,Ministry of Education,396706,1679505606,First Bank,BIO_15716,97.31,2016-06-29,EMP_004629
Chiamaka Eze,Ministry of Water Resources,219432,8046086063,Access,BIO_41041,96.92,2020-06-06,EMP_004630
Chioma Obiora,Ministry of Agriculture,116278,3220860589,UBA,BIO_29245,91.61,2025-05-13,EMP_004631
Yemi Adebayo,Nigeria Customs Service,395725,2804893084,GTBank,BIO_67188,92.86,2023-01-19,EMP_004632
Chukwu Nwosu,Ministry of Health,374158,3690350691,Zenith,BIO_22886,90.09,2024-09-08,EMP_004633
Chukwu Ani,Ministry of Power,141866,1500299597,Zenith,BIO_45660,96.65,2019-01-30,EMP_004634
Nnamdi Obiora,Ministry of Power,159992,9757216002,Access,BIO_29767,87.48,2024-03-21,EMP_004635
Abubakar Suleiman,Ministry of Power,338173,5240098976,Access,BIO_81364,87.9,2024-07-28,EMP_004636
Okechukwu Nwankwo,Nigeria Customs Service,259387,9677515295,First Bank,BIO_78073,88.47,2023-02-07,EMP_004637
Hassan Ahmad,Civil Service Commission,304703,5247278977,Zenith,BIO_81102,97.54,2016-06-27,EMP_004638
Hassan Ahmad,Nigeria Customs Service,384708,6930038423,First Bank,BIO_81722,95.05,2018-11-26,EMP_004639
Amina Ahmad,Ministry of Agriculture,370063,7880154282,GTBank,BIO_72828,89.8,2017-09-08,EMP_004640
Femi Adeleke,Ministry of Power,232349,5092727685,UBA,BIO_99834,93.68,2022-03-12,EMP_004641
Fatima Umar,Ministry of Water Resources,119057,6794004665,First Bank,BIO_71176,95.54,2020-08-20,EMP_004642
Tayo Williams,Civil Service Commission,472439,5201140502,UBA,,99.9,2025-09-05,EMP_004643
Bola Ogunlesi,Federal Roads Maintenance Agency,212099,4671327744,UBA,BIO_73282,91.94,2025-05-11,EMP_004644
Adaeze Okafor,Ministry of Water Resources,335234,8194955482,Access,BIO_92253,91.33,2020-08-01,EMP_004645
Uchenna Nwankwo,Ministry of Power,385264,4978384983,GTBank,,99.9,2024-10-20,EMP_004646
Okechukwu Okonkwo,Ministry of Water Resources,425494,1617849891,Access,BIO_98951,87.38,2017-01-10,EMP_004647
Chukwu Obiora,Ministry of Power,319579,8226244834,GTBank,BIO_77985,96.23,2017-09-20,EMP_004648
Usman Umar,Ministry of Agriculture,466857,2878146829,GTBank,BIO_15751,91.93,2020-02-20,EMP_004649
Dele Adebayo,Ministry of Water Resources,494187,2355892374,Zenith,BIO_87761,89.8,2019-12-10,EMP_004650
Yemi Oyedepo,Ministry of Works,262828,2676484613,Zenith,BIO_28212,95.21,2021-08-10,EMP_004651
Nnamdi Ani,Ministry of Power,169622,2297993570,First Bank,BIO_63022,95.02,2021-06-24,EMP_004652
Tayo Adebayo,Ministry of Water Resources,245868,5316156762,UBA,BIO_50980,96.45,2025-03-29,EMP_004653
Bola Adeleke,Federal Roads Maintenance Agency,424051,7563797798,Zenith,BIO_88482,86.4,2016-07-07,EMP_004654
Bola Adebayo,Civil Service Commission,346747,2196527867,UBA,BIO_50862,95.83,2023-09-01,EMP_004655
Uchenna Eze,Ministry of Water Resources,365151,3361271588,Access,BIO_55593,90.56,2018-06-30,EMP_004656
Hassan Ibrahim,Ministry of Water Resources,386885,8850673249,Zenith,BIO_43285,93.66,2023-09-04,EMP_004657
Hassan Umar,Ministry of Works,463680,4093866230,Access,BIO_76993,95.18,2020-07-25,EMP_004658
Ade Ogunlesi,Ministry of Finance,215338,6255251270,Zenith,BIO_27730,86.74,2018-08-15,EMP_004659
Chioma Okonkwo,Ministry of Power,283949,9331060855,Access,BIO_87844,89.16,2021-09-21,EMP_004660
Zainab Musa,Ministry of Water Resources,404174,2902817936,Zenith,BIO_81705,92.03,2018-10-11,EMP_004661
Chiamaka Ani,Ministry of Education,362222,4797128071,Access,BIO_87208,91.44,2024-04-01,EMP_004662
Zainab Suleiman,Federal Roads Maintenance Agency,467106,4810388565,Access,BIO_77767,96.44,2022-02-02,EMP_004663
Zainab Umar,Ministry of Agriculture,284106,6891752708,Access,,99.9,2025-09-17,EMP_004664
Ibrahim Ibrahim,Ministry of Finance,229264,8411434666,UBA,BIO_85516,97.55,2019-04-27,EMP_004665
Femi Ogunlesi,Ministry of Works,329466,2106182905,Access,BIO_12001,95.26,2021-04-01,EMP_004666
Zainab Ibrahim,Ministry of Water Resources,155139,9450837910,Access,BIO_25732,85.93,2017-01-05,EMP_004667
Yemi Oyedepo,Ministry of Education,399105,7655955820,First Bank,BIO_11550,94.63,2017-08-03,EMP_004668
Abubakar Mohammed,Nigeria Customs Service,306486,4575912003,UBA,BIO_15676,95.82,2023-01-02,EMP_004669
Chiamaka Okonkwo,Ministry of Finance,257300,3706298984,Zenith,BIO_49933,98.0,2017-02-23,EMP_004670
Okechukwu Okafor,Federal Roads Maintenance Agency,287702,2680797290,UBA,BIO_46489,89.25,2019-07-11,EMP_004671
Adaeze Okafor,Civil Service Commission,247246,9736098044,Zenith,BIO_75064,97.26,2017-09-16,EMP_004672
Fatima Mohammed,Nigeria Customs Service,454112,6426838653,Zenith,BIO_56630,88.14,2022-05-18,EMP_004673
Chinedu Nwosu,Federal Roads Maintenance Agency,278152,5981687122,Zenith,BIO_38888,90.38,2024-12-28,EMP_004674
Chioma Okonkwo,Ministry of Agriculture,218410,7423195893,UBA,BIO_10818,90.97,2016-09-15,EMP_004675
Chukwu Onyeka,Civil Service Commission,310156,7555664720,GTBank,BIO_92437,91.23,2022-05-24,EMP_004676
Femi Oyedepo,Ministry of Water Resources,154447,9847264442,First Bank,BIO_34689,93.74,2019-02-26,EMP_004677
Chioma Onyeka,Ministry of Agriculture,182164,4338049469,UBA,,99.9,2024-11-13,EMP_004678
Adaeze Ani,Nigeria Customs Service,479130,3779773500,First Bank,BIO_48029,92.27,2024-09-13,EMP_004679
Chukwu Ani,Civil Service Commission,490318,9373018498,Zenith,BIO_18722,95.72,2023-04-12,EMP_004680
Bola Adeyemi,Ministry of Health,390066,8098721476,UBA,BIO_29883,92.03,2018-01-26,EMP_004681
Okechukwu Ani,Ministry of Power,422227,6816881621,GTBank,BIO_53392,89.66,2019-05-02,EMP_004682
Okechukwu Ani,Ministry of Education,348219,2034131496,Access,BIO_24027,96.18,2021-04-15,EMP_004683
Chukwu Nwosu,Ministry of Water Resources,357098,8342840161,GTBank,BIO_86917,96.06,2020-04-05,EMP_004684
Adaeze Eze,Ministry of Health,462343,6991033987,Access,BIO_43859,91.89,2019-04-07,EMP_004685
Abubakar Ahmad,Nigeria Customs Service,87130,2523133161,GTBank,BIO_28137,93.22,2016-12-08,EMP_004686
Chinedu Onyeka,Ministry of Water Resources,376823,4935119018,Access,BIO_94315,88.36,2020-10-01,EMP_004687
Kemi Oyedepo,Federal Roads Maintenance Agency,119184,7508218213,Access,BIO_22390,90.67,2022-01-16,EMP_004688
Zainab Ahmad,Federal Roads Maintenance Agency,295524,5828510479,GTBank,,99.9,2026-04-07,EMP_004689
Chinedu Okonkwo,Ministry of Works,1147443,8828343745,First Bank,BIO_88019,87.4,2025-06-12,EMP_004690
Aisha Musa,Ministry of Power,218293,9049164416,GTBank,BIO_65117,86.77,2018-08-17,EMP_004691
Abubakar Umar,Ministry of Power,195573,8547374536,Access,BIO_16209,96.98,2018-03-11,EMP_004692
Chiamaka Onyeka,Ministry of Agriculture,161882,4101564484,Access,BIO_31224,85.02,2023-09-11,EMP_004693
Usman Yusuf,Ministry of Health,426960,1805397196,Zenith,BIO_99461,89.62,2023-11-04,EMP_004694
Hassan Mohammed,Ministry of Agriculture,389651,8514561397,Zenith,BIO_31267,97.95,2024-11-06,EMP_004695
Amina Umar,Ministry of Power,179585,9509893445,GTBank,BIO_82795,85.15,2016-09-02,EMP_004696
Bola Adeleke,Ministry of Health,154436,8088738984,Zenith,BIO_43974,86.65,2022-06-05,EMP_004697
Okechukwu Okonkwo,Ministry of Works,436281,3110417642,Zenith,BIO_51178,91.61,2022-04-10,EMP_004698
Chioma Nwankwo,Ministry of Works,305732,2435122629,UBA,,99.9,2025-04-07,EMP_004699
Kemi Adeyemi,Ministry of Finance,142426,5190201071,First Bank,BIO_84737,91.39,2021-08-28,EMP_004700
Chioma Obiora,Federal Roads Maintenance Agency,349548,9797115782,Zenith,BIO_42839,90.86,2022-09-01,EMP_004701
Kemi Adeleke,Ministry of Finance,310165,9263389677,UBA,BIO_16335,85.13,2022-11-02,EMP_004702
Fatima Ibrahim,Civil Service Commission,168204,7503106040,Zenith,BIO_12147,96.57,2019-09-27,EMP_004703
Okechukwu Ani,Nigeria Customs Service,328807,5254528176,GTBank,BIO_57738,89.58,2022-10-05,EMP_004704
Fatima Ahmad,Ministry of Education,434630,8464931918,First Bank,BIO_55241,86.13,2016-09-19,EMP_004705
Chinedu Nwosu,Ministry of Health,165593,7686548397,UBA,,99.9,2026-01-10,EMP_004706
Fatima Umar,Ministry of Finance,380992,7627979890,First Bank,BIO_81989,87.48,2017-08-30,EMP_004707
Amina Umar,Ministry of Works,307473,9152681948,UBA,BIO_94491,97.27,2022-07-08,EMP_004708
Tayo Oyedepo,Ministry of Finance,386935,5254171576,First Bank,BIO_36764,96.38,2018-12-30,EMP_004709
Fatima Mohammed,Ministry of Health,153277,5716823416,First Bank,BIO_16170,86.85,2018-10-05,EMP_004710
Aisha Umar,Ministry of Agriculture,132494,4209980369,GTBank,BIO_46236,89.03,2024-07-24,EMP_004711
Chiamaka Onyeka,Civil Service Commission,298379,1012546556,Zenith,BIO_47384,85.25,2020-02-10,EMP_004712
Zainab Yusuf,Ministry of Water Resources,492798,5887037435,First Bank,BIO_73849,94.03,2024-06-03,EMP_004713
Ade Ogunlesi,Nigeria Customs Service,167595,1699963180,First Bank,BIO_83181,97.8,2019-08-21,EMP_004714
Fatima Ibrahim,Nigeria Customs Service,261126,7466416070,GTBank,BIO_67558,93.51,2016-11-13,EMP_004715
Chiamaka Eze,Ministry of Education,133340,4435162689,Zenith,BIO_73819,92.54,2019-05-19,EMP_004716
Bola Adebayo,Ministry of Health,487121,9895727384,Access,BIO_30919,87.28,2023-06-20,EMP_004717
Uchenna Obiora,Ministry of Finance,346865,5499399436,GTBank,BIO_92617,86.51,2023-12-30,EMP_004718
Uchenna Nwankwo,Nigeria Customs Service,429422,4542916056,First Bank,BIO_30558,97.24,2017-02-01,EMP_004719
Amina Ahmad,Nigeria Customs Service,86780,6505846138,GTBank,BIO_54395,93.89,2024-03-16,EMP_004720
Chioma Okafor,Ministry of Finance,290806,4333674789,UBA,BIO_33941,96.96,2016-12-22,EMP_004721
Okechukwu Onyeka,Ministry of Education,977407,8481184601,UBA,BIO_24276,90.85,2025-06-24,EMP_004722
Ibrahim Ahmad,Ministry of Water Resources,426483,6047025961,GTBank,BIO_69780,95.51,2022-05-05,EMP_004723
Abubakar Suleiman,Ministry of Finance,378327,1244717167,UBA,BIO_62339,92.74,2023-05-26,EMP_004724
Uchenna Nwankwo,Ministry of Education,130619,8957684385,First Bank,BIO_72119,91.74,2023-10-06,EMP_004725
Bola Adeleke,Ministry of Works,359974,8298518094,GTBank,BIO_88140,87.4,2023-06-23,EMP_004726
Amina Umar,Ministry of Water Resources,497515,9188205732,Access,BIO_68036,95.88,2024-05-21,EMP_004727
Ade Oyedepo,Ministry of Works,396802,2645246792,First Bank,BIO_93558,96.26,2021-01-02,EMP_004728
Uchenna Nwankwo,Ministry of Works,245224,1604227842,Access,BIO_15005,96.27,2020-12-21,EMP_004729
Abubakar Yusuf,Ministry of Education,152508,9660685979,GTBank,BIO_20946,95.6,2018-12-21,EMP_004730
Ibrahim Mohammed,Federal Roads Maintenance Agency,383563,9480889743,Zenith,,99.9,2026-05-03,EMP_004731
Usman Umar,Ministry of Education,336764,4803300397,First Bank,BIO_44079,87.82,2016-07-01,EMP_004732
Okechukwu Okonkwo,Nigeria Customs Service,231010,6716026619,First Bank,BIO_35507,97.2,2024-09-19,EMP_004733
Dele Adeleke,Federal Roads Maintenance Agency,365919,9414920677,First Bank,BIO_64394,96.09,2020-05-28,EMP_004734
Fatima Umar,Ministry of Finance,296383,3333088345,Zenith,BIO_53254,87.98,2023-04-17,EMP_004735
Usman Ahmad,Civil Service Commission,449279,8918257983,GTBank,,99.9,2024-07-21,EMP_004736
Hassan Musa,Ministry of Agriculture,470995,1010395148,Access,BIO_14543,89.09,2025-02-24,EMP_004737
Tayo Adeleke,Civil Service Commission,449318,2765198336,UBA,BIO_99279,86.44,2021-11-24,EMP_004738
Abubakar Suleiman,Ministry of Health,293634,9704378416,First Bank,BIO_43521,95.7,2022-02-01,EMP_004739
Tunde Ogunlesi,Ministry of Health,397842,5816461386,GTBank,BIO_48422,92.64,2016-12-10,EMP_004740
Nnamdi Okonkwo,Nigeria Customs Service,350022,7185769527,Zenith,BIO_20043,95.36,2024-03-07,EMP_004741
Yemi Ogunlesi,Ministry of Education,133734,8175464951,Zenith,BIO_34854,93.82,2025-03-26,EMP_004742
Yemi Adeyemi,Federal Roads Maintenance Agency,322560,7108393265,Zenith,BIO_29724,90.06,2017-12-01,EMP_004743
Adaeze Okonkwo,Ministry of Water Resources,342749,3670301140,Zenith,BIO_34641,92.29,2023-01-13,EMP_004744
Abubakar Mohammed,Nigeria Customs Service,493401,6683614609,Access,BIO_39231,89.24,2019-03-11,EMP_004745
Chioma Ani,Civil Service Commission,264081,8656706018,UBA,BIO_33003,87.34,2017-12-29,EMP_004746
Fatima Umar,Ministry of Finance,117527,8627180548,Zenith,BIO_12293,96.13,2017-04-27,EMP_004747
Nnamdi Nwankwo,Ministry of Agriculture,284795,4350536903,First Bank,BIO_61245,92.5,2021-03-02,EMP_004748
Chinedu Ani,Ministry of Health,141910,8015254802,Access,BIO_95783,93.75,2016-07-13,EMP_004749
Ade Adeleke,Ministry of Finance,273545,5080950622,Access,BIO_79902,91.72,2021-07-03,EMP_004750
Chukwu Obiora,Nigeria Customs Service,449374,7211557213,GTBank,BIO_79281,91.0,2019-07-27,EMP_004751
Ibrahim Yusuf,Ministry of Works,126419,8067947801,GTBank,BIO_35631,95.77,2016-09-22,EMP_004752
Tayo Ogunlesi,Ministry of Works,113766,6231380010,First Bank,BIO_45160,95.65,2024-11-24,EMP_004753
Adaeze Ani,Nigeria Customs Service,396140,6621544105,UBA,BIO_21968,93.9,2021-06-12,EMP_004754
Aisha Ahmad,Nigeria Customs Service,321997,6787670915,First Bank,BIO_82633,93.37,2020-07-20,EMP_004755
Usman Ahmad,Ministry of Education,283843,4687096454,UBA,BIO_34349,89.9,2024-01-02,EMP_004756
Tayo Adeleke,Ministry of Power,235558,3839766580,GTBank,BIO_79102,95.0,2021-12-22,EMP_004757
Okechukwu Obiora,Ministry of Power,161660,6866287708,GTBank,BIO_61137,97.59,2017-09-22,EMP_004758
Chiamaka Onyeka,Nigeria Customs Service,370118,7747408907,Zenith,BIO_63543,95.55,2023-10-31,EMP_004759
Nnamdi Ani,Federal Roads Maintenance Agency,106389,2150393213,GTBank,BIO_91406,94.3,2016-06-26,EMP_004760
Fatima Ibrahim,Ministry of Health,181453,4977441558,Zenith,BIO_40158,89.21,2025-02-18,EMP_004761
Chinedu Obiora,Ministry of Finance,260454,8011367679,GTBank,BIO_91953,86.91,2023-11-17,EMP_004762
Tayo Adebayo,Ministry of Health,424019,5136507453,Access,BIO_24725,88.2,2021-05-21,EMP_004763
Aisha Mohammed,Federal Roads Maintenance Agency,305646,8421599033,UBA,BIO_16123,86.98,2017-02-22,EMP_004764
Chinedu Nwosu,Federal Roads Maintenance Agency,350857,8923702010,Zenith,BIO_49343,90.33,2017-10-27,EMP_004765
Femi Ogunlesi,Ministry of Health,226321,6378176613,UBA,BIO_47433,85.45,2017-12-27,EMP_004766
Amina Mohammed,Ministry of Works,486079,3008621880,UBA,BIO_36661,93.71,2023-02-21,EMP_004767
Chukwu Okonkwo,Civil Service Commission,117556,6311534784,UBA,BIO_50438,94.94,2024-02-10,EMP_004768
Fatima Mohammed,Ministry of Agriculture,217996,1389222213,Access,BIO_13781,97.04,2024-03-10,EMP_004769
Fatima Ibrahim,Ministry of Health,144442,7529881956,First Bank,BIO_42504,97.66,2020-05-25,EMP_004770
Femi Adeyemi,Federal Roads Maintenance Agency,181965,3648762402,Zenith,BIO_91860,87.28,2023-07-01,EMP_004771
Adaeze Nwankwo,Ministry of Health,228931,1640980265,Zenith,BIO_16662,94.21,2021-04-25,EMP_004772
Chinedu Obiora,Federal Roads Maintenance Agency,172796,5457845851,Zenith,BIO_86790,89.95,2017-06-22,EMP_004773
Hassan Mohammed,Ministry of Health,396391,9275965644,First Bank,BIO_70406,95.2,2018-05-04,EMP_004774
Chukwu Eze,Ministry of Water Resources,424830,2171992924,UBA,BIO_36182,89.45,2020-06-13,EMP_004775
Aisha Ibrahim,Ministry of Health,198006,1578843608,First Bank,BIO_24700,91.37,2016-06-01,EMP_004776
Aisha Suleiman,Ministry of Finance,118768,5066783261,GTBank,BIO_62026,97.13,2021-02-28,EMP_004777
Tunde Ogunlesi,Ministry of Agriculture,214435,9827494583,Zenith,BIO_97343,97.82,2024-11-21,EMP_004778
Nnamdi Eze,Federal Roads Maintenance Agency,272133,6602843076,First Bank,BIO_54202,96.02,2017-05-24,EMP_004779
Chinedu Okonkwo,Civil Service Commission,246660,2229259914,Access,BIO_55933,85.9,2021-08-07,EMP_004780
Dele Oyedepo,Ministry of Agriculture,436781,5861863417,Access,BIO_82907,87.31,2017-09-21,EMP_004781
Kemi Oyedepo,Ministry of Finance,238752,5037477085,Zenith,BIO_69740,94.2,2019-11-28,EMP_004782
Fatima Musa,Ministry of Agriculture,159521,9715922572,Zenith,BIO_17650,96.91,2021-04-30,EMP_004783
Ade Oyedepo,Ministry of Power,478282,7146654545,Zenith,BIO_34653,86.2,2024-09-05,EMP_004784
Nnamdi Ani,Federal Roads Maintenance Agency,323725,5802888336,Access,BIO_14865,90.01,2023-03-05,EMP_004785
Chiamaka Obiora,Ministry of Education,155149,2987526792,UBA,BIO_13479,90.33,2023-01-20,EMP_004786
Amina Ibrahim,Ministry of Education,195786,7864362678,Access,BIO_87227,91.76,2019-03-12,EMP_004787
Tayo Ogunlesi,Ministry of Finance,438764,1089436161,UBA,BIO_96383,92.52,2019-07-24,EMP_004788
Dele Adeyemi,Ministry of Health,294169,4418701276,Access,BIO_66833,92.46,2017-04-09,EMP_004789
Ibrahim Mohammed,Federal Roads Maintenance Agency,490511,6434943061,Zenith,BIO_30867,93.48,2024-04-21,EMP_004790
Dele Oyedepo,Ministry of Education,186148,6590377424,UBA,BIO_77256,89.38,2025-01-18,EMP_004791
Bola Adebayo,Ministry of Finance,175410,2193754293,GTBank,BIO_19542,93.64,2022-07-01,EMP_004792
Abubakar Yusuf,Ministry of Works,96061,9504255554,UBA,BIO_37607,91.91,2020-08-10,EMP_004793
Nnamdi Okafor,Federal Roads Maintenance Agency,391259,8404363572,Access,BIO_34865,94.99,2024-12-07,EMP_004794
Uchenna Onyeka,Federal Roads Maintenance Agency,396985,7272714687,Access,BIO_95789,93.55,2017-08-08,EMP_004795
Abubakar Suleiman,Ministry of Power,122903,4934742485,First Bank,BIO_48092,90.02,2021-02-24,EMP_004796
Tunde Adeyemi,Civil Service Commission,279543,2627383862,Zenith,BIO_74738,85.33,2025-01-03,EMP_004797
Dele Ogunlesi,Ministry of Finance,473455,5064653506,Access,BIO_42458,90.3,2018-01-16,EMP_004798
Zainab Ahmad,Federal Roads Maintenance Agency,328032,8460604184,Access,BIO_22931,97.14,2018-11-26,EMP_004799
Ade Adeyemi,Ministry of Education,232374,7637675080,GTBank,BIO_41848,86.38,2019-10-15,EMP_004800
Uchenna Onyeka,Ministry of Education,429336,3206539526,Access,BIO_40980,88.03,2019-05-04,EMP_004801
Femi Adeyemi,Ministry of Finance,414989,8338238562,Access,BIO_61720,93.14,2018-09-07,EMP_004802
Adaeze Obiora,Ministry of Agriculture,157918,6259905086,First Bank,BIO_68852,92.28,2022-06-02,EMP_004803
Femi Oyedepo,Civil Service Commission,134433,9714446291,GTBank,BIO_45834,97.82,2016-07-25,EMP_004804
Chiamaka Nwankwo,Ministry of Education,212332,5776677961,GTBank,BIO_83779,93.08,2017-10-11,EMP_004805
Chinedu Onyeka,Ministry of Agriculture,447995,4997633294,GTBank,BIO_13274,85.4,2020-01-26,EMP_004806
Zainab Yusuf,Ministry of Agriculture,405222,8118011798,Access,BIO_54034,93.35,2023-11-10,EMP_004807
Nnamdi Okonkwo,Nigeria Customs Service,440378,1883820274,First Bank,BIO_31484,97.1,2016-07-07,EMP_004808
Aisha Mohammed,Ministry of Health,228358,1366717825,Access,BIO_41095,88.53,2022-02-09,EMP_004809
Zainab Ahmad,Ministry of Agriculture,147441,8447250647,Zenith,BIO_85122,91.55,2021-04-04,EMP_004810
Uchenna Okonkwo,Ministry of Health,160529,8314927712,UBA,BIO_97595,95.39,2018-01-09,EMP_004811
Yemi Adebayo,Ministry of Agriculture,368102,6587491852,Zenith,BIO_87507,96.88,2019-09-30,EMP_004812
Hassan Umar,Civil Service Commission,229913,8828462888,GTBank,BIO_29529,87.29,2020-10-07,EMP_004813
Fatima Musa,Ministry of Agriculture,281168,4285084011,First Bank,BIO_41176,85.83,2022-04-01,EMP_004814
Femi Adebayo,Ministry of Agriculture,282208,4674658305,Zenith,BIO_30618,85.09,2016-09-14,EMP_004815
Chukwu Okonkwo,Ministry of Works,442474,5245252852,Zenith,BIO_79279,87.65,2019-09-10,EMP_004816
Ibrahim Musa,Ministry of Water Resources,234798,2772872504,First Bank,BIO_95478,90.98,2024-10-22,EMP_004817
Adaeze Okafor,Nigeria Customs Service,215319,9845157256,GTBank,BIO_28501,85.05,2017-09-08,EMP_004818
Usman Suleiman,Ministry of Health,419745,8484237690,GTBank,BIO_39143,94.97,2020-03-11,EMP_004819
Amina Suleiman,Ministry of Agriculture,487289,8536369991,Access,BIO_10261,91.81,2020-05-16,EMP_004820
Zainab Mohammed,Federal Roads Maintenance Agency,99636,1787918842,Access,BIO_10706,86.24,2023-05-17,EMP_004821
Femi Williams,Ministry of Power,230498,6207116362,GTBank,,99.9,2025-10-02,EMP_004822
Femi Adeyemi,Ministry of Water Resources,344533,6878169649,Access,BIO_49700,90.83,2022-12-31,EMP_004823
Yemi Adeleke,Ministry of Agriculture,256567,7392311009,First Bank,BIO_27904,92.97,2021-02-16,EMP_004824
Chinedu Nwankwo,Federal Roads Maintenance Agency,369213,8383211236,Zenith,BIO_61558,89.09,2025-02-08,EMP_004825
Okechukwu Nwosu,Ministry of Education,87722,2008238508,UBA,BIO_82826,96.26,2019-10-05,EMP_004826
Bola Adeleke,Ministry of Agriculture,165201,8577065558,UBA,BIO_49232,87.66,2025-01-20,EMP_004827
Yemi Ogunlesi,Civil Service Commission,470624,7267817835,GTBank,BIO_71520,85.67,2018-08-15,EMP_004828
Ibrahim Mohammed,Ministry of Works,253830,9347664898,UBA,BIO_75124,89.13,2022-07-18,EMP_004829
Aisha Suleiman,Ministry of Power,292753,7427499798,GTBank,,99.9,2024-08-02,EMP_004830
Amina Yusuf,Ministry of Power,371008,6260179592,Zenith,BIO_45603,91.04,2018-01-06,EMP_004831
Ibrahim Musa,Federal Roads Maintenance Agency,179547,6183573303,UBA,BIO_79096,92.83,2019-03-06,EMP_004832
Hassan Umar,Civil Service Commission,315992,9607509609,UBA,BIO_68413,85.27,2019-07-11,EMP_004833
Tunde Oyedepo,Civil Service Commission,273322,1163887231,Zenith,BIO_30070,89.54,2017-05-11,EMP_004834
Femi Adebayo,Ministry of Works,169309,9412203648,Access,BIO_89441,94.11,2018-06-25,EMP_004835
Uchenna Okafor,Ministry of Education,97682,3429406705,Access,BIO_38839,87.02,2018-01-10,EMP_004836
Ibrahim Ahmad,Ministry of Education,135812,5833730704,Zenith,BIO_80863,91.09,2024-02-14,EMP_004837
Nnamdi Okonkwo,Ministry of Water Resources,296548,1945414922,UBA,BIO_20364,97.3,2018-12-10,EMP_004838
Yemi Ogunlesi,Ministry of Agriculture,100082,4864107274,First Bank,BIO_83090,86.78,2019-09-10,EMP_004839
Chioma Okafor,Ministry of Education,160451,2547054841,Zenith,BIO_56111,90.11,2024-02-11,EMP_004840
Ade Williams,Nigeria Customs Service,373647,1426835595,UBA,BIO_35579,96.62,2019-01-23,EMP_004841
Bola Adeleke,Nigeria Customs Service,235698,5852868385,UBA,BIO_18413,97.99,2020-10-31,EMP_004842
Dele Adebayo,Ministry of Agriculture,455999,8449971538,GTBank,BIO_21644,90.44,2022-08-16,EMP_004843
Bola Adeyemi,Ministry of Power,317386,2796147245,UBA,BIO_92597,86.17,2016-10-06,EMP_004844
Fatima Yusuf,Nigeria Customs Service,341430,8128049809,Zenith,BIO_39593,97.77,2023-03-14,EMP_004845
Kemi Adeyemi,Ministry of Water Resources,397326,6872401155,UBA,BIO_67523,85.91,2018-12-10,EMP_004846
Chinedu Ani,Federal Roads Maintenance Agency,118507,2077127724,First Bank,BIO_31765,86.4,2023-04-08,EMP_004847
Chioma Onyeka,Ministry of Water Resources,310717,4887929623,GTBank,BIO_28320,98.56,2020-07-18,EMP_004848
Adaeze Onyeka,Ministry of Education,172771,6992695866,UBA,BIO_38714,97.76,2022-04-01,EMP_004849
Zainab Ahmad,Federal Roads Maintenance Agency,115250,3760141945,Access,BIO_72470,94.25,2024-10-07,EMP_004850
Yemi Ogunlesi,Ministry of Education,335278,3057681899,GTBank,BIO_79049,97.35,2023-07-30,EMP_004851
Ibrahim Suleiman,Ministry of Education,211134,3765534791,GTBank,BIO_30188,90.0,2020-04-09,EMP_004852
Aisha Umar,Ministry of Health,248216,9614606404,First Bank,BIO_24083,92.04,2024-04-24,EMP_004853
Tayo Oyedepo,Ministry of Finance,397012,9148615021,First Bank,BIO_52735,96.71,2017-06-21,EMP_004854
Kemi Williams,Ministry of Works,238946,9194895934,Access,BIO_53640,89.08,2025-04-21,EMP_004855
Hassan Ibrahim,Ministry of Works,486946,6414666765,GTBank,BIO_40066,89.34,2025-03-12,EMP_004856
Nnamdi Okonkwo,Civil Service Commission,471859,6954138419,Access,BIO_66115,86.36,2019-11-25,EMP_004857
Zainab Umar,Ministry of Education,228112,5178487014,Zenith,BIO_66199,91.76,2018-12-24,EMP_004858
Bola Adebayo,Ministry of Agriculture,262058,4187113794,GTBank,BIO_19941,89.13,2024-07-20,EMP_004859
Fatima Suleiman,Civil Service Commission,470899,8594905766,First Bank,BIO_55038,86.14,2022-10-12,EMP_004860
Chukwu Onyeka,Ministry of Health,427236,2038181016,UBA,,99.9,2025-11-25,EMP_004861
Amina Yusuf,Ministry of Finance,92831,9021768631,UBA,BIO_27775,88.1,2024-07-02,EMP_004862
Nnamdi Onyeka,Ministry of Agriculture,273403,7266232115,Zenith,BIO_32961,87.72,2020-04-01,EMP_004863
Abubakar Mohammed,Civil Service Commission,119505,9194123357,Access,BIO_11134,93.87,2020-12-10,EMP_004864
Hassan Mohammed,Ministry of Works,142861,5327912528,Access,BIO_84053,96.72,2025-02-13,EMP_004865
Abubakar Musa,Federal Roads Maintenance Agency,413330,2582516406,Zenith,BIO_49047,94.52,2024-01-07,EMP_004866
Tunde Adeleke,Nigeria Customs Service,484322,7973140972,GTBank,BIO_63558,95.4,2022-04-06,EMP_004867
Dele Williams,Ministry of Agriculture,209058,3706065667,UBA,,99.9,2025-11-05,EMP_004868
Aisha Ahmad,Ministry of Health,436310,9838130634,GTBank,BIO_36335,98.33,2016-10-30,EMP_004869
Fatima Umar,Ministry of Health,428405,7854996928,First Bank,BIO_88490,88.66,2019-01-28,EMP_004870
Uchenna Onyeka,Nigeria Customs Service,377920,5909489412,Zenith,BIO_31447,89.49,2020-02-09,EMP_004871
Hassan Umar,Ministry of Works,377159,3008812269,Zenith,BIO_87189,94.26,2016-10-09,EMP_004872
Femi Oyedepo,Federal Roads Maintenance Agency,94372,7034888558,GTBank,BIO_48420,89.58,2022-05-07,EMP_004873
Amina Yusuf,Federal Roads Maintenance Agency,392357,5948700092,Zenith,BIO_23255,93.74,2024-01-11,EMP_004874
Aisha Umar,Ministry of Education,224345,2940518216,GTBank,BIO_29422,87.66,2016-10-08,EMP_004875
Bola Adebayo,Ministry of Power,468309,9621526641,Access,BIO_33673,96.33,2018-01-03,EMP_004876
Usman Suleiman,Ministry of Education,345670,5708770809,Zenith,BIO_13018,90.06,2021-08-20,EMP_004877
Bola Adeyemi,Federal Roads Maintenance Agency,426204,2329949779,First Bank,BIO_52821,88.42,2024-06-15,EMP_004878
Nnamdi Onyeka,Nigeria Customs Service,466043,4377011293,First Bank,BIO_34541,97.14,2024-12-16,EMP_004879
Kemi Williams,Ministry of Finance,91018,8610602088,UBA,BIO_85651,95.03,2021-01-31,EMP_004880
Abubakar Umar,Ministry of Works,159082,4292118837,Access,BIO_77155,87.08,2017-07-05,EMP_004881
Kemi Adeleke,Ministry of Agriculture,495713,4942615239,UBA,BIO_75711,92.68,2019-11-10,EMP_004882
Bola Ogunlesi,Ministry of Finance,376321,2441909029,Zenith,BIO_39433,97.55,2024-10-04,EMP_004883
Aisha Musa,Nigeria Customs Service,201426,4062533596,Zenith,BIO_72116,89.12,2017-07-17,EMP_004884
Femi Adeleke,Ministry of Power,126392,3670814825,Access,BIO_28016,90.65,2016-09-27,EMP_004885
Tayo Ogunlesi,Ministry of Power,438855,2973577579,Access,BIO_94216,97.3,2018-06-16,EMP_004886
Nnamdi Okonkwo,Ministry of Power,316020,5861977376,UBA,BIO_27533,92.79,2023-01-25,EMP_004887
Dele Oyedepo,Federal Roads Maintenance Agency,135319,8087923649,GTBank,BIO_53473,91.71,2018-08-14,EMP_004888
Abubakar Ibrahim,Ministry of Finance,92476,8794417211,GTBank,BIO_97589,92.3,2024-12-25,EMP_004889
Bola Ogunlesi,Federal Roads Maintenance Agency,167454,2966647352,First Bank,BIO_93130,92.45,2024-06-03,EMP_004890
Aisha Mohammed,Ministry of Works,279133,7134426533,Zenith,BIO_47394,94.05,2018-11-24,EMP_004891
Tayo Oyedepo,Ministry of Works,191302,5852293471,UBA,BIO_86012,90.35,2020-06-01,EMP_004892
Yemi Adeyemi,Civil Service Commission,208749,3742229758,Access,BIO_24199,90.01,2023-09-21,EMP_004893
Kemi Ogunlesi,Ministry of Finance,392590,8393299949,Access,BIO_31847,94.6,2024-03-06,EMP_004894
Zainab Mohammed,Ministry of Water Resources,118030,7957422769,UBA,BIO_29562,95.18,2020-07-01,EMP_004895
Yemi Williams,Ministry of Works,290280,5569805290,Zenith,BIO_44085,85.87,2020-05-07,EMP_004896
Okechukwu Okafor,Nigeria Customs Service,363384,6945599967,UBA,,99.9,2025-03-11,EMP_004897
Ade Ogunlesi,Ministry of Power,358116,9042332220,First Bank,BIO_41744,92.51,2022-08-30,EMP_004898
Chiamaka Okafor,Ministry of Health,478660,2565563641,GTBank,BIO_93437,87.64,2022-11-30,EMP_004899
Abubakar Musa,Ministry of Agriculture,195100,6170708263,UBA,BIO_98460,92.92,2018-02-10,EMP_004900
Usman Ibrahim,Ministry of Finance,102265,4040730919,UBA,BIO_30651,86.24,2019-05-13,EMP_004901
Amina Ibrahim,Civil Service Commission,232336,5773684019,Zenith,BIO_93466,91.9,2019-03-21,EMP_004902
Okechukwu Onyeka,Ministry of Agriculture,331656,3407763217,Access,BIO_49078,97.71,2023-10-17,EMP_004903
Adaeze Eze,Ministry of Agriculture,164257,6534868186,GTBank,BIO_36495,90.55,2022-05-11,EMP_004904
Tayo Oyedepo,Nigeria Customs Service,452934,3528988072,UBA,BIO_37123,97.88,2024-05-24,EMP_004905
Tunde Adeleke,Federal Roads Maintenance Agency,487281,1852946120,Access,BIO_15649,97.14,2016-11-08,EMP_004906
Kemi Oyedepo,Civil Service Commission,161378,4370305758,UBA,BIO_53169,96.21,2021-08-17,EMP_004907
Chioma Onyeka,Federal Roads Maintenance Agency,447153,2396793418,UBA,BIO_86378,86.36,2021-07-16,EMP_004908
Hassan Umar,Ministry of Water Resources,356774,3334670852,UBA,BIO_73899,96.3,2024-10-20,EMP_004909
Ade Oyedepo,Civil Service Commission,1160840,1517737205,Access,BIO_59756,85.75,2025-12-05,EMP_004910
Kemi Adeleke,Civil Service Commission,392396,6025734594,Access,BIO_53670,85.32,2023-02-23,EMP_004911
Adaeze Okafor,Federal Roads Maintenance Agency,253884,1413474576,First Bank,BIO_39736,85.33,2024-06-26,EMP_004912
Fatima Mohammed,Ministry of Water Resources,179137,2898711537,Zenith,BIO_67690,87.75,2022-02-16,EMP_004913
Usman Suleiman,Ministry of Education,236419,7792969462,Zenith,BIO_17439,90.78,2023-08-18,EMP_004914
Bola Oyedepo,Ministry of Health,497406,7101262921,GTBank,BIO_63972,90.24,2017-07-12,EMP_004915
Okechukwu Nwosu,Ministry of Agriculture,371643,2316262416,Access,BIO_50521,89.41,2016-06-18,EMP_004916
Chukwu Okafor,Civil Service Commission,188633,4170453357,GTBank,BIO_56170,96.5,2019-01-21,EMP_004917
Adaeze Nwosu,Federal Roads Maintenance Agency,424360,5769133859,First Bank,BIO_50309,92.36,2023-03-04,EMP_004918
Kemi Oyedepo,Civil Service Commission,247212,6577936549,Zenith,BIO_99295,90.93,2021-10-08,EMP_004919
Tunde Ogunlesi,Ministry of Health,391452,4622402819,UBA,BIO_61326,94.84,2025-03-08,EMP_004920
Zainab Umar,Ministry of Agriculture,163271,5343489712,First Bank,BIO_38385,88.98,2022-01-05,EMP_004921
Zainab Suleiman,Ministry of Water Resources,362342,8277731119,Access,BIO_25225,92.76,2024-09-22,EMP_004922
Fatima Suleiman,Ministry of Finance,90492,9888007404,First Bank,BIO_22592,93.73,2017-03-12,EMP_004923
Dele Ogunlesi,Ministry of Agriculture,476456,5169286686,Zenith,BIO_84435,90.8,2023-03-15,EMP_004924
Ibrahim Ibrahim,Ministry of Agriculture,223329,4340494472,GTBank,BIO_69422,88.41,2023-04-10,EMP_004925
Ibrahim Yusuf,Ministry of Works,285250,9698376694,UBA,BIO_84512,97.1,2023-01-27,EMP_004926
Chiamaka Onyeka,Nigeria Customs Service,432703,1211099174,Zenith,BIO_71732,87.99,2019-04-10,EMP_004927
Okechukwu Onyeka,Federal Roads Maintenance Agency,298574,8054563311,Access,BIO_75599,92.54,2020-05-08,EMP_004928
Tunde Adebayo,Ministry of Health,102802,9611667734,Access,BIO_73947,92.4,2021-08-12,EMP_004929
Ibrahim Suleiman,Nigeria Customs Service,302694,5714266870,First Bank,BIO_87970,95.54,2019-10-29,EMP_004930
Chinedu Onyeka,Ministry of Works,234454,2158559305,UBA,BIO_69928,91.79,2023-06-06,EMP_004931
Adaeze Nwosu,Nigeria Customs Service,209730,8375859619,GTBank,BIO_51107,86.87,2020-08-08,EMP_004932
Hassan Mohammed,Ministry of Water Resources,352278,4472630351,First Bank,BIO_86272,88.0,2024-05-25,EMP_004933
Okechukwu Eze,Nigeria Customs Service,204439,9050069196,Access,BIO_51581,95.71,2017-10-17,EMP_004934
Bola Williams,Ministry of Health,486267,4120145141,Access,BIO_63456,93.75,2016-11-28,EMP_004935
Uchenna Ani,Ministry of Water Resources,445647,8646352936,Access,BIO_32872,91.01,2017-07-16,EMP_004936
Tayo Adeleke,Ministry of Education,174056,1128037743,Zenith,BIO_44299,85.09,2020-04-29,EMP_004937
Usman Yusuf,Ministry of Agriculture,419321,9049519657,GTBank,BIO_73410,99.32,2020-10-06,EMP_004938
Chioma Obiora,Ministry of Power,122601,3388620896,Access,BIO_95415,97.44,2021-12-18,EMP_004939
Chukwu Onyeka,Civil Service Commission,356115,4581939547,UBA,BIO_24526,85.94,2019-04-10,EMP_004940
Nnamdi Obiora,Nigeria Customs Service,479988,2933023188,Zenith,BIO_89955,91.72,2023-10-27,EMP_004941
Kemi Ogunlesi,Ministry of Power,404971,4514246748,GTBank,BIO_25696,86.06,2020-06-21,EMP_004942
Ibrahim Suleiman,Ministry of Water Resources,208653,2953172964,First Bank,BIO_22419,96.01,2024-05-05,EMP_004943
Chinedu Okonkwo,Ministry of Health,489008,9176525616,Access,,99.9,2026-04-14,EMP_004944
Ade Adebayo,Civil Service Commission,121991,9127326410,UBA,BIO_59170,85.37,2016-07-30,EMP_004945
Yemi Ogunlesi,Civil Service Commission,336347,1215478139,GTBank,BIO_78492,97.97,2023-01-25,EMP_004946
Aisha Umar,Ministry of Power,330051,5706798909,Zenith,BIO_97572,94.89,2022-03-31,EMP_004947
Tayo Adeyemi,Ministry of Works,284539,1775574486,UBA,BIO_17518,90.98,2019-10-01,EMP_004948
Yemi Adeleke,Ministry of Works,342605,5899201016,First Bank,BIO_30631,87.4,2018-08-23,EMP_004949
Nnamdi Okonkwo,Ministry of Education,456118,6940971642,First Bank,BIO_68719,89.11,2021-01-30,EMP_004950
Hassan Ahmad,Ministry of Education,177079,4272744137,UBA,BIO_23702,85.81,2021-11-28,EMP_004951
Abubakar Musa,Civil Service Commission,82175,4370990329,Access,,99.9,2026-03-10,EMP_004952
Chioma Okafor,Civil Service Commission,325164,4492423441,Zenith,BIO_48348,93.22,2022-02-13,EMP_004953
Bola Williams,Civil Service Commission,155634,7479387665,Access,BIO_81787,87.8,2022-04-20,EMP_004954
Kemi Adeleke,Nigeria Customs Service,289665,8374485819,First Bank,BIO_43167,95.38,2024-10-14,EMP_004955
Amina Yusuf,Ministry of Finance,234511,2870508099,Access,BIO_48474,97.02,2021-09-08,EMP_004956
Kemi Adeyemi,Ministry of Water Resources,332640,6575037480,UBA,BIO_59027,95.8,2024-04-15,EMP_004957
Abubakar Yusuf,Ministry of Finance,260216,2738052641,First Bank,BIO_81757,96.49,2019-01-23,EMP_004958
Hassan Musa,Ministry of Finance,457056,3850785105,Access,BIO_57151,87.81,2023-05-29,EMP_004959
Dele Adeleke,Ministry of Agriculture,315207,7850693641,UBA,BIO_29402,98.98,2021-09-09,EMP_004960
Ibrahim Ibrahim,Ministry of Water Resources,474169,2611319767,Access,BIO_91541,96.04,2021-11-20,EMP_004961
Dele Oyedepo,Ministry of Water Resources,229737,2657846696,First Bank,BIO_84903,95.96,2021-02-09,EMP_004962
Hassan Umar,Ministry of Power,415674,5090996968,Zenith,BIO_48984,87.06,2024-03-15,EMP_004963
Femi Adeyemi,Federal Roads Maintenance Agency,495802,8918384361,Access,BIO_74883,89.89,2019-09-20,EMP_004964
Usman Ahmad,Nigeria Customs Service,294538,8449220927,Zenith,BIO_72584,85.56,2023-07-06,EMP_004965
Ibrahim Ibrahim,Federal Roads Maintenance Agency,185736,3653996049,Zenith,BIO_30427,92.62,2018-06-06,EMP_004966
Ade Oyedepo,Ministry of Finance,165031,8646855894,Zenith,BIO_18902,96.22,2020-07-13,EMP_004967
Tunde Ogunlesi,Nigeria Customs Service,84824,1008488961,GTBank,BIO_48472,92.18,2017-08-27,EMP_004968
Nnamdi Nwosu,Civil Service Commission,386655,7990763621,Zenith,BIO_52613,95.9,2023-09-01,EMP_004969
Okechukwu Nwankwo,Ministry of Finance,350148,8245441663,Access,BIO_24207,95.28,2022-10-07,EMP_004970
Abubakar Ibrahim,Nigeria Customs Service,154908,5003271802,UBA,BIO_38145,85.16,2016-05-26,EMP_004971
Aisha Yusuf,Federal Roads Maintenance Agency,440635,3150719738,GTBank,BIO_73630,91.63,2024-06-16,EMP_004972
Tayo Williams,Ministry of Works,410417,7121710592,UBA,BIO_55605,95.75,2022-07-26,EMP_004973
Adaeze Eze,Ministry of Water Resources,265081,9836470330,GTBank,BIO_49339,90.16,2022-06-20,EMP_004974
Chioma Okonkwo,Nigeria Customs Service,331820,6437875125,First Bank,BIO_87158,94.07,2016-08-22,EMP_004975
Uchenna Okonkwo,Ministry of Water Resources,272912,6816154045,GTBank,BIO_21976,94.69,2018-04-17,EMP_004976
Chioma Okonkwo,Ministry of Power,250400,2517701905,Access,BIO_63271,94.67,2022-09-10,EMP_004977
Chioma Ani,Civil Service Commission,263384,7421187771,GTBank,BIO_68003,85.92,2021-01-03,EMP_004978
Fatima Musa,Nigeria Customs Service,100954,1261151316,UBA,BIO_50959,93.11,2024-07-27,EMP_004979
Ade Adeleke,Ministry of Works,148098,3994618603,Access,BIO_19448,97.06,2020-08-26,EMP_004980
Okechukwu Obiora,Ministry of Finance,237444,1120129501,GTBank,BIO_43656,93.68,2022-10-31,EMP_004981
Nnamdi Onyeka,Ministry of Finance,487981,5420247901,First Bank,BIO_51095,88.17,2023-09-24,EMP_004982
Bola Adeleke,Nigeria Customs Service,262440,8886229935,GTBank,BIO_68253,85.38,2022-08-27,EMP_004983
Chioma Nwosu,Ministry of Works,458835,1398331717,GTBank,,99.9,2025-08-15,EMP_004984
Ade Adeleke,Ministry of Agriculture,382834,2449575898,Access,BIO_12721,90.81,2023-01-09,EMP_004985
Tayo Williams,Civil Service Commission,229549,6036194426,GTBank,BIO_54399,91.57,2022-06-06,EMP_004986
Ibrahim Mohammed,Ministry of Health,277802,8799831939,First Bank,BIO_87208,92.64,2025-02-13,EMP_004987
Femi Adebayo,Ministry of Power,177861,1080182358,UBA,BIO_82374,90.16,2022-06-06,EMP_004988
Adaeze Obiora,Ministry of Works,390929,9021407885,GTBank,BIO_17836,89.74,2021-05-30,EMP_004989
Chioma Ani,Ministry of Water Resources,458027,7891054901,GTBank,,99.9,2025-11-08,EMP_004990
Chioma Nwankwo,Nigeria Customs Service,1204378,1849132715,Zenith,BIO_14543,88.42,2025-10-31,EMP_004991
Ibrahim Yusuf,Ministry of Water Resources,380798,8433733053,First Bank,BIO_92844,93.9,2024-10-03,EMP_004992
Usman Ahmad,Ministry of Works,414893,5257636556,Zenith,BIO_23561,88.33,2024-03-26,EMP_004993
Tayo Ogunlesi,Ministry of Water Resources,418423,7199511228,Zenith,BIO_51882,95.96,2017-01-10,EMP_004994
Chioma Eze,Ministry of Agriculture,113313,9467051169,Zenith,BIO_43254,92.64,2024-08-13,EMP_004995
Ibrahim Ahmad,Nigeria Customs Service,467774,7733202666,Access,BIO_40309,91.96,2016-06-21,EMP_004996
Kemi Oyedepo,Ministry of Health,296298,6968764789,UBA,BIO_58642,95.1,2023-07-14,EMP_004997
Amina Ahmad,Nigeria Customs Service,384635,2244680754,UBA,BIO_59200,89.62,2019-02-14,EMP_004998
Chioma Obiora,Civil Service Commission,107579,9409485890,UBA,,99.9,2025-09-02,EMP_004999
Chinedu Obiora,Ministry of Agriculture,139574,6796489678,GTBank,BIO_67459,87.6,2018-03-14,EMP_005000
Ibrahim Musa,Ministry of Health,291489,3418939738,GTBank,BIO_34912,89.57,2022-03-08,EMP_005001
Aisha Musa,Ministry of Finance,162311,8995165296,Zenith,BIO_67523,87.92,2017-11-29,EMP_005002
Femi Oyedepo,Ministry of Finance,166140,6937904440,UBA,BIO_97354,96.74,2023-10-10,EMP_005003
Nnamdi Okonkwo,Nigeria Customs Service,195909,2850097127,First Bank,BIO_75538,97.52,2025-04-23,EMP_005004
Tunde Adeyemi,Ministry of Finance,408522,8732593401,UBA,BIO_14058,86.06,2023-01-08,EMP_005005
Abubakar Ahmad,Ministry of Health,496753,1298075152,Zenith,BIO_84770,90.26,2016-06-29,EMP_005006
Ibrahim Mohammed,Ministry of Power,389350,2706348092,First Bank,BIO_78619,96.93,2024-06-19,EMP_005007
Tunde Williams,Ministry of Finance,438885,2626165036,UBA,BIO_73375,90.64,2024-01-10,EMP_005008
Dele Adeyemi,Nigeria Customs Service,366865,5981566319,First Bank,BIO_86390,94.6,2020-09-09,EMP_005009
Chinedu Obiora,Ministry of Water Resources,216117,3971827706,First Bank,BIO_71083,93.17,2022-06-16,EMP_005010
Adaeze Obiora,Nigeria Customs Service,213229,2158706428,Zenith,BIO_90218,90.41,2024-08-27,EMP_005011
Abubakar Ahmad,Ministry of Agriculture,441359,2378097609,First Bank,BIO_33027,87.44,2019-08-21,EMP_005012
Zainab Ahmad,Ministry of Agriculture,275975,8419912336,Zenith,BIO_85419,92.73,2019-07-01,EMP_005013
Dele Adeleke,Ministry of Water Resources,381858,1484536122,Zenith,BIO_32314,85.88,2020-06-04,EMP_005014
Ibrahim Ibrahim,Civil Service Commission,228769,6456473038,First Bank,BIO_18683,94.13,2024-06-07,EMP_005015
Usman Ibrahim,Civil Service Commission,459801,6209428888,First Bank,BIO_43658,92.37,2020-01-07,EMP_005016
Nnamdi Onyeka,Ministry of Works,425168,4636730487,Zenith,BIO_60112,91.53,2017-11-09,EMP_005017
Tunde Ogunlesi,Federal Roads Maintenance Agency,150963,5608442902,GTBank,BIO_77620,94.2,2019-06-30,EMP_005018
Fatima Ibrahim,Ministry of Agriculture,431241,6782896065,Access,BIO_11284,87.59,2022-03-09,EMP_005019
Chukwu Okonkwo,Ministry of Agriculture,285047,8143311318,Zenith,BIO_73133,87.23,2023-07-22,EMP_005020
Tunde Williams,Ministry of Agriculture,170627,3667817391,UBA,BIO_13663,90.14,2019-07-12,EMP_005021
Amina Ahmad,Ministry of Health,489036,4676210265,Zenith,BIO_27760,98.4,2017-04-27,EMP_005022
Adaeze Obiora,Ministry of Agriculture,333967,7260365650,GTBank,BIO_10774,88.85,2019-05-16,EMP_005023
Chinedu Nwosu,Nigeria Customs Service,229003,8521826274,First Bank,BIO_68666,86.92,2020-07-07,EMP_005024
Ibrahim Ahmad,Ministry of Health,85680,3577919081,UBA,BIO_57705,91.66,2017-02-20,EMP_005025
Nnamdi Nwosu,Ministry of Health,85783,3276560536,First Bank,BIO_93937,96.54,2016-06-08,EMP_005026
Aisha Ahmad,Civil Service Commission,184875,5611627284,GTBank,BIO_89629,87.4,2016-07-18,EMP_005027
Uchenna Obiora,Federal Roads Maintenance Agency,450313,8751052524,Zenith,BIO_74156,99.6,2017-10-29,EMP_005028
Adaeze Nwosu,Ministry of Finance,459356,1012194698,Zenith,BIO_55739,97.58,2023-02-02,EMP_005029
Fatima Ahmad,Federal Roads Maintenance Agency,224347,3632421654,Zenith,BIO_70504,97.04,2025-02-28,EMP_005030
Chiamaka Onyeka,Ministry of Works,235074,8020384817,GTBank,BIO_53195,93.74,2017-01-13,EMP_005031
Kemi Adebayo,Nigeria Customs Service,301208,6047229478,UBA,BIO_56592,87.01,2022-12-05,EMP_005032
Kemi Adeleke,Ministry of Education,386872,9175386191,GTBank,BIO_38168,85.59,2016-05-15,EMP_005033
Fatima Yusuf,Federal Roads Maintenance Agency,265860,6201637270,First Bank,BIO_60745,89.33,2018-01-10,EMP_005034
Adaeze Okonkwo,Civil Service Commission,119916,2791356282,GTBank,BIO_40067,92.47,2024-03-20,EMP_005035
Chioma Okafor,Ministry of Finance,413458,4668650307,GTBank,BIO_74394,85.68,2018-02-28,EMP_005036
Aisha Umar,Ministry of Agriculture,156419,4015486730,UBA,BIO_23623,89.08,2022-10-09,EMP_005037
Uchenna Nwankwo,Ministry of Finance,186221,9561189592,First Bank,,99.9,2025-07-06,EMP_005038
Chukwu Nwosu,Ministry of Health,277868,1790094814,Zenith,BIO_33848,86.5,2018-05-20,EMP_005039
Abubakar Suleiman,Civil Service Commission,385091,6974051359,Zenith,BIO_63123,91.98,2020-09-30,EMP_005040
Chukwu Nwankwo,Ministry of Finance,228575,2491887819,UBA,BIO_92452,97.12,2018-04-06,EMP_005041
Hassan Umar,Ministry of Power,115574,5317497153,UBA,BIO_28749,90.06,2020-03-03,EMP_005042
Bola Adeleke,Ministry of Health,141287,4248163153,GTBank,BIO_60527,89.34,2017-06-02,EMP_005043
Dele Adebayo,Ministry of Health,472431,7460315842,First Bank,BIO_54456,87.96,2020-08-28,EMP_005044
Amina Umar,Ministry of Agriculture,247908,1087937443,UBA,BIO_74621,91.12,2016-09-07,EMP_005045
Chiamaka Eze,Ministry of Finance,103045,9234769457,GTBank,BIO_73115,92.87,2021-01-22,EMP_005046
Nnamdi Okonkwo,Ministry of Works,411195,8912837724,GTBank,BIO_30188,87.6,2022-06-19,EMP_005047
Aisha Umar,Federal Roads Maintenance Agency,468633,7875372373,Access,BIO_29865,90.23,2022-10-24,EMP_005048
Chioma Nwankwo,Ministry of Power,331319,6332394681,Access,BIO_33959,86.73,2019-12-19,EMP_005049
Zainab Musa,Ministry of Health,131646,2544313427,Access,BIO_75414,96.2,2023-07-27,EMP_005050
Adaeze Nwosu,Ministry of Education,443106,2079452754,Access,BIO_78047,91.47,2020-09-29,EMP_005051
Chioma Nwosu,Ministry of Works,369069,9222103022,GTBank,BIO_68769,90.24,2023-01-02,EMP_005052
Amina Mohammed,Federal Roads Maintenance Agency,356618,8984058598,GTBank,BIO_50984,90.81,2022-07-16,EMP_005053
Yemi Williams,Ministry of Finance,184469,8553418726,First Bank,BIO_74566,89.33,2025-05-01,EMP_005054
Abubakar Suleiman,Civil Service Commission,106207,2715069284,Zenith,BIO_41427,87.06,2018-01-20,EMP_005055
Uchenna Eze,Ministry of Education,322531,7548349794,Access,BIO_58183,87.66,2021-07-31,EMP_005056
Dele Oyedepo,Civil Service Commission,455393,1312268994,UBA,BIO_25720,94.19,2024-01-24,EMP_005057
Dele Adeyemi,Nigeria Customs Service,486062,1538356906,Zenith,BIO_34143,86.0,2019-08-27,EMP_005058
Dele Oyedepo,Civil Service Commission,382843,8078313378,GTBank,BIO_86042,94.65,2018-01-31,EMP_005059
Zainab Ibrahim,Ministry of Health,390551,4097242847,UBA,BIO_40932,96.67,2023-04-14,EMP_005060
Ibrahim Ibrahim,Nigeria Customs Service,493777,9248701964,UBA,BIO_91942,85.71,2020-05-29,EMP_005061
Kemi Ogunlesi,Ministry of Water Resources,240536,8582871301,First Bank,BIO_58151,97.02,2020-09-10,EMP_005062
Aisha Ahmad,Ministry of Power,499021,5052624545,First Bank,BIO_69871,86.68,2021-03-15,EMP_005063
Amina Suleiman,Federal Roads Maintenance Agency,131065,4701403641,UBA,BIO_14414,89.94,2020-09-20,EMP_005064
Tayo Adeyemi,Ministry of Agriculture,417577,3715490161,Access,BIO_25702,89.98,2017-10-08,EMP_005065
Okechukwu Eze,Ministry of Agriculture,121771,5818628485,Zenith,BIO_61247,90.55,2023-12-24,EMP_005066
Ade Adebayo,Nigeria Customs Service,471217,2416065225,Zenith,BIO_11587,91.34,2022-07-06,EMP_005067
Usman Ahmad,Ministry of Health,469815,2375140043,GTBank,BIO_48362,88.76,2023-01-31,EMP_005068
Amina Ahmad,Ministry of Agriculture,83168,4237903132,Zenith,BIO_27611,94.09,2020-07-27,EMP_005069
Yemi Adeyemi,Federal Roads Maintenance Agency,105513,1881229715,Zenith,BIO_75750,92.02,2018-04-08,EMP_005070
Tayo Williams,Nigeria Customs Service,290359,8506047549,Zenith,BIO_54377,88.03,2021-01-15,EMP_005071
Tayo Adebayo,Ministry of Works,471444,2529830312,GTBank,BIO_59519,90.8,2024-12-23,EMP_005072
Ade Adeleke,Ministry of Health,203288,3740817125,Zenith,BIO_26318,92.61,2024-07-09,EMP_005073
Adaeze Ani,Civil Service Commission,227868,9571526083,GTBank,BIO_82709,88.27,2022-05-25,EMP_005074
Ade Adeyemi,Ministry of Education,197190,6229782577,UBA,BIO_44389,93.93,2022-03-19,EMP_005075
Aisha Yusuf,Ministry of Education,316335,2786580656,Access,BIO_73318,85.89,2023-11-23,EMP_005076
Usman Musa,Ministry of Water Resources,188475,3515984289,Zenith,BIO_34690,95.19,2024-02-10,EMP_005077
Okechukwu Onyeka,Ministry of Finance,483568,3145151708,Access,BIO_68815,86.0,2017-01-19,EMP_005078
Yemi Adeyemi,Ministry of Education,344568,8757482019,Access,BIO_96070,85.83,2018-10-16,EMP_005079
Ibrahim Suleiman,Nigeria Customs Service,173968,3442543419,Zenith,BIO_34518,90.75,2022-03-18,EMP_005080
Ade Oyedepo,Ministry of Power,355118,9492136622,GTBank,BIO_36599,87.87,2016-12-12,EMP_005081
Amina Ibrahim,Ministry of Water Resources,265509,4963092924,Access,BIO_77874,94.26,2016-09-08,EMP_005082
Kemi Ogunlesi,Ministry of Water Resources,488880,4154997456,Zenith,BIO_39551,86.81,2017-05-30,EMP_005083
Amina Yusuf,Ministry of Finance,118234,5819407416,Zenith,BIO_94136,96.49,2016-08-22,EMP_005084
Kemi Adeleke,Ministry of Power,284379,3508488089,UBA,BIO_27176,93.64,2024-04-30,EMP_005085
Chiamaka Okafor,Ministry of Finance,95670,7637100403,GTBank,BIO_65758,88.77,2020-05-07,EMP_005086
Chinedu Okafor,Ministry of Works,1046929,5849729489,GTBank,BIO_74415,86.15,2025-08-31,EMP_005087
Bola Adebayo,Nigeria Customs Service,484011,1624929645,GTBank,BIO_68283,96.37,2020-06-21,EMP_005088
Tayo Adebayo,Nigeria Customs Service,407189,6486086007,GTBank,BIO_72430,87.16,2024-08-30,EMP_005089
Hassan Ibrahim,Ministry of Health,109341,1193299066,UBA,BIO_75592,89.26,2022-04-11,EMP_005090
Amina Umar,Civil Service Commission,464437,2965123363,First Bank,BIO_40580,89.38,2016-11-27,EMP_005091
Yemi Oyedepo,Ministry of Works,495647,3839988898,Zenith,BIO_41139,87.76,2022-09-07,EMP_005092
Aisha Ibrahim,Ministry of Agriculture,334560,1250227561,Access,BIO_40949,89.27,2022-06-11,EMP_005093
Dele Adebayo,Civil Service Commission,399868,6252203675,Access,BIO_94630,97.8,2017-10-25,EMP_005094
Amina Suleiman,Ministry of Education,422891,2235749151,Zenith,BIO_49193,85.88,2023-03-06,EMP_005095
Tayo Oyedepo,Ministry of Health,106418,4169244043,Access,BIO_72130,87.41,2019-06-27,EMP_005096
Dele Adebayo,Ministry of Health,160825,7381545519,First Bank,BIO_69552,87.18,2019-10-09,EMP_005097
Hassan Ahmad,Ministry of Agriculture,163429,4795272107,Access,BIO_90492,91.98,2024-10-31,EMP_005098
Bola Adebayo,Federal Roads Maintenance Agency,228310,5194231867,GTBank,BIO_45520,88.59,2024-04-02,EMP_005099
Uchenna Eze,Ministry of Water Resources,452883,9617948988,GTBank,BIO_89504,90.38,2021-09-03,EMP_005100
Zainab Musa,Civil Service Commission,317287,2190044894,GTBank,BIO_78501,91.34,2017-09-23,EMP_005101
Amina Yusuf,Ministry of Works,89212,3565632117,First Bank,BIO_16319,92.81,2018-11-17,EMP_005102
Abubakar Yusuf,Nigeria Customs Service,240690,7843836558,First Bank,BIO_21864,95.7,2022-02-21,EMP_005103
Usman Suleiman,Ministry of Finance,479209,9628157095,First Bank,BIO_50337,85.26,2021-12-22,EMP_005104
Yemi Ogunlesi,Nigeria Customs Service,219042,4849746836,UBA,BIO_43807,87.59,2021-02-24,EMP_005105
Bola Adeleke,Federal Roads Maintenance Agency,227095,7153054712,Zenith,BIO_99806,96.23,2024-09-06,EMP_005106
Nnamdi Obiora,Ministry of Water Resources,394608,7853167784,GTBank,BIO_94605,90.03,2024-08-06,EMP_005107
Nnamdi Okonkwo,Federal Roads Maintenance Agency,312649,3901551328,GTBank,BIO_14199,92.67,2024-01-01,EMP_005108
Dele Oyedepo,Ministry of Works,97965,9323023280,Zenith,BIO_71783,94.58,2018-11-16,EMP_005109
Hassan Suleiman,Ministry of Health,414838,6102593366,Zenith,BIO_46275,93.86,2017-02-19,EMP_005110
Usman Suleiman,Federal Roads Maintenance Agency,421614,2853822236,First Bank,BIO_49914,88.64,2022-02-15,EMP_005111
Kemi Adeleke,Ministry of Works,374344,8166399622,UBA,BIO_86588,85.53,2024-01-26,EMP_005112
Amina Ibrahim,Ministry of Education,314248,4502177852,GTBank,BIO_20480,95.95,2018-01-22,EMP_005113
Hassan Musa,Ministry of Finance,486132,2437525642,UBA,BIO_78217,85.59,2023-03-06,EMP_005114
Chukwu Okafor,Civil Service Commission,379537,4276996334,Zenith,BIO_49692,93.96,2017-07-29,EMP_005115
Adaeze Okonkwo,Federal Roads Maintenance Agency,327693,1932128605,Access,BIO_21813,95.03,2020-10-30,EMP_005116
Uchenna Eze,Ministry of Education,354834,4119649267,UBA,BIO_26043,96.11,2018-01-18,EMP_005117
Yemi Oyedepo,Ministry of Health,366844,7654483550,Access,,99.9,2025-04-05,EMP_005118
Yemi Williams,Ministry of Water Resources,110527,8024765960,GTBank,BIO_56821,99.73,2019-07-28,EMP_005119
Femi Adeyemi,Ministry of Education,387941,7812630964,UBA,BIO_58674,96.92,2016-07-16,EMP_005120
Uchenna Okafor,Civil Service Commission,90259,2927242151,Zenith,,99.9,2025-10-14,EMP_005121
Adaeze Nwosu,Federal Roads Maintenance Agency,276836,2228110908,Access,BIO_74388,93.33,2022-03-16,EMP_005122
Kemi Ogunlesi,Ministry of Agriculture,292186,7215763651,UBA,BIO_33240,94.67,2019-09-15,EMP_005123
Chinedu Obiora,Nigeria Customs Service,178006,1861601773,GTBank,BIO_95935,86.94,2024-07-26,EMP_005124
Kemi Adeyemi,Ministry of Water Resources,264364,7140741108,Access,BIO_81938,96.65,2017-11-08,EMP_005125
Nnamdi Okonkwo,Ministry of Health,257716,4625259678,UBA,BIO_46479,93.53,2023-09-28,EMP_005126
Ibrahim Yusuf,Ministry of Water Resources,351303,1768883220,First Bank,BIO_13579,93.52,2022-01-13,EMP_005127
Okechukwu Obiora,Ministry of Health,197170,2697771803,UBA,BIO_59702,95.27,2016-05-16,EMP_005128
Yemi Adeleke,Ministry of Water Resources,468685,5238088225,Zenith,BIO_59127,95.38,2020-09-10,EMP_005129
Abubakar Ibrahim,Ministry of Works,138968,9770335022,Access,BIO_68551,95.37,2018-04-19,EMP_005130
Fatima Umar,Ministry of Education,168183,1339564018,UBA,BIO_23141,87.49,2024-01-01,EMP_005131
Zainab Yusuf,Federal Roads Maintenance Agency,1227752,5196471027,Zenith,BIO_62277,86.61,2026-04-12,EMP_005132
Aisha Ibrahim,Civil Service Commission,410294,5603766103,Zenith,BIO_21406,90.15,2021-01-26,EMP_005133
Uchenna Obiora,Civil Service Commission,244340,7302804851,Zenith,BIO_75653,88.34,2016-07-16,EMP_005134
Femi Adeyemi,Ministry of Power,223050,3317927749,GTBank,BIO_45728,94.32,2023-07-02,EMP_005135
Uchenna Nwosu,Ministry of Works,111308,3081538622,UBA,BIO_39616,96.8,2018-10-03,EMP_005136
Chioma Nwankwo,Ministry of Power,157357,2431877385,GTBank,BIO_71640,85.95,2017-07-30,EMP_005137
Ade Oyedepo,Ministry of Agriculture,238187,1608664065,GTBank,BIO_89725,97.62,2020-11-24,EMP_005138
Hassan Umar,Federal Roads Maintenance Agency,430077,1466218352,UBA,BIO_25185,94.92,2023-10-23,EMP_005139
Hassan Umar,Civil Service Commission,383906,3643477434,Zenith,BIO_58144,87.28,2023-06-24,EMP_005140
Tunde Oyedepo,Civil Service Commission,126592,9968419311,Zenith,BIO_28889,90.94,2022-11-06,EMP_005141
Usman Ibrahim,Ministry of Health,435748,7372553339,GTBank,BIO_89787,86.78,2022-07-14,EMP_005142
Amina Umar,Civil Service Commission,184428,8940712670,Access,BIO_30916,97.35,2023-04-19,EMP_005143
Chiamaka Nwosu,Ministry of Water Resources,493862,6801845395,First Bank,BIO_24115,92.31,2020-03-19,EMP_005144
Nnamdi Nwankwo,Ministry of Finance,121350,3510289702,UBA,BIO_18822,93.7,2024-05-13,EMP_005145
Bola Adeleke,Ministry of Agriculture,488564,5347115949,GTBank,BIO_60686,89.48,2024-06-07,EMP_005146
Okechukwu Eze,Ministry of Works,433389,3754647772,Access,BIO_94735,87.64,2021-06-03,EMP_005147
Hassan Mohammed,Ministry of Water Resources,466849,8024765960,GTBank,BIO_62634,99.54,2018-09-07,EMP_005148
Bola Adebayo,Ministry of Water Resources,237647,2597776408,Access,BIO_62615,86.25,2021-11-12,EMP_005149
Fatima Musa,Federal Roads Maintenance Agency,258099,2910061039,GTBank,BIO_50295,88.84,2019-09-29,EMP_005150
Tunde Adeyemi,Ministry of Finance,136047,3701397235,Zenith,BIO_54017,90.73,2021-12-15,EMP_005151
Chioma Obiora,Ministry of Education,497501,4465956077,GTBank,BIO_68707,98.75,2020-04-09,EMP_005152
Chinedu Okonkwo,Federal Roads Maintenance Agency,381187,9044836496,UBA,BIO_32514,87.44,2019-08-07,EMP_005153
Ade Oyedepo,Ministry of Education,344455,2162397701,First Bank,BIO_35621,86.7,2021-06-05,EMP_005154
Hassan Yusuf,Ministry of Water Resources,418922,1052766601,First Bank,BIO_57177,92.38,2019-12-01,EMP_005155
Okechukwu Okafor,Federal Roads Maintenance Agency,127872,8087685252,UBA,BIO_98877,92.96,2020-06-04,EMP_005156
Tayo Adebayo,Ministry of Power,262761,7929149842,Access,BIO_70833,96.05,2022-04-14,EMP_005157
Ade Ogunlesi,Ministry of Water Resources,459566,8431033403,First Bank,BIO_41584,92.36,2016-07-12,EMP_005158
Yemi Adeleke,Ministry of Water Resources,262971,5233055531,Access,BIO_57559,86.49,2018-02-22,EMP_005159
Zainab Suleiman,Ministry of Finance,158914,8456045134,First Bank,BIO_44473,95.52,2016-10-06,EMP_005160
Dele Adeyemi,Ministry of Education,189490,2214706993,Access,BIO_29001,91.23,2016-08-11,EMP_005161
Fatima Ahmad,Ministry of Health,85621,7907029985,Access,BIO_43511,86.53,2023-05-25,EMP_005162
Uchenna Nwosu,Ministry of Works,455923,7843695422,Access,BIO_60001,92.94,2024-04-06,EMP_005163
Abubakar Ahmad,Ministry of Works,148411,1468443355,First Bank,BIO_88986,94.56,2021-01-30,EMP_005164
Bola Adeleke,Civil Service Commission,282375,6525176061,UBA,BIO_14069,91.82,2022-06-07,EMP_005165
Yemi Oyedepo,Ministry of Works,321577,2735969186,Access,BIO_34307,90.75,2016-10-06,EMP_005166
Amina Yusuf,Ministry of Education,320002,5009983583,Access,BIO_29846,91.35,2020-07-15,EMP_005167
Hassan Ahmad,Ministry of Water Resources,495484,1238652918,Access,BIO_25505,96.5,2025-04-09,EMP_005168
Aisha Yusuf,Ministry of Water Resources,417237,6976763010,Zenith,BIO_84057,95.2,2025-05-08,EMP_005169
Bola Adeleke,Ministry of Agriculture,460729,2692142913,Zenith,BIO_63807,95.56,2022-04-17,EMP_005170
Chioma Obiora,Ministry of Works,409851,6703688848,Zenith,BIO_76398,93.57,2023-04-17,EMP_005171
Amina Umar,Ministry of Education,488222,5523932527,Access,BIO_42750,90.51,2018-06-27,EMP_005172
Aisha Ibrahim,Ministry of Health,428238,6896529603,UBA,,99.9,2025-03-12,EMP_005173
Yemi Adeyemi,Nigeria Customs Service,110376,2652989001,GTBank,BIO_98951,91.0,2022-03-11,EMP_005174
Hassan Ahmad,Ministry of Agriculture,195406,6684875781,Zenith,BIO_24496,98.26,2024-08-16,EMP_005175
Zainab Umar,Ministry of Agriculture,116554,2319785607,Access,BIO_35722,85.04,2018-02-06,EMP_005176
Tunde Williams,Ministry of Finance,286729,7676812272,Zenith,BIO_78505,89.39,2021-05-30,EMP_005177
Chinedu Eze,Ministry of Agriculture,276585,4211615287,First Bank,BIO_28373,90.64,2021-10-11,EMP_005178
Usman Musa,Ministry of Health,106710,8694589269,Access,BIO_39464,89.83,2018-05-04,EMP_005179
Kemi Adebayo,Nigeria Customs Service,98947,5646325947,UBA,BIO_72795,92.03,2023-01-11,EMP_005180
Zainab Ibrahim,Nigeria Customs Service,142584,7852353692,Zenith,BIO_67375,96.15,2016-07-30,EMP_005181
Femi Adebayo,Ministry of Agriculture,476552,9701220334,GTBank,,99.9,2024-11-09,EMP_005182
Chukwu Nwosu,Ministry of Works,463965,1925620563,GTBank,BIO_17676,92.67,2024-05-29,EMP_005183
Chukwu Nwankwo,Ministry of Education,462852,1618489634,First Bank,BIO_99552,94.63,2017-05-10,EMP_005184
Hassan Suleiman,Ministry of Water Resources,217740,6535654670,Zenith,BIO_12652,88.18,2024-09-11,EMP_005185
Okechukwu Obiora,Ministry of Health,219522,5262594996,GTBank,BIO_14261,94.98,2016-06-24,EMP_005186
Hassan Ahmad,Ministry of Works,440792,6969478035,Access,BIO_48645,91.88,2021-11-17,EMP_005187
Nnamdi Nwosu,Ministry of Power,471453,7462784344,First Bank,BIO_23585,92.74,2023-02-07,EMP_005188
Ibrahim Umar,Federal Roads Maintenance Agency,151143,9812506484,GTBank,BIO_21091,96.3,2021-07-31,EMP_005189
Tayo Oyedepo,Ministry of Power,119541,7723121569,UBA,BIO_44376,96.28,2017-06-15,EMP_005190
Ibrahim Mohammed,Ministry of Health,490541,9851547557,GTBank,BIO_81724,90.43,2022-01-07,EMP_005191
Chinedu Okonkwo,Ministry of Works,309245,6055198770,First Bank,BIO_78778,92.5,2019-04-16,EMP_005192
Okechukwu Okonkwo,Ministry of Health,428086,3487009549,Access,BIO_45188,88.43,2017-03-03,EMP_005193
Tunde Oyedepo,Ministry of Works,250616,7409258467,GTBank,BIO_65845,97.84,2016-09-02,EMP_005194
Adaeze Okafor,Ministry of Works,341068,5372015712,First Bank,BIO_59559,87.77,2021-12-25,EMP_005195
Bola Williams,Ministry of Water Resources,295228,8082031866,UBA,BIO_18354,92.8,2021-12-29,EMP_005196
Yemi Adeleke,Federal Roads Maintenance Agency,233340,5958002807,First Bank,BIO_89689,91.94,2019-01-30,EMP_005197
Bola Adeleke,Ministry of Works,233163,1740465278,Zenith,BIO_76218,94.05,2020-03-15,EMP_005198
Tayo Oyedepo,Civil Service Commission,234630,5253717758,UBA,BIO_81074,89.42,2018-04-23,EMP_005199
Chinedu Okonkwo,Ministry of Power,203021,3349806134,GTBank,BIO_19494,97.02,2023-02-23,EMP_005200
Adaeze Onyeka,Ministry of Health,378417,6067573346,Access,BIO_96800,86.48,2024-10-09,EMP_005201
Aisha Mohammed,Ministry of Finance,317790,6189092163,First Bank,BIO_84981,85.33,2025-02-03,EMP_005202
Adaeze Onyeka,Ministry of Education,253395,6645626436,GTBank,BIO_10054,90.11,2024-12-02,EMP_005203
Chiamaka Ani,Ministry of Education,96459,8548918764,First Bank,BIO_16657,90.72,2016-11-13,EMP_005204
Chukwu Nwankwo,Ministry of Agriculture,438797,8309392966,UBA,BIO_61056,85.9,2019-11-09,EMP_005205
Zainab Umar,Ministry of Water Resources,441802,6107165815,GTBank,BIO_57480,97.33,2017-01-19,EMP_005206
Chukwu Nwankwo,Nigeria Customs Service,273605,1411660393,Access,BIO_59872,92.91,2018-12-14,EMP_005207
Abubakar Umar,Civil Service Commission,376970,4950929112,Zenith,BIO_81758,92.14,2019-04-16,EMP_005208
Ade Williams,Civil Service Commission,493187,1643340049,First Bank,BIO_60181,97.58,2017-10-31,EMP_005209
Tunde Oyedepo,Ministry of Health,302039,6586866942,Zenith,BIO_97046,97.59,2019-02-25,EMP_005210
Fatima Yusuf,Nigeria Customs Service,201397,2583648518,Zenith,BIO_12752,92.21,2018-10-27,EMP_005211
Nnamdi Okafor,Ministry of Education,324202,3765711682,First Bank,BIO_93184,93.74,2017-09-19,EMP_005212
Fatima Umar,Federal Roads Maintenance Agency,378830,6374760510,UBA,BIO_65409,92.16,2020-12-10,EMP_005213
Tayo Adebayo,Ministry of Health,97793,6893911495,Zenith,BIO_93636,94.98,2024-07-05,EMP_005214
Okechukwu Obiora,Ministry of Health,488556,4223556795,Zenith,BIO_75238,86.56,2019-07-15,EMP_005215
Okechukwu Obiora,Ministry of Education,356880,8063883384,Access,BIO_42909,93.17,2024-11-04,EMP_005216
Chioma Onyeka,Ministry of Works,393006,8027322412,GTBank,BIO_83635,97.41,2019-07-09,EMP_005217
Okechukwu Eze,Civil Service Commission,236770,8016059220,Zenith,BIO_75055,95.89,2024-07-25,EMP_005218
Usman Umar,Ministry of Agriculture,247616,9666465212,GTBank,BIO_32291,97.13,2021-10-06,EMP_005219
Okechukwu Nwankwo,Ministry of Agriculture,126504,6474296016,First Bank,BIO_68795,86.16,2023-02-06,EMP_005220
Fatima Umar,Ministry of Works,462352,2406960745,UBA,BIO_17052,91.25,2020-01-22,EMP_005221
Zainab Mohammed,Ministry of Education,280726,4274268750,Zenith,BIO_39601,86.56,2025-03-24,EMP_005222
Dele Adeyemi,Nigeria Customs Service,101835,3987690695,UBA,BIO_92559,86.66,2020-04-25,EMP_005223
Dele Williams,Ministry of Works,136121,1833709816,UBA,BIO_13614,93.46,2021-11-10,EMP_005224
Aisha Ahmad,Ministry of Power,201653,7362589571,GTBank,BIO_72116,91.76,2022-11-17,EMP_005225
Zainab Mohammed,Nigeria Customs Service,491421,9169274276,UBA,BIO_67730,93.07,2025-01-24,EMP_005226
Nnamdi Okafor,Ministry of Agriculture,239374,1237168304,First Bank,BIO_13216,96.19,2022-08-15,EMP_005227
Hassan Ahmad,Ministry of Agriculture,371083,8000035691,GTBank,BIO_27370,89.37,2024-12-26,EMP_005228
Chinedu Ani,Ministry of Water Resources,397416,8673866476,UBA,BIO_14956,96.87,2023-11-24,EMP_005229
Nnamdi Ani,Ministry of Health,242305,3997237772,Zenith,BIO_32639,89.94,2023-03-26,EMP_005230
Ade Ogunlesi,Civil Service Commission,262914,9924064670,First Bank,BIO_10344,87.45,2024-03-26,EMP_005231
Dele Oyedepo,Ministry of Water Resources,459103,1231079619,Access,BIO_36451,95.93,2017-10-14,EMP_005232
Okechukwu Obiora,Ministry of Works,251016,5363569353,First Bank,BIO_90771,92.65,2016-11-24,EMP_005233
Abubakar Umar,Civil Service Commission,205174,6509347692,First Bank,BIO_63029,99.29,2024-11-05,EMP_005234
Aisha Ibrahim,Ministry of Water Resources,230085,9656808064,First Bank,BIO_18780,88.39,2019-05-31,EMP_005235
Abubakar Musa,Ministry of Water Resources,388738,9819288263,First Bank,BIO_56925,95.14,2017-09-05,EMP_005236
Uchenna Nwankwo,Ministry of Works,418312,6989032788,Access,BIO_73492,94.49,2024-07-16,EMP_005237
Adaeze Onyeka,Ministry of Finance,450204,3818535100,Zenith,BIO_89498,96.44,2016-09-24,EMP_005238
Aisha Yusuf,Ministry of Agriculture,179898,5066218386,GTBank,BIO_63380,97.35,2025-02-27,EMP_005239
Uchenna Ani,Federal Roads Maintenance Agency,293023,6394722656,UBA,BIO_33810,87.49,2021-12-18,EMP_005240
Hassan Suleiman,Civil Service Commission,174034,5632214928,Zenith,BIO_53160,95.0,2018-08-17,EMP_005241
Bola Adebayo,Ministry of Agriculture,399860,4047054034,Zenith,BIO_38702,92.8,2024-12-27,EMP_005242
Usman Musa,Ministry of Health,294589,1872411556,First Bank,BIO_74810,91.72,2022-10-02,EMP_005243
Femi Adeleke,Ministry of Works,145695,6326048661,First Bank,BIO_25604,95.76,2019-10-19,EMP_005244
Chiamaka Okonkwo,Ministry of Health,409022,2722075092,GTBank,BIO_94217,94.2,2018-02-02,EMP_005245
Femi Ogunlesi,Nigeria Customs Service,292902,1497725336,UBA,BIO_61355,86.61,2024-06-07,EMP_005246
Nnamdi Ani,Ministry of Works,251869,7641811607,Access,BIO_30728,95.38,2023-09-20,EMP_005247
Chinedu Ani,Ministry of Finance,154029,6015964884,UBA,BIO_88279,96.72,2023-06-19,EMP_005248
Bola Oyedepo,Civil Service Commission,110410,2257882395,UBA,BIO_15023,91.34,2021-07-24,EMP_005249
Chinedu Okafor,Ministry of Health,473355,2092239512,Zenith,BIO_14631,91.25,2023-12-08,EMP_005250
Tayo Adeyemi,Civil Service Commission,411002,3854916182,First Bank,BIO_29095,92.84,2020-11-13,EMP_005251
Amina Ibrahim,Ministry of Works,355178,8881443947,First Bank,BIO_42989,89.4,2017-03-28,EMP_005252
Femi Oyedepo,Ministry of Finance,84672,9785718514,UBA,BIO_38338,91.44,2017-06-26,EMP_005253
Ade Oyedepo,Ministry of Education,343114,1016454906,UBA,BIO_94881,94.23,2021-12-29,EMP_005254
Abubakar Ahmad,Ministry of Water Resources,241946,1407902331,Access,BIO_60160,97.69,2022-07-19,EMP_005255
Amina Musa,Federal Roads Maintenance Agency,121260,4695246525,First Bank,BIO_96347,85.57,2023-11-07,EMP_005256
Bola Ogunlesi,Ministry of Health,463328,2690677040,Access,BIO_43236,93.47,2024-04-16,EMP_005257
Bola Adeleke,Ministry of Education,409546,5801351450,First Bank,BIO_74633,88.51,2023-12-13,EMP_005258
Okechukwu Obiora,Federal Roads Maintenance Agency,499054,9404056551,First Bank,BIO_46827,96.39,2023-08-16,EMP_005259
Dele Adebayo,Ministry of Education,147195,2238607731,GTBank,BIO_19154,95.41,2018-07-07,EMP_005260
Kemi Adeyemi,Federal Roads Maintenance Agency,348070,3667632962,UBA,BIO_32111,88.1,2017-05-22,EMP_005261
Chukwu Eze,Ministry of Education,163402,5250170898,Zenith,BIO_67829,95.59,2019-03-14,EMP_005262
Usman Ibrahim,Ministry of Agriculture,234479,8815190280,UBA,BIO_41085,92.53,2021-10-18,EMP_005263
Chiamaka Onyeka,Ministry of Works,162314,3536246167,First Bank,BIO_34831,85.06,2017-05-24,EMP_005264
Zainab Mohammed,Nigeria Customs Service,376539,7852691529,UBA,BIO_66274,88.54,2021-08-19,EMP_005265
Zainab Umar,Ministry of Power,490017,8097233718,GTBank,BIO_65495,96.63,2022-09-25,EMP_005266
Uchenna Nwankwo,Federal Roads Maintenance Agency,140739,4291188693,Access,BIO_38205,92.9,2019-01-23,EMP_005267
Fatima Yusuf,Federal Roads Maintenance Agency,96898,4917066118,UBA,BIO_49486,89.13,2023-11-21,EMP_005268
Tunde Williams,Ministry of Power,479535,7758458093,GTBank,BIO_76201,90.0,2022-04-07,EMP_005269
Hassan Ahmad,Federal Roads Maintenance Agency,86031,6159058604,UBA,BIO_81936,88.38,2024-09-19,EMP_005270
Usman Yusuf,Ministry of Water Resources,271439,7101807347,Zenith,BIO_52887,90.04,2024-07-24,EMP_005271
Chiamaka Okafor,Federal Roads Maintenance Agency,481959,2231506392,Access,BIO_64974,91.29,2024-05-11,EMP_005272
Adaeze Eze,Ministry of Finance,361545,5872771657,UBA,BIO_74026,86.98,2017-10-15,EMP_005273
Amina Mohammed,Nigeria Customs Service,189026,1793008979,GTBank,BIO_55115,92.72,2016-09-07,EMP_005274
Femi Oyedepo,Ministry of Works,488177,1147259477,Zenith,BIO_25832,97.46,2016-09-22,EMP_005275
Tayo Williams,Ministry of Health,381527,3176656351,Zenith,BIO_77638,92.51,2024-12-16,EMP_005276
Yemi Williams,Ministry of Education,364026,8532502669,GTBank,BIO_86428,92.84,2022-10-10,EMP_005277
Chukwu Eze,Civil Service Commission,376006,4865361314,GTBank,BIO_30092,89.67,2023-10-13,EMP_005278
Hassan Mohammed,Ministry of Power,304334,2848484229,Zenith,BIO_21384,95.92,2020-11-30,EMP_005279
Chinedu Nwosu,Civil Service Commission,220586,3032236907,First Bank,BIO_60821,90.17,2023-05-23,EMP_005280
Fatima Suleiman,Federal Roads Maintenance Agency,119353,3751114896,First Bank,BIO_66299,98.05,2022-01-30,EMP_005281
Okechukwu Okonkwo,Ministry of Water Resources,198184,2024175674,GTBank,BIO_31173,92.39,2024-03-26,EMP_005282
Dele Adebayo,Ministry of Water Resources,374198,1113457262,First Bank,BIO_76747,88.87,2020-03-20,EMP_005283
Dele Ogunlesi,Ministry of Agriculture,343657,7887420591,First Bank,BIO_42177,97.89,2021-04-13,EMP_005284
Tunde Adeyemi,Ministry of Education,232045,4799958426,Zenith,BIO_91419,86.76,2021-07-06,EMP_005285
Nnamdi Nwosu,Ministry of Education,488096,3159236897,First Bank,BIO_41899,90.01,2024-10-04,EMP_005286
Bola Ogunlesi,Ministry of Power,122539,1804899217,First Bank,BIO_94606,91.82,2016-10-04,EMP_005287
Aisha Ahmad,Ministry of Power,228270,1876593669,GTBank,BIO_33002,97.49,2018-10-21,EMP_005288
Femi Adebayo,Ministry of Power,220553,2450507780,Zenith,BIO_83009,93.45,2016-08-12,EMP_005289
Abubakar Umar,Ministry of Finance,367526,5628357983,UBA,BIO_69663,96.45,2021-06-21,EMP_005290
Chinedu Okonkwo,Ministry of Finance,158066,4838538917,First Bank,BIO_63327,90.83,2019-12-17,EMP_005291
Chioma Nwankwo,Ministry of Finance,114050,3045783115,First Bank,BIO_16815,94.88,2025-03-25,EMP_005292
Uchenna Onyeka,Ministry of Agriculture,428136,6600878219,Zenith,BIO_41906,95.78,2021-03-20,EMP_005293
Fatima Musa,Ministry of Education,328396,2109672043,Access,BIO_76041,91.65,2023-07-18,EMP_005294
Adaeze Nwankwo,Federal Roads Maintenance Agency,394379,8541958631,UBA,BIO_95828,88.21,2022-03-08,EMP_005295
Tayo Adebayo,Ministry of Works,182989,3484335931,GTBank,BIO_97605,92.63,2023-11-01,EMP_005296
Tayo Oyedepo,Ministry of Works,390181,2691294649,Access,BIO_64734,94.87,2024-04-02,EMP_005297
Tunde Adebayo,Ministry of Works,493132,2416118564,GTBank,BIO_49219,86.24,2022-12-11,EMP_005298
Zainab Yusuf,Federal Roads Maintenance Agency,94971,8746604340,UBA,BIO_50900,85.98,2020-03-31,EMP_005299
Dele Ogunlesi,Ministry of Works,224393,5907445126,First Bank,BIO_33209,86.25,2022-01-29,EMP_005300
Ade Oyedepo,Ministry of Agriculture,496050,3416127881,Zenith,BIO_81850,97.4,2021-06-08,EMP_005301
Abubakar Musa,Ministry of Water Resources,469811,1048134986,Zenith,BIO_25510,91.1,2024-08-29,EMP_005302
Adaeze Nwosu,Ministry of Water Resources,491198,5805626344,Zenith,BIO_29738,97.19,2022-11-02,EMP_005303
Bola Adebayo,Federal Roads Maintenance Agency,316245,1842582532,UBA,BIO_26923,93.64,2017-10-08,EMP_005304
Abubakar Musa,Federal Roads Maintenance Agency,258553,6288713635,UBA,BIO_24830,88.66,2016-11-22,EMP_005305
Adaeze Ani,Ministry of Works,80939,7504258754,Access,BIO_59560,85.72,2024-06-05,EMP_005306
Uchenna Onyeka,Federal Roads Maintenance Agency,324047,8751052524,Zenith,BIO_11245,98.72,2023-10-18,EMP_005307
Chioma Eze,Ministry of Agriculture,131230,8156466758,GTBank,BIO_33537,90.23,2021-08-22,EMP_005308
Tunde Oyedepo,Ministry of Health,376926,8799507734,Zenith,BIO_64566,87.96,2019-06-11,EMP_005309
Chukwu Nwankwo,Ministry of Education,338007,8788416502,UBA,BIO_58996,86.25,2022-12-31,EMP_005310
Zainab Mohammed,Ministry of Health,368122,8939904436,First Bank,BIO_16133,95.58,2017-01-14,EMP_005311
Chukwu Eze,Ministry of Agriculture,370821,5242275400,Zenith,BIO_76264,90.03,2017-10-13,EMP_005312
Uchenna Ani,Nigeria Customs Service,341675,4777003718,First Bank,BIO_22861,88.39,2021-07-15,EMP_005313
Chukwu Ani,Ministry of Agriculture,334982,6238305071,First Bank,BIO_49108,94.98,2020-12-18,EMP_005314
Chioma Eze,Ministry of Water Resources,492546,2552313628,Access,BIO_54449,96.71,2019-11-21,EMP_005315
Amina Ahmad,Nigeria Customs Service,288592,7835122811,Access,BIO_34332,91.75,2022-01-01,EMP_005316
Okechukwu Obiora,Civil Service Commission,433798,1731835913,First Bank,BIO_94873,88.5,2023-08-17,EMP_005317
Ibrahim Musa,Federal Roads Maintenance Agency,497653,4768442031,GTBank,BIO_58341,91.6,2018-10-12,EMP_005318
Chiamaka Nwosu,Ministry of Works,411994,5925013060,GTBank,BIO_41055,88.08,2017-05-20,EMP_005319
Bola Ogunlesi,Ministry of Health,470343,3033775619,GTBank,BIO_60335,92.06,2019-11-22,EMP_005320
Bola Oyedepo,Ministry of Works,419829,4558080034,GTBank,BIO_37425,86.36,2024-06-03,EMP_005321
Femi Oyedepo,Federal Roads Maintenance Agency,381081,8812236835,UBA,BIO_86729,94.19,2018-08-29,EMP_005322
Zainab Yusuf,Nigeria Customs Service,254058,7405730358,Zenith,BIO_58109,89.43,2022-10-17,EMP_005323
Ade Adebayo,Ministry of Works,259166,4503869595,GTBank,BIO_32893,85.05,2020-10-05,EMP_005324
Femi Ogunlesi,Ministry of Power,285855,4615292656,First Bank,BIO_59140,90.08,2021-10-17,EMP_005325
Fatima Suleiman,Civil Service Commission,454605,4398144836,GTBank,BIO_48187,93.49,2023-09-16,EMP_005326
Dele Adeleke,Ministry of Works,215423,7528289127,First Bank,BIO_29802,93.47,2021-03-31,EMP_005327
Tayo Adeyemi,Ministry of Water Resources,444480,2276289082,UBA,BIO_63164,97.68,2018-12-30,EMP_005328
Adaeze Ani,Civil Service Commission,354744,6342146203,UBA,,99.9,2025-11-25,EMP_005329
Adaeze Nwankwo,Ministry of Finance,207835,8913095663,Zenith,BIO_79817,85.63,2020-09-19,EMP_005330
Ade Adeleke,Nigeria Customs Service,249012,4228778196,UBA,BIO_83478,90.71,2016-10-28,EMP_005331
Tunde Williams,Ministry of Health,289207,7081036077,First Bank,BIO_81370,93.89,2016-12-22,EMP_005332
Tunde Williams,Civil Service Commission,246654,2856072483,GTBank,BIO_97276,86.39,2019-07-26,EMP_005333
Tayo Adebayo,Ministry of Education,175995,7339026515,GTBank,BIO_10193,97.89,2021-05-28,EMP_005334
Hassan Yusuf,Ministry of Works,232051,6266547991,UBA,BIO_95399,89.74,2018-10-07,EMP_005335
Nnamdi Okafor,Civil Service Commission,199964,3210992512,GTBank,BIO_61913,97.37,2022-11-01,EMP_005336
Bola Williams,Ministry of Health,212135,4644908655,Zenith,BIO_48346,85.31,2017-05-08,EMP_005337
Ibrahim Yusuf,Federal Roads Maintenance Agency,498103,7729663177,GTBank,BIO_37453,91.76,2017-07-12,EMP_005338
Ade Ogunlesi,Nigeria Customs Service,341450,7808079332,Zenith,BIO_83970,94.36,2024-06-08,EMP_005339
Tunde Ogunlesi,Nigeria Customs Service,194113,7121545227,UBA,BIO_53376,96.63,2023-07-11,EMP_005340
Abubakar Umar,Ministry of Agriculture,478505,7482471558,Zenith,BIO_62766,91.18,2023-09-02,EMP_005341
Ade Adeleke,Ministry of Finance,458037,3492037591,Access,BIO_28806,95.04,2019-01-24,EMP_005342
Yemi Ogunlesi,Civil Service Commission,440996,5234537318,UBA,,99.9,2026-02-13,EMP_005343
Tunde Adeyemi,Ministry of Works,472049,9802194934,GTBank,BIO_90189,92.84,2023-05-24,EMP_005344
Yemi Adeleke,Federal Roads Maintenance Agency,432203,2771738329,UBA,BIO_63292,95.01,2017-02-22,EMP_005345
Ade Adeleke,Ministry of Agriculture,234618,8654247057,UBA,BIO_71856,91.75,2021-12-10,EMP_005346
Tayo Adeleke,Ministry of Health,122829,7730418522,UBA,BIO_16974,97.74,2023-06-19,EMP_005347
Ade Adebayo,Ministry of Works,399090,1756110722,First Bank,BIO_82474,86.61,2024-07-27,EMP_005348
Chioma Nwankwo,Ministry of Education,133632,7849168796,Zenith,BIO_17156,86.0,2019-09-04,EMP_005349
Ade Adeyemi,Ministry of Education,382465,7739847683,GTBank,BIO_42423,86.8,2023-08-22,EMP_005350
Uchenna Okonkwo,Ministry of Agriculture,259602,6055589764,UBA,BIO_68457,89.83,2022-04-17,EMP_005351
Yemi Adeleke,Civil Service Commission,210654,6208792956,Zenith,BIO_50797,93.19,2022-02-17,EMP_005352
Fatima Mohammed,Ministry of Health,403699,1861496727,GTBank,BIO_94930,92.82,2018-04-14,EMP_005353
Adaeze Obiora,Nigeria Customs Service,209452,2521659296,First Bank,BIO_85302,87.23,2022-01-01,EMP_005354
Nnamdi Nwosu,Ministry of Power,321166,9261651788,Zenith,BIO_74187,91.06,2022-01-15,EMP_005355
Adaeze Nwosu,Ministry of Finance,391826,5284852705,GTBank,BIO_66201,85.77,2018-07-15,EMP_005356
Adaeze Obiora,Ministry of Agriculture,480317,1898763570,Access,BIO_25226,96.19,2020-03-07,EMP_005357
Fatima Yusuf,Ministry of Finance,230638,1783287130,Zenith,BIO_11801,92.52,2017-03-04,EMP_005358
Okechukwu Nwankwo,Civil Service Commission,220217,6533690756,Access,BIO_62610,97.2,2023-02-09,EMP_005359
Dele Adeleke,Civil Service Commission,343913,6082612236,GTBank,BIO_89918,91.51,2024-11-12,EMP_005360
Amina Mohammed,Ministry of Education,237926,9227094401,UBA,BIO_18707,86.88,2019-11-13,EMP_005361
Usman Suleiman,Ministry of Power,132702,5713128133,Access,BIO_26496,96.18,2021-03-03,EMP_005362
Adaeze Nwosu,Ministry of Water Resources,330077,1608943349,Zenith,BIO_34670,85.08,2016-08-11,EMP_005363
Abubakar Yusuf,Ministry of Health,486604,2949299077,UBA,BIO_72859,85.71,2025-03-04,EMP_005364
Fatima Musa,Ministry of Education,398004,7862952389,First Bank,BIO_76046,92.77,2020-09-28,EMP_005365
Femi Adeleke,Civil Service Commission,280171,7939433688,UBA,BIO_34940,96.44,2020-11-29,EMP_005366
Femi Williams,Civil Service Commission,324611,4721906113,Access,BIO_45324,95.26,2022-10-08,EMP_005367
Nnamdi Onyeka,Nigeria Customs Service,432994,9097911856,Access,BIO_60768,87.02,2023-06-05,EMP_005368
Chukwu Obiora,Ministry of Water Resources,467573,5186087475,UBA,BIO_87962,87.99,2022-11-07,EMP_005369
Chukwu Obiora,Ministry of Water Resources,456546,4887929623,GTBank,BIO_46781,98.08,2024-07-31,EMP_005370
Femi Oyedepo,Ministry of Health,105863,1144356289,Access,BIO_42421,97.55,2017-12-12,EMP_005371
Tayo Williams,Ministry of Water Resources,268828,5538499932,Zenith,BIO_78935,90.46,2023-02-23,EMP_005372
Yemi Adebayo,Nigeria Customs Service,294652,5055363226,Zenith,BIO_63843,88.72,2025-04-10,EMP_005373
Amina Musa,Ministry of Works,93778,8791963890,Access,BIO_70015,89.63,2020-09-14,EMP_005374
Amina Ahmad,Ministry of Education,280450,9287810815,Zenith,BIO_23107,89.62,2018-09-20,EMP_005375
Ibrahim Ahmad,Civil Service Commission,451675,7538318218,First Bank,BIO_82976,88.82,2023-06-01,EMP_005376
Femi Adebayo,Ministry of Works,274465,1716411787,Zenith,BIO_72605,88.07,2023-02-23,EMP_005377
Tunde Adebayo,Ministry of Power,367913,9619578284,GTBank,BIO_36149,99.45,2020-06-26,EMP_005378
Abubakar Suleiman,Ministry of Works,295389,2932430181,First Bank,BIO_58380,97.55,2021-09-19,EMP_005379
Tunde Williams,Ministry of Finance,257088,3076494793,GTBank,BIO_61692,92.87,2024-09-18,EMP_005380
Hassan Yusuf,Federal Roads Maintenance Agency,402893,8084516148,Access,BIO_24731,92.55,2016-12-08,EMP_005381
Chukwu Okafor,Ministry of Agriculture,309175,1580957190,Access,BIO_65674,93.96,2024-05-13,EMP_005382
Ade Adebayo,Ministry of Power,483719,9669621870,Access,BIO_41820,92.32,2024-03-21,EMP_005383
Tayo Adeleke,Federal Roads Maintenance Agency,206975,8347364422,Zenith,BIO_17373,92.47,2016-07-26,EMP_005384
Amina Mohammed,Ministry of Water Resources,320212,7216706930,GTBank,BIO_76181,88.09,2016-08-01,EMP_005385
Uchenna Onyeka,Ministry of Finance,309794,1785765079,Zenith,BIO_68767,87.86,2024-11-09,EMP_005386
Dele Adeyemi,Nigeria Customs Service,120877,9712991397,First Bank,BIO_37601,90.96,2021-08-15,EMP_005387
Abubakar Umar,Ministry of Agriculture,301192,9306793875,Access,BIO_14970,88.66,2021-10-01,EMP_005388
Fatima Ahmad,Ministry of Power,491474,4716619984,First Bank,BIO_73430,91.84,2023-12-21,EMP_005389
Hassan Umar,Ministry of Health,211178,5954274387,Zenith,,99.9,2025-03-09,EMP_005390
Fatima Ibrahim,Ministry of Power,378216,6315057258,Zenith,BIO_61826,94.81,2022-04-02,EMP_005391
Chioma Onyeka,Ministry of Water Resources,418132,5995152511,Access,BIO_83512,88.38,2020-11-19,EMP_005392
Aisha Yusuf,Ministry of Power,386321,7920348541,Access,BIO_17331,91.61,2023-12-28,EMP_005393
Abubakar Ahmad,Ministry of Water Resources,338517,8276800812,First Bank,BIO_72092,92.52,2020-08-28,EMP_005394
Chinedu Ani,Ministry of Water Resources,374856,2776749883,Access,BIO_74462,93.94,2020-03-04,EMP_005395
Yemi Ogunlesi,Nigeria Customs Service,263278,1708426032,UBA,BIO_41954,88.79,2021-10-31,EMP_005396
Chiamaka Nwosu,Nigeria Customs Service,427814,2375895963,UBA,BIO_77831,95.97,2016-08-11,EMP_005397
Uchenna Onyeka,Nigeria Customs Service,200757,5404281737,UBA,BIO_89134,87.46,2021-03-30,EMP_005398
Okechukwu Onyeka,Nigeria Customs Service,280817,7261283809,First Bank,BIO_45294,92.5,2024-01-13,EMP_005399
Ade Adeleke,Ministry of Agriculture,252086,4053929187,Access,BIO_12607,92.98,2018-07-25,EMP_005400
Femi Adeleke,Ministry of Water Resources,1476812,7830220734,Zenith,BIO_66175,97.17,2025-08-15,EMP_005401
Fatima Suleiman,Ministry of Agriculture,457557,3670929144,Zenith,BIO_59772,98.83,2024-10-13,EMP_005402
Kemi Oyedepo,Civil Service Commission,178187,2523292859,Access,BIO_87760,97.32,2024-09-08,EMP_005403
Nnamdi Nwosu,Ministry of Agriculture,206028,7305889567,GTBank,BIO_34807,90.82,2023-09-27,EMP_005404
Nnamdi Onyeka,Ministry of Water Resources,398317,2305422318,GTBank,BIO_30731,96.54,2018-12-28,EMP_005405
Dele Adeleke,Civil Service Commission,216245,6738612347,First Bank,BIO_84974,94.69,2022-11-14,EMP_005406
Nnamdi Ani,Ministry of Power,344812,6625027377,Access,BIO_14813,86.72,2016-11-01,EMP_005407
Fatima Ahmad,Ministry of Power,204298,6986296639,GTBank,BIO_25908,85.53,2017-01-23,EMP_005408
Kemi Ogunlesi,Federal Roads Maintenance Agency,151554,7481478929,Access,BIO_42201,88.93,2021-03-25,EMP_005409
Tayo Williams,Ministry of Water Resources,457936,6305852217,GTBank,BIO_64927,85.71,2022-10-02,EMP_005410
Abubakar Ibrahim,Civil Service Commission,378661,2430512635,GTBank,BIO_83613,93.36,2019-12-24,EMP_005411
Okechukwu Eze,Ministry of Power,164034,3139586757,GTBank,,99.9,2024-05-20,EMP_005412
Ibrahim Yusuf,Ministry of Works,310405,9900886175,Access,BIO_32610,95.95,2021-09-12,EMP_005413
Uchenna Okafor,Civil Service Commission,426007,2128565450,GTBank,BIO_73213,88.72,2020-12-03,EMP_005414
Chinedu Onyeka,Ministry of Water Resources,476009,8028482000,First Bank,BIO_15448,87.68,2021-03-21,EMP_005415
Dele Oyedepo,Ministry of Power,439929,8240640849,UBA,BIO_96515,97.55,2022-12-23,EMP_005416
Kemi Oyedepo,Ministry of Power,251616,5223605432,First Bank,BIO_47587,87.12,2018-07-21,EMP_005417
Uchenna Nwosu,Ministry of Water Resources,314658,7769730163,UBA,BIO_64346,97.13,2021-02-28,EMP_005418
Chinedu Obiora,Ministry of Power,136518,8191205017,First Bank,BIO_93495,95.02,2024-01-06,EMP_005419
Uchenna Onyeka,Nigeria Customs Service,381595,3684637691,Zenith,,99.9,2025-07-12,EMP_005420
Ade Adebayo,Ministry of Water Resources,377537,7059814750,First Bank,BIO_51972,96.1,2017-08-29,EMP_005421
Bola Williams,Ministry of Power,134511,5373392403,Zenith,BIO_84104,96.8,2018-05-10,EMP_005422
Zainab Ahmad,Nigeria Customs Service,498801,1290717180,Zenith,BIO_83052,95.6,2019-10-21,EMP_005423
Chukwu Nwosu,Ministry of Agriculture,98394,5749172218,UBA,BIO_90500,96.95,2023-04-30,EMP_005424
Tayo Williams,Ministry of Water Resources,325927,1745229216,GTBank,BIO_14914,89.39,2020-08-24,EMP_005425
Uchenna Obiora,Federal Roads Maintenance Agency,161634,4440468367,Zenith,BIO_86171,97.73,2020-07-27,EMP_005426
Bola Oyedepo,Ministry of Health,284327,6756982356,Access,BIO_43102,91.29,2017-06-10,EMP_005427
Ibrahim Ibrahim,Ministry of Power,449246,8383708377,Zenith,BIO_14259,92.8,2022-03-21,EMP_005428
Fatima Mohammed,Ministry of Agriculture,229901,8908830750,Access,BIO_89279,85.09,2017-06-04,EMP_005429
Ibrahim Ibrahim,Nigeria Customs Service,435159,2601494732,First Bank,BIO_27229,96.49,2017-10-31,EMP_005430
Chukwu Ani,Ministry of Finance,414644,2337386730,Zenith,BIO_24384,89.97,2022-12-20,EMP_005431
Kemi Adeyemi,Ministry of Agriculture,96582,3530978105,Zenith,BIO_29287,87.46,2024-12-18,EMP_005432
Nnamdi Obiora,Ministry of Works,364550,1772220171,Access,BIO_40602,89.12,2022-09-16,EMP_005433
Femi Oyedepo,Ministry of Power,91663,7617793422,GTBank,BIO_79171,89.36,2022-11-02,EMP_005434
Femi Ogunlesi,Ministry of Finance,352250,8594192037,Zenith,BIO_29351,91.9,2019-06-02,EMP_005435
Chukwu Onyeka,Ministry of Power,449511,3984485829,Access,BIO_77267,95.45,2017-04-13,EMP_005436
Usman Mohammed,Ministry of Agriculture,242945,4003751494,Access,BIO_97218,89.74,2021-02-22,EMP_005437
Amina Yusuf,Ministry of Agriculture,108981,9120448029,Access,BIO_84063,90.67,2019-09-20,EMP_005438
Zainab Yusuf,Ministry of Power,385639,2948007953,Access,BIO_34392,87.99,2018-11-11,EMP_005439
Uchenna Okonkwo,Ministry of Works,203468,3708116626,GTBank,BIO_55687,93.79,2017-10-14,EMP_005440
Okechukwu Eze,Ministry of Finance,458488,7755771331,Zenith,BIO_61017,97.01,2022-03-30,EMP_005441
Chiamaka Okafor,Ministry of Power,245689,6628086959,GTBank,BIO_87500,88.15,2017-01-08,EMP_005442
Yemi Williams,Ministry of Works,428501,5173643466,Access,BIO_14729,92.73,2025-05-10,EMP_005443
Nnamdi Nwosu,Ministry of Power,446369,6622674057,Zenith,BIO_59660,89.26,2019-02-10,EMP_005444
Chinedu Eze,Ministry of Finance,491910,8284509597,Zenith,BIO_38606,89.83,2022-04-15,EMP_005445
Yemi Adeyemi,Nigeria Customs Service,126492,5077781177,First Bank,BIO_74131,96.92,2020-09-13,EMP_005446
Adaeze Onyeka,Ministry of Power,295283,8610600438,Zenith,BIO_14171,91.87,2016-07-13,EMP_005447
Chukwu Eze,Ministry of Education,84183,7200297993,First Bank,BIO_67058,93.49,2016-12-18,EMP_005448
Adaeze Okonkwo,Federal Roads Maintenance Agency,248709,8482015130,Zenith,BIO_48240,90.19,2025-04-11,EMP_005449
Zainab Ahmad,Civil Service Commission,299525,6961609646,First Bank,BIO_77821,89.65,2023-07-30,EMP_005450
Dele Williams,Ministry of Works,126371,7283257005,GTBank,BIO_96900,97.63,2021-08-20,EMP_005451
Adaeze Okafor,Civil Service Commission,382719,7570028912,First Bank,BIO_92890,87.81,2020-08-19,EMP_005452
Hassan Mohammed,Federal Roads Maintenance Agency,82776,2316029754,Access,BIO_21815,85.99,2021-11-29,EMP_005453
Chioma Okonkwo,Ministry of Power,87038,9703819622,GTBank,BIO_60898,93.92,2021-07-29,EMP_005454
Chioma Okafor,Ministry of Power,1497154,2180967919,Zenith,BIO_65727,87.76,2026-01-23,EMP_005455
Fatima Musa,Ministry of Power,343663,1475603030,Zenith,BIO_41166,99.02,2025-04-24,EMP_005456
Chiamaka Okonkwo,Ministry of Power,279425,5611551170,First Bank,BIO_64809,96.63,2017-03-04,EMP_005457
Ade Williams,Nigeria Customs Service,429926,4270579566,Access,,99.9,2025-12-20,EMP_005458
Chioma Eze,Federal Roads Maintenance Agency,151202,3543887031,Zenith,BIO_70715,86.79,2023-02-01,EMP_005459
Zainab Umar,Ministry of Power,135058,3562133786,First Bank,BIO_91392,92.12,2023-04-13,EMP_005460
Chiamaka Obiora,Ministry of Agriculture,248117,6967097074,GTBank,BIO_87374,95.81,2017-02-28,EMP_005461
Chinedu Okonkwo,Ministry of Education,497840,5697643644,Zenith,,99.9,2026-01-12,EMP_005462
Abubakar Ahmad,Ministry of Power,301648,2163219949,UBA,BIO_67452,93.9,2024-01-07,EMP_005463
Amina Suleiman,Ministry of Agriculture,483373,4516632060,UBA,BIO_86663,93.41,2018-04-06,EMP_005464
Tunde Williams,Ministry of Water Resources,195246,8371483397,GTBank,BIO_66196,94.16,2017-09-18,EMP_005465
Aisha Yusuf,Ministry of Agriculture,236513,9011017398,First Bank,BIO_56642,91.27,2020-03-14,EMP_005466
Okechukwu Ani,Ministry of Health,319979,9838130634,GTBank,BIO_11162,98.41,2020-03-28,EMP_005467
Dele Adebayo,Ministry of Education,262996,5787221256,GTBank,BIO_76937,87.44,2018-01-29,EMP_005468
Yemi Oyedepo,Ministry of Water Resources,279039,3360056676,Zenith,BIO_23997,98.91,2022-11-19,EMP_005469
Uchenna Nwankwo,Ministry of Health,83070,4575362728,UBA,BIO_87500,93.21,2020-06-16,EMP_005470
Tayo Oyedepo,Civil Service Commission,225265,1495379841,Zenith,BIO_82338,97.88,2020-11-10,EMP_005471
Nnamdi Obiora,Ministry of Health,279006,6441833311,Access,BIO_33495,85.18,2017-12-21,EMP_005472
Uchenna Okafor,Ministry of Works,405405,7510487837,First Bank,BIO_75571,90.21,2022-11-04,EMP_005473
Aisha Yusuf,Ministry of Finance,341076,8471860936,GTBank,BIO_23211,87.93,2019-04-30,EMP_005474
Femi Oyedepo,Ministry of Education,127729,7355105547,UBA,BIO_78937,87.61,2023-08-15,EMP_005475
Yemi Adeyemi,Ministry of Power,443438,1018284350,Access,BIO_83833,95.16,2024-07-30,EMP_005476
Amina Musa,Nigeria Customs Service,374216,5952232249,UBA,BIO_24490,85.79,2022-10-03,EMP_005477
Dele Ogunlesi,Ministry of Water Resources,132204,5990687318,GTBank,BIO_26380,91.57,2017-04-23,EMP_005478
Nnamdi Okafor,Ministry of Works,84092,3721589903,GTBank,BIO_24552,85.17,2018-11-16,EMP_005479
Chioma Nwankwo,Ministry of Power,214667,1192585661,GTBank,BIO_17179,94.18,2020-04-17,EMP_005480
Okechukwu Ani,Ministry of Power,284026,3594630056,UBA,BIO_18135,96.2,2025-03-21,EMP_005481
Bola Ogunlesi,Ministry of Works,481352,9044729112,GTBank,BIO_66849,86.42,2017-06-22,EMP_005482
Zainab Mohammed,Civil Service Commission,319625,1078823028,UBA,,99.9,2025-01-02,EMP_005483
Fatima Ahmad,Ministry of Finance,317446,2833156813,UBA,BIO_11568,88.67,2019-11-30,EMP_005484
Abubakar Musa,Ministry of Water Resources,348270,3801144050,Zenith,,99.9,2026-03-31,EMP_005485
Chiamaka Eze,Nigeria Customs Service,462556,5741915372,Zenith,BIO_15410,94.94,2023-09-03,EMP_005486
Bola Adeyemi,Ministry of Agriculture,476688,1843033324,Zenith,BIO_60100,96.78,2016-11-18,EMP_005487
Chukwu Ani,Civil Service Commission,461484,1286703021,UBA,BIO_57160,88.83,2017-06-12,EMP_005488
Ade Adeyemi,Ministry of Agriculture,86943,1165807684,UBA,BIO_97922,93.05,2016-11-23,EMP_005489
Dele Oyedepo,Ministry of Works,380919,7666499193,Zenith,BIO_39788,86.71,2016-10-28,EMP_005490
Chiamaka Onyeka,Ministry of Power,203146,2443873965,Access,BIO_31963,92.66,2016-12-26,EMP_005491
Adaeze Nwankwo,Civil Service Commission,340377,1495996284,UBA,BIO_32032,88.16,2018-10-28,EMP_005492
Hassan Umar,Ministry of Power,299731,6996581619,First Bank,BIO_40394,95.44,2025-02-02,EMP_005493
Tunde Ogunlesi,Civil Service Commission,325612,4669543537,Zenith,BIO_43667,98.93,2024-10-31,EMP_005494
Bola Oyedepo,Ministry of Education,211929,8393846396,UBA,BIO_66639,97.98,2025-03-05,EMP_005495
Chiamaka Nwosu,Ministry of Health,1465234,9046812786,GTBank,BIO_34158,93.68,2026-02-26,EMP_005496
Abubakar Musa,Civil Service Commission,469611,6435596252,UBA,BIO_58282,87.8,2023-07-03,EMP_005497
Tayo Adeyemi,Ministry of Power,100603,4096490137,Zenith,,99.9,2026-04-21,EMP_005498
Fatima Mohammed,Ministry of Finance,147853,8667848559,First Bank,BIO_71555,88.26,2018-07-23,EMP_005499
Tunde Ogunlesi,Ministry of Health,427640,9513233637,UBA,BIO_95745,91.13,2022-04-30,EMP_005500
Aisha Suleiman,Federal Roads Maintenance Agency,290411,6672552139,Access,BIO_86463,92.81,2018-09-29,EMP_005501
Femi Oyedepo,Ministry of Water Resources,103816,4887929623,GTBank,BIO_64216,99.11,2016-06-20,EMP_005502
Tayo Williams,Ministry of Health,414946,5361517989,Zenith,BIO_55395,93.47,2021-01-21,EMP_005503
Kemi Adeyemi,Ministry of Works,284558,1944060820,First Bank,BIO_36884,90.95,2017-04-23,EMP_005504
Abubakar Yusuf,Ministry of Education,481429,8680778366,Zenith,BIO_47433,87.38,2017-03-12,EMP_005505
Bola Adebayo,Civil Service Commission,252899,3712477090,GTBank,BIO_18357,88.7,2021-05-20,EMP_005506
Chukwu Onyeka,Nigeria Customs Service,211576,3608106109,UBA,BIO_76145,91.68,2024-10-06,EMP_005507
Chiamaka Okafor,Federal Roads Maintenance Agency,113588,3050518461,Zenith,BIO_23546,89.67,2021-02-26,EMP_005508
Ibrahim Ibrahim,Ministry of Education,238425,1862550676,Zenith,BIO_17728,87.86,2021-12-29,EMP_005509
Fatima Ibrahim,Ministry of Finance,355789,5000082974,Access,BIO_71859,97.78,2023-08-10,EMP_005510
Chukwu Nwosu,Ministry of Finance,327845,3278607495,First Bank,BIO_24583,93.99,2016-11-06,EMP_005511
Hassan Suleiman,Ministry of Education,424279,1481286616,GTBank,BIO_52978,96.7,2016-09-07,EMP_005512
Chukwu Nwosu,Ministry of Power,101820,4527598016,Access,BIO_44251,97.33,2018-04-15,EMP_005513
Ibrahim Mohammed,Ministry of Water Resources,433568,4371109383,First Bank,BIO_54325,85.66,2023-09-27,EMP_005514
Yemi Adeyemi,Federal Roads Maintenance Agency,115990,1270596626,First Bank,BIO_32563,85.24,2022-12-08,EMP_005515
Tunde Ogunlesi,Ministry of Agriculture,94637,4558009967,First Bank,BIO_12011,91.0,2025-01-17,EMP_005516
Amina Yusuf,Ministry of Works,170964,1390891841,First Bank,BIO_52478,85.97,2020-09-18,EMP_005517
Kemi Adebayo,Ministry of Water Resources,128642,4975658589,Zenith,BIO_69202,96.32,2024-09-30,EMP_005518
Abubakar Mohammed,Ministry of Water Resources,273703,8024765960,GTBank,BIO_15568,99.63,2023-04-06,EMP_005519
Adaeze Okafor,Ministry of Works,407159,9764584901,Zenith,BIO_55948,94.47,2020-10-02,EMP_005520
Chiamaka Eze,Ministry of Agriculture,283389,6579484313,Zenith,BIO_63248,88.38,2019-12-27,EMP_005521
Adaeze Eze,Federal Roads Maintenance Agency,252240,8333497197,GTBank,BIO_77227,86.88,2019-08-19,EMP_005522
Chiamaka Nwankwo,Ministry of Works,299715,4359844482,First Bank,BIO_85227,98.57,2020-09-14,EMP_005523
Kemi Oyedepo,Ministry of Health,393038,8668608660,Access,BIO_59133,97.1,2018-06-12,EMP_005524
Chioma Ani,Ministry of Power,322383,2566849504,Access,BIO_11059,94.5,2018-05-02,EMP_005525
Femi Adeleke,Nigeria Customs Service,288855,6038087628,GTBank,BIO_22648,95.42,2019-03-10,EMP_005526
Amina Mohammed,Federal Roads Maintenance Agency,154869,2731423876,Zenith,BIO_51410,86.58,2018-10-31,EMP_005527
Kemi Adebayo,Ministry of Agriculture,492885,9324252812,Access,BIO_33920,93.62,2018-11-12,EMP_005528
Kemi Adebayo,Ministry of Water Resources,175424,6318038666,Access,BIO_55357,97.28,2019-07-28,EMP_005529
Amina Musa,Ministry of Education,334295,5222515834,Zenith,BIO_90891,95.41,2016-05-25,EMP_005530
Yemi Oyedepo,Nigeria Customs Service,446698,8858261102,UBA,BIO_45934,91.23,2017-06-14,EMP_005531
Femi Williams,Ministry of Water Resources,89005,1367904464,UBA,BIO_65082,90.85,2020-12-26,EMP_005532
Zainab Mohammed,Ministry of Education,162004,3597438109,GTBank,BIO_85277,86.6,2024-12-03,EMP_005533
Abubakar Ahmad,Ministry of Agriculture,93875,6570755424,Access,BIO_89298,89.38,2019-01-17,EMP_005534
Adaeze Nwankwo,Nigeria Customs Service,277699,1256974021,Access,BIO_82358,91.95,2021-01-15,EMP_005535
Zainab Musa,Federal Roads Maintenance Agency,268162,9951196042,First Bank,BIO_28508,85.42,2023-06-06,EMP_005536
Aisha Ahmad,Ministry of Power,179011,6619845573,First Bank,BIO_25135,92.23,2016-06-17,EMP_005537
Femi Adebayo,Ministry of Works,154878,4811306036,First Bank,BIO_70662,89.48,2020-01-08,EMP_005538
Tayo Adeleke,Civil Service Commission,451511,8542264650,Zenith,BIO_69099,93.69,2022-03-13,EMP_005539
Hassan Suleiman,Federal Roads Maintenance Agency,267349,1650950707,GTBank,BIO_69889,90.78,2018-07-11,EMP_005540
Femi Ogunlesi,Ministry of Works,482796,1599798172,Zenith,BIO_11805,85.59,2024-02-09,EMP_005541
Abubakar Umar,Ministry of Water Resources,82177,6352640093,Zenith,BIO_51107,92.34,2020-04-29,EMP_005542
Yemi Oyedepo,Ministry of Finance,478810,3790870122,Access,BIO_73667,93.07,2025-01-13,EMP_005543
Adaeze Nwosu,Ministry of Power,466532,9868390978,UBA,BIO_23981,90.93,2021-12-09,EMP_005544
Ade Adebayo,Ministry of Power,283338,1437641067,First Bank,BIO_14045,87.4,2020-04-03,EMP_005545
Hassan Mohammed,Nigeria Customs Service,165639,9541181730,First Bank,BIO_62123,92.46,2023-12-28,EMP_005546
Chukwu Obiora,Ministry of Education,191519,6404133616,UBA,BIO_15089,96.65,2023-06-02,EMP_005547
Chioma Okonkwo,Ministry of Works,354682,5652317533,GTBank,BIO_85733,98.32,2021-11-07,EMP_005548
Usman Ahmad,Ministry of Health,129826,9838130634,GTBank,BIO_88772,98.91,2016-10-11,EMP_005549
Uchenna Ani,Ministry of Power,154455,1944578050,Access,BIO_68490,95.02,2020-06-25,EMP_005550
Amina Musa,Ministry of Power,406208,9004951092,First Bank,BIO_96970,94.0,2018-08-08,EMP_005551
Chiamaka Okafor,Ministry of Works,348752,1733400401,First Bank,BIO_28694,98.03,2022-07-27,EMP_005552
Tunde Adeleke,Federal Roads Maintenance Agency,382076,8983204607,GTBank,BIO_65266,94.1,2020-07-10,EMP_005553
Hassan Umar,Ministry of Health,373996,3927202105,Access,BIO_71878,89.67,2018-08-17,EMP_005554
Tunde Adebayo,Nigeria Customs Service,430074,9678050937,Zenith,BIO_30483,88.17,2020-02-26,EMP_005555
Chiamaka Obiora,Nigeria Customs Service,197552,9865477436,UBA,BIO_19160,85.77,2017-02-02,EMP_005556
Aisha Yusuf,Ministry of Health,440877,5205453386,UBA,BIO_13122,94.58,2021-03-18,EMP_005557
Ade Williams,Ministry of Power,184623,6835864421,Access,BIO_74777,87.23,2023-04-08,EMP_005558
Aisha Yusuf,Ministry of Works,401936,1120641930,GTBank,BIO_41475,90.34,2017-12-26,EMP_005559
Amina Suleiman,Ministry of Finance,418716,5622396284,First Bank,BIO_18340,87.53,2017-07-02,EMP_005560
Femi Adebayo,Federal Roads Maintenance Agency,279113,3008297351,UBA,BIO_41534,97.86,2023-01-17,EMP_005561
Bola Ogunlesi,Ministry of Works,113663,7335487854,UBA,BIO_48200,95.75,2023-12-18,EMP_005562
Zainab Musa,Ministry of Power,389757,9666944474,Access,BIO_13895,95.53,2020-03-07,EMP_005563
Chiamaka Okafor,Civil Service Commission,280539,7689877818,GTBank,BIO_87517,87.55,2017-07-31,EMP_005564
Hassan Ibrahim,Ministry of Water Resources,265181,6738048613,Access,BIO_43529,85.11,2020-08-13,EMP_005565
Tayo Oyedepo,Ministry of Agriculture,113020,7549895782,GTBank,BIO_30063,93.82,2021-04-14,EMP_005566
Yemi Ogunlesi,Ministry of Agriculture,313401,1546988757,Access,BIO_10156,89.36,2024-09-23,EMP_005567
Kemi Adebayo,Nigeria Customs Service,288716,2384002733,UBA,BIO_99338,91.32,2021-07-20,EMP_005568
Abubakar Suleiman,Ministry of Finance,83256,5076076796,Access,,99.9,2024-09-18,EMP_005569
Dele Adeyemi,Ministry of Works,464716,7240820354,First Bank,BIO_91543,95.38,2022-06-16,EMP_005570
Hassan Umar,Ministry of Health,281276,3125821158,First Bank,BIO_46370,91.27,2025-02-09,EMP_005571
Zainab Ibrahim,Civil Service Commission,447183,1034672241,UBA,BIO_14509,86.65,2020-11-23,EMP_005572
Chukwu Obiora,Ministry of Power,164805,6151014170,First Bank,BIO_62074,88.18,2022-10-28,EMP_005573
Zainab Suleiman,Civil Service Commission,466027,7447490675,Access,BIO_47731,89.93,2019-01-17,EMP_005574
Aisha Musa,Ministry of Works,397764,4577272677,GTBank,,99.9,2025-02-21,EMP_005575
Tunde Adebayo,Nigeria Customs Service,355924,8467937886,First Bank,BIO_17137,90.65,2023-09-16,EMP_005576
Ade Adebayo,Federal Roads Maintenance Agency,316070,8529917201,GTBank,BIO_47635,94.64,2018-08-27,EMP_005577
Abubakar Ibrahim,Federal Roads Maintenance Agency,171414,7945104298,GTBank,BIO_86153,92.46,2021-04-13,EMP_005578
Usman Musa,Ministry of Agriculture,191649,9169679917,Zenith,BIO_71787,94.04,2018-07-23,EMP_005579
Chukwu Ani,Ministry of Works,265337,6180006079,Zenith,BIO_63338,94.74,2024-05-29,EMP_005580
Yemi Adeyemi,Ministry of Power,295919,1320585050,Zenith,BIO_73019,85.51,2022-01-11,EMP_005581
Fatima Yusuf,Ministry of Power,373961,1475603030,Zenith,BIO_67527,99.34,2022-02-20,EMP_005582
Amina Umar,Ministry of Agriculture,408738,8609870927,GTBank,BIO_41640,89.88,2019-11-14,EMP_005583
Yemi Adebayo,Federal Roads Maintenance Agency,211040,5904769012,Zenith,BIO_94942,91.17,2023-03-03,EMP_005584
Femi Adeleke,Ministry of Water Resources,344688,4601823201,UBA,BIO_69062,87.22,2016-12-24,EMP_005585
Kemi Ogunlesi,Ministry of Water Resources,286219,1238454400,First Bank,BIO_37815,97.12,2024-07-02,EMP_005586
Tunde Williams,Ministry of Health,221054,3494701606,First Bank,BIO_82669,87.99,2020-04-09,EMP_005587
Adaeze Nwosu,Ministry of Power,321387,8107950076,UBA,BIO_57453,95.95,2017-03-02,EMP_005588
Usman Ibrahim,Ministry of Agriculture,479889,1911850420,GTBank,BIO_74814,92.6,2019-01-31,EMP_005589
Nnamdi Eze,Ministry of Water Resources,230337,9731112587,Zenith,BIO_85264,86.91,2021-06-10,EMP_005590
Chiamaka Onyeka,Nigeria Customs Service,178648,3895189894,Access,BIO_61656,97.67,2022-12-17,EMP_005591
Chinedu Nwankwo,Ministry of Health,239548,3139666398,UBA,BIO_72706,86.07,2022-11-07,EMP_005592
Fatima Yusuf,Civil Service Commission,175136,3819316001,First Bank,BIO_76991,88.64,2024-08-19,EMP_005593
Ibrahim Yusuf,Ministry of Works,326909,4539959490,Access,BIO_86268,87.18,2023-09-06,EMP_005594
Hassan Ibrahim,Ministry of Agriculture,437974,4600579019,Access,,99.9,2026-04-27,EMP_005595
Bola Adeleke,Ministry of Health,311043,8529148293,Access,BIO_50248,86.71,2024-06-20,EMP_005596
Zainab Suleiman,Civil Service Commission,366558,8436264023,UBA,BIO_16315,90.48,2021-07-15,EMP_005597
Usman Musa,Civil Service Commission,116345,3903197283,Zenith,BIO_67210,93.61,2018-11-20,EMP_005598
Chukwu Obiora,Ministry of Health,168240,5417040391,GTBank,BIO_13331,88.59,2018-08-09,EMP_005599
Uchenna Okafor,Civil Service Commission,440463,5714578065,Access,BIO_96810,90.19,2022-07-04,EMP_005600
Nnamdi Obiora,Ministry of Finance,170703,2288856842,Access,,99.9,2024-12-12,EMP_005601
Fatima Umar,Ministry of Finance,403523,1290478210,GTBank,BIO_32604,96.4,2023-10-27,EMP_005602
Zainab Umar,Ministry of Works,121204,2908536458,UBA,BIO_87148,90.66,2025-01-10,EMP_005603
Uchenna Nwosu,Ministry of Agriculture,211134,2679402774,Access,BIO_61882,87.24,2016-12-27,EMP_005604
Dele Oyedepo,Ministry of Water Resources,434153,9423434241,Zenith,BIO_29140,90.98,2019-11-09,EMP_005605
Chinedu Eze,Ministry of Health,225144,7364830724,UBA,BIO_77434,93.87,2023-12-08,EMP_005606
Bola Adeyemi,Ministry of Education,108232,9495852864,Access,BIO_77411,90.1,2024-03-19,EMP_005607
Chioma Eze,Ministry of Finance,280647,3045454965,GTBank,,99.9,2025-12-12,EMP_005608
Chinedu Okonkwo,Ministry of Works,112205,3805839310,GTBank,BIO_23376,86.01,2023-08-23,EMP_005609
Hassan Umar,Ministry of Works,97888,2317633524,Zenith,BIO_99596,86.7,2018-07-13,EMP_005610
Nnamdi Ani,Ministry of Water Resources,357172,3160081165,GTBank,BIO_19083,91.64,2019-05-15,EMP_005611
Nnamdi Ani,Ministry of Education,1470364,4308974394,GTBank,BIO_32381,85.61,2025-11-30,EMP_005612
Yemi Adeleke,Ministry of Finance,472841,6770837128,First Bank,BIO_46520,88.69,2024-11-05,EMP_005613
Abubakar Yusuf,Ministry of Agriculture,268536,1440025329,GTBank,BIO_69328,86.0,2021-06-02,EMP_005614
Chinedu Okonkwo,Ministry of Works,178805,9729853599,Access,BIO_17437,94.99,2021-03-16,EMP_005615
Usman Yusuf,Ministry of Water Resources,188669,6238710604,Access,BIO_75740,93.78,2016-10-06,EMP_005616
Chioma Okafor,Ministry of Finance,288988,2659626960,GTBank,BIO_33636,96.12,2016-09-30,EMP_005617
Femi Ogunlesi,Ministry of Health,112027,5023937526,GTBank,BIO_69492,96.37,2019-07-14,EMP_005618
Usman Mohammed,Ministry of Education,121123,5302484225,GTBank,BIO_78063,92.61,2020-09-20,EMP_005619
Chiamaka Okafor,Ministry of Agriculture,491768,7416204003,GTBank,,99.9,2025-06-02,EMP_005620
Bola Adeyemi,Ministry of Agriculture,111939,4847375254,Zenith,BIO_58083,90.65,2023-08-14,EMP_005621
Chioma Nwosu,Ministry of Health,197301,3283908507,Zenith,BIO_77947,87.91,2018-02-18,EMP_005622
Kemi Ogunlesi,Ministry of Education,162480,8876340136,UBA,BIO_22092,87.07,2016-07-28,EMP_005623
Chinedu Onyeka,Nigeria Customs Service,412846,9132633495,First Bank,BIO_20230,91.36,2024-11-06,EMP_005624
Usman Yusuf,Civil Service Commission,153695,6996499544,Access,BIO_79814,91.44,2017-09-16,EMP_005625
Chioma Onyeka,Nigeria Customs Service,97276,7006742064,Zenith,BIO_83634,93.43,2024-07-20,EMP_005626
Aisha Ibrahim,Federal Roads Maintenance Agency,416849,3922335786,First Bank,BIO_38100,85.51,2023-02-16,EMP_005627
Yemi Oyedepo,Ministry of Finance,413901,4504603116,First Bank,BIO_88940,88.36,2025-01-18,EMP_005628
Fatima Suleiman,Ministry of Power,161142,9879051725,GTBank,,99.9,2025-07-23,EMP_005629
Tunde Ogunlesi,Ministry of Works,271577,4668251497,GTBank,BIO_30841,89.37,2019-03-10,EMP_005630
Fatima Ahmad,Ministry of Health,86652,1900115849,First Bank,BIO_34256,92.77,2016-10-12,EMP_005631
Tunde Adebayo,Ministry of Agriculture,252043,4966646567,Access,BIO_49066,86.82,2017-07-11,EMP_005632
Chukwu Obiora,Civil Service Commission,276014,8341687754,GTBank,BIO_33108,89.04,2017-02-18,EMP_005633
Abubakar Umar,Ministry of Works,130905,7628838953,Access,BIO_66665,90.04,2019-10-17,EMP_005634
Chioma Onyeka,Ministry of Finance,316938,8161776812,Zenith,BIO_66549,91.53,2016-09-26,EMP_005635
Femi Oyedepo,Ministry of Agriculture,199918,4064641996,Access,BIO_62233,95.86,2025-01-08,EMP_005636
Hassan Musa,Nigeria Customs Service,392502,2991001237,GTBank,BIO_10967,94.68,2022-03-04,EMP_005637
Okechukwu Eze,Federal Roads Maintenance Agency,475342,9603767889,UBA,BIO_94302,89.53,2024-06-13,EMP_005638
Ibrahim Ibrahim,Ministry of Education,187409,3228178133,Access,BIO_10081,95.15,2018-07-25,EMP_005639
Aisha Suleiman,Civil Service Commission,84257,3945063843,Zenith,BIO_78915,97.52,2024-03-14,EMP_005640
Tayo Adebayo,Ministry of Finance,480044,4269423353,Zenith,BIO_46247,93.04,2020-07-09,EMP_005641
Chioma Obiora,Civil Service Commission,147034,5828838567,First Bank,BIO_28598,92.54,2017-10-16,EMP_005642
Zainab Mohammed,Ministry of Works,330746,4168178912,UBA,BIO_78936,95.31,2016-11-29,EMP_005643
Adaeze Eze,Federal Roads Maintenance Agency,449923,8422686343,Zenith,BIO_88375,95.76,2023-07-10,EMP_005644
Adaeze Eze,Civil Service Commission,294682,5034740359,GTBank,BIO_39990,87.47,2023-05-23,EMP_005645
Nnamdi Onyeka,Ministry of Health,151145,7640722457,Zenith,BIO_81986,97.89,2018-11-25,EMP_005646
Usman Yusuf,Ministry of Education,285759,1324788006,Zenith,BIO_75276,97.15,2023-11-01,EMP_005647
Yemi Adeyemi,Federal Roads Maintenance Agency,384889,4097655176,First Bank,BIO_71455,95.07,2016-06-15,EMP_005648
Chioma Okafor,Ministry of Education,226886,8733777801,UBA,BIO_44167,97.55,2023-11-07,EMP_005649
Nnamdi Okonkwo,Ministry of Finance,329524,7525780596,UBA,BIO_79891,91.36,2017-02-25,EMP_005650
Kemi Adebayo,Ministry of Water Resources,234166,3389311041,UBA,BIO_51903,86.9,2017-10-29,EMP_005651
Nnamdi Nwosu,Ministry of Finance,463017,6298783770,UBA,BIO_98483,85.67,2024-10-26,EMP_005652
Chioma Obiora,Federal Roads Maintenance Agency,477498,6533908886,UBA,BIO_24681,91.78,2017-04-06,EMP_005653
Femi Ogunlesi,Ministry of Finance,398524,7590242957,Access,BIO_80581,85.37,2019-09-21,EMP_005654
Yemi Oyedepo,Ministry of Health,308796,7037126882,First Bank,BIO_13043,88.14,2023-03-25,EMP_005655
Amina Umar,Ministry of Power,329973,5683483572,GTBank,BIO_87126,93.69,2021-08-01,EMP_005656
Fatima Umar,Ministry of Finance,85084,6548754444,UBA,BIO_21252,91.71,2022-12-13,EMP_005657
Chioma Ani,Ministry of Education,463980,6977408458,First Bank,BIO_90254,96.03,2024-09-22,EMP_005658
Femi Adeyemi,Ministry of Finance,306430,5251550428,Zenith,BIO_61011,97.51,2020-08-27,EMP_005659
Kemi Williams,Ministry of Education,378065,6677989418,Zenith,BIO_69545,95.48,2020-08-26,EMP_005660
Chioma Eze,Ministry of Finance,222212,7025263671,GTBank,BIO_86784,95.65,2020-11-14,EMP_005661
Usman Ahmad,Ministry of Finance,468631,7024494638,Access,BIO_23358,94.33,2024-04-27,EMP_005662
Hassan Ibrahim,Civil Service Commission,171985,8120223143,Access,BIO_70367,91.01,2020-02-09,EMP_005663
Ade Adeleke,Ministry of Agriculture,126548,6037794919,UBA,BIO_98438,86.97,2018-06-19,EMP_005664
Amina Mohammed,Ministry of Finance,90430,4770071963,First Bank,BIO_64630,89.37,2019-02-03,EMP_005665
Tayo Adeyemi,Civil Service Commission,492357,3777176878,GTBank,BIO_81879,97.41,2021-09-26,EMP_005666
Tunde Adeyemi,Ministry of Education,499294,5763470404,Access,BIO_43329,89.8,2019-08-09,EMP_005667
Chinedu Onyeka,Ministry of Agriculture,411694,8526146363,GTBank,BIO_16299,87.16,2023-02-22,EMP_005668
Ibrahim Musa,Civil Service Commission,114127,4256490169,UBA,BIO_49901,94.23,2021-08-20,EMP_005669
Aisha Umar,Ministry of Water Resources,377075,5726814594,Access,BIO_20956,93.39,2019-04-14,EMP_005670
Chioma Okonkwo,Ministry of Agriculture,1312365,9498869143,Zenith,BIO_71046,97.1,2026-01-18,EMP_005671
Chioma Nwosu,Civil Service Commission,292053,2727737210,First Bank,BIO_24761,87.79,2020-09-27,EMP_005672
Ade Adeyemi,Ministry of Education,190256,1249119113,UBA,BIO_44560,85.09,2021-09-13,EMP_005673
Chukwu Eze,Nigeria Customs Service,499621,4974700859,Access,BIO_66509,88.86,2017-04-25,EMP_005674
Adaeze Okafor,Ministry of Finance,454243,6186253266,UBA,BIO_15425,88.37,2024-12-27,EMP_005675
Zainab Umar,Ministry of Education,485264,4373066119,Zenith,BIO_40594,94.31,2021-12-10,EMP_005676
Chioma Ani,Ministry of Finance,205304,3283202467,Zenith,BIO_39278,96.94,2020-02-22,EMP_005677
Ibrahim Ibrahim,Nigeria Customs Service,267639,9551499854,Zenith,BIO_15301,92.4,2025-04-15,EMP_005678
Zainab Yusuf,Ministry of Health,196888,8437956103,First Bank,BIO_63454,93.19,2024-03-24,EMP_005679
Tayo Adebayo,Ministry of Agriculture,430875,9096853593,Access,BIO_40135,91.12,2018-11-08,EMP_005680
Chioma Nwankwo,Nigeria Customs Service,349064,4996709351,First Bank,BIO_64635,87.26,2017-03-01,EMP_005681
Okechukwu Okonkwo,Ministry of Education,1326217,7609940214,Access,BIO_13844,97.57,2025-12-17,EMP_005682
Dele Adebayo,Ministry of Agriculture,466912,7101053906,Zenith,BIO_33538,97.48,2020-12-17,EMP_005683
Fatima Ibrahim,Nigeria Customs Service,203336,5049948462,GTBank,BIO_51446,95.12,2018-11-17,EMP_005684
Nnamdi Nwankwo,Ministry of Power,311497,9293515540,UBA,BIO_68732,94.32,2025-03-29,EMP_005685
Fatima Ibrahim,Ministry of Finance,271721,3438868354,Access,BIO_38107,89.61,2017-01-22,EMP_005686
Fatima Yusuf,Ministry of Finance,86449,7699443571,Zenith,BIO_97077,87.77,2020-03-21,EMP_005687
Tayo Adebayo,Federal Roads Maintenance Agency,175563,5992870144,Zenith,BIO_61044,90.33,2019-10-17,EMP_005688
Ade Adeyemi,Ministry of Health,118410,7656134069,Zenith,BIO_28054,91.58,2021-03-25,EMP_005689
Uchenna Okafor,Ministry of Health,299883,1929061441,Zenith,BIO_61623,92.32,2019-04-11,EMP_005690
Kemi Ogunlesi,Ministry of Agriculture,405190,5502587111,First Bank,BIO_87111,88.1,2018-04-01,EMP_005691
Ade Adeleke,Ministry of Agriculture,246035,9833652598,GTBank,BIO_52131,88.07,2024-03-30,EMP_005692
Nnamdi Okonkwo,Civil Service Commission,228979,2271508122,Zenith,BIO_72422,86.8,2018-09-05,EMP_005693
Adaeze Nwosu,Ministry of Water Resources,168161,9488477927,GTBank,BIO_21873,94.25,2023-07-03,EMP_005694
Fatima Suleiman,Ministry of Health,284959,9307419913,First Bank,BIO_60110,86.61,2017-07-04,EMP_005695
Chioma Ani,Ministry of Water Resources,133640,9554660925,Access,BIO_57595,92.31,2019-08-26,EMP_005696
Hassan Ibrahim,Civil Service Commission,453906,1072757377,UBA,BIO_11815,93.95,2016-08-18,EMP_005697
Chiamaka Nwankwo,Ministry of Agriculture,363780,2266018019,GTBank,BIO_24895,92.0,2020-06-04,EMP_005698
Usman Musa,Ministry of Agriculture,85108,8264307519,Access,BIO_83351,87.66,2021-02-23,EMP_005699
Nnamdi Onyeka,Ministry of Health,211663,3536643334,First Bank,BIO_68850,90.19,2024-04-25,EMP_005700
Chiamaka Eze,Ministry of Agriculture,463082,8110918078,First Bank,BIO_60833,94.17,2024-04-26,EMP_005701
Abubakar Ibrahim,Ministry of Health,427558,1483265443,UBA,BIO_36650,85.35,2023-04-22,EMP_005702
Aisha Ahmad,Ministry of Health,150296,9524034070,First Bank,BIO_24471,97.17,2024-12-14,EMP_005703
Zainab Musa,Ministry of Agriculture,94581,9317983363,Zenith,BIO_86100,96.68,2024-05-20,EMP_005704
Chioma Ani,Ministry of Agriculture,145773,2558546964,Zenith,BIO_65873,88.07,2020-06-16,EMP_005705
Adaeze Okafor,Federal Roads Maintenance Agency,383079,9853772678,Zenith,BIO_74547,89.55,2025-03-29,EMP_005706
Chiamaka Okonkwo,Ministry of Works,365223,8120371005,Zenith,BIO_42298,92.62,2020-11-12,EMP_005707
Hassan Umar,Ministry of Agriculture,407753,2156142859,Zenith,BIO_33686,91.18,2017-11-01,EMP_005708
Hassan Mohammed,Ministry of Finance,497933,7751396053,GTBank,BIO_31109,95.28,2018-09-20,EMP_005709
Kemi Adebayo,Ministry of Power,178519,1475603030,Zenith,BIO_50535,98.04,2020-07-28,EMP_005710
Chinedu Okafor,Ministry of Agriculture,471258,6594776051,Access,BIO_68406,94.03,2024-11-10,EMP_005711
Dele Ogunlesi,Nigeria Customs Service,232103,4560004338,GTBank,BIO_59434,93.58,2022-01-23,EMP_005712
Ibrahim Umar,Ministry of Education,149672,7271876859,UBA,BIO_71035,85.04,2023-09-27,EMP_005713
Kemi Adeyemi,Nigeria Customs Service,158845,2863133319,First Bank,BIO_80064,97.61,2021-03-04,EMP_005714
Nnamdi Obiora,Ministry of Agriculture,388154,8311080509,First Bank,BIO_54672,93.33,2017-07-08,EMP_005715
Usman Ibrahim,Ministry of Power,492128,5832164405,GTBank,BIO_61075,92.27,2022-06-19,EMP_005716
Tunde Ogunlesi,Ministry of Power,264942,1691088942,Zenith,,99.9,2024-07-01,EMP_005717
Chinedu Okonkwo,Ministry of Finance,473615,6031695505,GTBank,BIO_83575,89.66,2025-04-18,EMP_005718
Ibrahim Ahmad,Nigeria Customs Service,110335,8277534215,Zenith,BIO_76151,89.09,2019-12-06,EMP_005719
Okechukwu Onyeka,Federal Roads Maintenance Agency,289981,5178059955,GTBank,BIO_78120,97.32,2021-04-17,EMP_005720
Femi Adeyemi,Ministry of Water Resources,213730,8142976455,Zenith,BIO_12707,96.38,2016-07-18,EMP_005721
Tunde Adeyemi,Ministry of Health,319797,9632407125,Access,BIO_14926,97.43,2017-12-08,EMP_005722
Nnamdi Nwankwo,Federal Roads Maintenance Agency,89452,2106096708,GTBank,BIO_51341,85.84,2020-07-25,EMP_005723
Ade Adeyemi,Federal Roads Maintenance Agency,401823,7175595388,UBA,BIO_24882,93.84,2017-08-27,EMP_005724
Usman Ibrahim,Civil Service Commission,253342,5029693746,GTBank,BIO_22411,89.47,2022-05-24,EMP_005725
Aisha Ahmad,Civil Service Commission,478665,3644380041,First Bank,BIO_25351,89.04,2025-02-21,EMP_005726
Nnamdi Nwosu,Ministry of Finance,427689,8550696985,Zenith,BIO_96881,86.76,2021-12-27,EMP_005727
Kemi Williams,Ministry of Agriculture,364758,7310869337,GTBank,BIO_77599,94.84,2018-11-19,EMP_005728
Fatima Umar,Ministry of Water Resources,354487,8996784401,Zenith,BIO_80983,89.08,2018-11-12,EMP_005729
Bola Adeleke,Ministry of Agriculture,120233,3936817523,Access,BIO_41797,86.06,2016-07-20,EMP_005730
Chioma Ani,Ministry of Agriculture,233409,4267086373,Access,,99.9,2025-05-21,EMP_005731
Adaeze Okafor,Ministry of Education,370934,6835180972,GTBank,BIO_41166,93.33,2016-10-28,EMP_005732
Dele Adebayo,Federal Roads Maintenance Agency,247949,9026709157,First Bank,BIO_23472,88.87,2017-11-26,EMP_005733
Chukwu Okafor,Federal Roads Maintenance Agency,453050,9054648390,GTBank,BIO_65178,97.64,2018-10-31,EMP_005734
Zainab Mohammed,Ministry of Power,226731,3962282162,First Bank,BIO_36793,86.28,2023-12-07,EMP_005735
Aisha Suleiman,Ministry of Works,186620,8841890905,GTBank,,99.9,2025-07-03,EMP_005736
Chioma Ani,Ministry of Works,195867,1772331647,GTBank,BIO_86325,92.43,2021-11-01,EMP_005737
Femi Williams,Ministry of Health,499110,7367386465,Access,BIO_47596,87.44,2024-12-23,EMP_005738
Aisha Ibrahim,Ministry of Works,288459,1210558554,UBA,BIO_38004,85.77,2022-07-29,EMP_005739
Fatima Mohammed,Nigeria Customs Service,210250,7250503022,GTBank,BIO_65485,93.32,2024-03-14,EMP_005740
Adaeze Okafor,Ministry of Education,476815,4411186373,Access,BIO_67297,89.61,2024-04-03,EMP_005741
Abubakar Ibrahim,Nigeria Customs Service,379982,3208154731,First Bank,BIO_70977,95.46,2025-02-09,EMP_005742
Bola Adeleke,Ministry of Education,442965,1215982912,Zenith,BIO_19946,94.4,2019-10-20,EMP_005743
Chioma Eze,Ministry of Water Resources,332125,2598747923,Zenith,BIO_56522,91.0,2021-04-09,EMP_005744
Femi Adeleke,Ministry of Education,191769,2095201926,GTBank,BIO_93501,92.05,2017-09-20,EMP_005745
Chioma Obiora,Nigeria Customs Service,120556,6283433384,GTBank,BIO_99319,97.53,2023-02-27,EMP_005746
Chiamaka Ani,Ministry of Water Resources,385782,7351410415,First Bank,BIO_76197,93.54,2019-07-25,EMP_005747
Aisha Ibrahim,Nigeria Customs Service,178086,3692716406,UBA,BIO_39798,91.94,2019-04-03,EMP_005748
Chiamaka Eze,Ministry of Agriculture,192262,1928901830,Access,BIO_59830,91.01,2017-12-15,EMP_005749
Zainab Yusuf,Ministry of Health,144280,4632951872,Access,BIO_27977,86.82,2021-02-25,EMP_005750
Adaeze Obiora,Civil Service Commission,415672,9388031134,UBA,BIO_29132,86.57,2023-07-09,EMP_005751
Nnamdi Nwankwo,Federal Roads Maintenance Agency,372986,6784269122,UBA,BIO_29117,92.4,2017-04-06,EMP_005752
Dele Oyedepo,Ministry of Finance,373666,2160325972,Zenith,BIO_69905,88.77,2020-02-27,EMP_005753
Usman Yusuf,Ministry of Finance,473305,3527569322,Access,BIO_30676,95.04,2023-08-22,EMP_005754
Ibrahim Suleiman,Ministry of Power,426267,3672487961,GTBank,BIO_47905,96.67,2021-11-08,EMP_005755
Femi Oyedepo,Civil Service Commission,164787,7607199777,Zenith,BIO_11048,86.11,2021-12-10,EMP_005756
Tunde Ogunlesi,Ministry of Health,1085708,9684264541,Zenith,BIO_41673,89.38,2025-09-18,EMP_005757
Fatima Mohammed,Ministry of Power,383135,5508448019,First Bank,BIO_19867,86.84,2018-06-14,EMP_005758
Chioma Okonkwo,Nigeria Customs Service,131665,2688330814,GTBank,BIO_31635,96.47,2023-01-12,EMP_005759
Aisha Yusuf,Ministry of Works,162364,1852453746,UBA,BIO_58523,97.03,2019-10-10,EMP_005760
Zainab Suleiman,Ministry of Finance,431679,8550392996,First Bank,BIO_12014,86.34,2020-09-14,EMP_005761
Fatima Umar,Ministry of Water Resources,190416,7326073957,Access,BIO_74951,91.49,2019-06-03,EMP_005762
Uchenna Obiora,Civil Service Commission,318030,4637257951,First Bank,BIO_58115,97.24,2021-03-07,EMP_005763
Tayo Adebayo,Ministry of Works,299746,4778942729,GTBank,BIO_18824,93.2,2023-02-20,EMP_005764
Bola Adeleke,Ministry of Agriculture,132968,9355252707,First Bank,BIO_19059,91.89,2018-12-19,EMP_005765
Ade Ogunlesi,Civil Service Commission,423570,6586415319,Access,BIO_43511,91.3,2022-03-29,EMP_005766
Tunde Williams,Ministry of Works,108540,5265098774,UBA,BIO_82136,97.98,2023-04-18,EMP_005767
Chioma Eze,Ministry of Power,461699,5276798585,Zenith,BIO_32504,94.7,2017-08-16,EMP_005768
Femi Adeleke,Nigeria Customs Service,293188,1505558200,Access,BIO_34205,95.88,2019-02-25,EMP_005769
Kemi Adeyemi,Ministry of Finance,181807,4355422738,First Bank,BIO_62622,94.49,2024-05-14,EMP_005770
Amina Musa,Ministry of Health,257223,4136488575,First Bank,BIO_50506,96.03,2018-12-10,EMP_005771
Yemi Adeleke,Ministry of Agriculture,470366,5363974313,Access,BIO_76112,93.95,2016-11-18,EMP_005772
Tayo Williams,Ministry of Health,467412,6569026375,GTBank,BIO_79550,95.72,2021-03-01,EMP_005773
Kemi Adeyemi,Ministry of Water Resources,482924,2221430439,Zenith,BIO_90098,85.54,2023-07-09,EMP_005774
Zainab Umar,Ministry of Power,329785,1475603030,Zenith,BIO_30291,98.37,2021-09-04,EMP_005775
Usman Musa,Ministry of Finance,357444,6590378755,Access,BIO_58505,90.97,2020-07-02,EMP_005776
Chioma Nwosu,Federal Roads Maintenance Agency,498741,7019285286,Access,,99.9,2025-01-18,EMP_005777
Hassan Mohammed,Nigeria Customs Service,352506,4676943101,Zenith,BIO_61909,88.15,2019-04-17,EMP_005778
Okechukwu Okafor,Ministry of Water Resources,486664,3606290612,Access,,99.9,2024-06-28,EMP_005779
Usman Yusuf,Ministry of Agriculture,314388,6054165876,UBA,BIO_26796,86.27,2019-08-12,EMP_005780
Kemi Adeyemi,Ministry of Works,192489,5084216078,GTBank,BIO_95884,91.22,2024-04-14,EMP_005781
Chukwu Okonkwo,Nigeria Customs Service,299208,9602676929,GTBank,BIO_67940,89.24,2019-06-29,EMP_005782
Amina Ibrahim,Ministry of Power,333984,6278367627,Zenith,BIO_99437,87.32,2023-08-21,EMP_005783
Zainab Musa,Federal Roads Maintenance Agency,422717,2084442333,UBA,BIO_14585,88.97,2021-06-26,EMP_005784
Chukwu Okafor,Nigeria Customs Service,351978,3432395954,Zenith,BIO_95567,92.71,2016-11-30,EMP_005785
Femi Oyedepo,Ministry of Education,137613,7934506038,First Bank,BIO_57330,86.42,2016-09-25,EMP_005786
Femi Adebayo,Ministry of Finance,203919,7420334366,GTBank,BIO_42949,87.4,2021-12-06,EMP_005787
Nnamdi Obiora,Ministry of Power,484180,2199249330,UBA,BIO_29253,87.7,2020-11-13,EMP_005788
Bola Adebayo,Federal Roads Maintenance Agency,442590,5675680565,Zenith,BIO_67831,97.28,2017-09-07,EMP_005789
Chukwu Obiora,Ministry of Power,383193,7111463279,Zenith,,99.9,2024-08-17,EMP_005790
Abubakar Musa,Ministry of Agriculture,366742,5133836657,GTBank,BIO_12496,85.92,2024-08-12,EMP_005791
Chukwu Okafor,Ministry of Water Resources,353100,1321825941,Access,BIO_55716,95.34,2016-08-23,EMP_005792
Dele Adeyemi,Ministry of Works,207379,8889369654,UBA,BIO_25331,93.11,2023-04-02,EMP_005793
Amina Yusuf,Ministry of Education,368042,5467048329,UBA,BIO_83480,97.6,2017-07-14,EMP_005794
Adaeze Okafor,Ministry of Education,488287,7299344370,UBA,BIO_28008,85.5,2023-12-05,EMP_005795
Adaeze Onyeka,Ministry of Agriculture,173226,4287199083,Zenith,BIO_83880,89.35,2023-04-13,EMP_005796
Fatima Suleiman,Ministry of Finance,157863,9204326766,Zenith,BIO_85720,86.22,2018-12-05,EMP_005797
Chioma Nwankwo,Ministry of Education,266286,5562503353,Zenith,BIO_30310,85.02,2017-08-14,EMP_005798
Aisha Ibrahim,Ministry of Finance,260080,5469134565,First Bank,BIO_85707,92.29,2023-12-14,EMP_005799
Ade Ogunlesi,Nigeria Customs Service,453583,3710200377,Zenith,BIO_91593,87.34,2024-12-22,EMP_005800
Hassan Ibrahim,Federal Roads Maintenance Agency,471742,3292380587,Access,BIO_91922,96.18,2016-08-18,EMP_005801
Abubakar Ibrahim,Nigeria Customs Service,451156,4125699316,First Bank,BIO_69928,97.09,2019-08-28,EMP_005802
Hassan Musa,Ministry of Agriculture,316367,8135280862,GTBank,BIO_79719,95.68,2023-07-19,EMP_005803
Adaeze Okafor,Ministry of Agriculture,361650,5659005667,GTBank,BIO_12973,89.72,2024-01-06,EMP_005804
Dele Ogunlesi,Ministry of Agriculture,438221,2480861895,GTBank,BIO_80714,96.95,2018-01-15,EMP_005805
Tunde Williams,Civil Service Commission,446705,7996391839,UBA,BIO_69417,97.1,2023-06-09,EMP_005806
Bola Oyedepo,Ministry of Power,340692,8390386853,Zenith,BIO_71274,96.63,2016-10-26,EMP_005807
Ibrahim Umar,Ministry of Power,180026,9619578284,GTBank,BIO_78455,98.46,2017-03-20,EMP_005808
Femi Adeleke,Ministry of Health,112341,4429831812,GTBank,BIO_31422,85.25,2020-03-08,EMP_005809
Chukwu Obiora,Ministry of Water Resources,226968,8694581150,GTBank,BIO_37069,86.21,2019-12-06,EMP_005810
Abubakar Musa,Ministry of Health,255397,3174329454,Access,BIO_76676,92.25,2020-01-17,EMP_005811
Dele Adeyemi,Civil Service Commission,302615,1154166324,UBA,,99.9,2025-05-23,EMP_005812
Adaeze Obiora,Federal Roads Maintenance Agency,210194,5768745502,UBA,BIO_49277,91.7,2019-07-03,EMP_005813
Fatima Ibrahim,Nigeria Customs Service,194744,6636863503,First Bank,BIO_73090,91.11,2024-01-01,EMP_005814
Aisha Yusuf,Ministry of Finance,315538,4469450322,First Bank,BIO_26536,94.66,2019-04-26,EMP_005815
Femi Oyedepo,Civil Service Commission,267222,1143275189,Access,BIO_62548,95.33,2020-01-28,EMP_005816
Fatima Suleiman,Ministry of Education,389948,3459632985,GTBank,BIO_24170,85.7,2022-01-24,EMP_005817
Chioma Ani,Ministry of Power,128940,3047453936,UBA,BIO_76306,94.51,2022-01-01,EMP_005818
Okechukwu Ani,Ministry of Health,97954,9510393533,First Bank,BIO_30144,87.21,2024-07-10,EMP_005819
Tunde Williams,Ministry of Finance,319360,7468744722,UBA,BIO_45370,96.04,2023-05-18,EMP_005820
Nnamdi Nwankwo,Ministry of Works,203652,3328724328,GTBank,BIO_40404,85.11,2019-07-05,EMP_005821
Chukwu Ani,Ministry of Agriculture,436735,7231274577,UBA,BIO_97260,97.66,2022-11-22,EMP_005822
Okechukwu Eze,Nigeria Customs Service,281849,9027565549,GTBank,BIO_30536,94.47,2023-08-20,EMP_005823
Uchenna Onyeka,Civil Service Commission,230366,2161753193,UBA,BIO_23418,86.49,2017-01-02,EMP_005824
Hassan Ahmad,Ministry of Education,262403,3380941409,GTBank,BIO_33139,87.48,2022-06-19,EMP_005825
Chukwu Okafor,Nigeria Customs Service,97538,7231876416,UBA,BIO_69249,86.97,2022-05-03,EMP_005826
Chukwu Eze,Ministry of Works,270706,9845582007,GTBank,BIO_75428,97.63,2017-03-29,EMP_005827
Chinedu Eze,Ministry of Finance,380144,6330713672,First Bank,BIO_75220,87.84,2016-09-25,EMP_005828
Aisha Mohammed,Nigeria Customs Service,430399,2527853249,UBA,BIO_59919,92.75,2022-09-29,EMP_005829
Fatima Umar,Ministry of Education,200829,4707507100,UBA,BIO_56940,88.93,2021-04-05,EMP_005830
Kemi Adebayo,Ministry of Works,146299,3080641318,Zenith,BIO_28952,93.08,2019-07-09,EMP_005831
Okechukwu Okafor,Ministry of Health,419128,8157369418,GTBank,BIO_71626,86.96,2021-03-30,EMP_005832
Dele Williams,Ministry of Works,90145,8770473947,UBA,BIO_22515,92.72,2019-07-26,EMP_005833
Uchenna Ani,Ministry of Water Resources,333852,3748458332,UBA,BIO_21394,88.06,2017-04-15,EMP_005834
Fatima Ahmad,Ministry of Power,232281,5613838215,First Bank,BIO_28789,91.67,2016-06-20,EMP_005835
Okechukwu Onyeka,Ministry of Agriculture,197122,6684875781,Zenith,BIO_59605,99.72,2022-04-30,EMP_005836
Hassan Musa,Ministry of Finance,189014,1813524864,UBA,BIO_88711,96.27,2023-04-26,EMP_005837
Okechukwu Eze,Ministry of Water Resources,438948,9147494929,UBA,BIO_28059,87.85,2016-09-08,EMP_005838
Abubakar Ibrahim,Civil Service Commission,180575,2294310459,First Bank,BIO_73758,85.8,2023-05-22,EMP_005839
Hassan Ahmad,Ministry of Water Resources,126808,9363863933,UBA,BIO_90596,98.11,2019-06-30,EMP_005840
Uchenna Eze,Ministry of Works,157009,9772405252,Access,BIO_17469,89.07,2016-11-15,EMP_005841
Usman Suleiman,Ministry of Health,379111,3922554868,Access,BIO_96414,96.35,2020-03-24,EMP_005842
Tunde Ogunlesi,Nigeria Customs Service,307164,5584609903,Access,BIO_40141,87.18,2020-11-09,EMP_005843
Okechukwu Nwankwo,Ministry of Education,96510,4149400123,Access,BIO_89864,88.33,2021-08-20,EMP_005844
Yemi Williams,Ministry of Works,262289,1231793756,Access,BIO_44461,87.45,2019-03-14,EMP_005845
Uchenna Obiora,Ministry of Education,454870,6062078743,GTBank,BIO_12049,89.53,2017-11-30,EMP_005846
Kemi Adebayo,Ministry of Education,316185,5853617649,Access,BIO_83075,97.94,2024-03-19,EMP_005847
Zainab Suleiman,Ministry of Works,220430,6014670451,Access,BIO_81644,94.23,2022-01-14,EMP_005848
Ade Adebayo,Ministry of Agriculture,475376,1423887071,Access,BIO_78393,86.12,2018-01-23,EMP_005849
Aisha Suleiman,Ministry of Education,131113,5430821134,GTBank,BIO_27557,97.59,2021-01-28,EMP_005850
Chinedu Obiora,Ministry of Education,470733,4406888549,UBA,BIO_66388,96.69,2017-05-04,EMP_005851
Tayo Oyedepo,Civil Service Commission,484108,8987367531,First Bank,BIO_44166,92.0,2025-02-01,EMP_005852
Tunde Adebayo,Ministry of Works,952534,3871168977,First Bank,BIO_19097,94.69,2026-04-27,EMP_005853
Okechukwu Eze,Ministry of Works,205986,6195084307,Access,BIO_20637,88.76,2023-01-30,EMP_005854
Chioma Obiora,Ministry of Finance,170508,8304317807,Zenith,BIO_89453,96.79,2021-05-09,EMP_005855
Bola Adeleke,Ministry of Health,249959,4362448079,First Bank,BIO_28528,85.58,2017-06-08,EMP_005856
Okechukwu Okafor,Ministry of Water Resources,176193,6219788613,Access,BIO_37185,96.64,2023-04-17,EMP_005857
Adaeze Eze,Ministry of Health,336445,6572382002,UBA,BIO_45370,98.47,2021-03-22,EMP_005858
Okechukwu Okafor,Federal Roads Maintenance Agency,201995,2661767754,UBA,BIO_23858,96.55,2022-04-17,EMP_005859
Nnamdi Obiora,Ministry of Finance,331036,9743088538,UBA,BIO_75755,97.29,2022-11-01,EMP_005860
Usman Ibrahim,Ministry of Power,434961,5564234659,UBA,BIO_83353,86.37,2022-04-09,EMP_005861
Ade Adeleke,Civil Service Commission,234007,3580426451,Access,BIO_18521,97.33,2020-10-03,EMP_005862
Femi Adeleke,Ministry of Health,114669,6745718880,GTBank,BIO_69041,87.54,2021-03-25,EMP_005863
Femi Adebayo,Ministry of Agriculture,80374,6684875781,Zenith,BIO_18297,99.27,2019-07-05,EMP_005864
Femi Adebayo,Ministry of Water Resources,404700,1729650676,UBA,BIO_40155,93.12,2020-04-03,EMP_005865
Aisha Suleiman,Ministry of Water Resources,915340,3495268850,UBA,BIO_74990,91.05,2025-10-20,EMP_005866
Chioma Onyeka,Ministry of Agriculture,258495,4108861124,UBA,BIO_65251,93.13,2019-10-20,EMP_005867
Chiamaka Okafor,Ministry of Works,313668,9853676024,Access,BIO_55020,95.86,2021-05-25,EMP_005868
Nnamdi Nwankwo,Ministry of Works,331379,5335973959,UBA,BIO_40836,96.56,2018-04-19,EMP_005869
Ibrahim Umar,Civil Service Commission,370591,8304025433,Access,BIO_77117,93.16,2020-12-09,EMP_005870
Zainab Yusuf,Ministry of Health,373915,9182714332,GTBank,BIO_50576,91.39,2023-02-04,EMP_005871
Usman Yusuf,Nigeria Customs Service,1027522,9219467500,Access,BIO_79668,93.54,2025-10-12,EMP_005872
Adaeze Okafor,Ministry of Finance,446680,8535567242,Zenith,BIO_71431,91.19,2019-04-29,EMP_005873
Yemi Oyedepo,Ministry of Power,444890,7953403865,First Bank,BIO_80730,92.83,2016-07-11,EMP_005874
Ade Adebayo,Nigeria Customs Service,292779,9162897054,Access,BIO_49932,95.25,2016-06-03,EMP_005875
Amina Yusuf,Ministry of Finance,1278035,4210289439,Access,BIO_76931,92.02,2025-06-16,EMP_005876
Tunde Adebayo,Civil Service Commission,195102,1697118150,UBA,BIO_38131,94.05,2021-10-04,EMP_005877
Dele Adeyemi,Ministry of Works,338457,8553821006,GTBank,BIO_67651,87.34,2022-12-07,EMP_005878
Abubakar Ibrahim,Civil Service Commission,166862,8502052734,First Bank,BIO_17693,90.86,2016-08-15,EMP_005879
Zainab Yusuf,Ministry of Works,257958,6834028000,Access,BIO_48977,96.88,2023-05-30,EMP_005880
Chukwu Okafor,Ministry of Agriculture,484470,4503244131,GTBank,BIO_80857,96.68,2019-04-16,EMP_005881
Yemi Adeleke,Ministry of Power,145295,4622029812,Zenith,BIO_34496,92.03,2017-08-25,EMP_005882
Hassan Yusuf,Ministry of Finance,460463,8222421599,GTBank,,99.9,2024-06-21,EMP_005883
Bola Williams,Federal Roads Maintenance Agency,352824,9328115259,UBA,BIO_46773,89.49,2016-06-30,EMP_005884
Adaeze Nwosu,Ministry of Water Resources,161589,7410966831,GTBank,BIO_34872,96.41,2020-02-19,EMP_005885
Tayo Oyedepo,Ministry of Finance,180061,6150122891,GTBank,BIO_74008,89.12,2021-03-16,EMP_005886
Femi Adebayo,Ministry of Education,222238,3874222212,UBA,BIO_94475,96.18,2022-08-30,EMP_005887
Chioma Nwosu,Federal Roads Maintenance Agency,421453,5797645861,Access,BIO_64990,95.02,2021-09-11,EMP_005888
Chioma Ani,Civil Service Commission,418647,2238509161,Zenith,BIO_92022,88.74,2023-02-21,EMP_005889
Chinedu Okafor,Ministry of Health,203846,1209954026,UBA,BIO_22822,91.65,2019-03-29,EMP_005890
Ibrahim Suleiman,Nigeria Customs Service,382795,5268248821,Access,BIO_89888,96.26,2017-05-08,EMP_005891
Zainab Musa,Nigeria Customs Service,496034,5159734669,GTBank,BIO_66697,93.96,2023-10-14,EMP_005892
Fatima Yusuf,Ministry of Power,281600,1192015597,Access,BIO_12425,97.69,2024-10-23,EMP_005893
Femi Adeyemi,Ministry of Finance,184605,2707847594,First Bank,BIO_66259,88.97,2017-07-30,EMP_005894
Hassan Yusuf,Ministry of Health,227648,1153378210,GTBank,BIO_23713,98.06,2019-03-26,EMP_005895
Aisha Mohammed,Ministry of Education,492447,3161519540,Access,BIO_44840,99.29,2016-10-08,EMP_005896
Tunde Adebayo,Civil Service Commission,138045,5359267259,GTBank,BIO_90524,86.67,2018-04-24,EMP_005897
Uchenna Ani,Ministry of Education,371271,8611481253,First Bank,BIO_18364,86.17,2019-05-30,EMP_005898
Chinedu Ani,Ministry of Power,238814,4671491371,Access,BIO_46530,91.93,2024-03-18,EMP_005899
Tayo Adeyemi,Federal Roads Maintenance Agency,177011,3150123148,Access,BIO_90263,86.88,2019-03-07,EMP_005900
Chukwu Ani,Ministry of Agriculture,211679,3368237190,Zenith,BIO_35632,92.99,2020-03-21,EMP_005901
Chukwu Eze,Ministry of Education,108371,8189247808,First Bank,BIO_51510,88.04,2020-07-22,EMP_005902
Chiamaka Obiora,Federal Roads Maintenance Agency,413543,1699029241,Zenith,BIO_33038,85.12,2020-11-28,EMP_005903
Tayo Adeleke,Ministry of Water Resources,403592,6405050070,UBA,BIO_41622,91.7,2024-05-02,EMP_005904
Adaeze Ani,Ministry of Agriculture,249502,5692576400,UBA,BIO_41870,94.92,2025-02-11,EMP_005905
Femi Adeyemi,Ministry of Agriculture,139544,4771341802,First Bank,BIO_19729,97.12,2017-07-16,EMP_005906
Tunde Williams,Ministry of Water Resources,326028,2620352831,First Bank,BIO_42560,90.99,2018-03-21,EMP_005907
Tunde Adeleke,Nigeria Customs Service,404657,3516392425,First Bank,BIO_19346,91.53,2017-11-07,EMP_005908
Nnamdi Okonkwo,Ministry of Power,353055,7139476559,UBA,BIO_38608,96.73,2019-11-20,EMP_005909
Fatima Umar,Ministry of Works,436176,8852866372,GTBank,BIO_58077,88.72,2016-06-20,EMP_005910
Usman Umar,Ministry of Power,152107,2397217042,Access,BIO_79365,91.5,2022-09-17,EMP_005911
Hassan Mohammed,Ministry of Power,461688,5327636658,Access,BIO_69890,92.45,2022-09-21,EMP_005912
Usman Umar,Ministry of Power,93718,8666509596,UBA,BIO_67501,95.22,2020-03-23,EMP_005913
Chioma Nwankwo,Ministry of Agriculture,144949,4641493552,GTBank,BIO_91284,92.15,2018-12-18,EMP_005914
Chioma Ani,Nigeria Customs Service,107781,2415775707,Access,BIO_99783,96.29,2023-09-10,EMP_005915
Chukwu Okafor,Ministry of Water Resources,184137,1794553101,GTBank,BIO_44495,86.37,2017-05-05,EMP_005916
Hassan Umar,Ministry of Agriculture,121085,8378631397,GTBank,,99.9,2026-01-22,EMP_005917
Chioma Nwosu,Federal Roads Maintenance Agency,333987,7022821302,Access,BIO_81756,97.51,2022-03-10,EMP_005918
Chiamaka Onyeka,Ministry of Education,367007,7447696507,Zenith,BIO_88798,92.07,2021-10-27,EMP_005919
Ade Williams,Ministry of Power,459416,8260831673,UBA,BIO_98934,94.21,2017-07-18,EMP_005920
Ade Adeyemi,Nigeria Customs Service,364590,3052770597,Access,BIO_18344,97.76,2022-11-28,EMP_005921
Ade Adeyemi,Ministry of Health,430689,1179886687,Zenith,BIO_44840,98.19,2020-03-27,EMP_005922
Hassan Umar,Nigeria Customs Service,402510,7364563454,GTBank,BIO_26185,95.32,2021-10-13,EMP_005923
Adaeze Onyeka,Civil Service Commission,293301,3728541728,First Bank,BIO_19661,90.57,2019-06-08,EMP_005924
Adaeze Nwosu,Ministry of Agriculture,140647,5673529807,Access,BIO_86119,86.43,2018-12-01,EMP_005925
Chukwu Okonkwo,Ministry of Health,213996,2099379325,UBA,,99.9,2025-05-07,EMP_005926
Amina Yusuf,Civil Service Commission,131051,1253877875,UBA,BIO_87827,87.29,2020-10-18,EMP_005927
Uchenna Okonkwo,Federal Roads Maintenance Agency,408953,4651216305,Zenith,BIO_73987,85.88,2023-11-30,EMP_005928
Adaeze Onyeka,Ministry of Water Resources,293923,9169132295,UBA,BIO_46453,85.18,2021-01-14,EMP_005929
Chinedu Nwosu,Ministry of Water Resources,307922,7359492326,Access,BIO_39836,91.59,2022-02-08,EMP_005930
Nnamdi Obiora,Federal Roads Maintenance Agency,477980,3828805577,Access,BIO_33404,90.97,2018-06-24,EMP_005931
Amina Umar,Ministry of Agriculture,257617,6608816383,UBA,BIO_16574,96.29,2019-06-28,EMP_005932
Abubakar Ahmad,Ministry of Works,422200,2871586140,Zenith,BIO_63087,98.75,2021-04-13,EMP_005933
Adaeze Onyeka,Ministry of Works,340649,1521826235,Zenith,BIO_79171,92.27,2024-09-06,EMP_005934
Ibrahim Suleiman,Ministry of Water Resources,279399,7567787065,UBA,BIO_38493,89.38,2020-03-03,EMP_005935
Femi Oyedepo,Ministry of Agriculture,232317,3322831970,GTBank,BIO_27728,85.29,2018-10-19,EMP_005936
Chinedu Obiora,Civil Service Commission,115667,3378480789,GTBank,BIO_69811,97.34,2018-03-30,EMP_005937
Okechukwu Okafor,Ministry of Water Resources,491218,1718425344,Zenith,BIO_17361,97.18,2021-11-27,EMP_005938
Uchenna Okafor,Nigeria Customs Service,360093,7196397436,Access,BIO_91685,97.3,2017-05-05,EMP_005939
Nnamdi Okafor,Ministry of Power,363120,2522211938,GTBank,BIO_54448,93.56,2019-10-18,EMP_005940
Okechukwu Nwosu,Federal Roads Maintenance Agency,246903,2982809710,Access,BIO_46681,87.25,2025-01-07,EMP_005941
Yemi Oyedepo,Ministry of Power,305300,5566008390,UBA,BIO_94454,93.65,2023-09-01,EMP_005942
Dele Oyedepo,Ministry of Works,408531,7404069400,First Bank,BIO_89926,92.66,2024-10-02,EMP_005943
Usman Suleiman,Ministry of Water Resources,493998,1053312848,GTBank,BIO_80982,85.35,2022-08-29,EMP_005944
Fatima Mohammed,Ministry of Power,490139,6169122987,Zenith,BIO_82346,90.87,2017-03-25,EMP_005945
Tunde Oyedepo,Ministry of Agriculture,280977,9424067054,GTBank,BIO_87135,96.69,2023-02-10,EMP_005946
Bola Adeleke,Ministry of Education,148530,3404753135,UBA,BIO_53798,88.06,2019-11-09,EMP_005947
Zainab Yusuf,Nigeria Customs Service,255824,8280198642,First Bank,BIO_42465,91.5,2016-08-11,EMP_005948
Tunde Oyedepo,Federal Roads Maintenance Agency,93797,5154917624,Access,,99.9,2025-05-17,EMP_005949
Fatima Ibrahim,Ministry of Finance,127468,1121652188,UBA,BIO_27255,90.45,2021-02-26,EMP_005950
Tayo Williams,Federal Roads Maintenance Agency,241801,3094197975,Zenith,BIO_11173,91.55,2019-08-02,EMP_005951
Okechukwu Eze,Ministry of Works,132358,7029541864,Zenith,BIO_64254,96.9,2018-09-20,EMP_005952
Zainab Musa,Civil Service Commission,309281,4908316037,UBA,BIO_29780,97.57,2020-07-09,EMP_005953
Tunde Williams,Federal Roads Maintenance Agency,416819,3824073138,UBA,BIO_96179,94.68,2016-06-09,EMP_005954
Dele Oyedepo,Ministry of Power,276205,3034364214,UBA,BIO_83587,97.45,2025-03-24,EMP_005955
Kemi Adebayo,Civil Service Commission,307801,7955961413,GTBank,BIO_36011,87.52,2020-05-15,EMP_005956
Chinedu Obiora,Ministry of Finance,359221,2587542231,Access,BIO_77577,97.34,2023-06-03,EMP_005957
Nnamdi Eze,Ministry of Education,390403,9484965224,Access,BIO_39922,97.99,2024-08-19,EMP_005958
Hassan Ahmad,Federal Roads Maintenance Agency,198077,3847604330,Access,BIO_84437,88.22,2020-03-02,EMP_005959
Abubakar Yusuf,Ministry of Education,233184,3246029872,GTBank,BIO_85160,96.47,2018-01-03,EMP_005960
Chukwu Okonkwo,Nigeria Customs Service,166975,6066719207,GTBank,BIO_12363,86.29,2017-04-09,EMP_005961
Chukwu Onyeka,Ministry of Works,226350,3522972505,First Bank,BIO_69016,87.77,2020-09-01,EMP_005962
Okechukwu Okonkwo,Civil Service Commission,131510,5218787702,First Bank,BIO_57248,93.45,2022-06-09,EMP_005963
Usman Suleiman,Ministry of Works,387113,8995487512,Zenith,BIO_23121,96.0,2020-10-19,EMP_005964
Zainab Musa,Ministry of Water Resources,332979,5954159942,Zenith,BIO_60100,94.59,2016-06-28,EMP_005965
Kemi Williams,Ministry of Finance,402245,7575721423,Zenith,BIO_86356,95.85,2016-06-09,EMP_005966
Kemi Williams,Civil Service Commission,152102,1311362685,Zenith,BIO_85718,95.29,2020-10-12,EMP_005967
Bola Adebayo,Ministry of Works,490477,6966889063,Access,BIO_17239,88.08,2021-07-18,EMP_005968
Chiamaka Onyeka,Nigeria Customs Service,432944,2249256610,Zenith,BIO_37055,94.38,2022-11-29,EMP_005969
Ibrahim Yusuf,Ministry of Agriculture,236117,3843110386,UBA,BIO_15463,88.41,2024-03-29,EMP_005970
Chinedu Nwosu,Ministry of Agriculture,443726,7143370568,Zenith,BIO_31141,97.85,2020-01-30,EMP_005971
Ibrahim Musa,Ministry of Water Resources,149521,4301357728,Zenith,,99.9,2026-04-29,EMP_005972
Femi Oyedepo,Ministry of Agriculture,225285,9328955915,First Bank,BIO_23227,95.0,2024-02-16,EMP_005973
Ade Adeleke,Nigeria Customs Service,119469,8070772902,UBA,BIO_66636,95.19,2016-07-27,EMP_005974
Zainab Mohammed,Federal Roads Maintenance Agency,392781,6738669965,UBA,BIO_22826,90.05,2018-08-09,EMP_005975
Kemi Adeleke,Ministry of Education,109583,1062435270,First Bank,BIO_56850,88.73,2020-12-13,EMP_005976
Femi Oyedepo,Nigeria Customs Service,485093,4769856061,GTBank,BIO_66896,96.68,2024-07-06,EMP_005977
Chioma Onyeka,Ministry of Education,308527,8189018428,First Bank,BIO_33587,96.31,2021-11-21,EMP_005978
Usman Musa,Ministry of Works,143072,9347597675,Zenith,BIO_55256,94.35,2021-08-25,EMP_005979
Tunde Adebayo,Ministry of Works,187264,8280494872,Access,BIO_75662,86.22,2022-10-28,EMP_005980
Abubakar Umar,Ministry of Agriculture,125389,6790034857,First Bank,BIO_46564,87.47,2019-08-11,EMP_005981
Uchenna Obiora,Ministry of Works,265321,1984185433,GTBank,BIO_44150,85.1,2022-04-08,EMP_005982
Chinedu Nwankwo,Nigeria Customs Service,244672,3108432816,First Bank,BIO_15584,94.59,2017-01-12,EMP_005983
Okechukwu Eze,Ministry of Water Resources,201335,3524853200,Access,BIO_80290,85.68,2018-11-15,EMP_005984
Bola Adebayo,Ministry of Finance,490992,7713901473,First Bank,BIO_34940,93.9,2022-07-07,EMP_005985
Chinedu Eze,Nigeria Customs Service,130734,6748963211,First Bank,,99.9,2024-10-18,EMP_005986
Chiamaka Nwankwo,Ministry of Education,114264,2090287685,GTBank,BIO_35803,85.34,2016-06-11,EMP_005987
Amina Suleiman,Ministry of Health,314178,7605783404,Access,BIO_35530,92.42,2023-09-11,EMP_005988
Kemi Adeleke,Ministry of Education,270022,4432506864,GTBank,BIO_32451,95.02,2016-09-11,EMP_005989
Adaeze Eze,Ministry of Power,466269,4449348742,UBA,BIO_94084,90.83,2021-07-19,EMP_005990
Kemi Williams,Federal Roads Maintenance Agency,243935,4158742682,Zenith,BIO_95107,93.14,2022-10-14,EMP_005991
Chinedu Okonkwo,Ministry of Agriculture,310596,5405623128,First Bank,BIO_49639,96.75,2020-11-06,EMP_005992
Amina Ibrahim,Ministry of Power,240768,2776391147,Access,BIO_48047,93.89,2018-07-27,EMP_005993
Hassan Suleiman,Ministry of Water Resources,499704,4070626535,Zenith,BIO_89892,97.51,2019-04-14,EMP_005994
Ade Adebayo,Ministry of Works,179802,3538852381,GTBank,BIO_57561,93.09,2017-10-21,EMP_005995
Dele Williams,Federal Roads Maintenance Agency,485853,9615600485,First Bank,BIO_91533,92.94,2018-04-21,EMP_005996
Chinedu Obiora,Ministry of Power,115670,5946994648,GTBank,BIO_88996,95.52,2023-05-01,EMP_005997
Kemi Adebayo,Nigeria Customs Service,244743,2919498465,GTBank,BIO_10087,89.55,2016-09-27,EMP_005998
Fatima Suleiman,Federal Roads Maintenance Agency,276864,7077749206,Zenith,BIO_83735,98.05,2021-04-14,EMP_005999
Usman Ibrahim,Civil Service Commission,322348,9817963889,GTBank,BIO_91473,94.65,2016-11-14,EMP_006000
Nnamdi Okonkwo,Ministry of Education,412407,5998051959,UBA,BIO_63932,89.33,2023-04-05,EMP_006001
Tayo Adeleke,Ministry of Power,1293731,7576267354,Zenith,BIO_52931,90.12,2026-04-10,EMP_006002
Okechukwu Ani,Ministry of Finance,496473,4797515675,Access,BIO_66630,93.04,2020-12-24,EMP_006003
Zainab Suleiman,Ministry of Agriculture,491963,6310718794,Zenith,BIO_73592,85.29,2024-03-27,EMP_006004
Zainab Musa,Civil Service Commission,315690,5395270353,Zenith,BIO_42209,97.62,2022-08-24,EMP_006005
Uchenna Okonkwo,Ministry of Works,253434,3381116200,GTBank,BIO_82660,95.94,2021-03-29,EMP_006006
Ibrahim Umar,Ministry of Power,161305,9412522369,Access,BIO_87176,91.93,2017-03-27,EMP_006007
Nnamdi Okafor,Ministry of Finance,265132,2417250740,Access,BIO_25307,97.84,2016-09-15,EMP_006008
Kemi Williams,Nigeria Customs Service,96319,8862744850,Access,BIO_79785,94.76,2024-09-27,EMP_006009
Aisha Ahmad,Ministry of Water Resources,161993,5495964979,Zenith,BIO_54338,97.65,2019-04-19,EMP_006010
Hassan Musa,Ministry of Power,134984,3230496120,First Bank,BIO_10065,86.52,2017-01-30,EMP_006011
Yemi Ogunlesi,Ministry of Works,94888,9017999961,Access,BIO_11525,95.15,2021-08-27,EMP_006012
Uchenna Ani,Ministry of Education,409321,4922152923,UBA,BIO_62295,94.18,2017-12-31,EMP_006013
Bola Adeyemi,Ministry of Finance,250529,3899388413,Access,BIO_98884,95.8,2024-04-20,EMP_006014
Kemi Adeyemi,Ministry of Finance,246166,5088532155,Zenith,BIO_69093,86.5,2023-08-15,EMP_006015
Adaeze Nwankwo,Ministry of Education,258103,9248336974,GTBank,BIO_41273,95.92,2022-03-08,EMP_006016
Okechukwu Okafor,Federal Roads Maintenance Agency,473565,2924961298,Zenith,BIO_42787,97.37,2018-07-30,EMP_006017
Tayo Oyedepo,Ministry of Finance,158354,1409641053,Zenith,BIO_52151,86.55,2017-06-03,EMP_006018
Aisha Umar,Ministry of Health,460705,7051705610,UBA,BIO_37545,85.56,2020-10-25,EMP_006019
Aisha Musa,Ministry of Power,390908,7486739275,GTBank,BIO_26065,94.1,2025-02-22,EMP_006020
Bola Williams,Ministry of Finance,101063,1370975788,First Bank,BIO_14047,85.14,2023-07-20,EMP_006021
Chioma Nwosu,Ministry of Water Resources,301938,5865204089,Access,BIO_75533,91.42,2022-09-05,EMP_006022
Uchenna Nwankwo,Ministry of Power,383146,3506412038,Zenith,BIO_15466,86.36,2024-10-06,EMP_006023
Aisha Ibrahim,Ministry of Works,329057,2871586140,Zenith,BIO_85222,99.55,2024-04-26,EMP_006024
Tayo Williams,Federal Roads Maintenance Agency,234022,6901145712,Access,BIO_11051,97.71,2021-05-26,EMP_006025
Ade Oyedepo,Ministry of Water Resources,408753,2198738675,First Bank,BIO_42052,96.86,2016-05-23,EMP_006026
Aisha Yusuf,Ministry of Agriculture,223867,1734833073,Access,BIO_36864,92.82,2019-06-22,EMP_006027
Zainab Umar,Ministry of Agriculture,257250,4343243657,Access,BIO_57330,87.92,2019-03-27,EMP_006028
Chiamaka Onyeka,Federal Roads Maintenance Agency,93056,4186083792,Zenith,,99.9,2026-02-19,EMP_006029
Ibrahim Mohammed,Ministry of Water Resources,452262,7501450451,First Bank,BIO_13980,85.21,2024-08-17,EMP_006030
Zainab Musa,Ministry of Health,343715,1330717263,UBA,BIO_38511,89.49,2022-09-09,EMP_006031
Femi Williams,Nigeria Customs Service,199718,9256276605,First Bank,BIO_41697,92.55,2017-04-02,EMP_006032
Okechukwu Nwosu,Ministry of Finance,263598,7138349199,GTBank,BIO_99122,95.27,2024-10-15,EMP_006033
Ade Adeyemi,Ministry of Education,143023,8657862511,GTBank,BIO_80088,96.15,2017-04-01,EMP_006034
Ibrahim Musa,Ministry of Works,456967,1199550086,First Bank,BIO_91406,88.0,2019-06-01,EMP_006035
Chukwu Nwankwo,Civil Service Commission,152820,6997961678,Access,BIO_32606,89.78,2024-07-14,EMP_006036
Amina Umar,Federal Roads Maintenance Agency,466287,8217819985,Access,BIO_42044,93.8,2017-10-29,EMP_006037
Usman Umar,Federal Roads Maintenance Agency,88168,2560030689,GTBank,BIO_53560,95.93,2020-07-01,EMP_006038
Okechukwu Onyeka,Ministry of Education,213007,4833537691,Access,BIO_39403,92.18,2024-02-25,EMP_006039
Uchenna Nwankwo,Ministry of Education,328472,1978882583,First Bank,BIO_87570,96.58,2019-12-03,EMP_006040
Hassan Suleiman,Ministry of Education,205302,6253734439,GTBank,BIO_30411,95.19,2019-02-17,EMP_006041
Amina Musa,Ministry of Works,99429,1543604563,UBA,BIO_75800,86.15,2023-11-01,EMP_006042
Hassan Yusuf,Ministry of Health,146115,6669258387,UBA,BIO_14051,87.57,2020-08-18,EMP_006043
Chiamaka Ani,Ministry of Water Resources,350401,8373379220,Access,BIO_15073,95.57,2019-12-07,EMP_006044
Amina Ahmad,Ministry of Health,225084,4989310916,Zenith,BIO_88814,92.15,2022-02-10,EMP_006045
Aisha Ahmad,Ministry of Health,951038,1131802207,First Bank,BIO_16784,96.91,2026-03-02,EMP_006046
Abubakar Musa,Ministry of Water Resources,92406,5077609215,GTBank,BIO_28307,92.57,2018-10-04,EMP_006047
Ibrahim Suleiman,Ministry of Power,164176,1989533569,Access,BIO_31372,91.74,2022-04-11,EMP_006048
Adaeze Okafor,Ministry of Works,480448,4664198798,GTBank,BIO_94767,88.51,2024-11-21,EMP_006049
Chinedu Okafor,Ministry of Education,97132,2119899032,GTBank,BIO_58819,91.45,2020-03-09,EMP_006050
Tayo Adeleke,Ministry of Works,273201,8326670421,Access,BIO_58175,94.6,2021-10-22,EMP_006051
Chioma Nwosu,Ministry of Power,464832,5643616501,UBA,BIO_90501,86.39,2020-01-17,EMP_006052
Uchenna Onyeka,Nigeria Customs Service,403599,9834821575,Zenith,BIO_23354,85.6,2021-03-02,EMP_006053
Chiamaka Nwosu,Federal Roads Maintenance Agency,338810,5954065647,GTBank,BIO_43456,96.29,2022-03-28,EMP_006054
Tunde Ogunlesi,Ministry of Health,479706,8327601170,Access,BIO_34510,90.62,2020-04-18,EMP_006055
Hassan Yusuf,Ministry of Agriculture,183937,7244501012,First Bank,BIO_78850,97.87,2019-03-07,EMP_006056
Adaeze Eze,Ministry of Education,142922,3721189746,Zenith,BIO_95779,96.96,2018-05-09,EMP_006057
Hassan Ahmad,Ministry of Power,255590,2994925851,UBA,BIO_37989,87.79,2021-06-12,EMP_006058
Ibrahim Suleiman,Ministry of Water Resources,455216,8748758865,Zenith,BIO_98356,92.03,2022-03-02,EMP_006059
Chioma Ani,Ministry of Water Resources,99761,2918536131,Zenith,BIO_47507,86.39,2024-06-24,EMP_006060
Chinedu Onyeka,Nigeria Customs Service,405709,3160994963,GTBank,,99.9,2025-10-25,EMP_006061
Chukwu Okonkwo,Ministry of Education,337396,8699645284,Zenith,BIO_56066,95.47,2022-02-20,EMP_006062
Usman Suleiman,Ministry of Water Resources,99679,6162661592,Access,BIO_47782,85.71,2020-01-16,EMP_006063
Aisha Ibrahim,Ministry of Agriculture,107120,3987993171,GTBank,BIO_16256,88.75,2022-09-24,EMP_006064
Uchenna Ani,Ministry of Health,404334,5637613915,Zenith,BIO_46566,88.4,2025-03-23,EMP_006065
Kemi Adebayo,Ministry of Power,186476,3019845890,Access,BIO_20851,85.23,2020-10-11,EMP_006066
Chukwu Okonkwo,Ministry of Power,450383,9794943224,Access,BIO_91559,96.68,2019-11-29,EMP_006067
Chioma Onyeka,Ministry of Health,481400,9838130634,GTBank,BIO_96388,98.81,2018-03-20,EMP_006068
Amina Suleiman,Nigeria Customs Service,145522,1711771396,UBA,BIO_46745,93.65,2022-09-17,EMP_006069
Chinedu Okonkwo,Ministry of Agriculture,128921,2733642852,First Bank,BIO_88352,93.54,2024-02-25,EMP_006070
Femi Adeyemi,Ministry of Health,1351798,9212961513,First Bank,BIO_80882,88.68,2025-08-16,EMP_006071
Usman Umar,Ministry of Power,445052,7346904199,GTBank,BIO_62898,94.68,2016-12-07,EMP_006072
Zainab Mohammed,Civil Service Commission,412299,2784030588,Access,BIO_63480,94.73,2024-10-08,EMP_006073
Zainab Yusuf,Ministry of Finance,264802,8102811634,Zenith,BIO_30221,88.54,2017-06-01,EMP_006074
Adaeze Ani,Civil Service Commission,390548,5574372381,Zenith,BIO_90770,91.17,2019-12-11,EMP_006075
Ibrahim Ibrahim,Ministry of Power,447631,8739694863,Access,BIO_99954,93.91,2024-05-08,EMP_006076
Chinedu Nwosu,Ministry of Works,447736,6305298925,Zenith,BIO_28524,90.91,2023-12-29,EMP_006077
Aisha Ibrahim,Federal Roads Maintenance Agency,488252,8046406126,First Bank,BIO_21648,86.22,2021-08-05,EMP_006078
Chukwu Okonkwo,Ministry of Works,123620,8480653143,Zenith,BIO_65734,96.54,2019-05-22,EMP_006079
Tunde Adeleke,Ministry of Water Resources,252361,6817969883,First Bank,BIO_52420,94.01,2022-12-30,EMP_006080
Nnamdi Okonkwo,Ministry of Power,280173,1398289435,UBA,BIO_94151,85.36,2023-03-28,EMP_006081
Chinedu Obiora,Ministry of Works,127115,6166400943,Access,BIO_19493,95.6,2018-10-05,EMP_006082
Fatima Ahmad,Nigeria Customs Service,142471,5611433665,GTBank,BIO_38699,90.55,2020-05-31,EMP_006083
Abubakar Yusuf,Ministry of Health,317120,6837689563,GTBank,BIO_92284,89.5,2020-01-31,EMP_006084
Nnamdi Nwankwo,Ministry of Education,89694,8756698293,Access,BIO_73142,96.51,2016-11-12,EMP_006085
Aisha Ibrahim,Ministry of Power,408147,3608743885,Zenith,BIO_99212,93.11,2023-08-09,EMP_006086
Ade Adeyemi,Federal Roads Maintenance Agency,453437,2531579472,GTBank,BIO_16834,85.23,2020-12-30,EMP_006087
Adaeze Nwankwo,Ministry of Power,365902,1242121576,First Bank,BIO_55412,90.39,2017-12-28,EMP_006088
Tunde Adeleke,Federal Roads Maintenance Agency,337319,9067921630,Access,BIO_29828,96.81,2019-05-06,EMP_006089
Chukwu Eze,Nigeria Customs Service,465053,5362829887,Access,BIO_72756,92.53,2017-06-12,EMP_006090
Uchenna Eze,Civil Service Commission,359491,4696050777,Zenith,BIO_30496,94.94,2020-05-24,EMP_006091
Aisha Umar,Nigeria Customs Service,444061,9364378451,Zenith,BIO_84053,99.12,2018-10-14,EMP_006092
Zainab Musa,Nigeria Customs Service,301422,2172345476,GTBank,BIO_52837,87.62,2020-01-17,EMP_006093
Ibrahim Mohammed,Ministry of Finance,344633,3439513047,First Bank,BIO_82326,90.4,2025-01-03,EMP_006094
Kemi Adebayo,Ministry of Agriculture,210700,5345829653,First Bank,BIO_94472,86.01,2024-05-01,EMP_006095
Bola Ogunlesi,Nigeria Customs Service,319353,6270632820,Access,BIO_52980,97.08,2023-03-12,EMP_006096
Fatima Umar,Ministry of Finance,310607,1296491329,Zenith,BIO_29402,98.75,2018-03-31,EMP_006097
Nnamdi Okafor,Ministry of Water Resources,126993,1418598080,GTBank,BIO_12011,86.74,2024-12-20,EMP_006098
Ade Adebayo,Ministry of Works,173263,1166224712,First Bank,BIO_39038,88.39,2018-03-03,EMP_006099
Bola Williams,Ministry of Education,341032,9744956977,GTBank,BIO_68349,94.6,2016-08-14,EMP_006100
Amina Ahmad,Federal Roads Maintenance Agency,353411,4852244676,First Bank,BIO_40218,87.52,2021-04-09,EMP_006101
Uchenna Okonkwo,Federal Roads Maintenance Agency,148598,4460854131,Zenith,BIO_68838,91.95,2020-05-26,EMP_006102
Tayo Oyedepo,Ministry of Works,486333,1225000895,First Bank,BIO_91645,91.33,2021-01-10,EMP_006103
Adaeze Obiora,Ministry of Power,332648,6043091352,GTBank,BIO_41128,91.56,2024-07-20,EMP_006104
Uchenna Onyeka,Ministry of Health,465519,6434873568,Access,BIO_12247,91.07,2016-11-20,EMP_006105
Nnamdi Onyeka,Civil Service Commission,352004,1356274120,UBA,BIO_29886,94.37,2025-05-01,EMP_006106
Hassan Ibrahim,Ministry of Agriculture,191132,6775681646,First Bank,,99.9,2026-04-10,EMP_006107
Tunde Ogunlesi,Civil Service Commission,446092,4046966941,Zenith,BIO_70015,88.28,2019-08-12,EMP_006108
Adaeze Okonkwo,Nigeria Customs Service,377484,7580874736,First Bank,BIO_25920,86.32,2025-04-23,EMP_006109
Chiamaka Onyeka,Ministry of Works,199968,1163586835,UBA,BIO_74898,96.58,2022-07-21,EMP_006110
Ade Adebayo,Ministry of Agriculture,411887,9049519657,GTBank,BIO_38960,98.51,2016-09-01,EMP_006111
Ade Adeleke,Federal Roads Maintenance Agency,366691,1891776553,First Bank,BIO_35506,92.58,2018-11-03,EMP_006112
Ade Oyedepo,Ministry of Finance,479645,4841170299,Zenith,BIO_32269,96.43,2023-04-18,EMP_006113
Adaeze Ani,Ministry of Water Resources,203143,6069223086,Access,BIO_50468,88.79,2019-05-26,EMP_006114
Ade Adeyemi,Ministry of Works,476631,8038236122,First Bank,BIO_61369,87.41,2024-03-13,EMP_006115
Chukwu Onyeka,Federal Roads Maintenance Agency,342226,1452177939,GTBank,BIO_39448,97.46,2021-03-15,EMP_006116
Ibrahim Umar,Nigeria Customs Service,249364,1071280409,UBA,BIO_24651,95.85,2022-04-04,EMP_006117
Uchenna Obiora,Civil Service Commission,86518,2233060966,GTBank,BIO_65564,85.0,2023-03-17,EMP_006118
Okechukwu Nwankwo,Nigeria Customs Service,430315,9123848705,Zenith,BIO_42847,91.41,2020-02-09,EMP_006119
Femi Adebayo,Civil Service Commission,471000,5397968977,Access,BIO_59493,96.54,2023-05-02,EMP_006120
Adaeze Okafor,Nigeria Customs Service,205048,8179873802,First Bank,BIO_11156,86.89,2016-08-17,EMP_006121
Dele Oyedepo,Ministry of Education,104037,4117971109,UBA,BIO_72357,85.55,2017-05-27,EMP_006122
Amina Mohammed,Ministry of Water Resources,258131,6660443393,GTBank,BIO_14954,89.53,2017-09-18,EMP_006123
Ibrahim Mohammed,Federal Roads Maintenance Agency,406638,6921411860,UBA,BIO_46921,90.46,2020-01-26,EMP_006124
Zainab Musa,Federal Roads Maintenance Agency,279429,5960896709,Access,BIO_34362,91.97,2024-09-24,EMP_006125
Ibrahim Umar,Ministry of Water Resources,288079,9863612924,First Bank,BIO_17632,96.19,2023-03-19,EMP_006126
Ade Ogunlesi,Ministry of Power,142768,1540255419,First Bank,BIO_68431,95.65,2025-01-25,EMP_006127
Chukwu Nwankwo,Nigeria Customs Service,95672,6972397879,GTBank,BIO_99777,85.21,2016-12-08,EMP_006128
Uchenna Ani,Federal Roads Maintenance Agency,284053,6835401861,UBA,BIO_44094,94.69,2020-06-24,EMP_006129
Adaeze Eze,Ministry of Water Resources,356399,9581895009,GTBank,BIO_12833,86.64,2017-02-09,EMP_006130
Aisha Musa,Nigeria Customs Service,104935,6215455215,Zenith,BIO_80757,94.6,2018-02-23,EMP_006131
Okechukwu Okonkwo,Federal Roads Maintenance Agency,146861,3771580951,UBA,BIO_51244,88.19,2024-03-13,EMP_006132
Okechukwu Onyeka,Ministry of Agriculture,391491,9909549819,Zenith,BIO_76128,95.06,2017-07-08,EMP_006133
Aisha Ahmad,Ministry of Health,360769,8807183510,First Bank,,99.9,2025-04-08,EMP_006134
Usman Ibrahim,Ministry of Water Resources,355865,4558847799,First Bank,BIO_96216,94.42,2020-09-20,EMP_006135
Usman Musa,Ministry of Finance,305891,2135649879,GTBank,BIO_98337,93.79,2023-01-31,EMP_006136
Usman Umar,Ministry of Agriculture,112353,5266867097,Access,BIO_13266,96.7,2024-07-12,EMP_006137
Tunde Adebayo,Ministry of Works,977061,7583281562,UBA,BIO_42192,91.79,2026-02-13,EMP_006138
Ibrahim Mohammed,Ministry of Works,285620,4797244772,First Bank,BIO_51277,93.92,2023-10-02,EMP_006139
Bola Adeyemi,Ministry of Finance,324282,4247666138,Zenith,BIO_14142,86.74,2023-03-16,EMP_006140
Chiamaka Eze,Nigeria Customs Service,487084,7722605991,Access,BIO_61414,95.33,2023-04-16,EMP_006141
Yemi Adeleke,Federal Roads Maintenance Agency,218875,4743543380,Access,BIO_66769,90.94,2020-11-04,EMP_006142
Chinedu Obiora,Civil Service Commission,462857,5139514040,GTBank,BIO_15205,92.57,2018-11-28,EMP_006143
Zainab Ahmad,Ministry of Agriculture,157627,8782026639,First Bank,BIO_10373,94.49,2020-08-05,EMP_006144
Ibrahim Suleiman,Ministry of Works,405838,5848181416,First Bank,BIO_22813,89.36,2020-01-16,EMP_006145
Nnamdi Okafor,Ministry of Health,324571,3290368927,UBA,BIO_50670,89.81,2019-12-28,EMP_006146
Uchenna Okafor,Ministry of Works,134739,1021457459,UBA,BIO_85212,89.97,2020-02-14,EMP_006147
Tunde Williams,Ministry of Water Resources,339346,3515958935,GTBank,BIO_59605,90.19,2019-10-05,EMP_006148
Yemi Oyedepo,Ministry of Power,268995,7745798968,GTBank,BIO_90937,95.77,2018-12-31,EMP_006149
Hassan Mohammed,Ministry of Education,160203,1479027599,Access,BIO_73101,97.83,2016-05-27,EMP_006150
Fatima Musa,Civil Service Commission,189479,8652722639,Access,BIO_38937,85.58,2022-03-29,EMP_006151
Femi Adeleke,Federal Roads Maintenance Agency,175793,2973238132,Access,BIO_53689,91.06,2022-05-21,EMP_006152
Chiamaka Okafor,Ministry of Power,368822,9006733240,Access,BIO_38033,91.67,2019-02-28,EMP_006153
Nnamdi Onyeka,Ministry of Power,302352,2561926562,First Bank,BIO_52355,93.1,2022-08-18,EMP_006154
Ibrahim Umar,Ministry of Finance,473680,1941605583,First Bank,BIO_97745,95.1,2024-01-03,EMP_006155
Uchenna Obiora,Nigeria Customs Service,105299,8543032593,GTBank,BIO_89018,85.43,2024-03-06,EMP_006156
Ibrahim Suleiman,Ministry of Education,132376,6520489389,UBA,BIO_50384,91.58,2021-12-18,EMP_006157
Yemi Adeleke,Ministry of Finance,335056,6243145293,Access,BIO_11823,89.81,2022-12-25,EMP_006158
Abubakar Ibrahim,Ministry of Education,168694,3075303520,First Bank,BIO_99519,96.3,2020-11-08,EMP_006159
Kemi Ogunlesi,Civil Service Commission,117291,2984053496,First Bank,BIO_40013,89.26,2022-03-16,EMP_006160
Kemi Oyedepo,Ministry of Health,173836,8208291301,Access,BIO_76462,93.67,2019-04-22,EMP_006161
Tunde Adeleke,Federal Roads Maintenance Agency,1185065,6001701284,Access,BIO_16058,96.77,2025-08-12,EMP_006162
Ibrahim Mohammed,Ministry of Water Resources,155510,9172578187,Access,BIO_10460,89.2,2019-10-29,EMP_006163
Nnamdi Nwosu,Ministry of Health,156967,9025693321,Zenith,BIO_35921,94.78,2024-10-09,EMP_006164
Yemi Adeleke,Ministry of Power,98884,9614165701,UBA,BIO_52978,87.5,2024-12-23,EMP_006165
Chukwu Nwankwo,Nigeria Customs Service,386077,1833845549,UBA,BIO_55268,93.83,2020-05-07,EMP_006166
Yemi Oyedepo,Ministry of Water Resources,487337,5878831407,Access,BIO_91414,91.63,2023-07-20,EMP_006167
Amina Umar,Ministry of Water Resources,135832,3948217310,GTBank,BIO_33805,93.8,2023-07-11,EMP_006168
Usman Suleiman,Ministry of Agriculture,379825,9296161532,UBA,BIO_29896,94.67,2023-06-14,EMP_006169
Ade Adeyemi,Nigeria Customs Service,450270,5454951241,Access,BIO_79578,96.1,2018-10-15,EMP_006170
Aisha Suleiman,Nigeria Customs Service,955645,3120845162,GTBank,BIO_41218,87.67,2025-09-05,EMP_006171
Aisha Yusuf,Nigeria Customs Service,408167,1277143954,GTBank,BIO_89333,94.39,2021-08-13,EMP_006172
Femi Williams,Ministry of Power,447906,8030216939,GTBank,BIO_83032,90.51,2019-09-29,EMP_006173
Yemi Ogunlesi,Nigeria Customs Service,470619,6212988511,Zenith,BIO_48277,89.56,2016-07-03,EMP_006174
Chiamaka Eze,Ministry of Water Resources,182556,5329820645,Zenith,BIO_95659,87.4,2024-03-23,EMP_006175
Kemi Ogunlesi,Federal Roads Maintenance Agency,368109,4061179957,Zenith,BIO_34797,93.68,2018-08-21,EMP_006176
Tayo Adebayo,Federal Roads Maintenance Agency,97813,1329830370,First Bank,BIO_18754,88.83,2023-12-06,EMP_006177
Dele Oyedepo,Ministry of Power,140730,6136813514,First Bank,BIO_37347,86.04,2021-09-17,EMP_006178
Kemi Oyedepo,Ministry of Water Resources,418104,2158350259,Zenith,BIO_32972,85.79,2017-07-10,EMP_006179
Zainab Ibrahim,Ministry of Finance,915019,7909452346,Zenith,BIO_11894,86.26,2025-09-16,EMP_006180
Dele Williams,Civil Service Commission,269731,7954403244,Access,BIO_91600,90.21,2020-07-07,EMP_006181
Bola Adebayo,Ministry of Water Resources,363686,3360056676,Zenith,BIO_35739,98.7,2022-08-27,EMP_006182
Uchenna Eze,Ministry of Power,428438,4136331545,First Bank,BIO_96765,94.92,2022-02-19,EMP_006183
Dele Ogunlesi,Federal Roads Maintenance Agency,499031,1627228672,GTBank,BIO_83160,94.81,2021-10-12,EMP_006184
Chiamaka Okonkwo,Ministry of Works,184137,1553051104,GTBank,BIO_92343,95.28,2025-03-18,EMP_006185
Nnamdi Ani,Ministry of Agriculture,247609,4736937207,Zenith,BIO_73049,85.32,2017-05-25,EMP_006186
Zainab Musa,Ministry of Education,296757,9399540293,First Bank,BIO_86130,88.23,2023-02-03,EMP_006187
Bola Adeyemi,Federal Roads Maintenance Agency,419147,3239430443,First Bank,BIO_68811,97.11,2017-05-18,EMP_006188
Bola Ogunlesi,Federal Roads Maintenance Agency,408095,5475879409,First Bank,BIO_50675,94.94,2020-05-10,EMP_006189
Nnamdi Onyeka,Ministry of Education,395499,3417168302,UBA,BIO_97457,89.23,2021-01-12,EMP_006190
Aisha Suleiman,Ministry of Health,320961,3738778399,GTBank,BIO_37765,97.05,2024-08-28,EMP_006191
Uchenna Onyeka,Ministry of Power,267722,3034127313,UBA,BIO_96065,94.49,2019-01-21,EMP_006192
Abubakar Musa,Ministry of Agriculture,188216,1055508738,GTBank,BIO_59779,97.5,2022-05-23,EMP_006193
Femi Adeyemi,Ministry of Power,268020,9164570058,First Bank,BIO_79298,94.05,2017-08-05,EMP_006194
Amina Mohammed,Federal Roads Maintenance Agency,146946,1856173744,First Bank,BIO_39494,85.52,2018-08-08,EMP_006195
Usman Ahmad,Ministry of Health,147799,9879234847,GTBank,BIO_41926,94.13,2022-02-07,EMP_006196
Zainab Umar,Civil Service Commission,323036,3547444421,First Bank,BIO_40679,94.34,2019-02-18,EMP_006197
Tayo Ogunlesi,Ministry of Finance,382240,3942275892,First Bank,BIO_35457,97.26,2023-09-09,EMP_006198
Tunde Williams,Nigeria Customs Service,287387,8060196692,Zenith,BIO_19841,97.13,2019-04-23,EMP_006199
Chiamaka Okonkwo,Federal Roads Maintenance Agency,95498,4404086617,UBA,BIO_44118,86.83,2017-10-03,EMP_006200
Tayo Adeleke,Ministry of Agriculture,433095,2521257170,GTBank,BIO_81918,93.55,2023-07-28,EMP_006201
Chukwu Obiora,Ministry of Health,143363,6317920921,GTBank,BIO_86136,96.14,2022-04-21,EMP_006202
Zainab Yusuf,Ministry of Health,368330,9463702542,First Bank,BIO_41193,86.2,2021-03-23,EMP_006203
Kemi Oyedepo,Federal Roads Maintenance Agency,115461,7226491599,GTBank,BIO_39014,89.98,2020-02-17,EMP_006204
Chinedu Ani,Ministry of Education,366907,6949608214,Zenith,BIO_56727,88.82,2016-11-12,EMP_006205
Nnamdi Okafor,Ministry of Education,415467,8515962290,GTBank,BIO_88836,86.54,2021-09-21,EMP_006206
Tayo Adeyemi,Ministry of Works,373438,6411480979,First Bank,BIO_15860,86.73,2022-03-13,EMP_006207
Ibrahim Suleiman,Ministry of Power,456700,4122034375,UBA,BIO_96039,93.23,2024-02-13,EMP_006208
Chioma Ani,Ministry of Agriculture,138607,8910022135,Access,BIO_43693,87.25,2020-12-29,EMP_006209
Bola Oyedepo,Ministry of Health,1385402,1001328205,Access,BIO_73979,91.75,2026-04-10,EMP_006210
Tunde Adeyemi,Ministry of Health,112564,9410372196,UBA,BIO_25267,94.79,2023-04-13,EMP_006211
Chukwu Okonkwo,Civil Service Commission,341980,9065990593,Access,BIO_32269,97.05,2018-01-26,EMP_006212
Bola Adebayo,Ministry of Power,414832,3580867590,First Bank,BIO_90608,94.6,2021-07-10,EMP_006213
Chiamaka Eze,Civil Service Commission,116995,1055904841,First Bank,BIO_44383,90.25,2020-05-17,EMP_006214
Ade Adeleke,Federal Roads Maintenance Agency,460461,2906447114,Zenith,BIO_16546,88.57,2021-03-06,EMP_006215
Nnamdi Nwankwo,Ministry of Power,326683,1211932864,UBA,BIO_92132,86.34,2020-08-10,EMP_006216
Fatima Suleiman,Ministry of Education,159835,6777475106,First Bank,BIO_53163,85.32,2020-02-27,EMP_006217
Chinedu Eze,Civil Service Commission,314276,3687972710,First Bank,BIO_83537,94.21,2023-03-28,EMP_006218
Okechukwu Ani,Ministry of Water Resources,298068,6940254187,Zenith,BIO_48378,89.79,2025-03-31,EMP_006219
Chioma Nwosu,Ministry of Power,498302,5122131593,Zenith,BIO_25895,96.76,2024-11-04,EMP_006220
Femi Adeyemi,Civil Service Commission,1182019,6129544442,GTBank,BIO_75625,91.8,2025-08-27,EMP_006221
Adaeze Obiora,Civil Service Commission,492895,9780837378,First Bank,BIO_61631,90.81,2018-06-08,EMP_006222
Kemi Adeleke,Ministry of Education,300874,2913898846,First Bank,BIO_56331,85.26,2020-12-04,EMP_006223
Adaeze Onyeka,Ministry of Power,327256,1080146644,Zenith,,99.9,2026-03-19,EMP_006224
Yemi Williams,Civil Service Commission,477179,6024739535,Access,BIO_72985,89.7,2023-12-21,EMP_006225
Kemi Adebayo,Ministry of Health,259969,7732363544,GTBank,BIO_41815,91.41,2021-02-02,EMP_006226
Tayo Adeleke,Civil Service Commission,153629,8158357224,First Bank,BIO_95692,85.34,2016-10-05,EMP_006227
Tayo Oyedepo,Ministry of Power,165246,1897700884,Zenith,BIO_76867,86.37,2021-08-03,EMP_006228
Hassan Mohammed,Ministry of Power,442344,5246734283,GTBank,BIO_95090,90.24,2023-12-06,EMP_006229
Usman Umar,Nigeria Customs Service,385986,8915077914,First Bank,BIO_11948,96.67,2024-03-06,EMP_006230
Adaeze Nwankwo,Ministry of Agriculture,92570,8451148314,Zenith,BIO_61827,87.7,2018-02-14,EMP_006231
Yemi Adeyemi,Nigeria Customs Service,265556,9808865281,Zenith,BIO_11246,87.83,2022-06-23,EMP_006232
Chioma Ani,Ministry of Water Resources,442718,1700464543,UBA,BIO_38845,93.97,2016-05-14,EMP_006233
Tunde Ogunlesi,Ministry of Health,302148,6884461708,GTBank,BIO_76396,89.74,2017-01-28,EMP_006234
Adaeze Obiora,Nigeria Customs Service,184234,6397322173,Zenith,BIO_44807,88.0,2017-06-05,EMP_006235
Yemi Adeyemi,Nigeria Customs Service,110479,5783262929,Access,BIO_68293,94.47,2022-06-04,EMP_006236
Zainab Suleiman,Ministry of Water Resources,303617,5571984012,First Bank,BIO_42825,87.67,2019-09-24,EMP_006237
Femi Adebayo,Nigeria Customs Service,239934,6316826005,First Bank,BIO_19426,99.21,2020-11-06,EMP_006238
Chukwu Ani,Ministry of Power,427201,1189249812,Zenith,BIO_48520,87.44,2024-04-09,EMP_006239
Okechukwu Okonkwo,Ministry of Works,1234458,2209952289,GTBank,BIO_63002,96.21,2026-02-06,EMP_006240
Dele Williams,Ministry of Agriculture,302475,8017186466,Zenith,BIO_36739,87.22,2020-05-24,EMP_006241
Chioma Nwankwo,Ministry of Water Resources,388156,2690990982,Zenith,BIO_62219,93.84,2021-01-20,EMP_006242
Amina Ahmad,Ministry of Works,499744,2348137389,Zenith,BIO_45604,96.11,2018-10-24,EMP_006243
Kemi Adeyemi,Ministry of Agriculture,292783,7542026048,First Bank,BIO_80527,93.57,2022-09-14,EMP_006244
Kemi Adebayo,Ministry of Education,163880,9144312651,First Bank,BIO_80781,87.16,2019-11-30,EMP_006245
Yemi Williams,Ministry of Power,393394,1003738263,GTBank,BIO_53456,87.93,2016-07-01,EMP_006246
Uchenna Okonkwo,Ministry of Power,101056,2249107191,Access,BIO_33941,98.19,2017-12-24,EMP_006247
Tayo Ogunlesi,Ministry of Water Resources,151023,2960112187,Access,BIO_85940,89.76,2016-09-14,EMP_006248
Chioma Onyeka,Ministry of Works,304953,9926009235,UBA,BIO_27441,87.08,2019-02-28,EMP_006249
Chinedu Okafor,Ministry of Power,386360,1475603030,Zenith,BIO_76531,99.14,2018-01-04,EMP_006250
Ibrahim Suleiman,Ministry of Health,221814,4350604304,First Bank,BIO_79023,87.99,2025-01-14,EMP_006251
Usman Umar,Ministry of Finance,446424,7631465603,UBA,BIO_33776,95.91,2025-02-24,EMP_006252
Zainab Umar,Ministry of Agriculture,111324,6372941314,GTBank,BIO_41231,88.45,2016-07-02,EMP_006253
Ade Adebayo,Ministry of Water Resources,152357,9012116404,First Bank,BIO_71667,91.21,2018-04-03,EMP_006254
Dele Williams,Ministry of Agriculture,204813,3458822593,Access,BIO_36636,86.28,2021-03-21,EMP_006255
Nnamdi Nwankwo,Federal Roads Maintenance Agency,1455180,3873459635,First Bank,BIO_11485,86.66,2025-09-05,EMP_006256
Kemi Adeyemi,Ministry of Education,167831,9493668776,First Bank,BIO_67319,97.7,2024-01-18,EMP_006257
Hassan Mohammed,Ministry of Water Resources,454238,7535313883,Zenith,BIO_79484,96.54,2016-10-11,EMP_006258
Chioma Onyeka,Ministry of Agriculture,317793,1584235150,Access,BIO_14287,89.5,2018-03-10,EMP_006259
Ibrahim Mohammed,Ministry of Agriculture,338684,8275917682,Zenith,BIO_98891,86.01,2017-08-20,EMP_006260
Bola Adebayo,Nigeria Customs Service,144099,8470837613,Access,BIO_44745,86.83,2021-12-11,EMP_006261
Chioma Okafor,Nigeria Customs Service,360785,4236223191,Zenith,BIO_48633,94.18,2024-03-03,EMP_006262
Uchenna Okonkwo,Ministry of Water Resources,178554,9165110025,Access,BIO_27936,92.84,2023-03-30,EMP_006263
Abubakar Mohammed,Civil Service Commission,236819,4342555264,Zenith,BIO_94051,91.39,2022-12-10,EMP_006264
Zainab Suleiman,Civil Service Commission,475544,2759538534,Access,BIO_23566,97.08,2023-08-25,EMP_006265
Chiamaka Nwosu,Ministry of Health,388930,4778485913,Access,BIO_56643,90.2,2020-04-06,EMP_006266
Adaeze Obiora,Ministry of Water Resources,362730,6318575506,Zenith,BIO_46897,89.93,2022-12-29,EMP_006267
Chioma Onyeka,Nigeria Customs Service,207931,7385083461,First Bank,BIO_14006,93.65,2016-08-31,EMP_006268
Tayo Adebayo,Ministry of Water Resources,280688,2376612247,Access,BIO_79143,97.33,2017-09-15,EMP_006269
Nnamdi Nwankwo,Ministry of Health,187101,7318345733,First Bank,BIO_36671,89.58,2025-01-18,EMP_006270
Dele Williams,Federal Roads Maintenance Agency,447928,4631796947,First Bank,BIO_28452,88.96,2018-11-30,EMP_006271
Zainab Ibrahim,Ministry of Health,456949,1945515134,UBA,BIO_33894,94.78,2020-03-22,EMP_006272
Abubakar Mohammed,Ministry of Education,265260,2621981518,First Bank,BIO_11955,96.51,2024-04-07,EMP_006273
Zainab Ibrahim,Ministry of Health,293595,5214346896,Access,BIO_35130,97.88,2024-06-13,EMP_006274
Ibrahim Mohammed,Civil Service Commission,369582,1036865233,Access,BIO_80449,85.65,2023-03-19,EMP_006275
Kemi Adeleke,Ministry of Education,461940,9821718742,GTBank,BIO_94294,89.36,2021-05-17,EMP_006276
Fatima Suleiman,Ministry of Education,147151,4046865577,UBA,BIO_49003,98.83,2022-09-19,EMP_006277
Dele Williams,Ministry of Water Resources,440279,2764282423,UBA,BIO_15223,85.62,2022-11-17,EMP_006278
Tunde Adeleke,Civil Service Commission,306387,9385821432,Zenith,BIO_42367,95.6,2018-08-10,EMP_006279
Tunde Ogunlesi,Federal Roads Maintenance Agency,240552,1411303125,GTBank,BIO_75042,90.49,2022-10-04,EMP_006280
Dele Adeleke,Ministry of Works,447637,1974680452,UBA,BIO_78773,86.5,2017-04-21,EMP_006281
Dele Adeyemi,Civil Service Commission,99942,6716507896,First Bank,BIO_15369,95.22,2020-10-12,EMP_006282
Dele Williams,Ministry of Finance,118785,9643409435,GTBank,BIO_50541,90.2,2017-10-10,EMP_006283
Chukwu Nwosu,Ministry of Water Resources,223751,8659394582,Access,BIO_32978,94.97,2018-06-29,EMP_006284
Tayo Adeyemi,Ministry of Works,103067,9782725022,UBA,BIO_74813,85.84,2018-01-28,EMP_006285
Aisha Yusuf,Nigeria Customs Service,205137,1003562239,UBA,BIO_14025,86.62,2021-07-31,EMP_006286
Chukwu Okonkwo,Ministry of Agriculture,251259,2143343369,GTBank,BIO_91444,88.57,2022-12-20,EMP_006287
Chukwu Eze,Ministry of Agriculture,287209,3426412437,GTBank,BIO_50896,89.22,2023-05-13,EMP_006288
Adaeze Okafor,Ministry of Education,298020,7008596418,UBA,BIO_62999,88.14,2020-11-09,EMP_006289
Uchenna Nwosu,Civil Service Commission,467797,2896976988,GTBank,BIO_64668,92.54,2021-03-06,EMP_006290
Dele Williams,Ministry of Health,279547,5102612644,First Bank,BIO_75422,91.95,2021-10-27,EMP_006291
Chiamaka Eze,Ministry of Power,337208,4991664535,Zenith,BIO_19258,97.32,2017-06-25,EMP_006292
Zainab Ahmad,Federal Roads Maintenance Agency,102493,2202259326,First Bank,BIO_48847,94.5,2025-02-07,EMP_006293
Fatima Suleiman,Ministry of Agriculture,299388,4676974294,First Bank,BIO_11754,97.75,2023-08-27,EMP_006294
Bola Williams,Federal Roads Maintenance Agency,142763,8773967539,UBA,BIO_86273,86.79,2025-05-01,EMP_006295
Yemi Ogunlesi,Ministry of Water Resources,465565,9908769994,Zenith,BIO_66339,96.91,2020-08-01,EMP_006296
Chukwu Ani,Ministry of Finance,310218,3456801442,GTBank,BIO_52501,87.54,2021-11-03,EMP_006297
Kemi Ogunlesi,Ministry of Agriculture,434794,2474395421,UBA,BIO_46210,92.55,2018-01-24,EMP_006298
Hassan Mohammed,Ministry of Water Resources,190786,6915570046,GTBank,BIO_83169,89.1,2020-06-07,EMP_006299
Ibrahim Umar,Federal Roads Maintenance Agency,405752,5397063808,First Bank,BIO_24704,93.62,2024-12-02,EMP_006300
Nnamdi Obiora,Ministry of Water Resources,111525,5708179954,GTBank,BIO_91653,91.82,2019-07-23,EMP_006301
Aisha Yusuf,Ministry of Water Resources,957407,6526035031,GTBank,BIO_33832,94.94,2026-04-07,EMP_006302
Zainab Musa,Ministry of Health,88304,5024369213,Access,BIO_95144,88.48,2023-05-14,EMP_006303
Zainab Ahmad,Ministry of Health,369059,1820496461,Access,BIO_44952,97.67,2022-08-02,EMP_006304
Nnamdi Eze,Ministry of Agriculture,482147,7951057724,UBA,BIO_77305,96.57,2018-05-13,EMP_006305
Dele Williams,Ministry of Agriculture,377696,6684875781,Zenith,BIO_20819,98.18,2024-07-13,EMP_006306
Chinedu Eze,Nigeria Customs Service,326174,6545601262,Zenith,BIO_61384,92.45,2023-11-02,EMP_006307
Amina Yusuf,Ministry of Works,141574,9539997805,First Bank,BIO_31445,93.71,2022-11-14,EMP_006308
Chiamaka Obiora,Ministry of Education,393694,6164262106,Access,BIO_11080,91.63,2016-10-23,EMP_006309
Chukwu Nwankwo,Federal Roads Maintenance Agency,495686,7215880280,First Bank,BIO_54457,97.51,2018-07-01,EMP_006310
Nnamdi Ani,Ministry of Works,495122,5185692520,Access,BIO_19859,93.69,2021-12-21,EMP_006311
Chukwu Obiora,Ministry of Health,163381,9879497142,First Bank,BIO_28203,92.1,2017-06-02,EMP_006312
Chioma Obiora,Nigeria Customs Service,491582,7053841604,Access,BIO_17862,93.75,2019-12-06,EMP_006313
Chioma Okonkwo,Civil Service Commission,339918,9678340252,UBA,BIO_98043,89.28,2017-02-11,EMP_006314
Abubakar Yusuf,Ministry of Health,227533,5765974808,First Bank,BIO_99710,94.22,2017-11-28,EMP_006315
Yemi Adeyemi,Federal Roads Maintenance Agency,376655,6790553053,Access,BIO_43116,94.3,2022-04-05,EMP_006316
Kemi Adebayo,Ministry of Works,400475,9625396391,UBA,,99.9,2024-11-30,EMP_006317
Usman Ahmad,Ministry of Agriculture,276142,1666099206,Access,BIO_80884,90.19,2017-01-06,EMP_006318
Nnamdi Okonkwo,Ministry of Education,252838,7266474531,UBA,BIO_73184,94.0,2020-09-04,EMP_006319
Yemi Ogunlesi,Ministry of Power,85627,9150118320,UBA,BIO_81523,85.51,2024-09-18,EMP_006320
Tunde Ogunlesi,Ministry of Health,405008,1821271504,First Bank,BIO_13204,88.81,2019-01-30,EMP_006321
Chiamaka Nwosu,Ministry of Health,137181,6813042661,Access,BIO_65764,93.67,2024-06-03,EMP_006322
Amina Musa,Ministry of Agriculture,267497,8640509993,Access,,99.9,2026-01-23,EMP_006323
Ibrahim Mohammed,Ministry of Water Resources,178373,7060927218,Zenith,BIO_89455,87.74,2022-07-10,EMP_006324
Ibrahim Musa,Ministry of Health,121896,9838130634,GTBank,BIO_67573,99.71,2024-01-28,EMP_006325
Tunde Williams,Federal Roads Maintenance Agency,346357,8806888274,Access,BIO_93190,97.93,2016-06-01,EMP_006326
Chiamaka Nwosu,Ministry of Finance,411670,2351851328,GTBank,BIO_50219,93.47,2024-01-29,EMP_006327
Yemi Ogunlesi,Ministry of Health,328282,9946825404,First Bank,BIO_88952,85.41,2016-05-30,EMP_006328
Usman Yusuf,Ministry of Finance,288473,6834681484,UBA,BIO_79201,96.44,2019-02-13,EMP_006329
Chukwu Ani,Federal Roads Maintenance Agency,480624,2595865311,First Bank,BIO_30559,88.61,2022-03-08,EMP_006330
Zainab Ibrahim,Ministry of Water Resources,244159,7483198191,GTBank,BIO_75534,91.65,2016-10-09,EMP_006331
Fatima Umar,Federal Roads Maintenance Agency,417535,1871855205,Access,BIO_19972,97.64,2019-06-06,EMP_006332
Abubakar Ibrahim,Ministry of Agriculture,255514,3342924047,Access,BIO_62275,91.84,2018-11-02,EMP_006333
Chioma Nwankwo,Nigeria Customs Service,271575,8573782654,Access,BIO_57703,88.11,2022-08-01,EMP_006334
Adaeze Ani,Ministry of Finance,307784,3134255931,UBA,BIO_17887,95.0,2023-11-16,EMP_006335
Chiamaka Eze,Ministry of Health,101714,3961755274,First Bank,BIO_51101,93.09,2018-06-20,EMP_006336
Adaeze Nwosu,Federal Roads Maintenance Agency,155039,4262874346,First Bank,BIO_15934,95.42,2023-02-25,EMP_006337
Abubakar Mohammed,Ministry of Education,488090,2201187318,Access,BIO_33202,95.84,2024-10-03,EMP_006338
Adaeze Eze,Civil Service Commission,490310,3262480905,GTBank,BIO_74117,97.62,2022-09-08,EMP_006339
Adaeze Ani,Nigeria Customs Service,451981,9445414976,Access,BIO_36788,90.07,2017-02-10,EMP_006340
Uchenna Obiora,Ministry of Works,372954,2818847235,Zenith,BIO_27200,95.96,2019-08-14,EMP_006341
Nnamdi Nwankwo,Ministry of Power,303215,4661750074,UBA,BIO_17680,97.81,2023-01-17,EMP_006342
Hassan Ibrahim,Nigeria Customs Service,264699,5898698686,Zenith,BIO_86263,87.74,2019-10-14,EMP_006343
Chiamaka Nwankwo,Ministry of Agriculture,326096,4257523418,First Bank,BIO_69164,86.69,2022-10-13,EMP_006344
Fatima Musa,Ministry of Health,146021,3094168378,First Bank,BIO_29624,94.2,2022-08-21,EMP_006345
Hassan Ahmad,Ministry of Health,113558,1475177140,GTBank,BIO_89498,92.1,2022-08-29,EMP_006346
Zainab Ahmad,Ministry of Power,154695,6817846580,Access,BIO_60647,85.64,2024-10-05,EMP_006347
Fatima Ibrahim,Ministry of Finance,420468,9465051766,First Bank,BIO_83006,89.51,2016-08-13,EMP_006348
Chiamaka Ani,Ministry of Works,142868,4786518240,First Bank,BIO_35976,93.9,2017-10-05,EMP_006349
Kemi Williams,Ministry of Finance,174071,2936402654,GTBank,BIO_66440,92.56,2022-12-28,EMP_006350
Bola Ogunlesi,Ministry of Agriculture,404518,9452751643,Zenith,BIO_34481,89.18,2019-09-18,EMP_006351
Usman Mohammed,Ministry of Finance,497510,8472264934,First Bank,BIO_29444,88.4,2017-09-19,EMP_006352
Fatima Yusuf,Ministry of Finance,407839,1653929249,Zenith,BIO_71608,97.97,2017-04-12,EMP_006353
Chinedu Obiora,Ministry of Water Resources,247004,3042172125,First Bank,BIO_99966,90.75,2019-05-07,EMP_006354
Usman Ahmad,Ministry of Agriculture,255536,4871136805,GTBank,BIO_92624,92.12,2016-06-29,EMP_006355
Ade Adeleke,Nigeria Customs Service,431323,5795293049,Access,,99.9,2025-12-05,EMP_006356
Fatima Yusuf,Ministry of Agriculture,1133875,1146075154,Access,BIO_25267,86.04,2026-05-12,EMP_006357
Bola Ogunlesi,Ministry of Finance,437384,3765249410,GTBank,BIO_65304,86.26,2023-09-03,EMP_006358
Zainab Suleiman,Ministry of Health,460471,9838130634,GTBank,BIO_83099,99.36,2017-08-17,EMP_006359
Femi Adeleke,Ministry of Health,467431,9729462105,UBA,BIO_19975,89.04,2024-07-12,EMP_006360
Bola Williams,Ministry of Works,233039,6786527570,GTBank,BIO_77644,86.0,2018-06-07,EMP_006361
Nnamdi Eze,Ministry of Education,425470,7764236596,UBA,BIO_16109,86.33,2024-05-24,EMP_006362
Abubakar Mohammed,Federal Roads Maintenance Agency,186699,2242560886,UBA,BIO_43367,94.79,2018-09-05,EMP_006363
Tunde Adeleke,Ministry of Water Resources,325454,7384378687,UBA,BIO_27342,86.15,2020-06-08,EMP_006364
Abubakar Suleiman,Ministry of Works,122533,2871586140,Zenith,BIO_61205,98.75,2023-06-10,EMP_006365
Okechukwu Ani,Ministry of Works,297672,7769267865,Access,BIO_25832,96.32,2024-10-29,EMP_006366
Dele Adeyemi,Ministry of Health,320946,2401606599,UBA,BIO_18843,97.27,2020-11-02,EMP_006367
Chioma Ani,Federal Roads Maintenance Agency,494904,6815454343,Access,BIO_61922,90.96,2022-02-20,EMP_006368
Chiamaka Obiora,Ministry of Power,482007,5917094516,Zenith,BIO_26145,96.18,2017-03-19,EMP_006369
Tayo Adebayo,Ministry of Power,395349,6485677894,UBA,BIO_36012,85.02,2023-04-20,EMP_006370
Zainab Ahmad,Ministry of Education,413923,2091060249,First Bank,BIO_12471,96.57,2017-02-13,EMP_006371
Uchenna Nwosu,Civil Service Commission,498718,3414765528,UBA,BIO_44415,95.25,2020-06-05,EMP_006372
Hassan Ahmad,Federal Roads Maintenance Agency,429754,5820408820,First Bank,BIO_76430,95.65,2017-07-28,EMP_006373
Adaeze Ani,Ministry of Education,192540,4158180827,GTBank,BIO_75157,85.71,2025-04-07,EMP_006374
Zainab Mohammed,Ministry of Water Resources,379302,9180950184,Access,BIO_48704,91.49,2021-04-16,EMP_006375
Tayo Adeleke,Ministry of Agriculture,129589,9123657232,GTBank,BIO_59971,88.84,2019-04-03,EMP_006376
Chinedu Onyeka,Ministry of Agriculture,407842,5690114503,UBA,BIO_79657,97.39,2019-09-11,EMP_006377
Dele Adeyemi,Civil Service Commission,237281,9099640581,Zenith,BIO_86522,92.67,2023-04-23,EMP_006378
Fatima Ibrahim,Ministry of Education,362902,6722976772,UBA,BIO_37647,91.64,2018-07-01,EMP_006379
Chukwu Ani,Ministry of Finance,309289,7883031858,UBA,BIO_77749,89.0,2024-05-09,EMP_006380
Bola Adebayo,Civil Service Commission,359569,4361451530,GTBank,BIO_86691,89.02,2022-12-23,EMP_006381
Chioma Nwosu,Ministry of Agriculture,494490,5543461917,First Bank,BIO_53294,85.21,2022-07-12,EMP_006382
Dele Adeleke,Ministry of Works,352931,3996194245,First Bank,BIO_29014,97.01,2024-01-30,EMP_006383
Chinedu Ani,Civil Service Commission,246207,8009301963,GTBank,BIO_75464,93.03,2016-12-15,EMP_006384
Fatima Suleiman,Ministry of Health,276884,4219443711,UBA,BIO_49102,87.35,2018-09-07,EMP_006385
Uchenna Okonkwo,Federal Roads Maintenance Agency,410499,5518053338,Access,BIO_74629,96.16,2022-08-23,EMP_006386
Zainab Ahmad,Ministry of Power,101828,1782657196,First Bank,BIO_37840,93.43,2016-05-18,EMP_006387
Zainab Yusuf,Ministry of Finance,150663,1974145903,Zenith,BIO_69458,90.35,2017-07-19,EMP_006388
Uchenna Okafor,Ministry of Works,162726,1987723066,First Bank,BIO_64905,93.64,2018-10-30,EMP_006389
Usman Ahmad,Federal Roads Maintenance Agency,266150,8751052524,Zenith,BIO_67878,98.24,2022-12-30,EMP_006390
Okechukwu Okafor,Ministry of Education,486973,1497462867,UBA,BIO_65293,92.99,2023-07-15,EMP_006391
Tayo Williams,Ministry of Agriculture,447674,2240268382,GTBank,BIO_27938,87.72,2018-08-05,EMP_006392
Ibrahim Musa,Ministry of Education,212170,9151208420,Zenith,BIO_48321,85.66,2021-06-09,EMP_006393
Tayo Adeleke,Ministry of Finance,179718,6103745316,UBA,BIO_51321,95.71,2020-03-13,EMP_006394
Ade Adeyemi,Federal Roads Maintenance Agency,124857,3359301971,Access,BIO_35190,95.29,2018-12-28,EMP_006395
Okechukwu Onyeka,Ministry of Health,105525,2559489022,Zenith,BIO_17162,90.44,2023-04-30,EMP_006396
Ibrahim Ahmad,Ministry of Finance,301133,7204822492,First Bank,BIO_17128,92.75,2020-07-11,EMP_006397
Abubakar Mohammed,Ministry of Water Resources,236927,9442170178,Zenith,BIO_21658,88.19,2019-04-12,EMP_006398
Amina Suleiman,Ministry of Finance,319569,7455948626,Zenith,BIO_61375,87.17,2018-12-29,EMP_006399
Ibrahim Mohammed,Civil Service Commission,100016,2897530908,GTBank,BIO_98993,88.33,2017-06-06,EMP_006400
Chukwu Okonkwo,Civil Service Commission,416201,4430724697,Access,BIO_21749,87.23,2016-06-11,EMP_006401
Ade Adeyemi,Ministry of Finance,325536,6091312839,First Bank,BIO_57481,86.01,2021-08-18,EMP_006402
Amina Ibrahim,Ministry of Water Resources,429922,8820136784,GTBank,BIO_34934,91.25,2017-03-01,EMP_006403
Amina Musa,Ministry of Education,472963,8476181634,GTBank,BIO_16543,86.46,2024-02-25,EMP_006404
Hassan Yusuf,Ministry of Health,453766,6447919707,First Bank,BIO_31565,97.88,2018-06-19,EMP_006405
Chinedu Nwosu,Nigeria Customs Service,91654,4856345020,Access,BIO_26553,86.44,2019-01-30,EMP_006406
Abubakar Ahmad,Ministry of Education,321508,6751391578,GTBank,BIO_89225,96.46,2022-05-28,EMP_006407
Zainab Mohammed,Nigeria Customs Service,258205,3371032443,GTBank,BIO_14100,88.02,2021-03-20,EMP_006408
Fatima Mohammed,Ministry of Education,185992,6287193108,GTBank,BIO_58719,97.47,2020-01-24,EMP_006409
Chukwu Okafor,Ministry of Power,82925,7464002093,UBA,BIO_99715,94.4,2016-08-22,EMP_006410
Ade Williams,Ministry of Power,141720,3436284134,Access,BIO_88978,97.3,2024-04-05,EMP_006411
Femi Oyedepo,Civil Service Commission,86475,7237452728,UBA,BIO_24240,97.82,2021-03-06,EMP_006412
Kemi Williams,Ministry of Education,266879,1837805609,Zenith,BIO_29151,88.33,2020-05-13,EMP_006413
Usman Umar,Ministry of Education,498117,5667220039,GTBank,BIO_88880,87.11,2021-06-17,EMP_006414
Tayo Williams,Ministry of Power,217759,6438102999,Access,BIO_25640,93.54,2020-07-12,EMP_006415
Fatima Suleiman,Ministry of Water Resources,297446,9468785313,GTBank,BIO_85499,93.7,2021-09-19,EMP_006416
Hassan Ibrahim,Ministry of Works,487406,9041755102,Access,BIO_18017,85.73,2021-08-13,EMP_006417
Amina Musa,Ministry of Agriculture,89761,2877496568,First Bank,BIO_93318,89.57,2023-06-27,EMP_006418
Okechukwu Onyeka,Ministry of Works,236832,4708778130,GTBank,BIO_88709,97.93,2018-10-02,EMP_006419
Yemi Williams,Ministry of Education,461772,1204678568,First Bank,BIO_28077,96.03,2018-10-25,EMP_006420
Adaeze Nwosu,Ministry of Education,242293,4648898163,Access,BIO_96091,90.64,2024-05-14,EMP_006421
Chioma Okafor,Nigeria Customs Service,360724,7546773287,First Bank,BIO_48419,85.68,2023-07-05,EMP_006422
Kemi Ogunlesi,Ministry of Agriculture,267899,6785504578,Zenith,BIO_60053,92.65,2024-12-23,EMP_006423
Nnamdi Ani,Ministry of Power,166972,6151886702,Zenith,BIO_51022,86.68,2019-06-13,EMP_006424
Adaeze Nwankwo,Ministry of Agriculture,348653,6914423439,Zenith,BIO_19829,91.63,2022-01-26,EMP_006425
Yemi Ogunlesi,Ministry of Finance,134501,7167636509,Access,BIO_94277,88.52,2024-07-26,EMP_006426
Tunde Ogunlesi,Ministry of Education,373283,7990262892,GTBank,BIO_86172,88.05,2022-05-30,EMP_006427
Adaeze Nwankwo,Ministry of Finance,326372,1113863359,GTBank,BIO_55464,85.77,2016-09-16,EMP_006428
Chinedu Nwankwo,Ministry of Works,462954,9478584204,Zenith,BIO_19434,92.08,2021-05-19,EMP_006429
Usman Yusuf,Nigeria Customs Service,478107,2065307967,GTBank,BIO_17405,90.38,2019-12-03,EMP_006430
Okechukwu Nwankwo,Ministry of Education,163695,4025123597,UBA,BIO_50051,93.26,2016-07-05,EMP_006431
Ibrahim Ahmad,Ministry of Works,270983,4593941743,UBA,BIO_57275,90.99,2017-08-19,EMP_006432
Hassan Musa,Ministry of Finance,409279,5696847186,Access,BIO_39129,92.66,2023-02-13,EMP_006433
Femi Williams,Federal Roads Maintenance Agency,338052,2473431532,First Bank,BIO_80847,93.28,2020-08-09,EMP_006434
Fatima Suleiman,Ministry of Finance,215238,8953791481,UBA,BIO_79533,90.5,2017-05-08,EMP_006435
Chioma Onyeka,Ministry of Works,299456,8852637944,UBA,BIO_60376,94.6,2018-02-24,EMP_006436
Zainab Ahmad,Ministry of Agriculture,334819,3920292439,First Bank,BIO_42180,85.07,2024-03-27,EMP_006437
Femi Williams,Ministry of Works,153506,9607830263,UBA,BIO_86001,95.62,2024-12-15,EMP_006438
Abubakar Musa,Ministry of Works,215711,6962248718,First Bank,BIO_13655,92.37,2019-12-15,EMP_006439
Amina Musa,Federal Roads Maintenance Agency,383251,6699012398,Zenith,BIO_62656,96.99,2022-03-27,EMP_006440
Usman Ibrahim,Nigeria Customs Service,305144,3843937392,Zenith,BIO_74499,85.65,2017-03-05,EMP_006441
Zainab Ibrahim,Ministry of Works,415228,8541771646,Zenith,BIO_34610,95.1,2016-08-11,EMP_006442
Ade Williams,Ministry of Power,133945,1852951418,Zenith,BIO_72683,88.47,2017-11-28,EMP_006443
Yemi Adeyemi,Ministry of Health,231396,6060367703,First Bank,BIO_23713,98.7,2023-07-26,EMP_006444
Bola Adeyemi,Ministry of Health,339442,9819366852,Zenith,BIO_61717,87.1,2024-10-03,EMP_006445
Femi Adeleke,Ministry of Agriculture,385554,5035105624,GTBank,BIO_53260,87.4,2020-03-12,EMP_006446
Fatima Ahmad,Ministry of Power,207020,9572124501,UBA,BIO_56850,89.56,2023-12-29,EMP_006447
Nnamdi Onyeka,Ministry of Health,416286,9402317266,Access,BIO_13395,96.46,2024-09-09,EMP_006448
Tunde Adeyemi,Federal Roads Maintenance Agency,452781,4404439454,GTBank,BIO_55291,91.99,2023-07-04,EMP_006449
Chioma Onyeka,Nigeria Customs Service,445813,8883342701,Access,BIO_48626,89.05,2023-09-29,EMP_006450
Yemi Adeyemi,Federal Roads Maintenance Agency,109345,3876698119,Access,BIO_23081,89.03,2023-09-05,EMP_006451
Usman Suleiman,Ministry of Finance,331442,8137797683,First Bank,BIO_14072,88.1,2016-09-01,EMP_006452
Bola Williams,Ministry of Education,418300,1215405171,GTBank,BIO_17646,85.8,2017-05-25,EMP_006453
Chinedu Obiora,Civil Service Commission,256609,2575823280,GTBank,BIO_83085,92.32,2024-06-06,EMP_006454
Zainab Musa,Civil Service Commission,335442,7092688587,UBA,BIO_29307,88.33,2017-03-11,EMP_006455
Yemi Adeleke,Ministry of Education,1212252,8678511067,First Bank,BIO_98459,91.02,2025-09-11,EMP_006456
Adaeze Okonkwo,Ministry of Health,170685,8050811988,Access,BIO_40349,89.83,2023-03-28,EMP_006457
Yemi Oyedepo,Ministry of Works,1236700,3510358933,First Bank,BIO_40768,86.55,2026-03-15,EMP_006458
Kemi Adebayo,Ministry of Works,361595,4633996320,Zenith,BIO_17232,93.78,2017-11-21,EMP_006459
Yemi Adeleke,Ministry of Agriculture,477439,4594095357,Access,BIO_40993,96.5,2023-10-10,EMP_006460
Adaeze Ani,Civil Service Commission,1361558,6993451141,Access,BIO_73832,97.87,2026-01-09,EMP_006461
Abubakar Yusuf,Nigeria Customs Service,349355,6642214556,Zenith,BIO_54663,93.83,2022-05-12,EMP_006462
Femi Adebayo,Ministry of Water Resources,124135,1097587336,Zenith,BIO_90551,96.11,2017-12-09,EMP_006463
Chukwu Ani,Ministry of Power,308063,9200408050,GTBank,BIO_72632,87.66,2024-04-10,EMP_006464
Bola Oyedepo,Ministry of Power,413913,3158736884,UBA,,99.9,2026-04-18,EMP_006465
Okechukwu Okonkwo,Federal Roads Maintenance Agency,93931,4739740996,GTBank,BIO_26036,89.72,2020-12-02,EMP_006466
Yemi Ogunlesi,Nigeria Customs Service,137742,4216255111,Access,BIO_63973,94.57,2018-09-01,EMP_006467
Chukwu Nwankwo,Ministry of Water Resources,328633,2137294323,Zenith,BIO_57613,89.53,2018-12-20,EMP_006468
Chinedu Onyeka,Federal Roads Maintenance Agency,441030,3770252852,Access,BIO_90938,87.69,2021-05-08,EMP_006469
Uchenna Eze,Nigeria Customs Service,354851,7401601639,Access,BIO_51474,89.72,2016-09-17,EMP_006470
Adaeze Eze,Ministry of Agriculture,308067,2705835663,First Bank,BIO_20219,88.37,2022-01-01,EMP_006471
Chiamaka Onyeka,Ministry of Agriculture,366330,6187972176,First Bank,BIO_70389,88.65,2017-06-10,EMP_006472
Fatima Yusuf,Ministry of Water Resources,221466,3360056676,Zenith,BIO_83887,98.19,2016-12-10,EMP_006473
Bola Adebayo,Ministry of Agriculture,226167,7924644741,GTBank,BIO_66066,92.71,2024-09-23,EMP_006474
Chukwu Nwosu,Ministry of Power,251153,1024572663,GTBank,BIO_94892,92.26,2021-06-16,EMP_006475
Nnamdi Nwankwo,Civil Service Commission,454749,8664986843,First Bank,BIO_43237,89.9,2020-04-10,EMP_006476
Amina Ahmad,Federal Roads Maintenance Agency,393431,7159476566,UBA,BIO_87148,86.92,2022-12-25,EMP_006477
Nnamdi Nwosu,Federal Roads Maintenance Agency,412795,2951943149,Zenith,BIO_78653,86.5,2024-03-02,EMP_006478
Chukwu Nwankwo,Ministry of Water Resources,487696,2826866399,Access,BIO_78025,88.95,2024-04-12,EMP_006479
Chiamaka Nwankwo,Ministry of Finance,80255,7609885853,Zenith,BIO_74707,88.63,2018-05-03,EMP_006480
Chiamaka Nwosu,Ministry of Finance,296297,1789623672,UBA,BIO_28512,93.84,2018-10-12,EMP_006481
Nnamdi Nwosu,Ministry of Health,136534,2215520321,Zenith,BIO_38331,90.45,2020-09-27,EMP_006482
Chukwu Ani,Ministry of Power,438353,7079583190,GTBank,BIO_86689,94.61,2017-10-29,EMP_006483
Ade Ogunlesi,Nigeria Customs Service,440630,9378855403,Access,BIO_61891,96.24,2017-04-30,EMP_006484
Hassan Suleiman,Ministry of Works,408972,4589379961,Zenith,BIO_60369,87.98,2016-05-23,EMP_006485
Adaeze Onyeka,Ministry of Health,344490,8225368769,First Bank,BIO_83187,93.93,2017-05-29,EMP_006486
Usman Suleiman,Ministry of Health,254448,4179468572,Access,BIO_11276,86.08,2016-05-27,EMP_006487
Usman Ibrahim,Ministry of Health,472871,3963877078,UBA,BIO_18789,92.29,2023-12-20,EMP_006488
Aisha Musa,Ministry of Education,325147,1452899649,UBA,BIO_48835,85.25,2024-08-03,EMP_006489
Amina Yusuf,Ministry of Finance,361529,6107298500,Access,BIO_73155,95.29,2017-03-18,EMP_006490
Fatima Mohammed,Nigeria Customs Service,234080,8209974005,First Bank,BIO_44363,86.05,2023-05-04,EMP_006491
Fatima Yusuf,Ministry of Health,218188,2219246203,First Bank,BIO_75259,95.66,2023-05-02,EMP_006492
Aisha Mohammed,Civil Service Commission,360311,8581456359,Access,BIO_71084,92.32,2021-10-19,EMP_006493
Hassan Umar,Ministry of Education,161580,7481355861,Zenith,BIO_92919,94.39,2016-12-09,EMP_006494
Dele Oyedepo,Ministry of Education,414645,1864625407,First Bank,BIO_43488,92.55,2022-06-26,EMP_006495
Hassan Ahmad,Civil Service Commission,437665,7708584402,Access,BIO_72579,90.11,2018-08-09,EMP_006496
Dele Williams,Ministry of Finance,194747,7934600826,First Bank,BIO_29446,90.95,2018-06-20,EMP_006497
Chiamaka Nwankwo,Nigeria Customs Service,161229,8642053421,UBA,BIO_18558,96.15,2016-05-25,EMP_006498
Abubakar Ibrahim,Ministry of Works,128850,7970682519,First Bank,BIO_38711,97.68,2022-07-03,EMP_006499
Uchenna Okafor,Ministry of Agriculture,159269,5386135208,First Bank,BIO_67871,85.97,2022-12-19,EMP_006500
Yemi Adeleke,Ministry of Education,453962,5692692693,Access,BIO_82540,86.15,2022-01-08,EMP_006501
Chinedu Nwankwo,Nigeria Customs Service,295439,1523306065,Access,BIO_31636,88.93,2023-12-17,EMP_006502
Yemi Adebayo,Ministry of Agriculture,419645,4783984817,First Bank,BIO_84493,85.06,2022-05-14,EMP_006503
Abubakar Suleiman,Nigeria Customs Service,267333,9862548737,Access,BIO_92121,87.56,2021-10-18,EMP_006504
Zainab Musa,Ministry of Works,203773,5083644870,First Bank,BIO_64962,92.01,2024-05-04,EMP_006505
Nnamdi Nwankwo,Ministry of Education,419462,9215170638,Access,BIO_58921,86.09,2017-06-14,EMP_006506
Usman Suleiman,Ministry of Power,470713,6552513740,Zenith,BIO_76245,88.06,2023-06-03,EMP_006507
Usman Mohammed,Ministry of Health,199144,1243181094,Zenith,BIO_61942,88.91,2024-12-24,EMP_006508
Chiamaka Nwosu,Ministry of Power,103139,8915766617,Zenith,BIO_61466,96.68,2019-11-19,EMP_006509
Dele Williams,Ministry of Agriculture,459180,5685209389,GTBank,BIO_94828,97.98,2018-01-03,EMP_006510
Abubakar Suleiman,Ministry of Power,214686,8583982275,UBA,BIO_11323,90.3,2022-09-09,EMP_006511
Ibrahim Ahmad,Civil Service Commission,350559,2940330939,First Bank,BIO_61660,94.66,2017-04-11,EMP_006512
Bola Adeyemi,Ministry of Water Resources,226519,1129336150,Zenith,BIO_14311,91.96,2019-10-15,EMP_006513
Chioma Okonkwo,Federal Roads Maintenance Agency,191542,1401548720,GTBank,BIO_17827,90.47,2023-11-11,EMP_006514
Femi Adeleke,Ministry of Agriculture,118542,8486081783,Access,BIO_61640,95.61,2021-02-18,EMP_006515
Femi Adeyemi,Federal Roads Maintenance Agency,159710,8611349791,GTBank,BIO_40801,93.73,2016-09-11,EMP_006516
Nnamdi Eze,Civil Service Commission,344349,7914030632,Zenith,BIO_68246,91.15,2023-04-06,EMP_006517
Adaeze Nwankwo,Ministry of Health,387836,2186661551,First Bank,BIO_98027,85.87,2021-10-11,EMP_006518
Tunde Ogunlesi,Ministry of Power,441522,3969470723,Access,BIO_92785,91.9,2020-08-10,EMP_006519
Dele Adeleke,Ministry of Agriculture,110763,7168749222,UBA,BIO_39726,92.74,2019-04-15,EMP_006520
Chioma Okonkwo,Ministry of Health,213370,1287401383,First Bank,BIO_12401,94.15,2024-12-05,EMP_006521
Nnamdi Eze,Ministry of Finance,495204,7528407545,UBA,,99.9,2025-07-27,EMP_006522
Kemi Williams,Ministry of Water Resources,250908,6510559784,UBA,BIO_52567,87.64,2018-05-02,EMP_006523
Tayo Adeleke,Federal Roads Maintenance Agency,325914,4687766691,GTBank,BIO_75428,96.26,2024-08-10,EMP_006524
Usman Musa,Civil Service Commission,451086,3965219157,GTBank,BIO_75518,97.39,2020-03-30,EMP_006525
Chioma Nwankwo,Civil Service Commission,217238,3980811935,GTBank,BIO_73323,85.26,2018-12-03,EMP_006526
Chiamaka Onyeka,Federal Roads Maintenance Agency,108198,8020273094,Access,BIO_88241,96.04,2019-03-16,EMP_006527
Uchenna Nwankwo,Nigeria Customs Service,340376,3508802298,Zenith,BIO_58128,93.26,2022-03-29,EMP_006528
Bola Adeleke,Federal Roads Maintenance Agency,271846,9157435891,Access,BIO_67095,85.25,2025-05-02,EMP_006529
Bola Adeyemi,Nigeria Customs Service,381482,2323201678,First Bank,BIO_73221,95.53,2019-06-23,EMP_006530
Kemi Williams,Ministry of Finance,213834,9493283925,First Bank,BIO_89999,96.3,2016-10-10,EMP_006531
Chinedu Eze,Ministry of Health,171066,7238964448,Zenith,BIO_69391,88.18,2018-01-19,EMP_006532
Uchenna Nwosu,Ministry of Finance,235017,5455544510,First Bank,BIO_72820,95.25,2023-12-27,EMP_006533
Abubakar Ibrahim,Federal Roads Maintenance Agency,462166,1997782529,Access,BIO_72469,90.78,2022-04-13,EMP_006534
Fatima Mohammed,Ministry of Works,443677,3914702911,First Bank,BIO_93808,85.66,2019-11-12,EMP_006535
Fatima Suleiman,Ministry of Education,242978,8579340554,Zenith,BIO_80729,95.86,2016-09-07,EMP_006536
Fatima Umar,Ministry of Health,496147,2865072110,Access,BIO_23673,90.12,2020-08-22,EMP_006537
Tunde Williams,Ministry of Power,447026,1818711704,UBA,BIO_65013,86.4,2021-06-04,EMP_006538
Amina Suleiman,Ministry of Water Resources,470793,1990716092,First Bank,BIO_87609,89.33,2024-10-08,EMP_006539
Aisha Musa,Nigeria Customs Service,270500,8163954931,UBA,BIO_48777,97.08,2016-08-26,EMP_006540
Chukwu Eze,Civil Service Commission,414434,7312491691,GTBank,BIO_47962,86.89,2019-08-08,EMP_006541
Chukwu Nwankwo,Ministry of Finance,164200,7770211242,GTBank,BIO_97798,85.99,2020-10-20,EMP_006542
Ibrahim Umar,Ministry of Education,296294,1248010427,UBA,BIO_55091,97.02,2020-06-26,EMP_006543
Uchenna Nwankwo,Ministry of Water Resources,215318,2780881988,First Bank,BIO_24014,85.0,2020-06-29,EMP_006544
Abubakar Umar,Ministry of Power,329982,3075978664,First Bank,BIO_88067,92.46,2020-10-18,EMP_006545
Tunde Adeyemi,Ministry of Works,305415,4489870493,UBA,BIO_32392,97.04,2021-04-03,EMP_006546
Nnamdi Ani,Ministry of Works,374058,6692134119,GTBank,BIO_87683,91.25,2024-11-21,EMP_006547
Chukwu Ani,Federal Roads Maintenance Agency,279518,6402529806,GTBank,BIO_15342,90.78,2017-04-29,EMP_006548
Chioma Obiora,Civil Service Commission,191855,9200422649,GTBank,BIO_55116,95.34,2021-01-05,EMP_006549
Hassan Musa,Federal Roads Maintenance Agency,339452,5995985412,First Bank,BIO_46513,86.73,2020-02-25,EMP_006550
Hassan Ibrahim,Ministry of Works,129319,3970333546,Access,BIO_15352,97.36,2020-08-22,EMP_006551
Chukwu Okafor,Ministry of Works,143618,8029085253,Access,BIO_12286,91.73,2016-06-27,EMP_006552
Okechukwu Okafor,Federal Roads Maintenance Agency,289839,7995966950,First Bank,BIO_54305,97.21,2025-01-10,EMP_006553
Ibrahim Musa,Civil Service Commission,197613,3970797294,GTBank,BIO_62828,91.31,2019-06-02,EMP_006554
Fatima Ibrahim,Ministry of Works,206485,8679482027,GTBank,BIO_50230,85.71,2023-01-11,EMP_006555
Adaeze Ani,Ministry of Finance,97136,4812122012,Access,BIO_52995,95.51,2021-09-29,EMP_006556
Ibrahim Umar,Civil Service Commission,238471,2510836914,First Bank,BIO_45426,86.68,2020-03-13,EMP_006557
Chinedu Nwosu,Ministry of Water Resources,141333,8355035419,First Bank,BIO_88323,89.26,2023-11-26,EMP_006558
Aisha Mohammed,Ministry of Education,281987,1847070369,GTBank,BIO_11298,93.2,2020-05-15,EMP_006559
Chiamaka Nwosu,Federal Roads Maintenance Agency,169416,2755431547,First Bank,BIO_15363,90.82,2024-03-08,EMP_006560
Chukwu Okafor,Federal Roads Maintenance Agency,166232,1506160883,First Bank,BIO_15369,94.92,2024-06-16,EMP_006561
Chukwu Obiora,Ministry of Agriculture,243293,9148213067,First Bank,BIO_22661,92.44,2022-02-25,EMP_006562
Zainab Ibrahim,Ministry of Health,429875,3634118115,Zenith,BIO_75551,93.83,2017-01-26,EMP_006563
Hassan Musa,Ministry of Water Resources,499814,3871869014,GTBank,,99.9,2025-07-01,EMP_006564
Ade Ogunlesi,Ministry of Health,340432,6301412682,Access,BIO_20420,95.7,2016-11-08,EMP_006565
Chinedu Onyeka,Federal Roads Maintenance Agency,422071,5335428999,First Bank,BIO_80254,93.89,2016-08-01,EMP_006566
Abubakar Suleiman,Ministry of Agriculture,239845,2550307509,Zenith,BIO_40078,94.81,2020-04-13,EMP_006567
Femi Ogunlesi,Ministry of Education,144267,3523043798,UBA,BIO_27638,96.8,2024-12-11,EMP_006568
Dele Ogunlesi,Ministry of Agriculture,400374,4251972032,GTBank,BIO_32796,85.2,2022-04-09,EMP_006569
Ade Williams,Ministry of Education,276637,9279519262,Access,BIO_19717,92.91,2016-08-05,EMP_006570
Ibrahim Mohammed,Ministry of Water Resources,138897,2285990489,First Bank,BIO_97715,97.0,2020-10-04,EMP_006571
Bola Adebayo,Ministry of Agriculture,451390,8320886761,GTBank,BIO_77180,86.51,2023-09-07,EMP_006572
Tunde Adeleke,Federal Roads Maintenance Agency,301480,3839807075,First Bank,BIO_59814,94.68,2017-04-13,EMP_006573
Tayo Oyedepo,Ministry of Health,351760,6789512263,UBA,BIO_88144,91.01,2020-07-17,EMP_006574
Abubakar Musa,Ministry of Agriculture,358661,7368898024,Access,BIO_88786,93.66,2023-01-03,EMP_006575
Chukwu Onyeka,Nigeria Customs Service,392211,1866105825,GTBank,,99.9,2025-10-27,EMP_006576
Amina Umar,Federal Roads Maintenance Agency,177141,2404457810,UBA,BIO_89167,95.33,2021-07-05,EMP_006577
Yemi Ogunlesi,Civil Service Commission,337246,8577536721,Access,BIO_90829,92.36,2022-06-19,EMP_006578
Kemi Oyedepo,Ministry of Water Resources,175863,9757037503,First Bank,BIO_54294,90.53,2024-12-24,EMP_006579
Kemi Williams,Ministry of Power,179486,7372543097,First Bank,BIO_64729,88.88,2020-12-02,EMP_006580
Tayo Williams,Ministry of Health,133795,2980537891,Access,,99.9,2025-04-18,EMP_006581
Ibrahim Umar,Ministry of Health,345013,7793411591,GTBank,BIO_44901,95.72,2016-05-23,EMP_006582
Chiamaka Okonkwo,Ministry of Water Resources,392090,4238358851,UBA,BIO_98282,85.9,2024-11-14,EMP_006583
Fatima Musa,Ministry of Agriculture,221715,2634106759,UBA,BIO_89805,85.86,2023-04-03,EMP_006584
Chinedu Nwankwo,Ministry of Power,396799,5859880931,Access,BIO_91742,86.26,2021-12-20,EMP_006585
Abubakar Musa,Nigeria Customs Service,1350266,6392696511,First Bank,BIO_43243,86.43,2025-12-14,EMP_006586
Ade Williams,Ministry of Water Resources,499915,7231325498,Access,BIO_55321,86.72,2017-03-02,EMP_006587
Ibrahim Yusuf,Nigeria Customs Service,456199,7283738597,First Bank,BIO_94451,99.11,2023-05-03,EMP_006588
Ade Ogunlesi,Ministry of Power,280854,4329968021,GTBank,BIO_31655,86.83,2016-05-20,EMP_006589
Zainab Ibrahim,Ministry of Agriculture,171014,7045359108,Access,BIO_49889,90.58,2016-11-02,EMP_006590
Amina Mohammed,Nigeria Customs Service,230290,4725307577,UBA,BIO_29856,88.02,2020-08-28,EMP_006591
Okechukwu Obiora,Ministry of Finance,326755,9935422617,GTBank,BIO_57533,94.95,2022-02-07,EMP_006592
Uchenna Obiora,Ministry of Finance,96061,3968160323,UBA,BIO_88619,88.78,2018-12-27,EMP_006593
Ade Adeyemi,Nigeria Customs Service,307650,6645859991,UBA,BIO_67352,97.95,2019-05-28,EMP_006594
Abubakar Ahmad,Ministry of Works,137238,6818518704,Access,BIO_68679,96.21,2020-04-17,EMP_006595
Ade Adebayo,Civil Service Commission,411473,8801092341,Zenith,BIO_60694,96.94,2024-08-29,EMP_006596
Fatima Mohammed,Ministry of Finance,290912,2578772339,Zenith,BIO_93989,94.66,2024-05-11,EMP_006597
Yemi Ogunlesi,Ministry of Agriculture,352458,1666429419,GTBank,BIO_85832,97.96,2018-10-11,EMP_006598
Chiamaka Okonkwo,Ministry of Agriculture,366759,1954035546,Access,BIO_77799,87.92,2024-12-28,EMP_006599
Usman Yusuf,Ministry of Health,417163,7165649502,Access,BIO_23698,89.09,2022-07-10,EMP_006600
Bola Ogunlesi,Ministry of Finance,164794,4225272341,GTBank,BIO_55428,96.1,2021-08-27,EMP_006601
Adaeze Ani,Civil Service Commission,408488,8125204210,Access,BIO_18326,85.68,2023-04-21,EMP_006602
Kemi Adebayo,Ministry of Education,263985,6598749824,Zenith,BIO_78162,86.66,2018-12-18,EMP_006603
Amina Mohammed,Nigeria Customs Service,175177,8938668911,GTBank,BIO_73783,98.81,2018-02-14,EMP_006604
Chinedu Nwosu,Ministry of Finance,195074,5444289919,First Bank,BIO_95018,91.95,2019-01-21,EMP_006605
Amina Mohammed,Nigeria Customs Service,219806,6651325935,Access,BIO_18343,91.56,2024-10-10,EMP_006606
Usman Mohammed,Ministry of Agriculture,487434,4569001049,UBA,,99.9,2025-06-17,EMP_006607
Bola Williams,Nigeria Customs Service,242700,7534301483,First Bank,BIO_15612,89.75,2017-12-20,EMP_006608
Bola Ogunlesi,Federal Roads Maintenance Agency,287877,3569308937,GTBank,BIO_97562,92.25,2019-05-22,EMP_006609
Femi Adeyemi,Civil Service Commission,316314,3549146557,UBA,BIO_66326,90.91,2024-01-11,EMP_006610
Tayo Williams,Ministry of Agriculture,164505,2705668129,GTBank,BIO_38720,97.91,2018-01-09,EMP_006611
Tayo Ogunlesi,Civil Service Commission,1367529,3467114617,First Bank,BIO_41599,85.79,2025-12-30,EMP_006612
Tayo Ogunlesi,Civil Service Commission,401951,2668877190,Zenith,BIO_64696,87.0,2019-10-26,EMP_006613
Ade Adeyemi,Ministry of Water Resources,143929,2548535458,UBA,BIO_40880,86.73,2018-12-25,EMP_006614
Dele Adeleke,Ministry of Agriculture,411181,7304909952,UBA,BIO_68169,93.76,2023-05-18,EMP_006615
Chiamaka Onyeka,Ministry of Agriculture,138689,8387558387,GTBank,BIO_29314,92.05,2019-10-11,EMP_006616
Abubakar Mohammed,Civil Service Commission,411223,7476970228,First Bank,BIO_31301,97.23,2023-10-13,EMP_006617
Tayo Adeyemi,Federal Roads Maintenance Agency,398935,2514783691,GTBank,BIO_82488,91.44,2017-03-02,EMP_006618
Uchenna Nwosu,Ministry of Finance,375758,1566840501,Access,BIO_27608,87.65,2016-08-06,EMP_006619
Zainab Ibrahim,Ministry of Education,100095,2552044567,First Bank,BIO_11655,89.41,2023-12-18,EMP_006620
Kemi Adeyemi,Ministry of Power,314972,1035374505,GTBank,BIO_11441,90.51,2023-01-08,EMP_006621
Chioma Nwankwo,Ministry of Health,357132,9434058287,Zenith,BIO_40848,97.72,2019-03-17,EMP_006622
Chinedu Okafor,Ministry of Agriculture,209701,9360970801,GTBank,BIO_48794,85.52,2017-10-03,EMP_006623
Kemi Adeyemi,Ministry of Power,436208,9660927552,GTBank,BIO_65923,96.5,2024-02-11,EMP_006624
Adaeze Onyeka,Ministry of Agriculture,153793,2073159931,Zenith,BIO_38061,92.39,2023-08-29,EMP_006625
Zainab Umar,Ministry of Agriculture,138342,4867821417,Access,BIO_22261,97.0,2024-07-18,EMP_006626
Amina Ahmad,Ministry of Power,112036,9990713530,First Bank,BIO_67088,85.94,2022-09-13,EMP_006627
Bola Adeyemi,Ministry of Education,498495,2054612770,First Bank,BIO_48574,90.65,2023-06-14,EMP_006628
Nnamdi Okafor,Ministry of Power,257289,8647342480,Zenith,BIO_71220,86.75,2016-08-18,EMP_006629
Usman Ibrahim,Nigeria Customs Service,385541,3346450759,GTBank,BIO_87507,98.31,2024-10-08,EMP_006630
Aisha Suleiman,Ministry of Works,81797,3181455132,GTBank,BIO_90947,88.1,2018-06-02,EMP_006631
Ade Williams,Nigeria Customs Service,116445,7924685937,First Bank,BIO_33826,90.53,2018-03-24,EMP_006632
Tayo Williams,Nigeria Customs Service,323443,3527966208,GTBank,BIO_31677,89.04,2018-05-30,EMP_006633
Zainab Umar,Ministry of Works,382007,9377297477,GTBank,BIO_33667,92.22,2022-05-25,EMP_006634
Ade Williams,Ministry of Works,294553,2200933676,First Bank,BIO_88968,96.31,2022-05-26,EMP_006635
Dele Williams,Ministry of Health,472037,4212730252,Zenith,BIO_96785,95.82,2018-11-16,EMP_006636
Kemi Adebayo,Ministry of Agriculture,91393,9325363388,Access,BIO_70833,99.11,2016-12-25,EMP_006637
Hassan Musa,Ministry of Water Resources,242910,2416608186,Zenith,BIO_94261,97.02,2021-07-25,EMP_006638
Femi Adebayo,Nigeria Customs Service,255834,8938668911,GTBank,BIO_83720,98.34,2017-01-26,EMP_006639
Uchenna Nwankwo,Ministry of Agriculture,98146,6220608560,First Bank,BIO_29124,90.55,2016-12-31,EMP_006640
Chukwu Nwosu,Ministry of Water Resources,128694,6106867549,First Bank,BIO_75922,93.31,2020-06-09,EMP_006641
Dele Adeleke,Federal Roads Maintenance Agency,193902,9896330574,GTBank,BIO_81930,88.46,2017-09-23,EMP_006642
Chinedu Obiora,Ministry of Education,378079,6748222151,Zenith,BIO_33258,92.89,2018-10-09,EMP_006643
Tunde Williams,Ministry of Agriculture,409852,8673064715,UBA,BIO_82581,97.23,2021-06-30,EMP_006644
Femi Adebayo,Ministry of Power,401911,9740109942,Access,BIO_59690,95.37,2024-02-12,EMP_006645
Dele Oyedepo,Ministry of Power,252792,6685239748,First Bank,BIO_52811,87.74,2016-12-15,EMP_006646
Aisha Musa,Ministry of Power,433956,3234367600,UBA,BIO_56425,88.15,2016-06-23,EMP_006647
Okechukwu Ani,Ministry of Finance,357303,4021994131,GTBank,BIO_77099,96.43,2022-11-17,EMP_006648
Tayo Adeleke,Ministry of Finance,452880,1839766652,GTBank,BIO_34446,97.17,2024-09-10,EMP_006649
Nnamdi Obiora,Ministry of Agriculture,446608,6691887637,Access,BIO_80266,96.18,2019-10-19,EMP_006650
Usman Suleiman,Ministry of Works,149673,9483747679,First Bank,BIO_72056,86.41,2022-04-28,EMP_006651
Ibrahim Umar,Ministry of Finance,289412,1370534123,Access,BIO_45108,92.82,2023-03-23,EMP_006652
Yemi Adeleke,Ministry of Finance,97837,8000549593,GTBank,BIO_14072,91.63,2021-01-30,EMP_006653
Bola Adebayo,Civil Service Commission,118364,8820811083,UBA,BIO_80854,85.16,2024-04-28,EMP_006654
Amina Mohammed,Ministry of Water Resources,281965,8015631933,Access,,99.9,2024-11-04,EMP_006655
Nnamdi Onyeka,Nigeria Customs Service,356431,3364849690,GTBank,BIO_82169,88.19,2023-02-01,EMP_006656
Amina Mohammed,Federal Roads Maintenance Agency,182748,9563470425,Zenith,BIO_17412,95.47,2018-02-03,EMP_006657
Ibrahim Ibrahim,Nigeria Customs Service,254724,5097870525,UBA,BIO_52754,92.19,2020-02-13,EMP_006658
Tunde Adebayo,Ministry of Works,209767,3429267067,GTBank,BIO_32205,90.43,2020-09-18,EMP_006659
Chiamaka Nwosu,Ministry of Agriculture,340478,3777146254,GTBank,BIO_99330,92.36,2022-01-12,EMP_006660
Zainab Mohammed,Federal Roads Maintenance Agency,456451,6313644366,First Bank,BIO_66152,86.13,2016-06-07,EMP_006661
Hassan Yusuf,Ministry of Water Resources,456557,5062874788,UBA,BIO_18267,89.34,2020-01-26,EMP_006662
Ibrahim Yusuf,Ministry of Water Resources,488348,2553171919,First Bank,BIO_79144,87.59,2017-03-24,EMP_006663
Ibrahim Musa,Ministry of Agriculture,440618,8737745626,Zenith,BIO_98645,90.7,2022-10-02,EMP_006664
Femi Oyedepo,Federal Roads Maintenance Agency,300839,3162392995,Zenith,BIO_81392,96.32,2021-01-20,EMP_006665
Chinedu Nwosu,Ministry of Health,249890,3932425121,GTBank,BIO_57136,95.98,2024-07-23,EMP_006666
Uchenna Okafor,Ministry of Finance,464595,5196753756,Zenith,BIO_66216,95.97,2020-11-28,EMP_006667
Tayo Williams,Ministry of Health,175875,2162032409,UBA,BIO_66888,89.28,2019-01-19,EMP_006668
Fatima Umar,Ministry of Health,149847,1858201988,UBA,BIO_69601,91.12,2021-06-03,EMP_006669
Aisha Suleiman,Ministry of Education,495800,6699540228,Zenith,BIO_54164,90.67,2016-09-03,EMP_006670
Zainab Ibrahim,Ministry of Education,481463,9537541803,UBA,BIO_49114,97.88,2020-06-18,EMP_006671
Nnamdi Nwankwo,Ministry of Education,175643,6784405893,Access,BIO_93007,88.94,2020-11-16,EMP_006672
Zainab Suleiman,Nigeria Customs Service,144051,8241885004,Zenith,BIO_52279,92.04,2018-05-09,EMP_006673
Nnamdi Nwankwo,Ministry of Agriculture,252744,6684875781,Zenith,BIO_62904,98.38,2018-02-14,EMP_006674
Abubakar Mohammed,Ministry of Finance,276615,5122389487,GTBank,BIO_83871,95.34,2017-01-04,EMP_006675
Hassan Ibrahim,Ministry of Water Resources,217310,6486781935,UBA,BIO_27801,95.78,2018-10-18,EMP_006676
Fatima Umar,Ministry of Works,328620,9681892828,First Bank,BIO_91637,97.08,2023-12-10,EMP_006677
Abubakar Ahmad,Civil Service Commission,373234,8001699172,GTBank,BIO_69432,96.72,2024-09-15,EMP_006678
Kemi Williams,Ministry of Education,184912,7681764640,UBA,BIO_42174,86.38,2024-03-19,EMP_006679
Tayo Ogunlesi,Ministry of Health,114801,7891056297,First Bank,BIO_94028,86.24,2024-03-06,EMP_006680
Usman Mohammed,Federal Roads Maintenance Agency,445956,2227728022,Access,BIO_57494,85.38,2024-03-27,EMP_006681
Bola Ogunlesi,Nigeria Customs Service,258868,4997626370,GTBank,BIO_18933,86.79,2017-04-06,EMP_006682
Femi Ogunlesi,Ministry of Agriculture,472189,2460155147,First Bank,BIO_82496,86.46,2023-12-31,EMP_006683
Chiamaka Nwosu,Ministry of Water Resources,320854,8518231714,Access,BIO_42046,95.1,2017-10-23,EMP_006684
Ibrahim Ibrahim,Ministry of Water Resources,93073,5055053643,GTBank,BIO_86018,97.25,2023-12-20,EMP_006685
Ibrahim Umar,Ministry of Agriculture,178527,1743866165,UBA,BIO_11018,95.21,2020-06-01,EMP_006686
Zainab Suleiman,Ministry of Power,96271,9437097518,Access,BIO_86652,97.4,2023-11-17,EMP_006687
Yemi Adeyemi,Ministry of Education,166771,2712134630,First Bank,BIO_42251,88.41,2016-06-01,EMP_006688
Bola Ogunlesi,Ministry of Water Resources,364254,5396961935,First Bank,BIO_57151,96.43,2020-10-13,EMP_006689
Aisha Musa,Ministry of Power,327316,7763003555,First Bank,BIO_40582,97.25,2025-01-04,EMP_006690
Ade Adeyemi,Civil Service Commission,135611,5573901064,Access,BIO_16097,96.51,2024-07-15,EMP_006691
Kemi Williams,Civil Service Commission,280702,3347541800,First Bank,BIO_73037,94.52,2024-02-15,EMP_006692
Kemi Ogunlesi,Civil Service Commission,449831,8483955151,GTBank,BIO_58726,88.16,2023-01-26,EMP_006693
Chiamaka Obiora,Ministry of Education,452674,9999659607,GTBank,BIO_70826,93.86,2020-07-07,EMP_006694
Tayo Williams,Ministry of Power,240116,3302544792,Zenith,BIO_83868,96.44,2022-03-10,EMP_006695
Ade Adebayo,Civil Service Commission,99797,1593426479,First Bank,BIO_12301,91.51,2024-03-05,EMP_006696
Tayo Oyedepo,Federal Roads Maintenance Agency,321433,8613898179,Zenith,BIO_18524,96.4,2023-03-09,EMP_006697
Tunde Williams,Ministry of Finance,446778,1233173390,UBA,BIO_55106,93.04,2020-06-01,EMP_006698
Ibrahim Ibrahim,Ministry of Works,160636,1831965616,Access,BIO_43901,91.56,2017-06-03,EMP_006699
Kemi Adeleke,Ministry of Power,187132,5705647763,Access,BIO_31296,93.04,2024-11-12,EMP_006700
Amina Umar,Ministry of Agriculture,301229,5564177484,First Bank,BIO_60711,88.72,2025-03-20,EMP_006701
Femi Ogunlesi,Ministry of Power,316672,7656792678,Zenith,BIO_84807,93.0,2017-12-14,EMP_006702
Bola Adeyemi,Federal Roads Maintenance Agency,387680,6027116268,GTBank,BIO_68013,95.68,2017-08-09,EMP_006703
Fatima Mohammed,Ministry of Agriculture,391580,6677157743,GTBank,BIO_51465,88.07,2018-10-28,EMP_006704
Femi Adeleke,Civil Service Commission,100309,3293767611,Access,BIO_29635,96.94,2016-07-14,EMP_006705
Kemi Adeleke,Ministry of Finance,234107,6597002956,Zenith,BIO_36849,97.39,2024-04-13,EMP_006706
Abubakar Ibrahim,Ministry of Agriculture,340913,9746736313,First Bank,BIO_44512,92.7,2024-03-07,EMP_006707
Ibrahim Yusuf,Ministry of Water Resources,367143,5349102674,Access,BIO_87445,89.94,2024-10-20,EMP_006708
Tayo Oyedepo,Ministry of Education,173455,6380439149,Zenith,BIO_29599,91.67,2024-04-04,EMP_006709
Nnamdi Okonkwo,Ministry of Health,172470,7767228052,Access,BIO_58130,93.04,2021-09-03,EMP_006710
Dele Ogunlesi,Federal Roads Maintenance Agency,195149,2513761017,Zenith,BIO_43981,86.76,2021-08-19,EMP_006711
Kemi Oyedepo,Ministry of Power,143307,2709247389,First Bank,BIO_82344,96.09,2021-02-02,EMP_006712
Hassan Ahmad,Ministry of Works,253748,3211082541,UBA,BIO_51813,86.05,2023-02-15,EMP_006713
Hassan Suleiman,Ministry of Health,396908,6317535819,UBA,BIO_16576,85.01,2025-03-09,EMP_006714
Fatima Mohammed,Ministry of Agriculture,490063,7126579545,UBA,BIO_20840,91.56,2023-08-02,EMP_006715
Chioma Ani,Ministry of Agriculture,330869,5975040522,UBA,BIO_59572,89.43,2021-07-15,EMP_006716
Nnamdi Ani,Federal Roads Maintenance Agency,180397,3699976577,UBA,BIO_71089,89.42,2022-01-05,EMP_006717
Hassan Ahmad,Ministry of Finance,308930,6815081632,Access,BIO_60273,95.01,2023-01-27,EMP_006718
Dele Oyedepo,Ministry of Works,95340,5788128922,UBA,BIO_17879,86.67,2019-06-10,EMP_006719
Okechukwu Onyeka,Ministry of Agriculture,100548,2406672259,Zenith,BIO_93740,95.17,2023-05-10,EMP_006720
Amina Umar,Ministry of Health,220368,7200820036,First Bank,BIO_19504,91.8,2018-12-18,EMP_006721
Adaeze Nwosu,Ministry of Power,96712,2234884580,UBA,BIO_73795,85.06,2020-11-16,EMP_006722
Chiamaka Nwosu,Ministry of Agriculture,380500,6587385423,GTBank,BIO_79876,88.73,2017-02-03,EMP_006723
Hassan Umar,Civil Service Commission,213396,3258866752,Zenith,BIO_20516,96.81,2018-02-10,EMP_006724
Fatima Musa,Federal Roads Maintenance Agency,289590,1736818341,Zenith,BIO_11929,94.83,2021-07-15,EMP_006725
Tayo Adeleke,Ministry of Education,357360,5671529040,UBA,BIO_71733,97.08,2020-01-30,EMP_006726
Tunde Adebayo,Federal Roads Maintenance Agency,91426,3289251350,Access,BIO_53800,93.06,2020-01-22,EMP_006727
Bola Williams,Ministry of Health,121020,8456110364,Zenith,BIO_49849,87.61,2023-10-11,EMP_006728
Chiamaka Obiora,Ministry of Finance,491967,9391254849,UBA,BIO_47745,88.07,2023-12-03,EMP_006729
Aisha Mohammed,Ministry of Finance,353230,5010630563,UBA,BIO_36355,86.77,2024-01-15,EMP_006730
Kemi Ogunlesi,Ministry of Power,238726,2372817803,Zenith,BIO_25316,93.94,2023-09-22,EMP_006731
Okechukwu Okonkwo,Civil Service Commission,210046,9567998265,UBA,BIO_21682,93.44,2019-08-23,EMP_006732
Hassan Suleiman,Ministry of Power,352771,1735010831,GTBank,BIO_77240,85.6,2020-02-27,EMP_006733
Aisha Ahmad,Ministry of Water Resources,96484,1648533435,First Bank,BIO_22987,89.4,2020-08-14,EMP_006734
Amina Ibrahim,Ministry of Finance,370885,6023838802,First Bank,BIO_79769,85.12,2017-07-05,EMP_006735
Bola Oyedepo,Ministry of Finance,313585,1143232218,Zenith,BIO_10389,87.99,2021-07-09,EMP_006736
Ade Oyedepo,Ministry of Works,91863,7049294775,First Bank,BIO_15696,88.47,2022-09-06,EMP_006737
Nnamdi Ani,Ministry of Health,253049,4342264249,Access,BIO_72048,90.76,2021-01-31,EMP_006738
Chinedu Okonkwo,Civil Service Commission,192442,2988089017,GTBank,BIO_90638,90.28,2020-07-07,EMP_006739
Kemi Oyedepo,Ministry of Works,196513,1499422714,Zenith,BIO_21723,85.06,2018-09-07,EMP_006740
Chinedu Okafor,Ministry of Education,410526,9572597071,First Bank,BIO_67803,88.6,2020-02-28,EMP_006741
Femi Adebayo,Ministry of Power,482904,9468354458,Zenith,BIO_79944,88.71,2024-01-19,EMP_006742
Chioma Nwankwo,Civil Service Commission,407803,6730713537,UBA,BIO_18140,87.45,2022-04-04,EMP_006743
Femi Adebayo,Ministry of Power,329420,6749808698,UBA,BIO_35440,85.99,2016-12-03,EMP_006744
Bola Ogunlesi,Federal Roads Maintenance Agency,208835,6030859373,Zenith,BIO_50238,85.54,2023-12-15,EMP_006745
Ade Oyedepo,Ministry of Education,382346,9120258190,Access,BIO_11616,96.66,2018-12-02,EMP_006746
Chioma Nwosu,Ministry of Works,285536,5407575841,Zenith,BIO_81322,94.68,2022-04-17,EMP_006747
Kemi Oyedepo,Ministry of Power,247708,5104225323,Access,BIO_94311,93.86,2017-03-29,EMP_006748
Okechukwu Eze,Federal Roads Maintenance Agency,366609,2932212697,First Bank,BIO_35539,95.63,2022-03-05,EMP_006749
Chioma Ani,Ministry of Education,125553,1932556474,UBA,BIO_93313,91.47,2024-03-12,EMP_006750
Tunde Oyedepo,Nigeria Customs Service,462396,5630803081,UBA,BIO_12690,91.18,2017-06-08,EMP_006751
Yemi Oyedepo,Ministry of Agriculture,484878,6598992059,GTBank,BIO_29190,89.61,2024-07-14,EMP_006752
Ibrahim Umar,Ministry of Agriculture,349131,2149747860,GTBank,BIO_55401,85.69,2022-11-30,EMP_006753
Tunde Ogunlesi,Ministry of Works,83060,7013199580,Access,BIO_84412,95.29,2024-07-31,EMP_006754
Adaeze Onyeka,Nigeria Customs Service,456641,7669237696,Access,,99.9,2025-09-12,EMP_006755
Usman Mohammed,Civil Service Commission,145589,2813292673,UBA,BIO_82557,88.57,2025-02-22,EMP_006756
Amina Yusuf,Ministry of Water Resources,440858,7939758901,UBA,BIO_11262,93.6,2019-07-08,EMP_006757
Nnamdi Okonkwo,Ministry of Power,262583,9919989788,Zenith,BIO_63554,85.5,2025-05-01,EMP_006758
Tayo Adeyemi,Ministry of Finance,189121,1273977699,Zenith,BIO_84195,93.48,2016-10-07,EMP_006759
Yemi Adeyemi,Nigeria Customs Service,245147,5668858744,UBA,BIO_89765,91.76,2018-07-22,EMP_006760
Adaeze Obiora,Ministry of Finance,119781,1322881055,Zenith,BIO_67440,95.2,2019-01-03,EMP_006761
Adaeze Okonkwo,Federal Roads Maintenance Agency,103035,7385313396,GTBank,BIO_47559,88.13,2022-11-06,EMP_006762
Chioma Nwosu,Ministry of Works,249968,9469310946,Zenith,BIO_93835,93.44,2019-08-02,EMP_006763
Adaeze Nwosu,Ministry of Power,499634,1697822868,UBA,BIO_59716,85.53,2024-07-27,EMP_006764
Amina Ibrahim,Nigeria Customs Service,224004,3368863973,First Bank,BIO_84395,89.98,2017-08-14,EMP_006765
Zainab Musa,Civil Service Commission,1403717,6739658946,Access,BIO_54769,90.5,2025-08-23,EMP_006766
Okechukwu Eze,Nigeria Customs Service,273198,8533556876,First Bank,BIO_72875,92.18,2024-04-11,EMP_006767
Chinedu Nwankwo,Ministry of Education,452654,5969075096,UBA,BIO_34814,86.46,2019-03-28,EMP_006768
Dele Adebayo,Federal Roads Maintenance Agency,428009,9677079522,Access,BIO_22929,85.94,2017-09-06,EMP_006769
Chioma Nwankwo,Ministry of Water Resources,209396,8995690537,UBA,BIO_82073,93.76,2019-12-14,EMP_006770
Usman Umar,Ministry of Education,119178,9499236049,Zenith,BIO_15273,87.97,2019-11-18,EMP_006771
Zainab Ibrahim,Ministry of Finance,145426,8519048587,UBA,BIO_78276,92.07,2020-01-28,EMP_006772
Zainab Ibrahim,Federal Roads Maintenance Agency,372681,3953147553,GTBank,,99.9,2026-01-02,EMP_006773
Zainab Umar,Ministry of Water Resources,385180,3292804503,First Bank,BIO_10089,85.78,2019-03-16,EMP_006774
Ibrahim Umar,Ministry of Works,350403,4387844732,UBA,BIO_79557,92.93,2016-06-06,EMP_006775
Fatima Musa,Ministry of Health,298876,5600131502,GTBank,BIO_35640,90.12,2016-11-30,EMP_006776
Nnamdi Okonkwo,Ministry of Education,473769,3931732539,Zenith,BIO_52872,96.4,2020-01-06,EMP_006777
Dele Ogunlesi,Ministry of Works,113543,3448344271,GTBank,BIO_82010,86.95,2022-12-19,EMP_006778
Ibrahim Yusuf,Civil Service Commission,351392,8964676135,First Bank,BIO_61017,86.5,2016-11-30,EMP_006779
Uchenna Ani,Ministry of Education,271641,4799505243,First Bank,BIO_63902,87.94,2022-11-11,EMP_006780
Dele Williams,Ministry of Power,443896,4234338579,GTBank,BIO_60331,92.71,2022-08-22,EMP_006781
Chiamaka Obiora,Federal Roads Maintenance Agency,197336,8996603634,GTBank,BIO_68451,88.92,2021-03-18,EMP_006782
Adaeze Nwankwo,Ministry of Water Resources,213212,2286453072,GTBank,BIO_46954,90.91,2024-03-16,EMP_006783
Chinedu Okafor,Ministry of Power,127851,1717917701,Zenith,BIO_19078,89.49,2018-04-17,EMP_006784
Aisha Musa,Civil Service Commission,446508,9792789917,GTBank,BIO_58185,85.77,2016-11-02,EMP_006785
Adaeze Nwankwo,Civil Service Commission,333312,7259710423,Zenith,BIO_16105,94.69,2020-04-19,EMP_006786
Amina Ahmad,Ministry of Water Resources,388831,6174101525,Zenith,BIO_61485,90.28,2023-06-23,EMP_006787
Tunde Adebayo,Ministry of Finance,203011,3785961965,Access,BIO_96700,90.74,2020-09-25,EMP_006788
Chukwu Okonkwo,Ministry of Education,324023,9138921231,UBA,BIO_19307,87.24,2019-09-11,EMP_006789
Fatima Ibrahim,Ministry of Finance,1071718,6077033922,Access,BIO_75901,89.35,2025-06-30,EMP_006790
Fatima Suleiman,Ministry of Works,265674,6013335464,Access,BIO_46437,91.01,2025-01-05,EMP_006791
Chiamaka Nwosu,Nigeria Customs Service,287041,8129307370,Access,BIO_49189,89.42,2016-12-11,EMP_006792
Uchenna Okafor,Ministry of Health,211877,5801505448,First Bank,BIO_26606,96.48,2020-08-22,EMP_006793
Femi Adeyemi,Ministry of Agriculture,263858,2436422489,Zenith,BIO_47496,85.05,2022-07-26,EMP_006794
Ade Adeyemi,Nigeria Customs Service,258945,1295477944,GTBank,BIO_17377,97.19,2018-12-16,EMP_006795
Ade Williams,Federal Roads Maintenance Agency,119936,6141261315,Access,BIO_53001,94.35,2017-01-13,EMP_006796
Ibrahim Ahmad,Nigeria Customs Service,156207,9014099565,Zenith,BIO_41541,94.81,2019-05-18,EMP_006797
Tunde Williams,Federal Roads Maintenance Agency,156630,2118627740,Access,BIO_27217,87.42,2024-05-03,EMP_006798
Ibrahim Ibrahim,Nigeria Customs Service,250018,2334333363,Access,BIO_96074,91.24,2024-11-04,EMP_006799
Kemi Williams,Ministry of Finance,482641,9577093868,Zenith,BIO_26247,96.64,2018-12-31,EMP_006800
Ibrahim Musa,Ministry of Water Resources,359462,5374113179,Access,BIO_68927,93.81,2017-04-09,EMP_006801
Ade Adebayo,Civil Service Commission,184921,4441971249,Zenith,BIO_86246,91.76,2019-08-28,EMP_006802
Yemi Ogunlesi,Civil Service Commission,195321,7183582444,First Bank,BIO_66866,95.58,2017-10-06,EMP_006803
Chukwu Nwankwo,Ministry of Health,452194,7190038832,UBA,BIO_51770,95.66,2022-01-22,EMP_006804
Amina Suleiman,Civil Service Commission,184061,4996111513,Access,BIO_18299,88.2,2019-10-08,EMP_006805
Yemi Adebayo,Ministry of Finance,400685,8448429848,GTBank,BIO_96165,95.3,2017-08-10,EMP_006806
Yemi Oyedepo,Ministry of Health,156643,5031618321,Access,BIO_67417,95.18,2022-07-19,EMP_006807
Fatima Yusuf,Ministry of Health,330043,9961804422,First Bank,BIO_54001,86.29,2017-02-09,EMP_006808
Adaeze Okonkwo,Civil Service Commission,493884,5899284182,Zenith,BIO_14384,88.96,2020-08-01,EMP_006809
Adaeze Obiora,Civil Service Commission,212513,2800880467,Zenith,BIO_79050,92.39,2020-10-10,EMP_006810
Abubakar Musa,Ministry of Power,352068,9619578284,GTBank,BIO_71388,98.11,2024-12-05,EMP_006811
Chioma Nwankwo,Civil Service Commission,483708,3641107975,Access,BIO_96976,95.22,2017-10-22,EMP_006812
Chukwu Okonkwo,Civil Service Commission,494688,4626602149,UBA,BIO_75116,92.81,2016-05-22,EMP_006813
Hassan Suleiman,Nigeria Customs Service,306271,4169741969,First Bank,BIO_23548,86.24,2024-10-10,EMP_006814
Fatima Ahmad,Ministry of Works,467409,2241803835,GTBank,BIO_53750,97.41,2017-05-31,EMP_006815
Femi Adeleke,Ministry of Water Resources,205416,9784830819,First Bank,BIO_35696,92.97,2016-11-12,EMP_006816
Chukwu Nwankwo,Ministry of Water Resources,376392,6698938941,GTBank,BIO_66803,86.92,2024-03-26,EMP_006817
Bola Oyedepo,Ministry of Health,272168,7044119328,Access,BIO_50761,91.84,2019-12-14,EMP_006818
Ade Oyedepo,Ministry of Education,380112,3359939111,UBA,BIO_12402,93.67,2020-03-02,EMP_006819
Dele Adeyemi,Ministry of Education,129738,4115445576,Access,BIO_11806,86.76,2020-02-28,EMP_006820
Kemi Adeyemi,Ministry of Education,387368,7589489029,First Bank,BIO_43173,94.71,2023-02-15,EMP_006821
Uchenna Okonkwo,Ministry of Agriculture,358567,4152366368,Access,BIO_52059,86.0,2019-08-07,EMP_006822
Aisha Suleiman,Ministry of Works,292836,3169695914,First Bank,BIO_11978,97.6,2016-10-15,EMP_006823
Femi Adebayo,Ministry of Education,280119,3589060303,Zenith,BIO_98839,86.79,2021-11-28,EMP_006824
Chinedu Nwankwo,Ministry of Water Resources,366740,8606871848,UBA,,99.9,2025-11-29,EMP_006825
Tayo Adeyemi,Ministry of Finance,460826,1857857247,UBA,BIO_54527,94.85,2019-05-16,EMP_006826
Aisha Ahmad,Ministry of Education,93531,6331159425,Access,BIO_43718,91.75,2016-10-30,EMP_006827
Chinedu Nwosu,Ministry of Power,373552,6749556498,Access,BIO_10563,89.32,2016-11-06,EMP_006828
Femi Ogunlesi,Ministry of Works,266759,3320002940,Zenith,BIO_10903,90.7,2019-05-04,EMP_006829
Nnamdi Ani,Civil Service Commission,225580,9306520338,GTBank,BIO_78981,86.02,2020-04-28,EMP_006830
Tayo Ogunlesi,Federal Roads Maintenance Agency,244926,6495917343,Zenith,BIO_12995,93.7,2024-06-18,EMP_006831
Fatima Ahmad,Ministry of Works,173433,6878457573,Zenith,BIO_56564,97.57,2019-11-22,EMP_006832
Okechukwu Onyeka,Civil Service Commission,399644,8353600534,GTBank,BIO_26074,94.88,2018-01-24,EMP_006833
Chinedu Nwankwo,Ministry of Health,488708,7170961970,Access,BIO_81467,85.39,2016-06-04,EMP_006834
Bola Adebayo,Ministry of Works,484210,7112565016,Access,BIO_86379,87.61,2023-09-08,EMP_006835
Adaeze Eze,Nigeria Customs Service,240799,1062963575,Zenith,BIO_73548,90.55,2020-10-13,EMP_006836
Usman Suleiman,Federal Roads Maintenance Agency,286117,6274374227,Access,BIO_80180,94.55,2020-12-02,EMP_006837
Ade Williams,Ministry of Power,328991,6288960636,GTBank,BIO_11671,92.13,2021-05-04,EMP_006838
Femi Williams,Ministry of Agriculture,264913,1370135933,Access,BIO_23184,90.33,2016-12-13,EMP_006839
Hassan Umar,Federal Roads Maintenance Agency,97106,6790671410,GTBank,BIO_77137,91.72,2016-07-03,EMP_006840
Adaeze Nwosu,Civil Service Commission,182000,5070453242,First Bank,BIO_40326,92.47,2024-03-29,EMP_006841
Usman Yusuf,Civil Service Commission,210958,3565696501,Access,BIO_37500,87.98,2018-01-08,EMP_006842
Chiamaka Okafor,Nigeria Customs Service,429339,9777420046,GTBank,BIO_16914,87.88,2022-04-29,EMP_006843
Nnamdi Onyeka,Ministry of Agriculture,419148,7085436413,Access,BIO_19426,98.56,2017-06-03,EMP_006844
Okechukwu Nwosu,Nigeria Customs Service,266269,3661808636,UBA,BIO_84414,90.3,2022-09-29,EMP_006845
Aisha Suleiman,Ministry of Education,342563,7987048361,Access,BIO_40580,96.0,2021-09-28,EMP_006846
Chiamaka Onyeka,Ministry of Agriculture,299114,6271092136,Access,BIO_21275,93.46,2023-12-10,EMP_006847
Uchenna Okonkwo,Ministry of Health,247088,1298978258,First Bank,BIO_17593,92.24,2018-01-07,EMP_006848
Nnamdi Nwankwo,Ministry of Water Resources,1385287,4427987469,Access,BIO_14571,93.08,2026-03-26,EMP_006849
Bola Adeleke,Ministry of Education,83861,5096658042,GTBank,BIO_78083,88.18,2025-02-12,EMP_006850
Uchenna Ani,Civil Service Commission,332953,4440340763,UBA,BIO_77939,93.35,2018-08-30,EMP_006851
Femi Oyedepo,Ministry of Water Resources,287206,7537985977,First Bank,BIO_54761,94.91,2019-12-14,EMP_006852
Ade Adebayo,Federal Roads Maintenance Agency,354246,8915654517,UBA,BIO_60236,94.58,2017-12-21,EMP_006853
Chukwu Nwosu,Ministry of Power,123815,1864494480,Access,BIO_46571,88.73,2022-12-12,EMP_006854
Nnamdi Onyeka,Ministry of Water Resources,191400,3512875042,First Bank,BIO_92297,90.3,2018-10-19,EMP_006855
Aisha Ahmad,Ministry of Power,414341,4273459138,Zenith,BIO_55275,97.14,2016-07-24,EMP_006856
Chioma Ani,Ministry of Education,121555,1553732199,First Bank,BIO_10979,90.73,2019-03-27,EMP_006857
Chioma Ani,Ministry of Education,373161,6400334869,First Bank,BIO_36710,92.95,2020-08-10,EMP_006858
Dele Adeyemi,Ministry of Education,204236,1051678820,GTBank,BIO_22298,88.28,2017-09-08,EMP_006859
Adaeze Nwankwo,Federal Roads Maintenance Agency,347182,9110619164,First Bank,BIO_99848,91.32,2020-06-25,EMP_006860
Chiamaka Nwankwo,Ministry of Power,115446,3147111277,GTBank,BIO_54678,92.89,2024-12-21,EMP_006861
Okechukwu Eze,Ministry of Health,291773,1304561682,GTBank,BIO_37655,86.97,2018-10-17,EMP_006862
Chinedu Ani,Federal Roads Maintenance Agency,96179,3727046966,First Bank,BIO_72376,90.77,2024-05-05,EMP_006863
Nnamdi Okonkwo,Ministry of Works,105803,7678078322,Zenith,BIO_86138,87.92,2017-05-27,EMP_006864
Yemi Adeyemi,Ministry of Health,135251,2111136222,Access,BIO_79835,86.64,2016-12-30,EMP_006865
Ade Adeyemi,Ministry of Agriculture,217131,8589815168,Access,BIO_31170,91.88,2016-07-18,EMP_006866
Femi Oyedepo,Ministry of Works,285121,8852967688,UBA,BIO_37365,87.05,2020-11-08,EMP_006867
Dele Oyedepo,Ministry of Agriculture,211664,4534239439,Access,BIO_48285,94.14,2021-01-27,EMP_006868
Uchenna Okonkwo,Nigeria Customs Service,449750,9907068003,GTBank,BIO_38487,93.49,2019-12-08,EMP_006869
Chukwu Eze,Ministry of Agriculture,277856,6684875781,Zenith,BIO_63145,98.35,2018-06-24,EMP_006870
Femi Adebayo,Ministry of Works,108224,5719815678,GTBank,BIO_26414,86.07,2019-07-22,EMP_006871
Chukwu Obiora,Ministry of Power,144304,3434306291,Zenith,BIO_10181,85.01,2024-10-18,EMP_006872
Adaeze Ani,Ministry of Water Resources,304825,7883771709,Zenith,BIO_94649,87.69,2022-05-05,EMP_006873
Okechukwu Eze,Ministry of Health,95360,8870137078,Zenith,BIO_85803,90.57,2017-05-03,EMP_006874
Hassan Yusuf,Ministry of Agriculture,1124346,1393711047,UBA,BIO_15978,85.19,2025-12-10,EMP_006875
Usman Ahmad,Ministry of Water Resources,403192,4800625155,Zenith,BIO_96130,95.82,2022-02-09,EMP_006876
Hassan Yusuf,Ministry of Power,395651,1755982055,UBA,BIO_58901,85.58,2025-03-13,EMP_006877
Tayo Ogunlesi,Nigeria Customs Service,85472,5901637412,GTBank,BIO_88127,93.15,2018-05-20,EMP_006878
Fatima Suleiman,Ministry of Finance,228618,2911831041,Zenith,BIO_40618,95.34,2023-07-20,EMP_006879
Uchenna Okafor,Ministry of Water Resources,459335,4300565666,UBA,BIO_56613,99.14,2019-09-13,EMP_006880
Fatima Mohammed,Ministry of Health,186363,2898100995,GTBank,BIO_39028,95.13,2023-12-24,EMP_006881
Ibrahim Yusuf,Ministry of Health,186802,3331597628,GTBank,BIO_33623,97.58,2022-07-09,EMP_006882
Aisha Mohammed,Ministry of Health,403328,2062527253,First Bank,BIO_83201,86.75,2023-09-09,EMP_006883
Uchenna Okafor,Ministry of Water Resources,421418,2258770989,First Bank,BIO_73395,94.78,2020-08-20,EMP_006884
Bola Adeyemi,Ministry of Education,387184,2203421935,First Bank,BIO_72066,97.79,2022-04-12,EMP_006885
Nnamdi Nwosu,Federal Roads Maintenance Agency,171636,2391370689,UBA,BIO_63890,86.19,2020-08-16,EMP_006886
Chiamaka Obiora,Ministry of Power,237588,3494213842,UBA,BIO_69549,85.25,2018-05-09,EMP_006887
Usman Musa,Ministry of Health,153237,8331137271,UBA,BIO_83987,90.42,2022-06-26,EMP_006888
Chioma Obiora,Civil Service Commission,257265,7508221899,Zenith,BIO_80381,94.64,2024-03-22,EMP_006889
Usman Umar,Ministry of Education,490775,2677118064,UBA,BIO_67379,94.4,2020-02-07,EMP_006890
Aisha Mohammed,Ministry of Education,315113,1683804959,Access,,99.9,2026-04-05,EMP_006891
Adaeze Okonkwo,Ministry of Finance,353003,6175088003,First Bank,BIO_30205,91.47,2018-01-05,EMP_006892
Ade Adeleke,Ministry of Health,315397,2024077174,UBA,BIO_15561,94.18,2023-02-14,EMP_006893
Uchenna Onyeka,Ministry of Agriculture,252486,1078534082,First Bank,BIO_48548,92.12,2022-12-26,EMP_006894
Chiamaka Onyeka,Ministry of Works,425920,4854492197,GTBank,BIO_10715,88.93,2022-05-13,EMP_006895
Dele Ogunlesi,Ministry of Power,424948,8259918499,Zenith,BIO_92315,97.2,2021-10-20,EMP_006896
Adaeze Ani,Civil Service Commission,212297,6070243529,Access,BIO_61266,97.03,2024-10-14,EMP_006897
Dele Adebayo,Civil Service Commission,91468,6984704655,Zenith,BIO_26287,88.57,2019-07-26,EMP_006898
Chiamaka Eze,Federal Roads Maintenance Agency,189940,7269701609,First Bank,BIO_20268,90.38,2021-03-05,EMP_006899
Chinedu Obiora,Nigeria Customs Service,386030,8545132142,GTBank,BIO_93413,86.62,2017-02-24,EMP_006900
Yemi Oyedepo,Ministry of Education,204695,3108516950,UBA,BIO_94369,85.26,2025-02-03,EMP_006901
Bola Adebayo,Ministry of Power,340043,8377860302,Access,BIO_57964,96.85,2024-06-25,EMP_006902
Bola Adeleke,Ministry of Water Resources,456489,6644767011,First Bank,BIO_61095,86.72,2020-12-20,EMP_006903
Tunde Adeyemi,Ministry of Water Resources,332399,8255906605,First Bank,BIO_91127,93.65,2021-02-02,EMP_006904
Okechukwu Eze,Ministry of Education,301955,2141627833,Zenith,BIO_22759,87.95,2025-04-05,EMP_006905
Chinedu Ani,Ministry of Works,432205,9537805777,First Bank,BIO_33572,95.42,2022-08-24,EMP_006906
Yemi Williams,Civil Service Commission,239298,9186974726,GTBank,BIO_77026,89.76,2019-01-11,EMP_006907
Adaeze Nwosu,Ministry of Finance,307419,1723603356,GTBank,BIO_44610,93.16,2020-03-27,EMP_006908
Amina Mohammed,Ministry of Agriculture,136385,3685473049,First Bank,BIO_64971,85.42,2018-08-01,EMP_006909
Chiamaka Okafor,Ministry of Finance,147764,1178877778,Access,BIO_41611,97.69,2018-05-03,EMP_006910
Chiamaka Eze,Civil Service Commission,125210,3884618086,Zenith,BIO_64904,96.84,2024-08-17,EMP_006911
Aisha Musa,Civil Service Commission,153391,5215985516,Zenith,BIO_39036,96.0,2017-06-24,EMP_006912
Fatima Yusuf,Ministry of Education,99018,4891502066,Zenith,BIO_23350,89.65,2023-10-09,EMP_006913
Chioma Obiora,Federal Roads Maintenance Agency,394790,1735978256,Access,BIO_62564,97.08,2016-07-26,EMP_006914
Adaeze Nwankwo,Ministry of Water Resources,406526,8608986578,First Bank,BIO_87575,91.31,2020-10-27,EMP_006915
Tayo Adeyemi,Ministry of Agriculture,456724,6195787720,GTBank,BIO_41541,97.69,2024-10-06,EMP_006916
Dele Williams,Ministry of Water Resources,348980,2189337967,First Bank,BIO_19371,94.71,2021-09-27,EMP_006917
Chukwu Onyeka,Ministry of Finance,448488,2482347963,UBA,BIO_15259,85.55,2016-10-13,EMP_006918
Amina Yusuf,Ministry of Works,241058,1241596317,First Bank,BIO_23110,89.83,2024-10-03,EMP_006919
Abubakar Ahmad,Ministry of Health,111303,8128296244,UBA,BIO_52538,86.75,2022-06-30,EMP_006920
Bola Adeleke,Ministry of Works,183263,1008651914,GTBank,BIO_27961,92.93,2025-03-20,EMP_006921
Chukwu Eze,Ministry of Agriculture,209470,4720462479,GTBank,BIO_83154,86.1,2024-12-09,EMP_006922
Ade Oyedepo,Nigeria Customs Service,311816,8599298768,Zenith,BIO_51498,88.81,2019-03-17,EMP_006923
Chiamaka Okafor,Ministry of Health,359599,9361660082,GTBank,BIO_85454,85.78,2023-11-17,EMP_006924
Nnamdi Eze,Ministry of Power,434233,3875951873,First Bank,BIO_14338,95.19,2023-09-04,EMP_006925
Uchenna Eze,Ministry of Power,219791,3493909398,Access,BIO_29576,85.23,2023-10-06,EMP_006926
Zainab Suleiman,Civil Service Commission,368539,3738915660,Access,BIO_40055,86.24,2018-01-25,EMP_006927
Uchenna Eze,Nigeria Customs Service,104070,7784077062,Zenith,BIO_59518,94.32,2016-07-21,EMP_006928
Yemi Williams,Ministry of Agriculture,426492,6684875781,Zenith,BIO_33540,99.15,2022-11-08,EMP_006929
Chiamaka Nwosu,Ministry of Power,186644,3026800213,First Bank,BIO_14753,90.46,2019-10-13,EMP_006930
Tunde Adeleke,Ministry of Water Resources,471361,5018411638,Zenith,BIO_36931,92.16,2021-08-08,EMP_006931
Adaeze Onyeka,Nigeria Customs Service,314226,4399811199,Zenith,BIO_34922,85.88,2019-05-22,EMP_006932
Zainab Musa,Ministry of Health,358321,3991345529,UBA,BIO_89954,86.51,2019-04-29,EMP_006933
Ade Adebayo,Ministry of Finance,206267,5140668624,GTBank,BIO_73202,85.31,2024-03-11,EMP_006934
Aisha Umar,Nigeria Customs Service,252253,5873222674,Zenith,BIO_95918,86.89,2020-07-14,EMP_006935
Abubakar Yusuf,Ministry of Works,115883,6120954878,Zenith,BIO_11216,96.25,2020-07-24,EMP_006936
Tunde Adebayo,Ministry of Works,83610,7636840856,GTBank,BIO_80880,89.97,2019-04-12,EMP_006937
Tunde Ogunlesi,Ministry of Health,426980,9838130634,GTBank,BIO_92774,99.85,2019-08-16,EMP_006938
Kemi Williams,Ministry of Water Resources,450121,6144761603,Access,BIO_37562,87.66,2017-01-25,EMP_006939
Yemi Oyedepo,Nigeria Customs Service,1330721,5716452461,UBA,BIO_10284,88.25,2025-05-20,EMP_006940
Ade Oyedepo,Civil Service Commission,422205,2394687234,Access,BIO_56112,93.68,2018-10-05,EMP_006941
Usman Mohammed,Civil Service Commission,286182,2541949154,UBA,BIO_91290,86.75,2017-12-28,EMP_006942
Amina Suleiman,Ministry of Education,150700,3452646386,First Bank,BIO_26630,85.93,2019-03-19,EMP_006943
Dele Adeyemi,Ministry of Water Resources,152306,4887929623,GTBank,BIO_26087,98.66,2022-01-20,EMP_006944
Femi Adeyemi,Ministry of Education,112335,2809140107,GTBank,,99.9,2025-03-23,EMP_006945
Aisha Musa,Ministry of Power,330042,7450673987,UBA,BIO_12769,89.77,2023-02-17,EMP_006946
Chinedu Okonkwo,Ministry of Works,184823,9997340548,UBA,BIO_41962,93.12,2024-12-14,EMP_006947
Tunde Ogunlesi,Ministry of Education,313238,3697328211,First Bank,BIO_81036,94.3,2020-10-28,EMP_006948
Yemi Adeleke,Ministry of Water Resources,356843,9631284868,First Bank,BIO_52476,88.99,2020-09-21,EMP_006949
Chioma Okafor,Ministry of Power,190586,1862564708,Zenith,BIO_81299,89.36,2021-09-24,EMP_006950
Abubakar Ahmad,Ministry of Power,172414,5716196112,Access,BIO_98319,92.68,2016-06-13,EMP_006951
Tunde Oyedepo,Ministry of Finance,350910,8140901174,GTBank,BIO_31062,88.99,2022-05-22,EMP_006952
Uchenna Nwosu,Ministry of Agriculture,287410,6509167911,Zenith,BIO_21702,92.92,2018-03-03,EMP_006953
Chioma Ani,Ministry of Power,378222,9821849173,Zenith,BIO_86770,96.03,2020-12-07,EMP_006954
Chinedu Nwankwo,Ministry of Water Resources,88542,8233812703,GTBank,BIO_86581,95.7,2020-11-22,EMP_006955
Yemi Ogunlesi,Ministry of Water Resources,383770,5925175446,First Bank,BIO_74725,86.05,2022-07-27,EMP_006956
Tayo Ogunlesi,Ministry of Water Resources,392979,6788202693,Zenith,BIO_18060,91.02,2021-07-08,EMP_006957
Bola Adeyemi,Ministry of Health,149096,1137383197,Access,BIO_93050,92.24,2017-02-07,EMP_006958
Aisha Umar,Civil Service Commission,479990,6900416490,Access,BIO_68444,95.86,2024-02-29,EMP_006959
Bola Ogunlesi,Ministry of Works,229865,8759126778,Zenith,BIO_81615,88.29,2024-12-03,EMP_006960
Hassan Suleiman,Civil Service Commission,463613,5167244024,Zenith,BIO_47686,95.23,2021-04-11,EMP_006961
Nnamdi Eze,Ministry of Power,464150,1475603030,Zenith,BIO_56459,98.91,2024-10-22,EMP_006962
Okechukwu Obiora,Ministry of Health,452608,2824286706,Access,BIO_56792,88.85,2022-01-01,EMP_006963
Fatima Umar,Ministry of Water Resources,170280,6942845214,First Bank,BIO_24003,92.87,2018-07-23,EMP_006964
Tayo Adeleke,Ministry of Works,389921,8052408324,UBA,BIO_91161,87.44,2017-07-13,EMP_006965
Kemi Adebayo,Ministry of Works,320441,4722809013,First Bank,BIO_19500,91.55,2021-02-27,EMP_006966
Aisha Ibrahim,Nigeria Customs Service,95253,4718345297,UBA,BIO_29988,86.58,2021-07-27,EMP_006967
Dele Oyedepo,Federal Roads Maintenance Agency,194722,2333373134,First Bank,BIO_76613,95.29,2021-10-01,EMP_006968
Hassan Mohammed,Nigeria Customs Service,148250,8993527652,UBA,,99.9,2024-12-18,EMP_006969
Usman Yusuf,Ministry of Education,447766,6906558914,First Bank,BIO_91571,86.93,2018-08-18,EMP_006970
Usman Ahmad,Federal Roads Maintenance Agency,242964,1388053319,GTBank,BIO_72215,96.53,2018-01-17,EMP_006971
Ibrahim Umar,Ministry of Agriculture,436154,6196222431,First Bank,BIO_54541,95.64,2022-03-24,EMP_006972
Aisha Ibrahim,Ministry of Health,157857,6350138032,GTBank,BIO_66880,92.33,2018-11-14,EMP_006973
Aisha Musa,Civil Service Commission,462592,5824687138,GTBank,BIO_77052,87.46,2016-11-08,EMP_006974
Fatima Umar,Ministry of Works,199194,7604066017,UBA,BIO_93928,95.62,2024-05-24,EMP_006975
Fatima Yusuf,Ministry of Finance,494565,5551119566,UBA,BIO_81668,93.98,2025-04-09,EMP_006976
Kemi Adeyemi,Nigeria Customs Service,400814,3904925083,First Bank,BIO_68017,86.55,2016-09-14,EMP_006977
Femi Ogunlesi,Ministry of Power,311508,3795204271,Zenith,BIO_73886,93.2,2016-05-21,EMP_006978
Usman Yusuf,Federal Roads Maintenance Agency,439774,8933316825,GTBank,BIO_16720,90.87,2018-02-13,EMP_006979
Hassan Musa,Nigeria Customs Service,300226,2200357128,Zenith,BIO_33536,96.22,2019-03-12,EMP_006980
Amina Suleiman,Ministry of Power,239855,9619578284,GTBank,BIO_70017,98.48,2018-09-04,EMP_006981
Usman Umar,Ministry of Water Resources,289228,9632218733,Access,BIO_37564,93.02,2021-12-31,EMP_006982
Yemi Williams,Ministry of Education,1087581,6090594092,UBA,BIO_81422,90.85,2026-05-07,EMP_006983
Tunde Williams,Ministry of Water Resources,202537,3360056676,Zenith,BIO_85995,98.69,2018-07-23,EMP_006984
Chukwu Obiora,Ministry of Power,120110,6919204012,First Bank,BIO_62341,93.74,2019-05-01,EMP_006985
Uchenna Nwankwo,Federal Roads Maintenance Agency,427219,8858941798,First Bank,BIO_17884,95.21,2018-05-05,EMP_006986
Amina Umar,Ministry of Water Resources,263897,7865402016,Access,BIO_88305,97.39,2024-10-23,EMP_006987
Ade Oyedepo,Federal Roads Maintenance Agency,85199,4772986431,UBA,BIO_79716,85.47,2016-09-24,EMP_006988
Ade Ogunlesi,Ministry of Power,394057,1253773894,Access,BIO_49594,97.06,2017-02-15,EMP_006989
Okechukwu Okafor,Ministry of Finance,455822,4926247152,First Bank,BIO_14207,90.34,2020-08-03,EMP_006990
Amina Ahmad,Ministry of Water Resources,190744,3358653872,GTBank,BIO_59725,94.2,2019-09-05,EMP_006991
Chinedu Obiora,Nigeria Customs Service,472727,8913586785,UBA,BIO_28550,91.1,2021-11-18,EMP_006992
Dele Adebayo,Ministry of Water Resources,256898,4175779642,First Bank,BIO_64492,93.5,2018-05-09,EMP_006993
Tunde Williams,Ministry of Education,327579,6865437373,Access,BIO_90925,91.61,2016-12-30,EMP_006994
Abubakar Yusuf,Ministry of Education,466608,9243829318,Access,BIO_81942,87.99,2019-08-02,EMP_006995
Dele Ogunlesi,Ministry of Agriculture,488692,3667907825,Zenith,BIO_10835,94.24,2018-12-01,EMP_006996
Femi Williams,Civil Service Commission,386671,4998365795,Zenith,BIO_62953,96.93,2025-03-27,EMP_006997
Okechukwu Onyeka,Federal Roads Maintenance Agency,425433,5831233248,UBA,BIO_16914,97.03,2017-03-22,EMP_006998
Chiamaka Okafor,Ministry of Health,114074,2099670790,Access,BIO_31659,88.6,2024-03-14,EMP_006999
Tunde Williams,Ministry of Works,168028,5699037845,Access,BIO_65024,94.09,2022-11-16,EMP_007000
Abubakar Ahmad,Ministry of Health,386929,2172976769,UBA,BIO_59224,95.87,2024-04-24,EMP_007001
Ibrahim Suleiman,Ministry of Power,146047,3207516832,UBA,,99.9,2024-08-25,EMP_007002
Abubakar Yusuf,Ministry of Health,355650,9553291462,First Bank,BIO_79435,85.66,2022-09-28,EMP_007003
Nnamdi Onyeka,Civil Service Commission,296057,9617181374,Zenith,BIO_58331,94.32,2017-11-06,EMP_007004
Bola Ogunlesi,Civil Service Commission,356670,3346795829,Zenith,BIO_34000,88.39,2017-09-05,EMP_007005
Zainab Ahmad,Civil Service Commission,245685,4561538635,UBA,BIO_45190,95.32,2024-01-03,EMP_007006
Tunde Adebayo,Federal Roads Maintenance Agency,170229,7053166848,UBA,BIO_74857,97.39,2024-05-20,EMP_007007
Hassan Ibrahim,Civil Service Commission,372694,8033563679,Zenith,BIO_70220,89.95,2020-06-11,EMP_007008
Okechukwu Nwankwo,Ministry of Water Resources,190602,3627039226,UBA,BIO_11924,85.12,2022-07-25,EMP_007009
Chukwu Onyeka,Nigeria Customs Service,290689,8298526568,First Bank,BIO_10763,85.64,2019-04-07,EMP_007010
Okechukwu Nwankwo,Nigeria Customs Service,87319,6190906543,UBA,BIO_74532,87.08,2024-10-02,EMP_007011
Fatima Umar,Ministry of Health,464425,3090134752,First Bank,BIO_76284,87.04,2021-02-10,EMP_007012
Dele Oyedepo,Ministry of Health,216425,7189439804,UBA,BIO_82418,97.31,2023-05-14,EMP_007013
Usman Umar,Ministry of Agriculture,347767,7478186973,First Bank,BIO_53201,92.42,2022-09-15,EMP_007014
Ibrahim Mohammed,Federal Roads Maintenance Agency,412675,9629414993,GTBank,BIO_58788,93.53,2024-08-04,EMP_007015
Uchenna Obiora,Ministry of Education,324685,7339278854,Access,BIO_32246,88.11,2025-01-04,EMP_007016
Tayo Williams,Civil Service Commission,132396,4969210753,GTBank,BIO_92122,91.49,2022-11-10,EMP_007017
Abubakar Ibrahim,Ministry of Works,376947,4574393948,GTBank,BIO_96638,86.03,2019-12-12,EMP_007018
Chioma Okafor,Ministry of Power,378872,7045833572,GTBank,BIO_18701,94.78,2018-12-18,EMP_007019
Nnamdi Eze,Ministry of Finance,138342,6857666293,GTBank,BIO_58293,93.77,2023-02-06,EMP_007020
Yemi Oyedepo,Civil Service Commission,349985,4126616067,GTBank,BIO_56111,94.18,2019-10-20,EMP_007021
Tunde Adeleke,Federal Roads Maintenance Agency,246174,8439655354,Access,BIO_63568,91.79,2023-01-01,EMP_007022
Aisha Ahmad,Ministry of Education,391699,8174828271,GTBank,BIO_15267,94.07,2021-08-19,EMP_007023
Bola Ogunlesi,Ministry of Power,107571,2433842137,Access,BIO_56219,95.59,2023-10-10,EMP_007024
Abubakar Umar,Ministry of Finance,387328,5540433675,UBA,BIO_61076,92.82,2020-04-05,EMP_007025
Kemi Adeyemi,Ministry of Agriculture,353995,3943277276,UBA,BIO_73997,90.68,2018-06-04,EMP_007026
Femi Adebayo,Federal Roads Maintenance Agency,278043,4074130163,First Bank,BIO_42531,90.67,2018-07-24,EMP_007027
Bola Ogunlesi,Ministry of Finance,246750,4617857453,Access,BIO_93711,88.8,2021-04-03,EMP_007028
Ade Oyedepo,Ministry of Water Resources,428804,7984306481,First Bank,BIO_86442,95.96,2017-05-16,EMP_007029
Chukwu Ani,Ministry of Power,283297,1509058139,First Bank,BIO_44863,86.31,2019-10-30,EMP_007030
Adaeze Okonkwo,Ministry of Water Resources,192259,8444514820,Access,BIO_83106,97.79,2024-04-12,EMP_007031
Femi Williams,Civil Service Commission,216225,8352660452,First Bank,BIO_73785,87.03,2021-02-15,EMP_007032
Fatima Yusuf,Ministry of Water Resources,353233,9187615858,Zenith,BIO_99384,85.69,2018-10-28,EMP_007033
Tayo Ogunlesi,Ministry of Power,481473,2015441577,Access,BIO_31992,91.36,2020-07-08,EMP_007034
Yemi Oyedepo,Federal Roads Maintenance Agency,441997,6036309033,First Bank,BIO_74451,92.09,2019-11-25,EMP_007035
Uchenna Onyeka,Ministry of Education,273510,8973305658,Zenith,BIO_66898,92.14,2024-12-14,EMP_007036
Dele Adebayo,Civil Service Commission,248624,3511526980,UBA,BIO_57882,87.19,2022-08-11,EMP_007037
Adaeze Obiora,Ministry of Power,421826,1475603030,Zenith,BIO_67554,99.49,2021-08-05,EMP_007038
Amina Ahmad,Federal Roads Maintenance Agency,148416,9931229489,GTBank,BIO_37345,93.34,2021-07-31,EMP_007039
Yemi Adeleke,Ministry of Health,439274,8673038886,GTBank,BIO_43689,89.75,2024-10-11,EMP_007040
Chinedu Nwosu,Nigeria Customs Service,374591,5028943470,Zenith,BIO_22943,86.42,2024-12-27,EMP_007041
Tayo Adebayo,Ministry of Education,217795,6642145848,Zenith,BIO_77577,97.27,2020-06-20,EMP_007042
Ade Adeyemi,Ministry of Education,198020,5202196847,UBA,BIO_13831,96.31,2018-04-01,EMP_007043
Fatima Suleiman,Ministry of Finance,299101,4076640447,UBA,BIO_17428,85.64,2023-11-28,EMP_007044
Abubakar Ahmad,Nigeria Customs Service,326455,4445641285,Zenith,BIO_31608,92.7,2022-09-05,EMP_007045
Tunde Williams,Nigeria Customs Service,287192,4839030667,First Bank,,99.9,2024-05-31,EMP_007046
Chiamaka Onyeka,Nigeria Customs Service,466555,3888014030,Zenith,BIO_56118,94.08,2018-09-30,EMP_007047
Ibrahim Yusuf,Ministry of Power,103076,3899421550,UBA,,99.9,2024-07-19,EMP_007048
Ibrahim Mohammed,Ministry of Power,228759,7440639468,UBA,BIO_21738,86.6,2018-01-04,EMP_007049
Abubakar Umar,Ministry of Water Resources,93124,3956758307,Zenith,BIO_21208,95.77,2020-08-04,EMP_007050
Chioma Okonkwo,Ministry of Water Resources,499778,5897371100,First Bank,BIO_55274,88.38,2023-07-12,EMP_007051
Amina Ahmad,Federal Roads Maintenance Agency,113393,8922080054,UBA,BIO_13539,93.59,2021-02-10,EMP_007052
Ibrahim Ibrahim,Nigeria Customs Service,329091,3169889350,Zenith,BIO_77586,85.74,2017-07-14,EMP_007053
Chioma Okafor,Ministry of Power,223019,5615423178,Access,BIO_51077,96.84,2019-10-15,EMP_007054
Chukwu Eze,Ministry of Agriculture,237879,8965832126,Access,BIO_89933,97.73,2017-08-01,EMP_007055
Yemi Adeleke,Ministry of Agriculture,431721,1603057936,First Bank,BIO_61068,88.83,2020-01-16,EMP_007056
Chinedu Ani,Nigeria Customs Service,1301965,7572529871,UBA,BIO_15395,91.3,2026-02-19,EMP_007057
Ade Adeleke,Ministry of Education,267563,5083415458,UBA,BIO_59802,95.45,2022-07-23,EMP_007058
Amina Suleiman,Ministry of Health,425871,5702805421,GTBank,,99.9,2025-10-21,EMP_007059
Ibrahim Umar,Ministry of Education,143436,8849231676,Zenith,BIO_22540,96.15,2019-04-18,EMP_007060
Chiamaka Obiora,Ministry of Finance,1023624,4611743795,Zenith,BIO_51704,96.39,2025-11-22,EMP_007061
Ibrahim Mohammed,Ministry of Water Resources,463958,6498706444,Access,BIO_42694,85.29,2020-09-14,EMP_007062
Yemi Adebayo,Nigeria Customs Service,174476,1462483356,GTBank,BIO_61949,86.85,2017-05-28,EMP_007063
Okechukwu Nwankwo,Ministry of Education,216879,6927692611,First Bank,,99.9,2026-03-07,EMP_007064
Amina Ibrahim,Ministry of Works,80919,6316629375,First Bank,BIO_41638,97.64,2021-10-11,EMP_007065
Femi Williams,Civil Service Commission,367195,9944341973,GTBank,BIO_96335,89.35,2019-02-18,EMP_007066
Fatima Suleiman,Ministry of Education,187208,3053884043,First Bank,BIO_24699,94.15,2016-11-29,EMP_007067
Abubakar Ibrahim,Ministry of Education,435811,6575211030,Zenith,BIO_53714,97.87,2021-03-06,EMP_007068
Kemi Adeyemi,Civil Service Commission,476858,8856164723,Access,BIO_26899,97.32,2018-05-04,EMP_007069
Yemi Adebayo,Ministry of Health,336516,7992551509,UBA,BIO_32057,96.56,2021-01-10,EMP_007070
Fatima Musa,Ministry of Education,333684,2703422347,GTBank,BIO_66902,93.81,2020-02-02,EMP_007071
Chinedu Onyeka,Ministry of Agriculture,484527,6409778981,First Bank,BIO_33964,88.77,2023-09-19,EMP_007072
Usman Umar,Ministry of Water Resources,445074,8071285736,Zenith,BIO_16904,89.47,2020-06-03,EMP_007073
Adaeze Okonkwo,Ministry of Finance,95702,4758600697,Zenith,BIO_16612,98.64,2019-04-10,EMP_007074
Ade Adeleke,Federal Roads Maintenance Agency,272020,5802773581,GTBank,BIO_33739,90.69,2017-09-08,EMP_007075
Bola Adebayo,Ministry of Agriculture,409649,2915955581,Zenith,BIO_52466,96.42,2020-06-07,EMP_007076
Usman Umar,Ministry of Agriculture,425518,9459151312,GTBank,BIO_27543,88.24,2018-03-02,EMP_007077
Kemi Adeleke,Nigeria Customs Service,496376,3037310324,GTBank,BIO_97200,88.83,2017-04-07,EMP_007078
Yemi Adeyemi,Ministry of Works,228940,6576547939,Access,BIO_68402,91.29,2019-02-03,EMP_007079
Chioma Okonkwo,Federal Roads Maintenance Agency,347388,6685182313,UBA,BIO_76626,85.13,2020-06-29,EMP_007080
Yemi Adeleke,Ministry of Education,484283,1979030423,GTBank,BIO_50206,90.79,2023-07-26,EMP_007081
Chioma Okafor,Civil Service Commission,240892,8288444489,Zenith,BIO_23010,89.74,2018-04-25,EMP_007082
Zainab Musa,Nigeria Customs Service,334054,3702307001,Access,BIO_84621,96.33,2018-08-24,EMP_007083
Fatima Umar,Ministry of Health,350455,2040719901,UBA,BIO_92871,90.1,2016-06-26,EMP_007084
Dele Oyedepo,Ministry of Power,487490,2823851256,GTBank,BIO_79703,86.6,2019-08-09,EMP_007085
Chukwu Nwosu,Ministry of Finance,370416,9214951549,GTBank,BIO_53506,93.09,2024-11-23,EMP_007086
Tunde Adeyemi,Federal Roads Maintenance Agency,465485,1046950175,GTBank,BIO_68056,95.27,2021-11-15,EMP_007087
Aisha Umar,Ministry of Works,250312,7034873048,Zenith,BIO_77534,96.13,2019-08-02,EMP_007088
Chioma Obiora,Ministry of Education,411015,8583110731,First Bank,BIO_63335,89.89,2019-09-29,EMP_007089
Okechukwu Eze,Civil Service Commission,198915,7784456107,Zenith,BIO_31566,87.77,2019-05-27,EMP_007090
Tayo Adebayo,Ministry of Water Resources,160055,5746335765,UBA,BIO_55840,96.1,2023-01-31,EMP_007091
Zainab Mohammed,Ministry of Education,124415,1408249801,UBA,BIO_52503,96.93,2016-10-18,EMP_007092
Fatima Mohammed,Ministry of Finance,355918,2499890432,UBA,BIO_85085,88.53,2023-11-12,EMP_007093
Bola Adeleke,Ministry of Power,159354,9443322339,Zenith,BIO_84281,86.26,2022-12-16,EMP_007094
Usman Ibrahim,Federal Roads Maintenance Agency,102629,6537277882,First Bank,BIO_15199,85.64,2018-04-22,EMP_007095
Chioma Okafor,Ministry of Power,142881,8381868991,First Bank,BIO_89895,97.77,2020-12-13,EMP_007096
Usman Ibrahim,Ministry of Education,356446,9217949835,First Bank,BIO_66018,88.24,2018-12-14,EMP_007097
Chioma Okafor,Ministry of Education,150375,9371436232,First Bank,BIO_74090,86.04,2017-02-03,EMP_007098
Bola Oyedepo,Ministry of Agriculture,130818,2970727745,Access,BIO_59385,88.23,2024-04-08,EMP_007099
Aisha Ahmad,Ministry of Agriculture,476252,2406468779,GTBank,BIO_23087,89.51,2021-07-29,EMP_007100
Dele Williams,Ministry of Agriculture,407893,1385529090,UBA,BIO_48390,91.24,2019-10-17,EMP_007101
Ade Adebayo,Ministry of Agriculture,347489,3169393904,GTBank,BIO_83009,89.56,2019-12-29,EMP_007102
Hassan Ibrahim,Ministry of Health,342011,8962679488,UBA,BIO_71764,89.7,2018-12-11,EMP_007103
Tayo Williams,Ministry of Works,496975,1088583776,First Bank,BIO_78676,85.87,2023-09-07,EMP_007104
Uchenna Okafor,Ministry of Finance,401963,3602458873,Access,BIO_36243,85.94,2023-03-18,EMP_007105
Chioma Obiora,Ministry of Finance,211700,4467049063,Access,BIO_59551,87.67,2021-12-19,EMP_007106
Okechukwu Eze,Ministry of Finance,212523,9139266061,Zenith,BIO_23909,94.92,2023-03-26,EMP_007107
Adaeze Ani,Ministry of Water Resources,150978,6170680394,UBA,BIO_15522,93.36,2017-08-27,EMP_007108
Uchenna Nwankwo,Ministry of Education,463238,6529426121,Zenith,BIO_45917,97.13,2023-09-05,EMP_007109
Usman Suleiman,Nigeria Customs Service,468853,5979039817,Zenith,,99.9,2025-05-12,EMP_007110
Tayo Williams,Federal Roads Maintenance Agency,1094682,1849725653,First Bank,BIO_97730,94.88,2025-06-17,EMP_007111
Hassan Suleiman,Ministry of Power,133443,6868637382,First Bank,BIO_74319,85.6,2024-05-11,EMP_007112
Yemi Adeleke,Federal Roads Maintenance Agency,277704,4599163427,Zenith,BIO_70884,91.04,2024-07-04,EMP_007113
Adaeze Okonkwo,Federal Roads Maintenance Agency,166758,3918055313,UBA,BIO_41555,87.01,2018-08-14,EMP_007114
Kemi Oyedepo,Ministry of Agriculture,216379,8674117980,First Bank,BIO_82048,90.47,2020-07-06,EMP_007115
Ibrahim Suleiman,Ministry of Education,179917,3724294412,Zenith,BIO_79068,91.91,2023-07-11,EMP_007116
Kemi Adeyemi,Civil Service Commission,451944,8294241868,GTBank,BIO_10657,97.63,2023-06-08,EMP_007117
Usman Yusuf,Civil Service Commission,188784,1451935431,Zenith,BIO_20490,89.37,2024-04-08,EMP_007118
Kemi Williams,Ministry of Power,149257,1475603030,Zenith,BIO_70855,98.56,2018-07-23,EMP_007119
Okechukwu Nwosu,Nigeria Customs Service,305052,2549109891,GTBank,BIO_54406,94.88,2020-06-10,EMP_007120
Abubakar Mohammed,Ministry of Works,430480,9221546196,First Bank,BIO_91499,94.67,2021-08-26,EMP_007121
Dele Oyedepo,Ministry of Power,113066,4814737288,UBA,BIO_25163,97.51,2018-11-13,EMP_007122
Tunde Adeleke,Ministry of Agriculture,462446,3769468842,UBA,BIO_37094,88.12,2024-10-31,EMP_007123
Dele Williams,Ministry of Agriculture,452901,2049509331,First Bank,BIO_39259,85.16,2017-10-14,EMP_007124
Abubakar Ibrahim,Ministry of Water Resources,336792,6373240595,First Bank,BIO_95232,93.89,2018-05-28,EMP_007125
Abubakar Musa,Nigeria Customs Service,193845,9148599656,Access,BIO_78672,94.49,2018-10-11,EMP_007126
Chukwu Okafor,Ministry of Finance,328072,3854068311,Access,BIO_99792,96.78,2021-07-06,EMP_007127
Tunde Adeleke,Ministry of Agriculture,251285,9482596140,GTBank,BIO_51629,94.94,2024-06-07,EMP_007128
Zainab Ahmad,Ministry of Works,202074,7590742582,Zenith,BIO_35258,88.38,2018-08-10,EMP_007129
Zainab Umar,Nigeria Customs Service,216363,1863329148,GTBank,BIO_72868,89.47,2017-03-27,EMP_007130
Chioma Nwankwo,Ministry of Works,298538,9657437011,Zenith,BIO_31382,90.49,2018-11-03,EMP_007131
Femi Oyedepo,Ministry of Finance,223753,5510702387,First Bank,BIO_47993,91.32,2021-06-11,EMP_007132
Nnamdi Ani,Federal Roads Maintenance Agency,198507,5675915323,Access,BIO_95804,92.65,2016-08-09,EMP_007133
Ade Adeleke,Nigeria Customs Service,134898,7183860405,Zenith,BIO_11334,95.26,2018-07-17,EMP_007134
Dele Adeleke,Ministry of Education,448656,7757982113,First Bank,BIO_37590,87.22,2018-07-13,EMP_007135
Chinedu Nwankwo,Ministry of Agriculture,254277,6679597280,First Bank,BIO_91354,90.0,2017-02-15,EMP_007136
Yemi Williams,Ministry of Works,179306,9714674692,Access,BIO_29286,87.87,2019-06-30,EMP_007137
Abubakar Musa,Ministry of Agriculture,128372,1583009592,Access,BIO_47880,95.07,2022-08-17,EMP_007138
Dele Ogunlesi,Ministry of Power,127067,7914545696,UBA,BIO_44224,97.27,2021-08-05,EMP_007139
Ade Adeleke,Nigeria Customs Service,84115,2607882474,GTBank,BIO_30216,95.62,2024-11-14,EMP_007140
Chinedu Okafor,Ministry of Education,255418,8509356164,Zenith,BIO_98470,93.89,2024-12-04,EMP_007141
Usman Ibrahim,Ministry of Health,399722,4744795456,Access,BIO_48681,87.44,2016-09-18,EMP_007142
Dele Adebayo,Ministry of Water Resources,169619,7498234588,UBA,BIO_36179,87.51,2019-10-04,EMP_007143
Femi Adebayo,Ministry of Works,167062,6258094446,Zenith,BIO_69871,96.33,2017-10-18,EMP_007144
Bola Adebayo,Ministry of Power,196528,1121439483,First Bank,BIO_38936,91.7,2021-03-19,EMP_007145
Chioma Eze,Ministry of Works,312163,2695508672,GTBank,BIO_63932,91.41,2016-12-21,EMP_007146
Chiamaka Ani,Ministry of Finance,97140,8090310461,Access,BIO_67011,85.35,2025-02-15,EMP_007147
Zainab Suleiman,Nigeria Customs Service,381657,1682565113,GTBank,BIO_68346,95.53,2021-05-16,EMP_007148
Femi Adeyemi,Federal Roads Maintenance Agency,184207,2676517058,UBA,BIO_44107,88.16,2023-06-16,EMP_007149
Aisha Yusuf,Civil Service Commission,122633,4283001157,UBA,BIO_47847,92.94,2019-04-30,EMP_007150
Kemi Adebayo,Ministry of Education,378282,5040493854,GTBank,BIO_31882,87.61,2021-03-02,EMP_007151
Bola Adeleke,Ministry of Works,389790,7810693648,UBA,BIO_37925,90.65,2016-09-29,EMP_007152
Nnamdi Okafor,Ministry of Water Resources,160290,3953400967,GTBank,BIO_23259,93.09,2016-07-25,EMP_007153
Tunde Adeleke,Ministry of Health,347304,2278544728,Access,BIO_73508,93.74,2017-10-15,EMP_007154
Kemi Oyedepo,Civil Service Commission,396429,3756432103,First Bank,BIO_37878,89.73,2016-12-03,EMP_007155
Fatima Ahmad,Ministry of Agriculture,393999,5931577113,First Bank,BIO_51570,85.02,2024-05-05,EMP_007156
Amina Musa,Nigeria Customs Service,194918,9408827892,Zenith,BIO_77537,85.81,2018-04-29,EMP_007157
Femi Adebayo,Ministry of Power,459541,6170997106,Access,BIO_45933,97.91,2021-03-18,EMP_007158
Fatima Yusuf,Ministry of Water Resources,411754,7152306404,UBA,BIO_85121,85.24,2025-03-31,EMP_007159
Fatima Musa,Nigeria Customs Service,163553,5232094358,UBA,BIO_18600,88.07,2020-12-18,EMP_007160
Ade Oyedepo,Ministry of Education,407647,7457117962,UBA,BIO_22575,97.31,2018-06-12,EMP_007161
Aisha Ahmad,Ministry of Power,332685,9322986699,Zenith,BIO_73068,89.88,2016-08-01,EMP_007162
Zainab Yusuf,Ministry of Works,392617,4893224089,Access,BIO_94441,94.9,2019-05-21,EMP_007163
Ade Williams,Ministry of Water Resources,211109,1798591454,Zenith,BIO_13345,94.16,2016-10-01,EMP_007164
Tunde Williams,Civil Service Commission,86080,5379020179,UBA,BIO_22722,89.92,2020-08-09,EMP_007165
Adaeze Eze,Civil Service Commission,346806,1660784628,UBA,BIO_62618,95.82,2025-04-28,EMP_007166
Aisha Musa,Civil Service Commission,98954,9789735038,UBA,BIO_38742,92.88,2025-01-25,EMP_007167
Ade Oyedepo,Ministry of Education,251687,4962522388,First Bank,BIO_73766,93.94,2020-12-17,EMP_007168
Okechukwu Okafor,Ministry of Finance,268782,6889024554,First Bank,BIO_64562,94.38,2021-09-23,EMP_007169
Chiamaka Okafor,Ministry of Finance,203587,8721591499,Zenith,BIO_10284,99.47,2021-03-26,EMP_007170
Fatima Musa,Nigeria Customs Service,470735,5319905653,First Bank,BIO_38682,96.34,2024-04-22,EMP_007171
Ade Williams,Ministry of Education,135356,4722946966,GTBank,BIO_93908,86.73,2019-01-08,EMP_007172
Uchenna Okafor,Ministry of Finance,119638,7322771974,First Bank,BIO_20322,90.67,2019-12-05,EMP_007173
Abubakar Ibrahim,Ministry of Power,158708,6523542163,UBA,,99.9,2025-08-02,EMP_007174
Hassan Ibrahim,Ministry of Education,203949,4243545919,First Bank,BIO_82692,89.04,2016-10-19,EMP_007175
Chioma Okafor,Ministry of Education,167774,4057319820,First Bank,BIO_69255,97.96,2017-10-08,EMP_007176
Adaeze Nwankwo,Civil Service Commission,253130,6470629998,GTBank,BIO_18743,90.16,2023-05-22,EMP_007177
Bola Adeyemi,Ministry of Water Resources,260010,6761165530,UBA,BIO_57660,95.27,2020-10-14,EMP_007178
Chioma Nwankwo,Federal Roads Maintenance Agency,161991,1210462039,Zenith,BIO_59191,86.78,2019-08-15,EMP_007179
Aisha Mohammed,Nigeria Customs Service,90342,2696094620,First Bank,BIO_32929,99.17,2023-01-23,EMP_007180
Zainab Suleiman,Nigeria Customs Service,217786,8264227122,Access,BIO_48022,86.6,2021-03-06,EMP_007181
Dele Oyedepo,Ministry of Works,247307,8247375543,First Bank,BIO_35825,86.95,2017-10-26,EMP_007182
Ade Ogunlesi,Ministry of Works,144685,5317597095,UBA,BIO_40407,96.76,2017-07-14,EMP_007183
Dele Williams,Ministry of Works,461655,2096218612,UBA,BIO_26773,92.82,2017-03-03,EMP_007184
Okechukwu Nwankwo,Ministry of Works,139612,3512524323,First Bank,BIO_87450,88.11,2019-02-18,EMP_007185
Chiamaka Eze,Ministry of Works,342897,3064331816,UBA,BIO_10795,88.64,2024-04-13,EMP_007186
Nnamdi Nwosu,Civil Service Commission,386562,4890673608,Access,BIO_22495,93.87,2023-10-01,EMP_007187
Nnamdi Okafor,Ministry of Works,392472,8868316712,Zenith,BIO_56567,88.11,2024-03-30,EMP_007188
Femi Adeyemi,Federal Roads Maintenance Agency,142124,1926844613,UBA,BIO_63906,88.93,2019-10-07,EMP_007189
Chiamaka Obiora,Ministry of Finance,254579,2617347695,Zenith,BIO_21858,95.27,2021-02-04,EMP_007190
Hassan Umar,Ministry of Power,93286,9290094717,First Bank,BIO_29218,86.12,2023-12-09,EMP_007191
Fatima Mohammed,Ministry of Water Resources,114700,1238005825,GTBank,BIO_39150,91.94,2021-12-19,EMP_007192
Adaeze Nwankwo,Ministry of Works,90816,3599486273,Access,BIO_50937,87.85,2018-09-09,EMP_007193
Tayo Oyedepo,Civil Service Commission,438843,9449513144,Zenith,BIO_28928,91.73,2023-09-04,EMP_007194
Chinedu Eze,Ministry of Works,256916,6096539536,UBA,BIO_11988,91.08,2025-02-17,EMP_007195
Nnamdi Nwosu,Ministry of Finance,202162,7786316691,GTBank,BIO_60694,88.97,2016-11-30,EMP_007196
Yemi Adebayo,Ministry of Education,226634,3488760007,Access,BIO_18411,91.86,2017-04-11,EMP_007197
Chioma Onyeka,Ministry of Finance,276183,5818091182,First Bank,BIO_26401,86.16,2017-06-12,EMP_007198
Tayo Oyedepo,Ministry of Works,396599,2638058771,GTBank,BIO_70251,89.93,2019-01-20,EMP_007199
Chioma Okafor,Federal Roads Maintenance Agency,494922,9987166031,Access,BIO_68170,92.2,2017-08-10,EMP_007200
Chinedu Ani,Ministry of Health,91548,5880355355,Zenith,BIO_76151,87.71,2021-06-21,EMP_007201
Nnamdi Okonkwo,Nigeria Customs Service,268437,4941178706,UBA,BIO_39818,85.86,2024-01-24,EMP_007202
Abubakar Ahmad,Ministry of Works,157633,1277793370,Zenith,BIO_49578,86.6,2022-07-07,EMP_007203
Fatima Suleiman,Civil Service Commission,159267,6482987609,Zenith,BIO_68330,96.51,2023-09-26,EMP_007204
Usman Ibrahim,Ministry of Power,177839,5892673673,Zenith,BIO_45956,94.44,2022-12-02,EMP_007205
Yemi Oyedepo,Ministry of Water Resources,233680,3422565252,First Bank,BIO_17401,97.47,2024-05-23,EMP_007206
Adaeze Eze,Ministry of Water Resources,307214,7408292472,GTBank,BIO_36034,97.9,2018-09-11,EMP_007207
Ade Oyedepo,Ministry of Finance,314931,8959741713,UBA,BIO_23464,97.8,2020-09-22,EMP_007208
Usman Yusuf,Ministry of Works,219162,1011408953,UBA,BIO_75419,89.31,2017-01-05,EMP_007209
Usman Umar,Ministry of Water Resources,245321,5762148319,Zenith,BIO_49102,96.95,2018-10-17,EMP_007210
Tunde Adeyemi,Nigeria Customs Service,428837,4166527875,Access,BIO_10118,97.24,2017-11-10,EMP_007211
Abubakar Mohammed,Ministry of Power,230133,1621313421,Zenith,BIO_43968,96.93,2024-11-21,EMP_007212
Usman Mohammed,Ministry of Education,365240,5800991806,Zenith,BIO_66782,96.55,2023-04-15,EMP_007213
Kemi Ogunlesi,Ministry of Health,286975,4188763822,Zenith,BIO_89681,91.52,2022-12-03,EMP_007214
Uchenna Onyeka,Ministry of Water Resources,245390,5896265786,Access,BIO_44615,90.56,2020-10-24,EMP_007215
Ibrahim Umar,Civil Service Commission,472411,3735132149,Access,BIO_75823,94.5,2016-07-10,EMP_007216
Adaeze Ani,Ministry of Power,204042,2562323782,UBA,BIO_84407,97.68,2024-06-15,EMP_007217
Okechukwu Okonkwo,Ministry of Finance,267559,4882867276,GTBank,BIO_23563,93.84,2021-08-18,EMP_007218
Chinedu Eze,Civil Service Commission,293694,9421137842,GTBank,BIO_14409,97.62,2023-02-17,EMP_007219
Uchenna Okafor,Civil Service Commission,339374,1911201067,First Bank,BIO_17331,96.05,2019-11-26,EMP_007220
Adaeze Obiora,Civil Service Commission,281046,8926411322,GTBank,BIO_79878,93.18,2023-09-03,EMP_007221
Okechukwu Ani,Ministry of Finance,470756,5351497116,Zenith,BIO_62484,88.37,2022-03-15,EMP_007222
Aisha Suleiman,Nigeria Customs Service,459099,7793498680,Access,BIO_28727,90.88,2017-05-22,EMP_007223
Dele Adeleke,Civil Service Commission,374393,3287397985,Zenith,BIO_58357,85.28,2017-12-05,EMP_007224
Femi Williams,Ministry of Agriculture,419482,4289039350,Access,BIO_10091,89.26,2025-01-14,EMP_007225
Chiamaka Okafor,Ministry of Works,244719,9980494614,UBA,BIO_42596,90.33,2023-08-15,EMP_007226
Usman Musa,Federal Roads Maintenance Agency,122195,7359525566,First Bank,BIO_55540,92.38,2021-09-27,EMP_007227
Yemi Williams,Nigeria Customs Service,205150,1816945191,Zenith,BIO_84593,96.81,2016-07-10,EMP_007228
Tunde Adeyemi,Ministry of Education,91846,7013279670,Access,BIO_82555,89.57,2022-11-23,EMP_007229
Kemi Ogunlesi,Nigeria Customs Service,445084,9341164639,GTBank,BIO_50846,85.17,2022-01-17,EMP_007230
Tayo Ogunlesi,Ministry of Water Resources,405675,7633324539,UBA,BIO_16656,92.19,2019-08-09,EMP_007231
Yemi Adeyemi,Ministry of Health,383808,6633291099,GTBank,BIO_10105,88.81,2025-03-10,EMP_007232
Adaeze Onyeka,Ministry of Agriculture,340589,2210331104,UBA,BIO_85628,95.42,2017-10-05,EMP_007233
Usman Ahmad,Ministry of Education,191545,9698114912,First Bank,BIO_17877,96.3,2020-10-03,EMP_007234
Chiamaka Onyeka,Ministry of Finance,289707,8036470827,Access,BIO_94444,95.8,2019-12-04,EMP_007235
Femi Ogunlesi,Ministry of Education,280568,3644016931,Access,BIO_18742,95.21,2017-08-26,EMP_007236
Ibrahim Umar,Civil Service Commission,312433,3951277627,GTBank,BIO_77326,90.63,2022-10-30,EMP_007237
Adaeze Okafor,Federal Roads Maintenance Agency,324533,5802226733,UBA,BIO_86037,89.27,2017-06-15,EMP_007238
Hassan Ahmad,Ministry of Education,393364,1503529527,UBA,BIO_20405,98.96,2017-06-01,EMP_007239
Okechukwu Nwosu,Ministry of Education,166547,2083829108,UBA,BIO_76406,95.31,2021-03-28,EMP_007240
Chioma Eze,Ministry of Health,218062,7666748199,Zenith,BIO_97453,87.75,2018-01-27,EMP_007241
Kemi Adeyemi,Ministry of Finance,193791,5672152707,Zenith,BIO_70046,93.05,2023-01-06,EMP_007242
Yemi Oyedepo,Ministry of Agriculture,480532,5201175584,Zenith,BIO_40187,97.78,2023-04-12,EMP_007243
Chioma Ani,Ministry of Power,385595,3021289148,UBA,BIO_68587,97.59,2024-10-16,EMP_007244
Adaeze Nwosu,Ministry of Water Resources,468739,3143791683,GTBank,BIO_23222,87.8,2019-09-19,EMP_007245
Chinedu Ani,Nigeria Customs Service,393345,3080567395,UBA,BIO_45653,94.47,2018-10-31,EMP_007246
Hassan Ibrahim,Ministry of Power,85189,5139050285,First Bank,BIO_70241,96.1,2018-12-19,EMP_007247
Okechukwu Okafor,Ministry of Works,339908,6541783758,Zenith,BIO_52200,91.23,2020-01-06,EMP_007248
Amina Ahmad,Ministry of Power,152450,7483173839,UBA,BIO_87446,96.56,2025-02-23,EMP_007249
Chiamaka Obiora,Ministry of Agriculture,163552,6684875781,Zenith,BIO_84644,99.82,2023-06-27,EMP_007250
Chioma Nwankwo,Ministry of Health,271288,4911120632,Access,BIO_82510,92.8,2023-03-26,EMP_007251
Chioma Onyeka,Ministry of Works,177618,7943826525,First Bank,BIO_84059,93.62,2021-04-20,EMP_007252
Kemi Williams,Ministry of Agriculture,97246,3839878378,First Bank,BIO_13859,85.63,2025-01-29,EMP_007253
Aisha Yusuf,Nigeria Customs Service,81438,5521995739,Zenith,BIO_47646,96.39,2023-05-04,EMP_007254
Tayo Williams,Ministry of Power,216882,5422824074,Zenith,BIO_90988,96.78,2022-11-03,EMP_007255
Uchenna Eze,Civil Service Commission,312326,9054832084,GTBank,BIO_97603,95.3,2019-09-10,EMP_007256
Tayo Adebayo,Ministry of Education,150479,1679446903,First Bank,BIO_62339,87.28,2016-11-29,EMP_007257
Femi Oyedepo,Ministry of Finance,345376,9152640906,UBA,BIO_30822,94.12,2017-11-09,EMP_007258
Ibrahim Ibrahim,Ministry of Works,330057,4659089324,Access,BIO_19235,91.6,2022-02-03,EMP_007259
Usman Mohammed,Civil Service Commission,350574,6810265199,UBA,BIO_54059,90.99,2021-09-07,EMP_007260
Amina Ahmad,Civil Service Commission,447214,7490398446,UBA,BIO_57195,93.51,2024-03-23,EMP_007261
Hassan Umar,Ministry of Water Resources,260603,2030203266,First Bank,BIO_45895,88.4,2021-11-05,EMP_007262
Chiamaka Onyeka,Ministry of Water Resources,184257,3118957729,UBA,BIO_93273,93.59,2017-06-03,EMP_007263
Aisha Suleiman,Ministry of Finance,214010,6563917634,First Bank,BIO_57726,88.11,2018-07-15,EMP_007264
Chioma Eze,Federal Roads Maintenance Agency,294119,4546440595,GTBank,BIO_16061,94.02,2023-04-18,EMP_007265
Zainab Suleiman,Nigeria Customs Service,152230,4398573738,Zenith,BIO_51338,91.74,2019-08-02,EMP_007266
Usman Musa,Ministry of Agriculture,347520,4284491598,Zenith,BIO_99511,91.63,2024-08-16,EMP_007267
Usman Mohammed,Ministry of Agriculture,318872,8074537152,Zenith,BIO_92230,87.95,2024-10-05,EMP_007268
Ibrahim Umar,Nigeria Customs Service,323937,8986710546,GTBank,BIO_33663,89.72,2016-12-29,EMP_007269
Chinedu Nwankwo,Ministry of Finance,1052525,8606843877,First Bank,BIO_25000,86.22,2025-06-28,EMP_007270
Zainab Yusuf,Federal Roads Maintenance Agency,119297,8817288925,Access,BIO_57151,95.98,2022-10-13,EMP_007271
Nnamdi Ani,Ministry of Agriculture,298595,2684560860,Zenith,BIO_71022,88.91,2019-03-02,EMP_007272
Fatima Musa,Ministry of Water Resources,205137,9783124605,UBA,BIO_43756,93.23,2021-02-23,EMP_007273
Adaeze Nwosu,Ministry of Education,171964,3539928696,GTBank,BIO_56620,85.23,2022-12-31,EMP_007274
Amina Mohammed,Ministry of Water Resources,218571,4519222655,First Bank,,99.9,2025-06-10,EMP_007275
Hassan Ahmad,Federal Roads Maintenance Agency,188124,9072971036,UBA,BIO_33698,90.65,2017-05-19,EMP_007276
Usman Ahmad,Federal Roads Maintenance Agency,198577,6002499275,First Bank,BIO_84294,89.97,2024-03-14,EMP_007277
Hassan Mohammed,Nigeria Customs Service,370744,8938668911,GTBank,BIO_62639,98.93,2023-05-02,EMP_007278
Fatima Yusuf,Ministry of Power,274563,6633462019,UBA,BIO_46796,96.93,2023-06-08,EMP_007279
Uchenna Ani,Ministry of Agriculture,254408,6684875781,Zenith,BIO_50532,98.24,2024-12-21,EMP_007280
Fatima Ahmad,Ministry of Power,213361,7570335385,Zenith,BIO_61699,91.47,2020-01-17,EMP_007281
Fatima Umar,Nigeria Customs Service,341195,5722086426,Access,BIO_85756,86.64,2023-04-12,EMP_007282
Chinedu Onyeka,Ministry of Power,380463,8912632536,GTBank,BIO_19391,89.85,2017-10-24,EMP_007283
Tunde Adeleke,Ministry of Works,435893,6905388657,First Bank,BIO_38153,87.38,2019-01-13,EMP_007284
Dele Adebayo,Ministry of Finance,419956,3092112928,Zenith,BIO_70658,91.01,2024-01-06,EMP_007285
Kemi Williams,Ministry of Health,395677,1328900010,First Bank,BIO_45798,97.89,2017-05-05,EMP_007286
Tunde Oyedepo,Ministry of Works,269497,5857677914,Zenith,BIO_23293,93.5,2019-03-29,EMP_007287
Chinedu Obiora,Ministry of Health,445446,1546875270,Access,BIO_11617,91.28,2024-02-20,EMP_007288
Bola Adeyemi,Ministry of Health,272439,5028606939,Zenith,BIO_86048,89.21,2020-09-21,EMP_007289
Kemi Adebayo,Ministry of Education,1347723,8390852418,Zenith,BIO_54338,91.59,2025-09-13,EMP_007290
Chiamaka Okonkwo,Ministry of Works,339983,2338883526,Zenith,BIO_72168,92.15,2017-08-25,EMP_007291
Fatima Yusuf,Ministry of Agriculture,115673,3694306476,First Bank,BIO_41279,86.9,2018-10-25,EMP_007292
Amina Musa,Ministry of Education,215087,3299139957,Access,BIO_68204,87.21,2024-07-08,EMP_007293
Chioma Nwosu,Ministry of Power,385848,2998829927,UBA,BIO_19471,85.67,2017-08-22,EMP_007294
Usman Mohammed,Ministry of Health,274438,6691643585,UBA,BIO_72950,97.64,2022-12-18,EMP_007295
Okechukwu Obiora,Ministry of Agriculture,266646,9999277010,GTBank,BIO_43791,88.96,2024-03-30,EMP_007296
Abubakar Suleiman,Civil Service Commission,170754,7741959010,UBA,BIO_74317,97.84,2021-06-04,EMP_007297
Zainab Ahmad,Ministry of Works,314665,7213369773,GTBank,BIO_86128,86.28,2019-06-24,EMP_007298
Tayo Adeleke,Federal Roads Maintenance Agency,303937,4731826608,First Bank,BIO_84608,97.2,2024-03-18,EMP_007299
Okechukwu Eze,Ministry of Health,340322,9249208723,Zenith,,99.9,2024-11-05,EMP_007300
Chinedu Okafor,Civil Service Commission,152640,3093644082,Zenith,BIO_12472,94.9,2022-02-22,EMP_007301
Yemi Adeyemi,Ministry of Works,388502,2880574202,GTBank,BIO_55388,89.73,2020-07-12,EMP_007302
Usman Ibrahim,Civil Service Commission,84200,2688507630,Zenith,BIO_97801,86.3,2018-06-26,EMP_007303
Tunde Adeyemi,Ministry of Education,383690,3319787184,Access,BIO_77782,95.68,2017-05-09,EMP_007304
Fatima Mohammed,Ministry of Finance,262530,8850670015,GTBank,BIO_35698,96.21,2019-04-29,EMP_007305
Fatima Ahmad,Federal Roads Maintenance Agency,180673,2479718101,GTBank,BIO_53216,85.95,2024-07-30,EMP_007306
Femi Ogunlesi,Ministry of Finance,156471,9972058847,Zenith,BIO_40551,86.68,2017-04-06,EMP_007307
Tunde Adeleke,Ministry of Works,230545,4352065939,UBA,BIO_50826,89.8,2017-02-23,EMP_007308
Aisha Ahmad,Ministry of Education,284086,2343793605,First Bank,BIO_34276,91.23,2016-09-16,EMP_007309
Ade Adeyemi,Ministry of Education,463915,7588152888,First Bank,BIO_56754,93.27,2017-09-25,EMP_007310
Chioma Okonkwo,Federal Roads Maintenance Agency,481216,7129748771,GTBank,BIO_88590,97.11,2018-08-01,EMP_007311
Chioma Okonkwo,Ministry of Education,191890,1843034782,GTBank,BIO_26132,87.05,2024-06-27,EMP_007312
Tunde Williams,Federal Roads Maintenance Agency,161396,5581123909,Access,BIO_99974,93.93,2021-12-26,EMP_007313
Dele Williams,Ministry of Health,364333,4641911353,Access,BIO_58507,90.16,2019-06-24,EMP_007314
Zainab Mohammed,Ministry of Agriculture,310268,7782443267,First Bank,BIO_28005,90.98,2023-06-06,EMP_007315
Hassan Yusuf,Ministry of Works,230787,6218484381,Access,BIO_46254,92.89,2019-02-14,EMP_007316
Chioma Ani,Ministry of Works,349864,1217797850,Zenith,BIO_55732,85.92,2022-09-05,EMP_007317
Tayo Ogunlesi,Ministry of Agriculture,109332,9277824071,UBA,BIO_19210,95.15,2025-03-30,EMP_007318
Uchenna Obiora,Federal Roads Maintenance Agency,275742,3862828498,First Bank,BIO_16305,87.89,2025-01-17,EMP_007319
Adaeze Onyeka,Ministry of Power,270470,7952555825,GTBank,BIO_98446,85.09,2017-02-19,EMP_007320
Tayo Ogunlesi,Ministry of Agriculture,227406,1228542402,UBA,BIO_38129,88.35,2021-06-20,EMP_007321
Uchenna Nwankwo,Ministry of Agriculture,146426,1394688177,Access,BIO_72393,88.6,2017-11-16,EMP_007322
Chukwu Ani,Ministry of Agriculture,105223,2805734110,GTBank,BIO_50518,92.78,2022-12-17,EMP_007323
Tayo Adeleke,Ministry of Agriculture,420477,7446204572,GTBank,BIO_76344,85.2,2018-09-26,EMP_007324
Chioma Nwosu,Nigeria Customs Service,333068,3483726250,Zenith,BIO_27141,92.12,2023-05-09,EMP_007325
Tunde Adeleke,Ministry of Health,307448,6488946367,Zenith,BIO_58832,98.93,2023-08-14,EMP_007326
Fatima Yusuf,Ministry of Works,115318,9092446879,Zenith,BIO_88432,97.87,2017-09-24,EMP_007327
Chinedu Nwosu,Ministry of Water Resources,281988,4658857917,Zenith,BIO_93209,98.04,2017-10-26,EMP_007328
Amina Musa,Ministry of Water Resources,491692,9887873481,First Bank,BIO_46921,96.87,2023-08-15,EMP_007329
Chiamaka Obiora,Ministry of Finance,150531,6960365456,Zenith,BIO_52265,89.54,2018-10-14,EMP_007330
Tayo Ogunlesi,Ministry of Education,172636,1316412517,GTBank,BIO_44195,96.12,2021-09-10,EMP_007331
Chiamaka Ani,Ministry of Health,351878,6250731116,Zenith,BIO_67537,88.57,2021-10-27,EMP_007332
Uchenna Obiora,Ministry of Education,327656,6495476930,UBA,BIO_72201,92.31,2020-05-16,EMP_007333
Yemi Adeyemi,Ministry of Education,398543,1325500143,First Bank,BIO_79997,88.78,2016-10-04,EMP_007334
Usman Ibrahim,Civil Service Commission,203125,8987881275,GTBank,BIO_72751,95.3,2021-07-24,EMP_007335
Femi Ogunlesi,Ministry of Health,309031,2292715899,Access,BIO_10390,88.52,2018-08-15,EMP_007336
Hassan Ibrahim,Nigeria Customs Service,374247,6017486652,Zenith,BIO_12760,94.73,2023-09-11,EMP_007337
Adaeze Eze,Ministry of Finance,277491,5385534062,GTBank,BIO_27781,89.87,2020-03-20,EMP_007338
Adaeze Okonkwo,Civil Service Commission,317529,8358335062,GTBank,BIO_54783,86.05,2017-10-28,EMP_007339
Usman Yusuf,Ministry of Water Resources,131995,3284988134,Zenith,BIO_16199,89.49,2021-04-06,EMP_007340
Ade Adeyemi,Ministry of Power,464201,5101302478,Zenith,BIO_83905,94.06,2016-07-29,EMP_007341
Tunde Williams,Ministry of Education,353606,7421008596,UBA,BIO_82319,90.95,2021-06-28,EMP_007342
Dele Adeleke,Ministry of Health,289799,8887790927,Access,BIO_79871,85.72,2025-03-18,EMP_007343
Bola Adeleke,Nigeria Customs Service,477461,7804203034,Access,BIO_20742,95.53,2018-09-05,EMP_007344
Bola Adeyemi,Ministry of Works,179596,6121704788,Access,BIO_89109,95.51,2024-06-12,EMP_007345
Chukwu Obiora,Ministry of Finance,477864,6254989548,First Bank,BIO_40385,89.02,2019-05-31,EMP_007346
Kemi Adeleke,Ministry of Finance,126519,1105988390,Zenith,BIO_63781,93.95,2018-02-03,EMP_007347
Ade Adeyemi,Ministry of Education,257523,4940698153,First Bank,BIO_91382,86.37,2016-10-26,EMP_007348
Hassan Umar,Ministry of Education,338970,5758504902,Zenith,BIO_16730,86.02,2018-09-28,EMP_007349
Chiamaka Okafor,Ministry of Works,178627,5618915794,UBA,BIO_62386,90.97,2024-09-29,EMP_007350
Chioma Okonkwo,Civil Service Commission,80101,1877965861,UBA,BIO_23243,90.58,2019-10-27,EMP_007351
Dele Adeleke,Ministry of Finance,84119,6616308486,GTBank,BIO_17947,85.89,2017-07-23,EMP_007352
Bola Adeyemi,Federal Roads Maintenance Agency,138041,7827894695,Zenith,BIO_87916,92.99,2021-06-22,EMP_007353
Aisha Yusuf,Nigeria Customs Service,318295,4951135347,UBA,BIO_69730,87.56,2020-09-06,EMP_007354
Zainab Musa,Ministry of Water Resources,194840,7986518682,First Bank,BIO_83604,92.28,2025-01-10,EMP_007355
Dele Oyedepo,Ministry of Education,258588,4631140114,UBA,BIO_66512,97.15,2016-08-31,EMP_007356
Usman Mohammed,Ministry of Health,259711,1113126778,GTBank,BIO_32626,96.43,2020-02-25,EMP_007357
Hassan Suleiman,Ministry of Power,155844,6017687659,First Bank,BIO_57889,91.55,2020-03-01,EMP_007358
Chiamaka Nwankwo,Ministry of Finance,317133,9242900130,First Bank,BIO_99609,88.8,2021-11-09,EMP_007359
Amina Ahmad,Ministry of Health,218675,2424390306,UBA,BIO_54326,89.1,2022-07-20,EMP_007360
Kemi Oyedepo,Ministry of Power,318758,2898177829,GTBank,BIO_47162,88.77,2020-12-04,EMP_007361
Bola Ogunlesi,Ministry of Works,208955,1624576440,GTBank,BIO_55222,89.62,2017-10-07,EMP_007362
Kemi Oyedepo,Ministry of Agriculture,116359,5981712458,First Bank,BIO_98520,95.28,2023-02-23,EMP_007363
Chiamaka Okonkwo,Ministry of Finance,104939,9272375921,Zenith,BIO_11667,94.33,2022-05-29,EMP_007364
Kemi Adeleke,Ministry of Agriculture,499020,4752088184,UBA,BIO_52250,89.74,2024-02-16,EMP_007365
Chiamaka Okafor,Ministry of Finance,289073,5964581214,GTBank,BIO_20730,97.08,2016-08-26,EMP_007366
Dele Adeleke,Civil Service Commission,366700,5096830719,Zenith,BIO_50461,86.34,2018-08-24,EMP_007367
Adaeze Onyeka,Ministry of Agriculture,1329686,5082339972,GTBank,BIO_43631,95.92,2025-07-25,EMP_007368
Chukwu Onyeka,Federal Roads Maintenance Agency,328987,8228544890,UBA,BIO_39503,87.9,2022-04-01,EMP_007369
Chiamaka Okafor,Nigeria Customs Service,316668,9646590774,Access,BIO_18188,97.47,2019-07-18,EMP_007370
Tayo Oyedepo,Ministry of Education,451728,5818707739,UBA,BIO_98358,93.7,2017-11-14,EMP_007371
Femi Ogunlesi,Nigeria Customs Service,370789,2423388825,UBA,BIO_90309,94.76,2016-11-06,EMP_007372
Ade Ogunlesi,Civil Service Commission,431974,9760973832,Access,BIO_86616,87.07,2017-09-01,EMP_007373
Tunde Adeyemi,Civil Service Commission,486947,1881470860,UBA,BIO_71139,94.38,2019-11-25,EMP_007374
Yemi Adeyemi,Ministry of Water Resources,251614,9377206453,First Bank,BIO_80741,97.08,2022-04-29,EMP_007375
Hassan Ibrahim,Federal Roads Maintenance Agency,488868,6198730405,Zenith,BIO_32348,87.21,2021-11-06,EMP_007376
Amina Umar,Ministry of Finance,176011,7121727207,UBA,BIO_81993,96.83,2024-03-14,EMP_007377
Chinedu Okafor,Ministry of Education,254116,9520598609,GTBank,BIO_88100,88.49,2023-01-07,EMP_007378
Chinedu Eze,Ministry of Power,300925,6735109491,First Bank,BIO_64117,95.93,2020-10-12,EMP_007379
Tayo Adebayo,Ministry of Education,274046,4367841221,UBA,BIO_21609,96.52,2022-08-11,EMP_007380
Okechukwu Okafor,Ministry of Agriculture,121482,6904049056,GTBank,BIO_13493,89.29,2018-11-20,EMP_007381
Nnamdi Nwosu,Ministry of Finance,490162,9573543899,Access,BIO_20135,88.24,2021-07-03,EMP_007382
Ibrahim Musa,Ministry of Finance,80631,3995558169,Zenith,BIO_82570,86.67,2023-02-14,EMP_007383
Dele Adebayo,Ministry of Health,124989,4142263850,GTBank,BIO_81883,91.49,2019-11-26,EMP_007384
Uchenna Nwankwo,Ministry of Agriculture,94900,2440491727,UBA,BIO_24209,92.99,2018-07-28,EMP_007385
Chukwu Onyeka,Ministry of Water Resources,493954,8454078938,Zenith,BIO_78170,91.54,2024-05-30,EMP_007386
Chioma Ani,Ministry of Health,352228,1318443079,UBA,BIO_39685,96.76,2018-04-28,EMP_007387
Abubakar Ibrahim,Civil Service Commission,355661,2674320431,Zenith,BIO_45422,93.61,2019-12-05,EMP_007388
Chinedu Okonkwo,Nigeria Customs Service,498887,7043857889,UBA,BIO_70765,97.38,2019-06-12,EMP_007389
Ibrahim Ahmad,Ministry of Power,391628,6033411282,UBA,BIO_35628,95.23,2023-11-14,EMP_007390
Kemi Oyedepo,Ministry of Water Resources,330235,2603762100,Access,BIO_44283,93.47,2022-05-07,EMP_007391
Aisha Ibrahim,Ministry of Water Resources,120307,7097650744,First Bank,BIO_98693,96.7,2018-03-02,EMP_007392
Dele Adeyemi,Ministry of Agriculture,95644,7345893187,GTBank,BIO_56428,94.85,2017-10-07,EMP_007393
Chukwu Onyeka,Ministry of Power,489120,8370665513,Zenith,BIO_25620,97.81,2024-12-21,EMP_007394
Chukwu Okonkwo,Ministry of Health,161606,8394523579,Access,BIO_56931,94.78,2022-03-22,EMP_007395
Tunde Adeyemi,Ministry of Water Resources,334147,3606373311,Zenith,BIO_13571,97.46,2024-02-02,EMP_007396
Dele Adebayo,Ministry of Power,81538,2185950470,GTBank,BIO_47872,97.36,2023-08-26,EMP_007397
Tayo Adebayo,Civil Service Commission,400496,3857945469,UBA,BIO_62123,86.09,2016-05-19,EMP_007398
Ibrahim Ahmad,Civil Service Commission,485859,8235094822,Access,BIO_83561,85.22,2017-07-18,EMP_007399
Chukwu Obiora,Ministry of Health,248644,8942736297,Zenith,BIO_79402,96.36,2022-09-09,EMP_007400
Uchenna Onyeka,Ministry of Power,449804,6034652071,UBA,BIO_47244,96.5,2018-03-22,EMP_007401
Nnamdi Eze,Federal Roads Maintenance Agency,425849,8859023021,Access,BIO_26505,93.34,2022-04-23,EMP_007402
Nnamdi Okafor,Ministry of Education,280936,7179129722,UBA,BIO_37041,92.73,2024-08-11,EMP_007403
Aisha Ahmad,Ministry of Education,320498,8493753343,First Bank,BIO_92877,97.54,2017-05-16,EMP_007404
Zainab Ahmad,Ministry of Education,118396,7849622363,Zenith,BIO_48879,92.47,2020-06-28,EMP_007405
Usman Umar,Ministry of Education,425199,6601829088,UBA,BIO_46593,88.68,2018-04-24,EMP_007406
Aisha Musa,Ministry of Works,1429043,9083221192,UBA,BIO_89151,95.27,2026-02-09,EMP_007407
Chioma Ani,Ministry of Agriculture,308122,8580404004,GTBank,BIO_71549,96.27,2017-04-14,EMP_007408
Bola Williams,Ministry of Works,441728,3273494024,GTBank,BIO_89219,92.92,2021-05-18,EMP_007409
Abubakar Yusuf,Nigeria Customs Service,131098,3610708933,GTBank,BIO_88991,89.67,2024-06-05,EMP_007410
Chioma Obiora,Federal Roads Maintenance Agency,105177,7512997886,UBA,BIO_43649,97.49,2021-07-14,EMP_007411
Tayo Adebayo,Ministry of Works,429881,2871586140,Zenith,BIO_95042,98.75,2022-09-04,EMP_007412
Femi Adebayo,Ministry of Works,157953,2871586140,Zenith,BIO_95347,98.91,2024-09-01,EMP_007413
Ade Williams,Ministry of Finance,245037,5635473936,Access,BIO_88529,91.36,2020-11-15,EMP_007414
Chinedu Nwosu,Ministry of Works,420151,5989849135,Access,BIO_49704,89.73,2016-12-21,EMP_007415
Femi Adeleke,Ministry of Water Resources,119188,5931018964,GTBank,BIO_40120,95.01,2018-08-13,EMP_007416
Dele Williams,Nigeria Customs Service,199811,4347419525,GTBank,BIO_86552,90.33,2022-08-26,EMP_007417
Kemi Adeleke,Ministry of Health,335137,2239345438,Access,BIO_74659,94.36,2021-03-23,EMP_007418
Nnamdi Obiora,Federal Roads Maintenance Agency,407090,9642128170,UBA,BIO_87902,95.36,2017-05-11,EMP_007419
Abubakar Umar,Ministry of Works,382037,6241472408,Access,,99.9,2025-07-20,EMP_007420
Tayo Ogunlesi,Ministry of Works,244897,9705611741,GTBank,BIO_98323,90.86,2023-10-04,EMP_007421
Okechukwu Eze,Federal Roads Maintenance Agency,335251,1245710913,GTBank,BIO_35056,96.5,2016-05-14,EMP_007422
Ibrahim Musa,Civil Service Commission,409091,9969274262,Zenith,BIO_91573,95.76,2018-03-01,EMP_007423
Yemi Adeleke,Ministry of Agriculture,223472,1092562354,Zenith,BIO_55836,88.59,2017-07-03,EMP_007424
Chinedu Okonkwo,Nigeria Customs Service,453126,2930987405,GTBank,BIO_72717,92.75,2022-01-10,EMP_007425
Fatima Mohammed,Ministry of Power,321375,2296235553,Access,BIO_53804,87.61,2021-07-23,EMP_007426
Hassan Suleiman,Ministry of Education,492267,9635521240,GTBank,BIO_26907,97.93,2024-02-06,EMP_007427
Abubakar Ibrahim,Ministry of Health,410202,9183181852,GTBank,BIO_28439,97.74,2023-02-10,EMP_007428
Zainab Suleiman,Ministry of Water Resources,185016,8024765960,GTBank,BIO_70231,98.57,2017-07-14,EMP_007429
Chinedu Okonkwo,Ministry of Works,91505,2173903526,UBA,BIO_92205,94.2,2017-08-10,EMP_007430
Abubakar Suleiman,Ministry of Health,432844,9465861205,Access,BIO_24372,90.21,2021-09-15,EMP_007431
Chinedu Okonkwo,Nigeria Customs Service,427211,5848571123,GTBank,BIO_33949,89.71,2023-06-12,EMP_007432
Chioma Okafor,Ministry of Power,440282,8195895369,UBA,BIO_99626,88.14,2021-05-09,EMP_007433
Tayo Adeyemi,Federal Roads Maintenance Agency,133489,4587697798,UBA,BIO_13050,94.65,2021-02-02,EMP_007434
Adaeze Okonkwo,Ministry of Water Resources,94496,1925618024,GTBank,BIO_99524,86.52,2020-09-20,EMP_007435
Chinedu Okafor,Ministry of Works,234445,6175666236,First Bank,BIO_87733,92.79,2022-05-09,EMP_007436
Yemi Oyedepo,Ministry of Water Resources,331682,1975632950,UBA,BIO_43229,86.33,2016-08-09,EMP_007437
Ade Adebayo,Ministry of Education,326404,5919697335,GTBank,BIO_48562,96.39,2020-04-29,EMP_007438
Femi Adebayo,Ministry of Education,293313,3478707921,Access,BIO_75697,88.96,2019-06-02,EMP_007439
Chinedu Nwankwo,Ministry of Education,338749,8057012353,Access,BIO_34650,87.26,2020-10-27,EMP_007440
Chinedu Obiora,Ministry of Education,225690,6829608563,UBA,BIO_90987,97.2,2019-03-10,EMP_007441
Chioma Nwosu,Ministry of Health,190625,1391930906,First Bank,BIO_73273,90.57,2023-10-04,EMP_007442
Amina Ibrahim,Ministry of Education,211531,7955756427,Zenith,BIO_49353,89.62,2020-11-12,EMP_007443
Femi Adebayo,Ministry of Water Resources,307744,6044602304,First Bank,BIO_18417,88.62,2017-06-05,EMP_007444
Tunde Adeleke,Ministry of Finance,497946,7855912257,Access,,99.9,2026-03-28,EMP_007445
Fatima Musa,Federal Roads Maintenance Agency,339104,4896412159,Zenith,BIO_43933,95.19,2022-03-06,EMP_007446
Dele Williams,Ministry of Works,209919,9414126452,Zenith,BIO_49911,87.25,2024-12-27,EMP_007447
Nnamdi Eze,Ministry of Works,256659,2904441718,Access,BIO_86630,96.61,2017-07-06,EMP_007448
Yemi Ogunlesi,Ministry of Education,256222,8769126192,Access,BIO_36223,87.7,2018-02-26,EMP_007449
Chiamaka Okafor,Ministry of Finance,175071,1937597099,First Bank,BIO_85287,95.84,2018-08-06,EMP_007450
Kemi Oyedepo,Civil Service Commission,117576,6511458107,UBA,BIO_36084,95.25,2020-11-07,EMP_007451
Chioma Nwankwo,Ministry of Health,89423,9942589975,GTBank,BIO_17792,95.9,2024-05-09,EMP_007452
Dele Ogunlesi,Federal Roads Maintenance Agency,186417,9884995606,GTBank,BIO_93760,97.38,2019-12-12,EMP_007453
Dele Williams,Ministry of Water Resources,284640,8824999698,First Bank,BIO_25759,93.01,2020-05-11,EMP_007454
Abubakar Ibrahim,Federal Roads Maintenance Agency,450837,1615436217,Access,BIO_90714,88.19,2017-04-29,EMP_007455
Zainab Suleiman,Ministry of Power,476107,5625123172,First Bank,BIO_35571,97.24,2016-11-20,EMP_007456
Amina Ahmad,Ministry of Health,492111,3264185164,UBA,BIO_47525,94.5,2022-12-07,EMP_007457
Zainab Ahmad,Nigeria Customs Service,98031,9027922628,First Bank,,99.9,2024-05-20,EMP_007458
Aisha Ahmad,Civil Service Commission,406508,6865481443,UBA,BIO_10755,94.33,2022-11-24,EMP_007459
Chiamaka Nwankwo,Ministry of Education,230563,6831072598,Access,BIO_14931,96.34,2024-02-03,EMP_007460
Yemi Williams,Ministry of Health,479018,9586071260,Access,BIO_69740,96.22,2021-12-26,EMP_007461
Yemi Adeyemi,Nigeria Customs Service,112646,4168877573,First Bank,BIO_15486,89.83,2020-07-05,EMP_007462
Kemi Oyedepo,Ministry of Agriculture,401066,8481557959,UBA,BIO_74775,88.18,2023-10-14,EMP_007463
Hassan Ahmad,Ministry of Works,282739,9551305450,First Bank,BIO_47450,94.43,2017-12-22,EMP_007464
Uchenna Onyeka,Ministry of Finance,241196,1050098450,Zenith,BIO_19324,91.93,2024-11-29,EMP_007465
Ade Adeyemi,Ministry of Health,410930,3071685421,Zenith,BIO_65273,93.13,2024-12-08,EMP_007466
Chukwu Okonkwo,Nigeria Customs Service,195248,7560976572,GTBank,BIO_50088,97.21,2023-02-27,EMP_007467
Amina Umar,Nigeria Customs Service,191883,5283065226,UBA,BIO_22297,97.74,2020-10-02,EMP_007468
Chinedu Nwankwo,Ministry of Works,308930,6639533258,Zenith,BIO_87741,88.65,2016-08-26,EMP_007469
Tunde Adebayo,Ministry of Finance,121083,9788319406,UBA,BIO_23358,85.37,2023-12-17,EMP_007470
Tayo Adebayo,Ministry of Power,140610,6877532323,GTBank,BIO_55226,86.25,2021-11-19,EMP_007471
Bola Williams,Nigeria Customs Service,255359,5037282014,First Bank,BIO_79747,94.28,2018-11-13,EMP_007472
Abubakar Suleiman,Ministry of Power,158413,7439978418,Zenith,BIO_27150,85.1,2022-10-11,EMP_007473
Ade Oyedepo,Federal Roads Maintenance Agency,442073,7812882412,Zenith,BIO_83184,90.56,2016-07-24,EMP_007474
Chinedu Obiora,Civil Service Commission,87535,8172348050,Access,BIO_93297,91.71,2022-04-02,EMP_007475
Nnamdi Eze,Ministry of Works,193067,9996032756,First Bank,BIO_67772,93.57,2018-01-28,EMP_007476
Nnamdi Onyeka,Ministry of Finance,490559,2797134184,GTBank,BIO_23655,96.13,2022-08-06,EMP_007477
Tunde Adebayo,Ministry of Education,410633,5401162502,First Bank,BIO_31806,97.9,2023-09-13,EMP_007478
Fatima Suleiman,Federal Roads Maintenance Agency,181650,2722708731,GTBank,BIO_99724,92.7,2023-07-26,EMP_007479
Abubakar Yusuf,Ministry of Water Resources,443712,3486068248,First Bank,BIO_25924,95.02,2022-04-01,EMP_007480
Fatima Ibrahim,Nigeria Customs Service,138800,8952188936,First Bank,,99.9,2026-01-09,EMP_007481
Ade Adeleke,Ministry of Finance,497204,8565537702,Access,BIO_95503,93.39,2019-03-09,EMP_007482
Okechukwu Obiora,Federal Roads Maintenance Agency,137235,5359957363,First Bank,BIO_83316,89.24,2023-09-17,EMP_007483
Nnamdi Okafor,Ministry of Finance,369948,4054266487,Access,BIO_32782,85.78,2021-04-05,EMP_007484
Femi Adeyemi,Ministry of Education,306607,9112150535,GTBank,BIO_35094,91.39,2022-09-12,EMP_007485
Ade Williams,Ministry of Power,96376,8044948901,Access,BIO_28411,90.36,2018-09-16,EMP_007486
Tayo Williams,Ministry of Water Resources,139219,1434851599,UBA,BIO_39504,94.73,2018-01-01,EMP_007487
Fatima Musa,Ministry of Works,386422,4609075366,Access,BIO_71758,85.25,2021-10-23,EMP_007488
Abubakar Ahmad,Federal Roads Maintenance Agency,125013,6741564672,UBA,BIO_94077,91.23,2021-02-22,EMP_007489
Aisha Ahmad,Federal Roads Maintenance Agency,371186,8257178282,UBA,BIO_33498,96.23,2017-01-25,EMP_007490
Usman Yusuf,Ministry of Education,154626,6487530059,Access,BIO_67836,85.81,2017-02-07,EMP_007491
Uchenna Onyeka,Ministry of Finance,397045,4347598057,Zenith,BIO_33541,93.56,2017-07-05,EMP_007492
Bola Williams,Federal Roads Maintenance Agency,227474,7840575137,Access,BIO_83126,96.33,2021-02-22,EMP_007493
Yemi Ogunlesi,Nigeria Customs Service,163423,5973015130,GTBank,BIO_15177,97.88,2020-10-28,EMP_007494
Zainab Musa,Ministry of Power,441635,7929740022,Zenith,BIO_82398,87.82,2020-12-29,EMP_007495
Ade Adeleke,Ministry of Agriculture,256567,1442393489,GTBank,BIO_54304,86.71,2021-02-19,EMP_007496
Tayo Adebayo,Federal Roads Maintenance Agency,345470,9748502315,First Bank,BIO_52622,86.3,2025-02-23,EMP_007497
Zainab Musa,Ministry of Finance,225318,8237111432,Zenith,BIO_10043,96.83,2023-02-27,EMP_007498
Tunde Ogunlesi,Federal Roads Maintenance Agency,255309,8358036567,UBA,BIO_67440,96.68,2024-05-08,EMP_007499
Abubakar Yusuf,Ministry of Finance,184584,3900783928,Access,BIO_54452,90.46,2024-11-02,EMP_007500
Amina Ibrahim,Ministry of Works,371091,5886356369,Zenith,BIO_32567,91.66,2017-04-28,EMP_007501
Okechukwu Onyeka,Ministry of Finance,110038,3572199454,Access,BIO_51106,87.03,2017-12-20,EMP_007502
Yemi Williams,Nigeria Customs Service,127402,5494785401,Access,BIO_45609,95.91,2021-05-27,EMP_007503
Nnamdi Ani,Federal Roads Maintenance Agency,200410,9463777476,Zenith,BIO_96833,96.47,2021-07-03,EMP_007504
Tunde Adeleke,Federal Roads Maintenance Agency,288153,8919822130,First Bank,BIO_96470,85.67,2023-10-26,EMP_007505
Usman Ahmad,Ministry of Power,369902,7074874541,GTBank,BIO_10336,90.19,2020-05-01,EMP_007506
Ade Ogunlesi,Ministry of Works,261000,8610706134,First Bank,BIO_24147,97.75,2023-04-03,EMP_007507
Chukwu Nwankwo,Ministry of Finance,397804,2103272747,Zenith,BIO_46186,94.53,2021-07-30,EMP_007508
Adaeze Obiora,Ministry of Water Resources,317390,9353513119,Access,BIO_37739,92.06,2021-05-11,EMP_007509
Kemi Oyedepo,Federal Roads Maintenance Agency,133807,1212467328,Access,BIO_78552,96.26,2020-09-08,EMP_007510
Okechukwu Okafor,Ministry of Works,202409,7159211695,First Bank,BIO_37620,86.8,2023-10-24,EMP_007511
Chukwu Eze,Ministry of Education,322040,3803948391,UBA,BIO_65894,86.97,2022-04-13,EMP_007512
Chukwu Okafor,Ministry of Power,202657,6403904177,First Bank,BIO_15553,89.17,2024-04-15,EMP_007513
Kemi Ogunlesi,Ministry of Power,311265,6340851062,UBA,BIO_42115,97.3,2016-07-24,EMP_007514
Fatima Umar,Ministry of Finance,286949,8703102858,First Bank,BIO_46741,90.87,2018-10-28,EMP_007515
Abubakar Umar,Ministry of Power,473564,1475603030,Zenith,BIO_13737,99.77,2024-10-22,EMP_007516
Aisha Ahmad,Ministry of Agriculture,471988,7944169294,Zenith,,99.9,2024-05-22,EMP_007517
Usman Yusuf,Ministry of Power,222843,6867740502,UBA,BIO_24537,86.26,2021-12-13,EMP_007518
Ade Adebayo,Ministry of Power,339820,6775590392,Access,BIO_76269,94.11,2020-12-27,EMP_007519
Chiamaka Eze,Ministry of Water Resources,92900,7376503979,Access,BIO_51499,97.87,2025-01-16,EMP_007520
Chioma Nwankwo,Ministry of Power,316677,3466797619,UBA,BIO_75631,92.61,2020-08-09,EMP_007521
Femi Oyedepo,Ministry of Power,138538,6602872595,UBA,BIO_61701,97.49,2017-02-25,EMP_007522
Uchenna Okonkwo,Ministry of Education,115841,8730127960,Zenith,BIO_87209,94.56,2022-07-08,EMP_007523
Tunde Adeyemi,Ministry of Finance,488774,7930010796,First Bank,BIO_23642,97.25,2017-04-20,EMP_007524
Usman Ibrahim,Ministry of Education,1490838,2938927050,Access,BIO_26912,92.28,2025-12-31,EMP_007525
Tunde Adeleke,Ministry of Water Resources,203222,9564740223,First Bank,,99.9,2025-03-31,EMP_007526
Chiamaka Okonkwo,Ministry of Education,269579,5469634671,Zenith,,99.9,2024-12-15,EMP_007527
Chiamaka Onyeka,Ministry of Finance,411310,5549426622,First Bank,BIO_99648,85.37,2023-12-12,EMP_007528
Hassan Yusuf,Nigeria Customs Service,110701,8938668911,GTBank,BIO_85366,98.83,2019-12-03,EMP_007529
Nnamdi Okonkwo,Ministry of Health,312335,8396601507,Access,BIO_55709,85.97,2017-10-22,EMP_007530
Kemi Oyedepo,Ministry of Power,269149,2218035445,Zenith,BIO_23833,90.5,2021-05-13,EMP_007531
Nnamdi Nwankwo,Ministry of Power,345794,6956507409,Zenith,BIO_52161,90.98,2017-07-11,EMP_007532
Kemi Oyedepo,Ministry of Health,366578,8097689842,GTBank,BIO_16737,94.19,2024-03-23,EMP_007533
Aisha Yusuf,Ministry of Finance,220640,1974941886,Access,BIO_24442,94.3,2021-10-21,EMP_007534
Chiamaka Ani,Ministry of Works,442446,3127685927,GTBank,BIO_47263,88.13,2025-04-24,EMP_007535
Tunde Oyedepo,Ministry of Water Resources,177421,1458286171,UBA,BIO_17065,86.82,2017-04-14,EMP_007536
Adaeze Onyeka,Ministry of Water Resources,141491,8024765960,GTBank,BIO_30592,98.53,2020-06-25,EMP_007537
Tunde Williams,Federal Roads Maintenance Agency,155307,8646179315,Access,BIO_33820,95.11,2020-11-26,EMP_007538
Chinedu Nwankwo,Ministry of Power,375338,4119939746,GTBank,BIO_33065,93.9,2018-09-28,EMP_007539
Ibrahim Yusuf,Ministry of Education,257621,9634208319,Zenith,BIO_61151,89.6,2022-12-26,EMP_007540
Fatima Yusuf,Ministry of Finance,344287,9417735291,GTBank,BIO_98343,85.41,2023-11-18,EMP_007541
Bola Williams,Ministry of Power,487069,8201742145,Zenith,BIO_14384,89.38,2025-04-20,EMP_007542
Tunde Ogunlesi,Ministry of Works,167865,8343534656,First Bank,BIO_81202,90.24,2022-04-09,EMP_007543
Nnamdi Nwankwo,Ministry of Finance,283058,5815789982,Access,BIO_15412,95.16,2019-05-09,EMP_007544
Yemi Williams,Ministry of Health,418568,3051720023,UBA,BIO_79852,94.2,2024-08-26,EMP_007545
Chioma Okonkwo,Federal Roads Maintenance Agency,455401,8951240466,First Bank,BIO_68072,86.86,2021-02-05,EMP_007546
Chinedu Okafor,Civil Service Commission,241035,2760022385,UBA,BIO_22609,97.96,2021-12-04,EMP_007547
Chiamaka Nwosu,Ministry of Finance,267078,4229169981,GTBank,BIO_27947,94.09,2022-04-16,EMP_007548
Uchenna Obiora,Ministry of Education,259488,5605509480,GTBank,BIO_54165,95.27,2017-04-05,EMP_007549
Bola Williams,Federal Roads Maintenance Agency,434421,2684555719,GTBank,BIO_43751,92.66,2019-09-01,EMP_007550
Nnamdi Ani,Ministry of Power,209809,9665244886,Access,BIO_98509,97.0,2025-04-25,EMP_007551
Uchenna Nwankwo,Civil Service Commission,225534,7030150221,GTBank,BIO_19744,89.97,2022-05-28,EMP_007552
Ade Adeyemi,Ministry of Education,450204,6811240730,Access,BIO_80622,86.32,2018-12-09,EMP_007553
Chioma Obiora,Federal Roads Maintenance Agency,305554,2710604377,First Bank,BIO_93321,92.26,2023-07-09,EMP_007554
Nnamdi Ani,Ministry of Water Resources,223178,4294567742,Access,BIO_21702,85.58,2022-11-11,EMP_007555
Ibrahim Suleiman,Ministry of Works,454975,2707513693,First Bank,BIO_24430,90.24,2025-01-30,EMP_007556
Chiamaka Nwosu,Ministry of Works,283710,9313007110,First Bank,BIO_70457,89.19,2021-10-18,EMP_007557
Hassan Yusuf,Ministry of Works,158546,9750624178,GTBank,BIO_53198,86.8,2022-04-11,EMP_007558
Chinedu Onyeka,Federal Roads Maintenance Agency,269558,8057784419,GTBank,BIO_28212,89.51,2024-04-24,EMP_007559
Ibrahim Yusuf,Federal Roads Maintenance Agency,394643,8896171414,GTBank,BIO_34622,89.15,2018-05-03,EMP_007560
Chiamaka Onyeka,Ministry of Agriculture,206264,1360990161,UBA,BIO_91860,94.14,2023-12-26,EMP_007561
Dele Adeyemi,Ministry of Works,189364,3939308053,Access,BIO_41288,93.14,2023-10-20,EMP_007562
Kemi Adeleke,Ministry of Works,319742,2485623213,First Bank,BIO_97717,91.14,2019-05-17,EMP_007563
Ade Adebayo,Ministry of Agriculture,119512,7790724633,First Bank,BIO_65498,88.48,2021-06-12,EMP_007564
Uchenna Nwosu,Ministry of Finance,275386,1986397813,Zenith,BIO_72977,95.34,2018-10-17,EMP_007565
Bola Adeleke,Ministry of Works,437860,4344412235,First Bank,BIO_58556,89.73,2021-12-24,EMP_007566
Fatima Yusuf,Civil Service Commission,427529,7557964223,GTBank,BIO_78502,93.03,2024-02-02,EMP_007567
Kemi Ogunlesi,Civil Service Commission,402404,1892988794,Access,BIO_15557,95.05,2017-02-04,EMP_007568
Dele Oyedepo,Ministry of Agriculture,331328,2531429237,Access,BIO_46264,97.5,2021-07-15,EMP_007569
Chiamaka Ani,Ministry of Education,311943,4312467296,Zenith,BIO_56307,95.56,2016-09-05,EMP_007570
Kemi Adebayo,Ministry of Agriculture,455343,5229737244,GTBank,BIO_13800,87.73,2024-04-20,EMP_007571
Bola Williams,Nigeria Customs Service,454622,4772532317,Zenith,BIO_74981,93.56,2016-06-17,EMP_007572
Hassan Yusuf,Ministry of Agriculture,161177,4055100363,UBA,BIO_59289,97.31,2020-01-12,EMP_007573
Nnamdi Okonkwo,Ministry of Power,259904,2920090602,Access,BIO_81431,92.34,2021-10-16,EMP_007574
Ade Oyedepo,Ministry of Health,244290,1371089173,First Bank,BIO_60152,85.99,2020-08-16,EMP_007575
Tunde Adeyemi,Ministry of Water Resources,268212,2094394610,Zenith,BIO_40529,85.15,2021-10-29,EMP_007576
Ibrahim Mohammed,Federal Roads Maintenance Agency,163307,5428470466,Zenith,BIO_61089,95.31,2017-06-26,EMP_007577
Chioma Nwankwo,Federal Roads Maintenance Agency,339149,1516896246,Access,BIO_71991,93.36,2023-08-27,EMP_007578
Nnamdi Obiora,Ministry of Water Resources,268543,7318128694,Access,BIO_22301,89.26,2018-04-06,EMP_007579
Abubakar Mohammed,Ministry of Power,114970,8734737390,Zenith,BIO_88664,93.62,2018-04-25,EMP_007580
Tunde Oyedepo,Ministry of Finance,399193,5451459519,First Bank,BIO_42360,94.93,2022-05-23,EMP_007581
Fatima Ahmad,Ministry of Works,315062,1849613852,Access,BIO_59015,86.14,2024-06-29,EMP_007582
Kemi Adebayo,Ministry of Works,366861,2857433673,First Bank,BIO_45819,87.5,2022-10-09,EMP_007583
Zainab Ahmad,Nigeria Customs Service,464264,8290709324,UBA,BIO_55543,86.03,2016-11-25,EMP_007584
Okechukwu Okafor,Ministry of Health,188259,8123553522,First Bank,BIO_12112,96.17,2021-06-21,EMP_007585
Bola Adebayo,Ministry of Finance,256795,6353810433,Zenith,BIO_64067,88.02,2024-08-15,EMP_007586
Okechukwu Okafor,Ministry of Health,215154,6613192277,UBA,BIO_87985,87.08,2018-08-06,EMP_007587
Tunde Ogunlesi,Nigeria Customs Service,258803,6137994198,Zenith,BIO_26448,86.31,2019-07-18,EMP_007588
Adaeze Ani,Nigeria Customs Service,355551,5319682171,Zenith,BIO_37048,96.54,2024-11-10,EMP_007589
Chinedu Nwankwo,Ministry of Works,94612,4814842246,First Bank,BIO_86089,95.23,2024-05-03,EMP_007590
Tunde Adebayo,Ministry of Finance,400575,9096485697,GTBank,BIO_86115,93.43,2024-07-01,EMP_007591
Chukwu Nwankwo,Nigeria Customs Service,113687,9276714028,Access,,99.9,2024-08-29,EMP_007592
Tayo Adebayo,Federal Roads Maintenance Agency,175045,4315965396,Access,,99.9,2025-08-13,EMP_007593
Amina Mohammed,Federal Roads Maintenance Agency,263855,2324068581,First Bank,BIO_69935,86.96,2022-05-08,EMP_007594
Chinedu Nwosu,Ministry of Agriculture,295452,1360622155,Zenith,BIO_69154,93.87,2019-08-03,EMP_007595
Zainab Ahmad,Ministry of Agriculture,408982,4712119241,UBA,BIO_51698,85.66,2022-10-31,EMP_007596
Ibrahim Musa,Ministry of Health,366737,6584570118,GTBank,BIO_36058,96.86,2018-08-16,EMP_007597
Nnamdi Ani,Ministry of Agriculture,149210,3739944368,GTBank,BIO_84159,93.75,2021-05-15,EMP_007598
Chinedu Onyeka,Ministry of Health,124597,6906812751,UBA,BIO_82370,97.17,2020-03-03,EMP_007599
Ibrahim Ibrahim,Ministry of Health,415668,6150293730,Access,BIO_16839,93.3,2020-06-14,EMP_007600
Amina Ibrahim,Federal Roads Maintenance Agency,172197,6345077352,UBA,BIO_38463,85.18,2018-08-06,EMP_007601
Chiamaka Nwankwo,Ministry of Education,149887,7426020558,Access,BIO_31362,94.74,2018-08-04,EMP_007602
Amina Suleiman,Ministry of Agriculture,461182,5511221359,UBA,BIO_37359,92.12,2024-03-09,EMP_007603
Bola Oyedepo,Ministry of Health,99628,3034815601,First Bank,BIO_65432,86.31,2022-04-26,EMP_007604
Fatima Musa,Ministry of Health,365976,5402485418,Zenith,BIO_24135,90.35,2017-11-14,EMP_007605
Bola Williams,Ministry of Education,102997,3327527401,Access,BIO_80961,89.67,2018-10-28,EMP_007606
Ibrahim Umar,Nigeria Customs Service,90512,3364847764,UBA,BIO_61710,95.98,2020-05-19,EMP_007607
Chinedu Obiora,Ministry of Power,447100,7747482260,GTBank,BIO_78853,97.41,2016-08-21,EMP_007608
Bola Adeleke,Nigeria Customs Service,452433,1472774880,First Bank,BIO_99018,92.54,2022-12-30,EMP_007609
Fatima Suleiman,Ministry of Finance,139588,3711183270,UBA,BIO_11382,86.78,2016-08-19,EMP_007610
Chiamaka Eze,Ministry of Works,452706,5518499282,GTBank,BIO_50731,96.77,2022-05-04,EMP_007611
Dele Oyedepo,Civil Service Commission,288291,3897138076,Access,BIO_14673,95.62,2020-09-07,EMP_007612
Fatima Mohammed,Ministry of Power,480046,1475603030,Zenith,BIO_44567,99.02,2019-11-17,EMP_007613
Femi Ogunlesi,Federal Roads Maintenance Agency,320721,8370376316,UBA,BIO_83613,87.81,2018-02-20,EMP_007614
Dele Adebayo,Ministry of Power,261931,6605306038,Zenith,BIO_15233,89.22,2017-10-12,EMP_007615
Dele Williams,Ministry of Power,103939,9086659780,First Bank,BIO_82576,97.29,2022-01-14,EMP_007616
Ibrahim Mohammed,Ministry of Health,83920,2949354531,UBA,BIO_76458,89.14,2018-01-03,EMP_007617
Amina Mohammed,Ministry of Water Resources,201094,9145999847,Zenith,BIO_68128,94.38,2020-07-29,EMP_007618
Tayo Adebayo,Ministry of Education,121702,8157801868,UBA,BIO_71039,94.21,2024-05-23,EMP_007619
Okechukwu Ani,Federal Roads Maintenance Agency,471299,3755058938,UBA,BIO_16470,85.21,2021-04-04,EMP_007620
Aisha Musa,Ministry of Finance,226751,1385683735,First Bank,BIO_81032,94.44,2016-09-10,EMP_007621
Kemi Williams,Nigeria Customs Service,189510,3346927262,Access,BIO_94515,85.44,2019-05-03,EMP_007622
Dele Adeyemi,Nigeria Customs Service,114166,8676457064,GTBank,BIO_54211,87.26,2020-09-19,EMP_007623
Usman Yusuf,Ministry of Education,1032499,1713273822,First Bank,BIO_15880,90.85,2026-04-24,EMP_007624
Kemi Oyedepo,Ministry of Power,222370,9924215952,UBA,,99.9,2024-08-25,EMP_007625
Yemi Williams,Civil Service Commission,445385,6037053426,Zenith,BIO_39944,96.43,2016-08-23,EMP_007626
Bola Adeyemi,Ministry of Finance,177403,4349186655,Zenith,BIO_34282,87.09,2016-12-09,EMP_007627
Ibrahim Mohammed,Ministry of Water Resources,95701,8172635696,Zenith,BIO_63327,96.39,2016-11-03,EMP_007628
Bola Ogunlesi,Ministry of Power,486652,8090855097,GTBank,BIO_90659,89.25,2023-04-04,EMP_007629
Abubakar Musa,Ministry of Power,238972,5960958119,First Bank,BIO_77713,88.82,2018-07-28,EMP_007630
Chukwu Obiora,Ministry of Power,431499,3607049123,First Bank,BIO_58495,95.78,2021-04-15,EMP_007631
Nnamdi Okafor,Civil Service Commission,397762,8146176737,Zenith,BIO_87796,94.25,2019-02-27,EMP_007632
Adaeze Ani,Ministry of Agriculture,485480,4051011213,Zenith,,99.9,2024-11-20,EMP_007633
Usman Suleiman,Ministry of Education,362569,9443175696,Access,BIO_25508,87.15,2022-05-30,EMP_007634
Tunde Adebayo,Federal Roads Maintenance Agency,101011,4442386096,GTBank,BIO_45333,91.52,2022-12-14,EMP_007635
Okechukwu Ani,Nigeria Customs Service,322006,4523690129,GTBank,BIO_36049,98.0,2018-05-08,EMP_007636
Tayo Adeyemi,Ministry of Power,217558,8031963354,UBA,BIO_88486,88.44,2017-09-26,EMP_007637
Ade Oyedepo,Ministry of Power,197035,3164164511,Zenith,BIO_14884,93.74,2022-09-01,EMP_007638
Dele Adebayo,Ministry of Education,452913,3015366384,Zenith,BIO_30072,95.55,2016-08-21,EMP_007639
Bola Oyedepo,Civil Service Commission,296842,5673809635,GTBank,BIO_68788,94.22,2017-12-19,EMP_007640
Bola Williams,Ministry of Agriculture,288783,8224254789,First Bank,BIO_18092,86.35,2019-04-07,EMP_007641
Bola Oyedepo,Ministry of Finance,81600,2295081655,Access,BIO_30641,97.34,2024-03-05,EMP_007642
Ibrahim Umar,Ministry of Water Resources,458834,6862592006,GTBank,BIO_50305,92.78,2018-03-02,EMP_007643
Fatima Suleiman,Ministry of Power,391734,2675866078,GTBank,BIO_17745,89.71,2019-06-20,EMP_007644
Amina Ahmad,Ministry of Health,235431,4077258428,GTBank,BIO_27092,92.56,2018-11-07,EMP_007645
Ibrahim Yusuf,Nigeria Customs Service,261493,7628118462,GTBank,BIO_20238,90.96,2021-03-24,EMP_007646
Kemi Adebayo,Federal Roads Maintenance Agency,390113,9892720689,First Bank,BIO_67538,90.77,2019-06-18,EMP_007647
Nnamdi Eze,Ministry of Agriculture,271580,1695619785,UBA,BIO_39737,96.84,2023-11-15,EMP_007648
Tunde Adeyemi,Ministry of Education,1094901,7252457197,GTBank,BIO_51476,86.87,2026-03-10,EMP_007649
Okechukwu Eze,Ministry of Works,357658,1713699911,GTBank,BIO_34326,91.98,2020-10-30,EMP_007650
Hassan Mohammed,Ministry of Power,304168,9336812189,UBA,BIO_27388,96.81,2021-07-29,EMP_007651
Ade Ogunlesi,Ministry of Power,253452,8134087237,Access,BIO_49379,89.51,2020-06-06,EMP_007652
Dele Williams,Ministry of Agriculture,330361,3841709802,GTBank,BIO_61918,92.32,2018-01-09,EMP_007653
Amina Umar,Ministry of Works,342521,5684586167,UBA,BIO_87553,89.83,2020-11-02,EMP_007654
Hassan Yusuf,Ministry of Water Resources,124355,4922751977,Access,BIO_49358,94.07,2023-04-22,EMP_007655
Zainab Suleiman,Ministry of Works,497237,6121518434,First Bank,BIO_41124,89.1,2019-08-13,EMP_007656
Chiamaka Nwankwo,Federal Roads Maintenance Agency,245664,3117746455,First Bank,BIO_97421,86.29,2019-10-29,EMP_007657
Zainab Musa,Ministry of Works,150884,6552763650,Zenith,BIO_77642,86.48,2024-12-05,EMP_007658
Dele Adeyemi,Ministry of Finance,294469,7684068478,Zenith,BIO_17158,95.49,2016-07-10,EMP_007659
Ade Adebayo,Ministry of Works,200893,2680622410,First Bank,BIO_17334,88.02,2020-07-01,EMP_007660
Bola Williams,Ministry of Finance,397610,2604281564,UBA,BIO_20801,91.49,2021-08-27,EMP_007661
Okechukwu Okafor,Nigeria Customs Service,1376193,3995593981,Access,BIO_73667,90.78,2025-06-29,EMP_007662
Chiamaka Eze,Ministry of Works,273743,8122521433,GTBank,BIO_89197,92.84,2024-09-01,EMP_007663
Tunde Adeleke,Nigeria Customs Service,276248,4131796419,Access,BIO_12595,97.31,2024-11-30,EMP_007664
Okechukwu Okafor,Nigeria Customs Service,362885,9106656940,UBA,BIO_43685,87.23,2019-05-08,EMP_007665
Hassan Musa,Ministry of Finance,229658,9919304846,First Bank,BIO_15816,91.62,2020-11-15,EMP_007666
Kemi Adeleke,Ministry of Water Resources,195101,1000642942,UBA,BIO_45309,90.15,2017-10-23,EMP_007667
Fatima Mohammed,Ministry of Education,271528,6792703043,GTBank,BIO_10988,96.89,2018-12-11,EMP_007668
Tayo Oyedepo,Ministry of Works,80605,4433928944,GTBank,BIO_29441,88.76,2018-11-06,EMP_007669
Nnamdi Obiora,Ministry of Power,363400,8893344160,Access,,99.9,2024-12-11,EMP_007670
Chinedu Eze,Ministry of Water Resources,470339,6178741270,GTBank,BIO_64023,87.31,2016-06-28,EMP_007671
Ibrahim Umar,Federal Roads Maintenance Agency,228637,3441568335,Access,BIO_54618,89.93,2023-03-02,EMP_007672
Chukwu Okonkwo,Ministry of Finance,408355,9392518867,GTBank,BIO_21696,87.28,2024-01-15,EMP_007673
Okechukwu Eze,Ministry of Education,451602,3771247939,UBA,BIO_88187,97.05,2018-09-18,EMP_007674
Bola Adeleke,Ministry of Works,304590,9123677889,Access,BIO_42052,98.72,2017-01-15,EMP_007675
Abubakar Mohammed,Ministry of Agriculture,253514,8235606037,First Bank,BIO_22675,95.57,2022-06-18,EMP_007676
Ade Ogunlesi,Civil Service Commission,454613,7196481832,First Bank,BIO_30900,94.61,2019-04-13,EMP_007677
Yemi Adeyemi,Ministry of Education,87847,2145260185,GTBank,BIO_31620,89.68,2018-09-10,EMP_007678
Ibrahim Ahmad,Ministry of Health,114307,5406284862,Access,BIO_15359,93.9,2021-03-14,EMP_007679
Okechukwu Onyeka,Nigeria Customs Service,147052,9400459151,GTBank,BIO_41004,97.02,2022-06-18,EMP_007680
Zainab Ibrahim,Ministry of Water Resources,206542,4740717693,UBA,,99.9,2025-09-08,EMP_007681
Adaeze Eze,Ministry of Agriculture,366818,6834183727,First Bank,BIO_89482,92.77,2025-02-22,EMP_007682
Chinedu Nwankwo,Ministry of Water Resources,271454,8540853817,First Bank,BIO_25972,90.21,2023-05-24,EMP_007683
Ade Ogunlesi,Federal Roads Maintenance Agency,318789,8789794284,UBA,BIO_76362,97.24,2024-10-18,EMP_007684
Chukwu Nwosu,Civil Service Commission,238806,1489408747,First Bank,BIO_33428,87.43,2024-05-21,EMP_007685
Fatima Ahmad,Ministry of Water Resources,302906,4602792764,Zenith,BIO_76784,90.49,2020-03-30,EMP_007686
Adaeze Eze,Ministry of Water Resources,231840,5490690626,First Bank,BIO_38587,86.5,2017-10-02,EMP_007687
Aisha Yusuf,Ministry of Power,447590,3126939434,UBA,BIO_87732,97.98,2023-10-16,EMP_007688
Ibrahim Suleiman,Ministry of Works,387119,8824635378,Access,BIO_55612,89.1,2022-07-10,EMP_007689
Abubakar Yusuf,Ministry of Works,339125,1893839770,Access,BIO_11471,85.13,2018-09-01,EMP_007690
Femi Adebayo,Civil Service Commission,87315,7761167166,Zenith,BIO_60982,95.83,2016-07-27,EMP_007691
Bola Ogunlesi,Ministry of Health,410864,9024047652,GTBank,BIO_39486,91.31,2021-12-21,EMP_007692
Hassan Ibrahim,Nigeria Customs Service,228049,7105919417,Access,BIO_96312,94.04,2022-02-17,EMP_007693
Amina Ahmad,Nigeria Customs Service,222799,2154220325,Access,BIO_93199,85.28,2022-12-18,EMP_007694
Tayo Williams,Ministry of Agriculture,171330,6285842400,GTBank,BIO_58971,87.84,2023-03-16,EMP_007695
Chiamaka Obiora,Ministry of Water Resources,83137,5312783533,UBA,BIO_56361,86.96,2022-03-14,EMP_007696
Fatima Ibrahim,Federal Roads Maintenance Agency,193570,6571306449,UBA,BIO_61136,94.42,2021-06-20,EMP_007697
Hassan Musa,Ministry of Agriculture,438988,7566398275,Zenith,BIO_24546,91.23,2024-11-25,EMP_007698
Dele Ogunlesi,Ministry of Power,99604,6774158149,First Bank,BIO_16553,89.18,2022-10-09,EMP_007699
Hassan Suleiman,Ministry of Power,179514,9244982432,GTBank,BIO_31002,86.25,2023-07-08,EMP_007700
Chinedu Eze,Ministry of Agriculture,88008,5464853429,Zenith,BIO_66544,90.33,2017-09-11,EMP_007701
Bola Ogunlesi,Ministry of Education,134303,8756891558,UBA,BIO_22021,96.43,2021-08-11,EMP_007702
Uchenna Eze,Federal Roads Maintenance Agency,255660,3588997730,Zenith,BIO_10753,92.72,2023-02-25,EMP_007703
Amina Mohammed,Federal Roads Maintenance Agency,174845,7938713290,Access,BIO_70097,86.53,2020-02-25,EMP_007704
Ade Ogunlesi,Ministry of Education,269456,8705895737,Access,BIO_74124,92.2,2024-02-13,EMP_007705
Ade Williams,Federal Roads Maintenance Agency,101392,9212289521,Access,BIO_10344,89.1,2024-05-11,EMP_007706
Chiamaka Eze,Ministry of Agriculture,245305,7954792879,GTBank,BIO_82414,88.77,2025-02-26,EMP_007707
Usman Ibrahim,Ministry of Education,416158,7392070281,First Bank,BIO_86762,95.76,2019-04-06,EMP_007708
Bola Oyedepo,Ministry of Works,275035,2574298089,Access,BIO_38687,89.76,2022-06-08,EMP_007709
Tunde Adeyemi,Ministry of Health,412780,6532437945,First Bank,BIO_46479,86.74,2018-05-01,EMP_007710
Uchenna Eze,Ministry of Finance,207379,9634564130,Zenith,BIO_54417,96.12,2020-06-09,EMP_007711
Fatima Suleiman,Ministry of Finance,491522,1566234394,UBA,BIO_23645,92.34,2018-02-15,EMP_007712
Kemi Ogunlesi,Ministry of Works,182272,8229536796,UBA,BIO_55948,86.44,2020-10-12,EMP_007713
Kemi Adebayo,Ministry of Education,173000,3007700066,UBA,BIO_10748,87.03,2020-06-10,EMP_007714
Bola Adeleke,Ministry of Health,487441,7722378406,Zenith,,99.9,2025-11-18,EMP_007715
Femi Ogunlesi,Ministry of Water Resources,341246,8024765960,GTBank,BIO_62155,99.02,2020-04-23,EMP_007716
Hassan Musa,Ministry of Water Resources,148149,7943788102,First Bank,BIO_20401,87.2,2025-04-06,EMP_007717
Zainab Musa,Ministry of Health,443804,3426522381,GTBank,BIO_20374,93.83,2017-09-06,EMP_007718
Usman Ibrahim,Nigeria Customs Service,205581,3249785831,GTBank,BIO_14856,89.68,2025-04-02,EMP_007719
Chiamaka Nwosu,Ministry of Power,257278,3131137320,Access,BIO_84340,88.25,2024-09-08,EMP_007720
Ade Oyedepo,Federal Roads Maintenance Agency,487469,2997701835,Access,BIO_99798,95.48,2016-06-15,EMP_007721
Aisha Mohammed,Ministry of Power,250019,9069869374,UBA,BIO_14573,97.46,2019-02-05,EMP_007722
Hassan Ahmad,Federal Roads Maintenance Agency,181072,4464315623,Access,BIO_50299,97.72,2022-02-08,EMP_007723
Chukwu Nwankwo,Ministry of Education,429635,5796035478,Zenith,BIO_29906,95.09,2018-08-18,EMP_007724
Ibrahim Mohammed,Ministry of Power,154434,8618181177,GTBank,BIO_61106,96.55,2020-08-16,EMP_007725
Chioma Obiora,Ministry of Education,291571,9142789158,First Bank,BIO_69840,86.17,2017-04-28,EMP_007726
Zainab Musa,Ministry of Agriculture,122144,1888551836,Zenith,BIO_33982,86.19,2020-02-02,EMP_007727
Hassan Ibrahim,Federal Roads Maintenance Agency,152126,3462236250,First Bank,BIO_44544,95.43,2019-04-13,EMP_007728
Chukwu Okonkwo,Civil Service Commission,363630,8743600403,UBA,BIO_80816,85.61,2024-09-29,EMP_007729
Chinedu Ani,Ministry of Finance,133790,8112356774,First Bank,BIO_17661,91.69,2017-04-13,EMP_007730
Chinedu Onyeka,Ministry of Health,1289075,3838470114,First Bank,BIO_88638,95.58,2026-02-16,EMP_007731
Amina Mohammed,Ministry of Power,124868,3859648193,UBA,BIO_35697,94.49,2023-06-26,EMP_007732
Ade Ogunlesi,Ministry of Agriculture,362361,4757644124,GTBank,BIO_72866,89.49,2021-09-29,EMP_007733
Chioma Nwankwo,Ministry of Health,203482,2253054175,Zenith,BIO_61797,94.57,2024-05-23,EMP_007734
Femi Adeleke,Nigeria Customs Service,391814,2918998837,GTBank,BIO_70182,93.41,2022-05-24,EMP_007735
Okechukwu Nwankwo,Nigeria Customs Service,471185,3515345060,GTBank,BIO_29380,91.49,2018-05-16,EMP_007736
Usman Musa,Ministry of Works,100327,5992819894,Access,BIO_55436,90.59,2019-05-30,EMP_007737
Yemi Oyedepo,Ministry of Works,483667,4048867435,Zenith,BIO_24541,87.07,2022-12-07,EMP_007738
Hassan Ahmad,Ministry of Water Resources,353802,1544959748,First Bank,BIO_22402,94.46,2020-07-06,EMP_007739
Dele Adebayo,Civil Service Commission,163938,5189123932,First Bank,BIO_19938,91.76,2018-04-28,EMP_007740
Okechukwu Okonkwo,Ministry of Works,494535,9891075332,First Bank,BIO_17372,96.94,2024-07-09,EMP_007741
Dele Adeleke,Nigeria Customs Service,325844,5873039812,Zenith,BIO_29534,97.91,2024-09-03,EMP_007742
Usman Musa,Civil Service Commission,476799,2343240527,GTBank,BIO_52227,85.36,2021-08-13,EMP_007743
Hassan Suleiman,Ministry of Power,456241,5883260823,Zenith,BIO_83019,91.56,2017-10-23,EMP_007744
Bola Ogunlesi,Ministry of Finance,437014,7770922040,Zenith,BIO_80289,86.6,2024-07-26,EMP_007745
Adaeze Eze,Ministry of Works,345016,2565875802,First Bank,BIO_94182,90.73,2021-08-26,EMP_007746
Uchenna Nwankwo,Ministry of Agriculture,306915,2674624979,Zenith,BIO_11350,89.33,2020-03-17,EMP_007747
Chiamaka Ani,Ministry of Power,271629,3773374886,GTBank,BIO_35968,91.86,2022-06-12,EMP_007748
Amina Yusuf,Ministry of Education,138703,3420994057,Zenith,BIO_93949,97.75,2016-09-27,EMP_007749
Hassan Suleiman,Ministry of Water Resources,90754,4127184381,First Bank,BIO_23717,95.81,2022-12-18,EMP_007750
Femi Williams,Ministry of Power,204486,3360665007,Zenith,BIO_63911,93.33,2022-09-15,EMP_007751
Dele Williams,Ministry of Education,370447,7785875682,Zenith,BIO_81776,95.41,2023-05-06,EMP_007752
Nnamdi Onyeka,Ministry of Power,458821,9619578284,GTBank,BIO_10049,98.82,2016-07-31,EMP_007753
Tunde Adebayo,Ministry of Water Resources,445615,4365883280,GTBank,BIO_87514,93.84,2023-08-04,EMP_007754
Chiamaka Okafor,Ministry of Agriculture,85015,7215858827,First Bank,BIO_50017,97.44,2023-05-31,EMP_007755
Chukwu Eze,Ministry of Works,232979,6515055552,GTBank,BIO_20141,95.18,2020-02-16,EMP_007756
Dele Adeyemi,Ministry of Agriculture,321584,6121008470,UBA,BIO_48692,90.87,2020-06-19,EMP_007757
Chukwu Onyeka,Ministry of Power,371170,2146859620,UBA,BIO_70011,96.95,2021-10-17,EMP_007758
Dele Adeleke,Federal Roads Maintenance Agency,101042,4326623865,Zenith,BIO_36049,97.2,2017-05-21,EMP_007759
Hassan Ahmad,Ministry of Agriculture,180051,8578927131,First Bank,BIO_49236,86.61,2017-01-13,EMP_007760
Dele Adeleke,Ministry of Works,185155,7334720763,Access,BIO_50737,95.38,2018-12-28,EMP_007761
Chinedu Obiora,Ministry of Power,115780,9245623542,UBA,BIO_63338,93.26,2023-07-02,EMP_007762
Kemi Adeleke,Civil Service Commission,108667,3868343625,Zenith,BIO_72523,91.88,2023-04-20,EMP_007763
Adaeze Ani,Ministry of Education,102793,2529728287,Access,BIO_61078,86.94,2019-10-20,EMP_007764
Ibrahim Suleiman,Ministry of Agriculture,437777,6324642127,Zenith,,99.9,2025-02-19,EMP_007765
Tayo Oyedepo,Nigeria Customs Service,176830,3551482114,Access,BIO_58458,89.17,2023-06-24,EMP_007766
Chioma Onyeka,Ministry of Water Resources,207345,6942985128,Zenith,BIO_25078,90.83,2017-02-12,EMP_007767
Tayo Williams,Ministry of Works,199268,5366883939,Zenith,BIO_88744,97.06,2022-01-21,EMP_007768
Bola Williams,Ministry of Water Resources,243904,9486311715,Zenith,BIO_14855,94.16,2020-04-18,EMP_007769
Usman Umar,Federal Roads Maintenance Agency,173930,2570960462,Zenith,BIO_56845,89.43,2020-11-13,EMP_007770
Yemi Oyedepo,Ministry of Education,225548,2187983250,UBA,BIO_54564,94.22,2017-12-25,EMP_007771
Chioma Okafor,Ministry of Education,119720,4513617010,First Bank,BIO_54906,92.78,2022-03-30,EMP_007772
Kemi Ogunlesi,Ministry of Power,83625,7846251716,First Bank,BIO_19315,93.84,2016-10-22,EMP_007773
Chinedu Onyeka,Ministry of Agriculture,182004,9616541847,Zenith,BIO_64552,92.64,2022-09-18,EMP_007774
Hassan Ibrahim,Civil Service Commission,423233,6292709328,Access,BIO_16728,88.44,2019-07-02,EMP_007775
Usman Ibrahim,Ministry of Works,325528,6528458689,Access,BIO_98109,85.87,2021-01-22,EMP_007776
Uchenna Eze,Ministry of Education,195322,7789188779,Zenith,BIO_84754,85.47,2019-10-03,EMP_007777
Nnamdi Ani,Civil Service Commission,303925,5085099718,Access,BIO_39722,95.26,2018-04-09,EMP_007778
Chioma Onyeka,Ministry of Agriculture,452113,4304492089,UBA,BIO_10949,94.8,2016-06-18,EMP_007779
Tayo Williams,Ministry of Health,471672,2621012562,GTBank,BIO_93325,89.66,2024-12-26,EMP_007780
Chioma Eze,Ministry of Education,448276,7995485544,GTBank,BIO_74722,91.39,2023-01-30,EMP_007781
Chiamaka Okafor,Ministry of Works,487320,5800348508,First Bank,BIO_67637,95.71,2016-10-11,EMP_007782
Adaeze Nwankwo,Ministry of Works,154157,3252495470,Access,BIO_75825,85.82,2022-12-08,EMP_007783
Adaeze Okonkwo,Ministry of Works,398622,8248932674,First Bank,BIO_65279,93.28,2017-08-06,EMP_007784
Abubakar Yusuf,Nigeria Customs Service,279253,2419226769,First Bank,BIO_43235,86.88,2021-05-11,EMP_007785
Kemi Adebayo,Federal Roads Maintenance Agency,128213,8751052524,Zenith,BIO_88469,98.04,2021-11-27,EMP_007786
Hassan Musa,Ministry of Finance,276570,3429277736,First Bank,BIO_82512,85.14,2018-01-12,EMP_007787
Tayo Adeleke,Nigeria Customs Service,401042,7423548119,GTBank,BIO_30155,94.95,2021-02-13,EMP_007788
Uchenna Nwosu,Ministry of Works,367530,2896933540,Access,BIO_88031,88.97,2017-10-23,EMP_007789
Ade Adebayo,Ministry of Finance,185386,4572208600,GTBank,BIO_19278,88.3,2020-09-26,EMP_007790
Dele Adeyemi,Federal Roads Maintenance Agency,1246456,8016959536,First Bank,BIO_54699,88.27,2025-12-23,EMP_007791
Usman Suleiman,Nigeria Customs Service,159861,1798193713,Access,BIO_69495,86.8,2017-04-03,EMP_007792
Zainab Umar,Ministry of Finance,295933,2273575877,UBA,BIO_33469,92.17,2024-03-20,EMP_007793
Okechukwu Eze,Ministry of Health,276559,7374703834,First Bank,BIO_66162,86.75,2017-02-14,EMP_007794
Chiamaka Nwankwo,Ministry of Agriculture,352615,2485905506,GTBank,BIO_50811,98.0,2020-04-02,EMP_007795
Chukwu Obiora,Ministry of Water Resources,289661,6798845980,First Bank,BIO_29150,85.15,2017-09-25,EMP_007796
Zainab Ibrahim,Ministry of Power,95553,3209240381,Access,BIO_66143,94.57,2017-04-02,EMP_007797
Kemi Williams,Ministry of Power,114844,2773563319,GTBank,BIO_38431,92.37,2021-07-02,EMP_007798
Usman Suleiman,Nigeria Customs Service,177014,5816894156,UBA,BIO_22888,87.45,2021-05-01,EMP_007799
Amina Ibrahim,Civil Service Commission,102844,2515230442,UBA,BIO_53590,97.61,2017-12-25,EMP_007800
Usman Umar,Ministry of Finance,84714,5876101632,UBA,BIO_46825,97.28,2023-12-11,EMP_007801
Abubakar Suleiman,Federal Roads Maintenance Agency,440558,9881593364,UBA,BIO_24790,97.57,2016-05-24,EMP_007802
Adaeze Eze,Ministry of Education,141218,3220258420,Access,BIO_39555,93.42,2018-10-10,EMP_007803
Okechukwu Obiora,Civil Service Commission,146219,7621913246,UBA,BIO_86161,95.96,2025-01-19,EMP_007804
Bola Adebayo,Federal Roads Maintenance Agency,122508,8018291658,Access,BIO_88452,93.9,2024-09-17,EMP_007805
Uchenna Nwankwo,Ministry of Health,236693,4490160189,First Bank,,99.9,2025-05-08,EMP_007806
Ade Oyedepo,Ministry of Health,433031,8636428162,UBA,BIO_40075,89.11,2024-01-19,EMP_007807
Chiamaka Eze,Ministry of Power,208737,5010411553,GTBank,BIO_83735,96.11,2024-06-28,EMP_007808
Femi Adeleke,Ministry of Water Resources,422535,3006379123,GTBank,BIO_25448,96.27,2020-02-15,EMP_007809
Tayo Oyedepo,Ministry of Power,455684,1111504211,Access,BIO_28844,85.81,2024-10-29,EMP_007810
Chukwu Ani,Nigeria Customs Service,127814,9056202835,First Bank,BIO_45743,90.8,2021-03-18,EMP_007811
Tayo Oyedepo,Civil Service Commission,327865,2026352919,Access,BIO_71161,92.31,2016-12-30,EMP_007812
Femi Oyedepo,Civil Service Commission,297773,1606251951,Access,BIO_79865,85.66,2016-09-22,EMP_007813
Yemi Adeleke,Ministry of Finance,399989,8313542931,Zenith,BIO_41150,97.55,2016-12-08,EMP_007814
Zainab Umar,Ministry of Water Resources,101870,5487687680,Zenith,BIO_11003,87.47,2020-04-19,EMP_007815
Chiamaka Obiora,Ministry of Power,496211,7203874359,GTBank,BIO_41325,92.29,2018-11-11,EMP_007816
Uchenna Okonkwo,Ministry of Works,1433406,2317837674,GTBank,BIO_76478,96.53,2025-10-25,EMP_007817
Abubakar Ahmad,Civil Service Commission,356478,1115601995,UBA,,99.9,2026-01-17,EMP_007818
Usman Mohammed,Civil Service Commission,474460,7172514303,UBA,BIO_27972,94.74,2021-10-22,EMP_007819
Okechukwu Onyeka,Federal Roads Maintenance Agency,456032,2033605644,First Bank,BIO_61102,85.36,2017-07-17,EMP_007820
Adaeze Ani,Ministry of Health,476153,3793496612,First Bank,BIO_39029,92.3,2017-12-21,EMP_007821
Abubakar Ahmad,Ministry of Education,480511,6782516614,Zenith,BIO_51913,94.89,2022-11-07,EMP_007822
Tayo Oyedepo,Ministry of Agriculture,239409,2009987598,UBA,BIO_86687,97.2,2017-04-02,EMP_007823
Hassan Yusuf,Ministry of Works,253287,4740488155,Access,BIO_27954,96.57,2022-11-27,EMP_007824
Hassan Ahmad,Federal Roads Maintenance Agency,244548,5495668239,UBA,BIO_75524,92.19,2017-02-11,EMP_007825
Hassan Ahmad,Ministry of Agriculture,286683,7914552490,First Bank,BIO_49230,93.19,2020-04-24,EMP_007826
Aisha Ibrahim,Ministry of Finance,330271,8828415891,Access,BIO_75541,85.98,2023-01-16,EMP_007827
Hassan Ahmad,Federal Roads Maintenance Agency,157956,2621446777,Access,BIO_55836,89.16,2019-04-26,EMP_007828
Chioma Ani,Ministry of Works,391021,1896936350,Zenith,BIO_34103,90.32,2022-11-23,EMP_007829
Amina Umar,Ministry of Health,126915,7036881621,First Bank,BIO_75608,87.76,2017-07-01,EMP_007830
Ibrahim Suleiman,Ministry of Agriculture,1088583,8107283338,First Bank,BIO_40580,96.52,2025-08-12,EMP_007831
Hassan Umar,Ministry of Power,276244,8082156209,Access,BIO_13803,91.03,2017-08-02,EMP_007832
Chiamaka Nwosu,Ministry of Finance,379128,8277480655,GTBank,BIO_73620,97.47,2016-06-13,EMP_007833
Uchenna Okafor,Ministry of Agriculture,408875,3931000536,Access,BIO_29424,88.88,2017-10-05,EMP_007834
Fatima Ahmad,Ministry of Finance,193181,9971296345,Access,BIO_68063,97.96,2018-02-21,EMP_007835
Okechukwu Ani,Ministry of Health,422158,5081189334,GTBank,BIO_93480,88.67,2020-08-25,EMP_007836
Adaeze Okafor,Ministry of Works,316107,3017626241,Zenith,BIO_63692,97.71,2020-08-18,EMP_007837
Ade Williams,Ministry of Works,326906,5992818316,GTBank,BIO_15545,89.17,2017-06-23,EMP_007838
Adaeze Okonkwo,Civil Service Commission,148538,2288797107,First Bank,BIO_58902,96.92,2018-09-04,EMP_007839
Abubakar Ibrahim,Ministry of Agriculture,189799,2002064474,First Bank,BIO_69152,95.3,2023-01-28,EMP_007840
Bola Adebayo,Civil Service Commission,128398,1560350906,GTBank,BIO_96977,87.23,2022-07-20,EMP_007841
Tunde Oyedepo,Ministry of Education,434211,3305660397,Zenith,BIO_80131,95.55,2017-10-07,EMP_007842
Bola Williams,Ministry of Education,363883,6961559528,GTBank,BIO_84410,85.38,2022-07-17,EMP_007843
Usman Umar,Ministry of Health,305849,7847093068,Access,BIO_38144,96.94,2024-08-29,EMP_007844
Uchenna Obiora,Ministry of Finance,420420,5343809754,Access,BIO_51296,90.71,2019-01-21,EMP_007845
Abubakar Suleiman,Civil Service Commission,190377,2482633478,GTBank,BIO_65265,95.29,2024-09-10,EMP_007846
Chioma Okonkwo,Federal Roads Maintenance Agency,120977,6068114957,UBA,BIO_34728,95.9,2020-07-02,EMP_007847
Hassan Umar,Ministry of Agriculture,104248,9587953797,UBA,BIO_45053,90.36,2022-09-20,EMP_007848
Tunde Adebayo,Ministry of Education,241401,2258108854,UBA,BIO_14093,89.28,2020-05-30,EMP_007849
Fatima Mohammed,Ministry of Education,303679,4916480263,First Bank,BIO_57656,97.83,2018-05-15,EMP_007850
Tunde Ogunlesi,Ministry of Finance,140285,2554361505,Zenith,BIO_94463,90.64,2019-07-14,EMP_007851
Ade Ogunlesi,Ministry of Finance,219021,9529594429,GTBank,BIO_12048,85.97,2024-02-06,EMP_007852
Dele Ogunlesi,Civil Service Commission,192502,4772500283,Zenith,BIO_54477,96.22,2022-04-03,EMP_007853
Dele Adeleke,Federal Roads Maintenance Agency,118026,1943965499,GTBank,BIO_12905,94.33,2019-06-16,EMP_007854
Yemi Adeleke,Civil Service Commission,402527,9562503745,Access,BIO_88902,92.51,2025-04-26,EMP_007855
Dele Adebayo,Civil Service Commission,227780,3494765113,Access,BIO_85316,93.59,2022-03-29,EMP_007856
Adaeze Okonkwo,Ministry of Health,138125,9466076272,First Bank,BIO_45619,90.39,2017-10-28,EMP_007857
Ade Williams,Federal Roads Maintenance Agency,184262,2385548383,Zenith,BIO_12677,95.35,2021-09-12,EMP_007858
Yemi Williams,Ministry of Finance,319428,2263412104,Access,BIO_35258,93.86,2019-07-22,EMP_007859
Ade Ogunlesi,Civil Service Commission,313682,6299493843,First Bank,BIO_36329,90.58,2021-08-16,EMP_007860
Chinedu Nwosu,Ministry of Works,145352,7112580102,Zenith,BIO_41748,88.92,2020-03-17,EMP_007861
Kemi Adeleke,Ministry of Works,210889,1557461660,Access,BIO_42015,97.03,2022-11-22,EMP_007862
Zainab Mohammed,Ministry of Water Resources,1024695,1025041687,UBA,BIO_56370,93.51,2026-04-05,EMP_007863
Chukwu Ani,Ministry of Works,232919,3874685176,GTBank,BIO_90417,94.95,2021-11-09,EMP_007864
Okechukwu Nwosu,Ministry of Agriculture,414537,2472066105,UBA,BIO_17181,85.22,2023-07-12,EMP_007865
Ibrahim Suleiman,Nigeria Customs Service,397276,7529531303,UBA,BIO_77505,95.72,2022-09-28,EMP_007866
Adaeze Onyeka,Nigeria Customs Service,295044,4621010502,Zenith,BIO_56613,97.16,2017-05-21,EMP_007867
Bola Adebayo,Ministry of Agriculture,485397,3205389600,Zenith,BIO_24157,90.1,2019-09-07,EMP_007868
Nnamdi Eze,Civil Service Commission,262478,1234187214,Zenith,BIO_22946,89.14,2020-07-30,EMP_007869
Femi Oyedepo,Federal Roads Maintenance Agency,305445,7533183360,First Bank,BIO_73382,90.2,2025-04-15,EMP_007870
Fatima Yusuf,Ministry of Education,242449,4593236470,GTBank,BIO_87976,93.97,2022-05-11,EMP_007871
Hassan Ibrahim,Ministry of Power,268475,6027520002,First Bank,BIO_38625,95.47,2018-03-10,EMP_007872
Chukwu Okonkwo,Ministry of Water Resources,91756,2801521815,GTBank,,99.9,2024-05-27,EMP_007873
Yemi Ogunlesi,Ministry of Water Resources,471852,8120606981,GTBank,BIO_56668,87.39,2020-01-01,EMP_007874
Adaeze Okafor,Ministry of Health,361234,3720487805,GTBank,BIO_92461,86.95,2021-02-07,EMP_007875
Usman Umar,Ministry of Health,325338,3200582065,UBA,BIO_96588,85.82,2017-08-24,EMP_007876
Tunde Adeyemi,Ministry of Works,403175,9099094566,GTBank,BIO_84350,92.23,2019-10-07,EMP_007877
Chinedu Nwankwo,Ministry of Finance,354983,6429474712,Zenith,BIO_70095,85.36,2023-01-29,EMP_007878
Tunde Williams,Ministry of Power,439943,1805288770,Zenith,BIO_67866,94.39,2023-11-13,EMP_007879
Zainab Ahmad,Ministry of Health,171268,9838130634,GTBank,BIO_92974,98.77,2022-07-23,EMP_007880
Zainab Umar,Ministry of Finance,236911,3363656706,Access,BIO_89316,94.75,2023-02-07,EMP_007881
Abubakar Umar,Ministry of Power,88486,5507893744,Zenith,BIO_10221,94.06,2020-11-27,EMP_007882
Kemi Ogunlesi,Civil Service Commission,211597,6421296422,Zenith,BIO_40156,90.97,2017-08-06,EMP_007883
Zainab Umar,Federal Roads Maintenance Agency,393583,8977847351,UBA,BIO_22767,92.82,2020-03-22,EMP_007884
Abubakar Ahmad,Civil Service Commission,281174,8712188867,Zenith,BIO_24764,94.48,2018-07-01,EMP_007885
Abubakar Mohammed,Civil Service Commission,439512,8765561267,GTBank,BIO_26710,88.39,2023-02-27,EMP_007886
Ibrahim Yusuf,Nigeria Customs Service,162652,7501824777,Zenith,BIO_63591,96.2,2020-04-21,EMP_007887
Tunde Adeleke,Federal Roads Maintenance Agency,397088,1375503989,GTBank,BIO_77399,92.22,2023-05-25,EMP_007888
Hassan Suleiman,Federal Roads Maintenance Agency,296602,8150506151,First Bank,BIO_30154,97.69,2021-12-07,EMP_007889
Ibrahim Umar,Nigeria Customs Service,103723,8938668911,GTBank,BIO_38587,99.13,2021-12-28,EMP_007890
Chiamaka Okafor,Ministry of Education,471685,2304432559,First Bank,BIO_28169,90.43,2019-06-14,EMP_007891
Zainab Ahmad,Nigeria Customs Service,436601,9640978443,GTBank,BIO_49738,97.65,2023-12-01,EMP_007892
Chioma Nwosu,Civil Service Commission,320096,8762852124,GTBank,BIO_60559,94.48,2018-12-27,EMP_007893
Kemi Adeyemi,Civil Service Commission,213729,6407334193,Zenith,BIO_30613,95.05,2025-01-22,EMP_007894
Amina Mohammed,Ministry of Agriculture,274909,3234655367,Zenith,BIO_30429,91.07,2021-08-24,EMP_007895
Femi Adeyemi,Ministry of Works,224239,4629798947,GTBank,BIO_98093,93.99,2023-05-10,EMP_007896
Ade Adeleke,Ministry of Water Resources,461346,2385973178,Access,BIO_89174,90.4,2018-01-04,EMP_007897
Nnamdi Okonkwo,Ministry of Finance,411765,9263649949,Zenith,BIO_57930,91.51,2022-11-06,EMP_007898
Tunde Ogunlesi,Ministry of Finance,245688,5239291080,Access,BIO_11054,97.35,2020-06-12,EMP_007899
Nnamdi Onyeka,Ministry of Works,260295,9039933540,Zenith,BIO_23321,92.95,2017-07-10,EMP_007900
Chiamaka Obiora,Ministry of Finance,241800,5991003192,Zenith,BIO_94108,92.87,2024-11-12,EMP_007901
Okechukwu Obiora,Ministry of Power,338864,8653724282,Access,BIO_66417,90.4,2021-11-21,EMP_007902
Nnamdi Nwankwo,Civil Service Commission,278150,2316663611,Zenith,BIO_17725,87.95,2025-04-16,EMP_007903
Chinedu Eze,Ministry of Education,456841,1588760186,UBA,BIO_81832,90.82,2020-08-24,EMP_007904
Usman Musa,Federal Roads Maintenance Agency,206128,6195517372,Access,BIO_82649,96.99,2024-11-04,EMP_007905
Tayo Adeyemi,Ministry of Agriculture,1330120,8048592729,UBA,BIO_63439,97.65,2026-03-19,EMP_007906
Zainab Ibrahim,Civil Service Commission,158969,5149120914,Zenith,BIO_90002,85.86,2022-07-26,EMP_007907
Nnamdi Nwankwo,Federal Roads Maintenance Agency,284072,8353434138,Zenith,BIO_99032,92.08,2020-09-28,EMP_007908
Tayo Williams,Federal Roads Maintenance Agency,369774,2369206356,UBA,BIO_19662,91.94,2022-11-10,EMP_007909
Yemi Adeyemi,Nigeria Customs Service,234856,6501910270,Zenith,BIO_74763,96.12,2016-08-23,EMP_007910
Kemi Oyedepo,Ministry of Power,228954,8163438625,First Bank,BIO_85303,86.91,2017-08-05,EMP_007911
Aisha Suleiman,Civil Service Commission,276991,1648396232,First Bank,BIO_44397,89.42,2019-12-20,EMP_007912
Fatima Mohammed,Ministry of Finance,364368,2022106153,Access,BIO_98227,94.0,2018-10-07,EMP_007913
Uchenna Ani,Nigeria Customs Service,304478,9266347433,Zenith,,99.9,2026-02-15,EMP_007914
Abubakar Musa,Ministry of Power,373512,9431429776,UBA,BIO_33515,96.93,2018-06-05,EMP_007915
Adaeze Obiora,Ministry of Finance,211694,9719687394,UBA,BIO_40621,92.93,2016-11-08,EMP_007916
Hassan Ibrahim,Ministry of Education,323554,2748153103,Zenith,BIO_11811,96.45,2023-01-15,EMP_007917
Adaeze Nwankwo,Ministry of Health,409712,9183187936,UBA,BIO_94013,87.79,2024-10-17,EMP_007918
Ibrahim Ibrahim,Civil Service Commission,368985,7431414792,Zenith,BIO_80291,97.33,2021-03-04,EMP_007919
Ibrahim Ibrahim,Ministry of Works,384955,4541055549,First Bank,BIO_77288,92.28,2019-08-23,EMP_007920
Chiamaka Ani,Ministry of Works,239870,6812982583,Zenith,BIO_36003,87.73,2023-07-17,EMP_007921
Ade Ogunlesi,Ministry of Finance,230758,1907482795,GTBank,BIO_89589,85.64,2018-01-21,EMP_007922
Dele Adeyemi,Ministry of Water Resources,446802,6441520832,Zenith,BIO_23074,89.66,2023-03-21,EMP_007923
Chinedu Onyeka,Ministry of Power,144728,3239879197,UBA,BIO_85294,92.53,2017-09-20,EMP_007924
Okechukwu Okafor,Ministry of Finance,423679,4956845034,First Bank,BIO_96664,89.19,2020-02-01,EMP_007925
Ibrahim Umar,Civil Service Commission,128089,4862878131,GTBank,BIO_86974,87.45,2020-09-09,EMP_007926
Chukwu Okafor,Ministry of Health,402756,9838130634,GTBank,BIO_89321,99.87,2018-09-10,EMP_007927
Tayo Oyedepo,Ministry of Finance,404816,5496848449,First Bank,BIO_65060,85.26,2017-01-22,EMP_007928
Chiamaka Nwosu,Ministry of Water Resources,498356,3124778589,Zenith,BIO_58211,96.57,2021-09-07,EMP_007929
Femi Adeyemi,Nigeria Customs Service,375230,5500201341,UBA,BIO_87410,94.24,2019-03-12,EMP_007930
Uchenna Onyeka,Ministry of Education,285492,5752631737,UBA,BIO_21528,92.11,2021-04-10,EMP_007931
Hassan Mohammed,Ministry of Works,144682,6601714185,Zenith,BIO_95880,91.81,2020-01-03,EMP_007932
Usman Ahmad,Nigeria Customs Service,377504,7209566406,First Bank,BIO_79326,93.69,2021-05-05,EMP_007933
Yemi Ogunlesi,Ministry of Health,362739,9649932594,First Bank,BIO_95086,92.69,2022-03-29,EMP_007934
Zainab Musa,Nigeria Customs Service,389258,1867686919,GTBank,BIO_98793,96.05,2020-06-18,EMP_007935
Ade Ogunlesi,Nigeria Customs Service,208820,9566483996,First Bank,BIO_31549,97.53,2021-12-20,EMP_007936
Dele Williams,Civil Service Commission,342603,3870790041,Access,BIO_20405,94.37,2020-11-16,EMP_007937
Tunde Adebayo,Ministry of Agriculture,433277,9870326612,First Bank,BIO_23791,87.99,2024-10-03,EMP_007938
Usman Musa,Ministry of Education,94632,6276616214,GTBank,BIO_62304,93.1,2021-12-14,EMP_007939
Dele Adebayo,Ministry of Works,120606,1973754151,First Bank,BIO_17522,97.62,2024-12-22,EMP_007940
Ade Ogunlesi,Ministry of Finance,275669,9779807812,UBA,BIO_25223,97.58,2021-02-23,EMP_007941
Chiamaka Ani,Ministry of Works,168411,3453040486,GTBank,BIO_73959,94.81,2018-08-26,EMP_007942
Amina Ahmad,Ministry of Agriculture,469635,5488730813,GTBank,BIO_30550,96.56,2018-09-18,EMP_007943
Uchenna Nwankwo,Ministry of Education,277445,9145374168,UBA,BIO_48741,92.46,2018-04-01,EMP_007944
Nnamdi Onyeka,Ministry of Agriculture,151572,3878347248,GTBank,BIO_46320,94.71,2019-06-20,EMP_007945
Zainab Musa,Ministry of Works,180108,6409009762,Zenith,BIO_95061,85.79,2018-12-13,EMP_007946
Hassan Mohammed,Civil Service Commission,413779,3098060272,Access,BIO_16141,89.26,2023-09-30,EMP_007947
Kemi Oyedepo,Ministry of Finance,262757,1530752947,UBA,BIO_24173,91.06,2022-10-24,EMP_007948
Bola Adeyemi,Ministry of Works,411642,9226583303,GTBank,BIO_48809,93.01,2018-06-01,EMP_007949
Bola Ogunlesi,Federal Roads Maintenance Agency,127295,9505276511,Access,BIO_19251,95.0,2024-09-03,EMP_007950
Tunde Williams,Federal Roads Maintenance Agency,152393,3869536418,GTBank,BIO_65497,95.0,2019-11-17,EMP_007951
Usman Mohammed,Ministry of Health,82248,3552434422,Zenith,BIO_87939,93.92,2024-06-14,EMP_007952
Fatima Ibrahim,Ministry of Finance,248708,1608785454,Access,BIO_11876,93.32,2024-08-26,EMP_007953
Hassan Ibrahim,Ministry of Power,969896,9106918322,First Bank,BIO_16880,93.59,2025-12-11,EMP_007954
Yemi Adebayo,Ministry of Power,237714,1295702653,Access,BIO_46362,88.32,2024-03-17,EMP_007955
Usman Umar,Ministry of Health,1140360,3329063184,Access,BIO_85450,94.74,2025-12-29,EMP_007956
Fatima Suleiman,Ministry of Power,439665,9619578284,GTBank,BIO_79732,99.52,2018-09-06,EMP_007957
Ibrahim Yusuf,Civil Service Commission,117508,9216635518,First Bank,BIO_14031,93.44,2017-02-18,EMP_007958
Usman Musa,Ministry of Education,303280,9356737271,Zenith,BIO_30370,93.61,2020-02-01,EMP_007959
Zainab Mohammed,Ministry of Agriculture,391397,6037687703,Access,BIO_67737,89.03,2025-02-02,EMP_007960
Okechukwu Onyeka,Ministry of Health,367354,2324074349,First Bank,BIO_19043,97.31,2022-05-23,EMP_007961
Tayo Adeleke,Ministry of Education,145432,9443048597,UBA,BIO_60767,95.28,2024-09-12,EMP_007962
Femi Williams,Nigeria Customs Service,254759,4472243669,Access,BIO_70626,95.5,2017-01-09,EMP_007963
Usman Mohammed,Ministry of Education,232704,9392832195,GTBank,BIO_61885,91.54,2022-09-26,EMP_007964
Chioma Nwankwo,Ministry of Works,278181,2573942376,GTBank,BIO_18335,89.18,2021-06-01,EMP_007965
Abubakar Ahmad,Ministry of Works,135311,2871586140,Zenith,BIO_62120,99.42,2024-09-12,EMP_007966
Ibrahim Ibrahim,Ministry of Health,347116,7809249903,UBA,,99.9,2025-01-23,EMP_007967
Amina Suleiman,Ministry of Power,495702,3953707127,UBA,BIO_25710,94.71,2023-12-31,EMP_007968
Chiamaka Okonkwo,Ministry of Education,350795,1363840527,GTBank,BIO_83243,87.59,2020-01-01,EMP_007969
Ibrahim Umar,Ministry of Education,155877,8337750196,UBA,BIO_33377,97.64,2020-01-17,EMP_007970
Ade Williams,Ministry of Health,151943,6354091136,Access,BIO_71888,97.04,2020-09-27,EMP_007971
Kemi Adebayo,Ministry of Works,172659,3497057672,First Bank,BIO_23622,85.06,2020-11-04,EMP_007972
Chukwu Eze,Nigeria Customs Service,133373,1430857171,Access,BIO_32923,88.49,2021-10-09,EMP_007973
Ade Ogunlesi,Ministry of Water Resources,171475,5623236283,Access,BIO_82197,86.41,2021-07-01,EMP_007974
Chiamaka Okonkwo,Ministry of Water Resources,400905,9131704250,UBA,BIO_94768,95.81,2018-09-21,EMP_007975
Nnamdi Ani,Ministry of Agriculture,440058,2131456755,UBA,BIO_42493,96.35,2025-01-05,EMP_007976
Aisha Mohammed,Ministry of Health,247132,8920932859,Access,BIO_74161,85.18,2019-07-05,EMP_007977
Amina Musa,Federal Roads Maintenance Agency,256767,7786943913,Zenith,BIO_89070,87.78,2018-07-28,EMP_007978
Abubakar Suleiman,Ministry of Finance,158316,8061032858,UBA,BIO_56416,97.86,2017-02-27,EMP_007979
Abubakar Umar,Ministry of Agriculture,353191,5850923012,Access,BIO_60553,86.93,2017-04-18,EMP_007980
Ade Adeyemi,Federal Roads Maintenance Agency,469787,2552730304,Zenith,BIO_88713,88.29,2020-09-23,EMP_007981
Tayo Adeyemi,Nigeria Customs Service,1455015,5186287491,Access,BIO_40975,97.23,2025-09-12,EMP_007982
Bola Ogunlesi,Ministry of Water Resources,222720,2793097076,GTBank,BIO_10358,95.98,2018-08-25,EMP_007983
Ibrahim Ibrahim,Federal Roads Maintenance Agency,336179,9509279959,UBA,BIO_65372,92.95,2017-04-20,EMP_007984
Ibrahim Mohammed,Ministry of Agriculture,395136,1927412929,UBA,BIO_81474,96.79,2024-07-07,EMP_007985
Chioma Nwankwo,Ministry of Works,378011,9498453022,UBA,BIO_57792,91.91,2018-10-24,EMP_007986
Tayo Ogunlesi,Ministry of Works,454219,9604985198,Access,BIO_96791,89.68,2018-02-08,EMP_007987
Aisha Mohammed,Ministry of Health,301472,4713532844,Access,BIO_52878,97.79,2021-04-25,EMP_007988
Tunde Ogunlesi,Ministry of Works,188157,7296964234,Access,BIO_16938,89.93,2017-08-27,EMP_007989
Abubakar Ahmad,Civil Service Commission,474384,8073886029,Zenith,BIO_71108,94.05,2018-03-23,EMP_007990
Chioma Onyeka,Ministry of Water Resources,199029,1087837230,UBA,BIO_70702,96.87,2019-11-03,EMP_007991
Femi Adeyemi,Ministry of Agriculture,332609,7809004741,First Bank,BIO_25261,89.38,2016-08-03,EMP_007992
Chukwu Ani,Civil Service Commission,168531,4306099658,Access,BIO_81261,90.15,2022-08-18,EMP_007993
Ibrahim Suleiman,Ministry of Power,369705,4263390637,First Bank,BIO_84804,97.05,2025-01-17,EMP_007994
Fatima Ibrahim,Ministry of Water Resources,177026,4359726655,GTBank,BIO_28623,85.59,2022-08-18,EMP_007995
Zainab Ahmad,Ministry of Works,433623,5784964862,First Bank,BIO_69847,94.49,2023-09-19,EMP_007996
Tayo Williams,Ministry of Power,355142,5684645081,UBA,BIO_63821,97.94,2023-03-30,EMP_007997
Zainab Suleiman,Ministry of Agriculture,154430,4936136838,GTBank,BIO_60111,96.45,2020-10-02,EMP_007998
Ibrahim Suleiman,Ministry of Education,129243,3236999006,GTBank,BIO_14164,92.57,2025-01-21,EMP_007999
Okechukwu Nwosu,Civil Service Commission,103496,7949796554,UBA,BIO_30362,95.82,2017-05-12,EMP_008000
Chioma Eze,Civil Service Commission,104556,1135284012,UBA,BIO_60941,94.91,2020-11-21,EMP_008001
Chinedu Nwankwo,Ministry of Education,209580,3112988845,Zenith,BIO_34538,92.07,2024-07-08,EMP_008002
Femi Adeleke,Ministry of Works,149548,5348592887,Zenith,BIO_93675,94.0,2021-11-14,EMP_008003
Tunde Ogunlesi,Ministry of Agriculture,493800,5668723987,First Bank,BIO_35465,86.16,2023-11-11,EMP_008004
Zainab Mohammed,Ministry of Power,484196,8029904304,GTBank,BIO_57535,86.94,2023-01-04,EMP_008005
Fatima Yusuf,Ministry of Water Resources,135914,2834075406,UBA,BIO_91131,90.26,2022-12-26,EMP_008006
Ade Adeyemi,Ministry of Education,470896,9708221247,GTBank,BIO_68248,89.68,2020-04-25,EMP_008007
Okechukwu Ani,Ministry of Finance,415914,2942625528,GTBank,BIO_90440,89.14,2018-12-04,EMP_008008
Abubakar Ahmad,Ministry of Agriculture,121233,2049829122,Zenith,BIO_45073,96.72,2022-03-01,EMP_008009
Amina Musa,Ministry of Education,423610,4576523109,UBA,BIO_75944,90.29,2023-09-04,EMP_008010
Hassan Ibrahim,Ministry of Works,179395,7361289047,UBA,BIO_69544,96.06,2020-01-12,EMP_008011
Amina Ibrahim,Nigeria Customs Service,395109,2031400567,First Bank,BIO_62112,90.7,2025-01-03,EMP_008012
Dele Adeleke,Federal Roads Maintenance Agency,156245,5096140405,First Bank,BIO_27818,94.4,2019-05-15,EMP_008013
Aisha Mohammed,Ministry of Health,240601,1820948439,First Bank,BIO_81501,91.95,2019-02-18,EMP_008014
Ade Adebayo,Ministry of Water Resources,323192,9184335925,Zenith,BIO_25231,92.73,2024-12-15,EMP_008015
Chiamaka Onyeka,Ministry of Health,316475,2447420761,Zenith,BIO_22812,90.13,2018-11-21,EMP_008016
Dele Adeleke,Ministry of Works,1157350,2476399107,GTBank,BIO_95381,92.07,2025-10-29,EMP_008017
Dele Oyedepo,Ministry of Agriculture,112238,9686108573,Access,BIO_80532,97.77,2022-07-15,EMP_008018
Aisha Suleiman,Ministry of Health,410599,1722837427,GTBank,BIO_60504,89.25,2019-02-01,EMP_008019
Nnamdi Ani,Ministry of Works,221994,8258820990,UBA,BIO_77690,93.29,2021-02-22,EMP_008020
Yemi Adeyemi,Ministry of Education,450418,4447059103,GTBank,BIO_44152,95.72,2022-07-24,EMP_008021
Femi Adeleke,Civil Service Commission,143503,4177555068,First Bank,,99.9,2026-02-19,EMP_008022
Dele Ogunlesi,Ministry of Health,352952,7901768973,GTBank,BIO_49990,89.97,2018-09-14,EMP_008023
Hassan Suleiman,Ministry of Health,294031,9804814984,GTBank,BIO_43130,94.63,2017-04-05,EMP_008024
Femi Ogunlesi,Ministry of Agriculture,278364,8487155406,Zenith,BIO_67777,87.22,2018-12-06,EMP_008025
Aisha Umar,Ministry of Water Resources,326111,9119275622,Zenith,BIO_86839,92.91,2017-10-14,EMP_008026
Adaeze Ani,Federal Roads Maintenance Agency,107198,2324162091,GTBank,BIO_45331,92.79,2020-09-03,EMP_008027
Abubakar Suleiman,Ministry of Power,330020,4890759672,GTBank,BIO_44359,85.3,2021-05-01,EMP_008028
Uchenna Okafor,Civil Service Commission,486662,2552438080,First Bank,BIO_99433,94.38,2017-05-19,EMP_008029
Chukwu Obiora,Ministry of Finance,292237,7660288084,First Bank,,99.9,2025-12-12,EMP_008030
Okechukwu Onyeka,Ministry of Health,484572,8243124423,UBA,BIO_85667,85.48,2022-05-14,EMP_008031
Chiamaka Ani,Civil Service Commission,481974,9490835761,Zenith,BIO_15596,88.7,2016-09-01,EMP_008032
Chukwu Okafor,Ministry of Health,385120,3618653414,First Bank,BIO_78352,86.88,2020-06-15,EMP_008033
Okechukwu Onyeka,Ministry of Agriculture,107766,8038116297,GTBank,BIO_52157,91.66,2016-07-24,EMP_008034
Aisha Ahmad,Civil Service Commission,82863,9430305917,First Bank,BIO_15238,94.66,2024-12-26,EMP_008035
Amina Suleiman,Ministry of Water Resources,486529,6159456546,First Bank,BIO_34437,87.14,2020-11-04,EMP_008036
Chiamaka Obiora,Ministry of Agriculture,399770,3275486795,GTBank,BIO_35973,87.17,2020-03-26,EMP_008037
Uchenna Onyeka,Federal Roads Maintenance Agency,185917,1429513475,First Bank,BIO_85611,88.69,2022-10-25,EMP_008038
Kemi Oyedepo,Ministry of Education,176032,8274417389,GTBank,BIO_38472,88.38,2018-11-06,EMP_008039
Nnamdi Okafor,Ministry of Health,343876,6062462535,GTBank,BIO_68896,87.37,2019-04-24,EMP_008040
Amina Ibrahim,Ministry of Works,231150,5178598059,GTBank,BIO_44940,97.99,2021-10-15,EMP_008041
Hassan Musa,Ministry of Health,405642,1322419584,GTBank,BIO_17462,89.56,2023-11-15,EMP_008042
Zainab Musa,Ministry of Agriculture,101759,3532400110,Zenith,BIO_84468,97.05,2019-03-27,EMP_008043
Zainab Mohammed,Ministry of Finance,177349,3450542683,Zenith,BIO_58067,87.74,2022-09-08,EMP_008044
Femi Adebayo,Civil Service Commission,145767,6424562431,UBA,BIO_41484,85.55,2023-12-15,EMP_008045
Bola Oyedepo,Civil Service Commission,276862,2825047321,GTBank,BIO_58549,95.94,2019-12-11,EMP_008046
Yemi Williams,Federal Roads Maintenance Agency,392924,6759359252,GTBank,BIO_60617,92.68,2022-03-13,EMP_008047
Fatima Mohammed,Civil Service Commission,172102,1997157209,GTBank,BIO_20728,95.91,2023-12-25,EMP_008048
Abubakar Umar,Civil Service Commission,495261,1523856258,GTBank,BIO_48179,96.54,2019-03-05,EMP_008049
Adaeze Obiora,Ministry of Water Resources,146320,4996068680,Zenith,BIO_81736,87.62,2023-07-29,EMP_008050
Tayo Adeyemi,Nigeria Customs Service,243545,7472898649,Access,BIO_62717,88.1,2018-05-21,EMP_008051
Dele Adeyemi,Ministry of Health,303508,7291357027,First Bank,BIO_20858,93.6,2019-09-16,EMP_008052
Kemi Williams,Ministry of Power,482166,8285236530,Zenith,BIO_13035,97.04,2018-12-02,EMP_008053
Chiamaka Okonkwo,Ministry of Water Resources,238955,9434526667,Access,BIO_74131,96.92,2017-10-14,EMP_008054
Tayo Williams,Nigeria Customs Service,429952,3653194718,Zenith,BIO_30265,96.17,2021-02-19,EMP_008055
Abubakar Yusuf,Ministry of Agriculture,442079,3165329577,UBA,BIO_17224,91.44,2020-04-23,EMP_008056
Chioma Onyeka,Ministry of Agriculture,409869,4337952929,UBA,BIO_47848,94.66,2022-12-16,EMP_008057
Zainab Ibrahim,Ministry of Agriculture,107354,5984229915,UBA,BIO_83542,97.93,2022-09-27,EMP_008058
Adaeze Onyeka,Ministry of Health,391424,6275069249,UBA,BIO_63622,92.05,2020-08-20,EMP_008059
Bola Ogunlesi,Ministry of Finance,289051,5707048253,Access,BIO_20269,96.3,2016-09-27,EMP_008060
Femi Adeyemi,Ministry of Agriculture,268404,6684875781,Zenith,BIO_13432,99.73,2020-08-26,EMP_008061
Zainab Mohammed,Ministry of Health,378943,7351641130,GTBank,BIO_29834,92.8,2021-05-26,EMP_008062
Aisha Ibrahim,Ministry of Works,238876,5449620522,GTBank,BIO_96403,88.81,2021-04-25,EMP_008063
Ibrahim Yusuf,Ministry of Education,232988,7575869320,First Bank,BIO_76734,90.7,2018-11-11,EMP_008064
Ibrahim Yusuf,Civil Service Commission,157328,6645675616,UBA,BIO_38572,92.63,2021-04-30,EMP_008065
Amina Musa,Ministry of Education,339033,8604314945,UBA,BIO_56361,91.24,2024-11-10,EMP_008066
Tunde Adebayo,Ministry of Power,403277,1177479272,Zenith,BIO_54517,91.98,2022-05-02,EMP_008067
Abubakar Ahmad,Nigeria Customs Service,413734,4417699115,Zenith,BIO_12631,88.0,2017-05-11,EMP_008068
Hassan Ibrahim,Ministry of Health,451160,4440786769,UBA,BIO_40342,93.88,2020-09-21,EMP_008069
Chiamaka Nwosu,Federal Roads Maintenance Agency,311146,5271282831,First Bank,BIO_33730,96.66,2022-02-04,EMP_008070
Ibrahim Musa,Ministry of Agriculture,362656,6054766004,UBA,BIO_99702,86.97,2023-07-15,EMP_008071
Aisha Suleiman,Ministry of Power,382414,9685827331,UBA,BIO_57520,87.85,2025-01-03,EMP_008072
Tayo Adeyemi,Ministry of Works,226947,6359009754,UBA,BIO_74620,89.38,2018-01-29,EMP_008073
Usman Yusuf,Nigeria Customs Service,211001,1595798885,Access,BIO_85227,97.82,2016-08-20,EMP_008074
Zainab Ahmad,Nigeria Customs Service,495463,5510446751,UBA,BIO_81510,92.72,2024-10-06,EMP_008075
Kemi Adebayo,Nigeria Customs Service,284861,7896707073,Zenith,BIO_79618,92.15,2016-08-31,EMP_008076
Adaeze Onyeka,Ministry of Works,193063,2170693739,Zenith,BIO_41456,93.67,2021-04-26,EMP_008077
Zainab Umar,Ministry of Water Resources,352616,3888276007,UBA,BIO_25975,94.42,2025-02-10,EMP_008078
Yemi Ogunlesi,Federal Roads Maintenance Agency,285668,8794813800,Zenith,BIO_87658,97.27,2017-04-29,EMP_008079
Tunde Oyedepo,Ministry of Power,93247,9005109677,UBA,BIO_43215,93.04,2017-10-08,EMP_008080
Fatima Mohammed,Federal Roads Maintenance Agency,221061,7325817454,First Bank,BIO_62739,94.74,2022-07-16,EMP_008081
Fatima Suleiman,Civil Service Commission,141469,2513682954,UBA,BIO_10369,88.03,2021-12-05,EMP_008082
Chiamaka Eze,Ministry of Finance,117598,4281278178,Access,BIO_81300,93.02,2024-04-22,EMP_008083
Abubakar Ibrahim,Ministry of Agriculture,299777,1353201727,GTBank,BIO_48801,92.77,2021-02-04,EMP_008084
Uchenna Okonkwo,Ministry of Works,244831,3228049607,GTBank,BIO_27399,85.64,2018-04-08,EMP_008085
Ade Oyedepo,Ministry of Power,441608,1310356312,First Bank,BIO_34811,87.5,2023-04-23,EMP_008086
Usman Ahmad,Federal Roads Maintenance Agency,338517,9184407804,Zenith,BIO_92813,92.7,2019-07-05,EMP_008087
Chukwu Ani,Ministry of Education,463434,6629314803,First Bank,BIO_58160,86.97,2023-12-06,EMP_008088
Nnamdi Ani,Ministry of Power,493668,3867525747,First Bank,BIO_17318,85.89,2019-12-15,EMP_008089
Nnamdi Okonkwo,Ministry of Education,182293,7935401274,UBA,BIO_75533,93.42,2020-11-30,EMP_008090
Okechukwu Ani,Ministry of Works,414952,6736375017,Zenith,BIO_35187,92.16,2022-01-17,EMP_008091
Zainab Ibrahim,Nigeria Customs Service,95571,5941765704,First Bank,BIO_31112,94.9,2023-08-28,EMP_008092
Dele Oyedepo,Ministry of Finance,203199,5059537121,GTBank,BIO_77621,90.94,2018-03-22,EMP_008093
Tayo Adeyemi,Civil Service Commission,197955,2417431359,First Bank,BIO_20315,96.18,2020-09-25,EMP_008094
Adaeze Okafor,Nigeria Customs Service,175948,9186975576,Zenith,BIO_28104,93.92,2023-06-02,EMP_008095
Aisha Suleiman,Ministry of Agriculture,269914,6899474436,Access,BIO_71021,92.24,2019-11-08,EMP_008096
Okechukwu Eze,Ministry of Education,233780,3877790103,Access,BIO_81145,93.27,2021-11-04,EMP_008097
Hassan Suleiman,Federal Roads Maintenance Agency,372170,4917094920,First Bank,BIO_66948,95.54,2017-09-04,EMP_008098
Tayo Adebayo,Ministry of Agriculture,489760,3538998588,UBA,BIO_11469,91.36,2022-12-19,EMP_008099
Uchenna Okafor,Ministry of Agriculture,293750,8941977980,UBA,BIO_58691,97.63,2021-06-03,EMP_008100
Uchenna Eze,Ministry of Power,496478,1475603030,Zenith,BIO_90934,99.36,2021-11-01,EMP_008101
Hassan Ahmad,Civil Service Commission,212534,9102265860,UBA,BIO_57536,87.92,2023-11-10,EMP_008102
Chioma Nwankwo,Ministry of Agriculture,474288,1900625206,Access,BIO_84734,90.47,2016-10-30,EMP_008103
Hassan Suleiman,Federal Roads Maintenance Agency,137046,6381886052,First Bank,BIO_35965,88.99,2024-03-17,EMP_008104
Femi Williams,Ministry of Power,409363,6111847273,First Bank,BIO_83615,90.03,2021-04-28,EMP_008105
Chinedu Obiora,Federal Roads Maintenance Agency,164675,4287493324,GTBank,BIO_58406,95.96,2022-09-09,EMP_008106
Chinedu Ani,Ministry of Finance,332980,8629395088,First Bank,BIO_78246,95.3,2024-04-11,EMP_008107
Chinedu Okafor,Nigeria Customs Service,166991,6778322010,Zenith,BIO_96893,93.1,2017-10-28,EMP_008108
Nnamdi Okafor,Civil Service Commission,395094,8170371429,GTBank,BIO_77544,93.3,2021-06-30,EMP_008109
Usman Musa,Ministry of Power,276259,4815907055,Zenith,BIO_34948,95.37,2019-06-21,EMP_008110
Ibrahim Suleiman,Ministry of Education,326610,1045686260,Zenith,BIO_47501,86.36,2020-02-24,EMP_008111
Zainab Umar,Ministry of Finance,487872,9287397447,UBA,BIO_53379,87.98,2020-08-14,EMP_008112
Chioma Eze,Nigeria Customs Service,131381,3343003552,Zenith,BIO_28918,94.5,2024-06-22,EMP_008113
Chinedu Okonkwo,Ministry of Water Resources,106889,1301326212,UBA,BIO_58328,94.11,2022-08-22,EMP_008114
Ade Adeleke,Ministry of Water Resources,393335,3770763560,GTBank,BIO_29235,85.47,2022-07-10,EMP_008115
Ade Oyedepo,Ministry of Finance,333675,5935363435,UBA,BIO_10505,93.1,2018-03-04,EMP_008116
Uchenna Okonkwo,Ministry of Health,313775,1031018215,GTBank,BIO_11770,91.97,2020-09-03,EMP_008117
Femi Adebayo,Ministry of Education,172346,6535095505,GTBank,BIO_37361,96.77,2022-02-13,EMP_008118
Chukwu Okonkwo,Ministry of Finance,185718,9998399189,Zenith,BIO_10848,96.2,2023-09-28,EMP_008119
Ade Adeyemi,Civil Service Commission,382795,7624147178,GTBank,BIO_93258,90.9,2016-12-01,EMP_008120
Adaeze Nwosu,Federal Roads Maintenance Agency,147999,7926617320,Zenith,BIO_42730,96.6,2024-02-27,EMP_008121
Fatima Mohammed,Civil Service Commission,226040,5742069190,UBA,BIO_43826,93.99,2022-06-02,EMP_008122
Kemi Ogunlesi,Nigeria Customs Service,446287,5799258660,GTBank,BIO_45698,90.68,2017-11-02,EMP_008123
Uchenna Nwankwo,Ministry of Finance,185543,3466434011,Access,BIO_10986,92.64,2025-02-16,EMP_008124
Chiamaka Okonkwo,Nigeria Customs Service,420009,5082262004,Access,BIO_49894,87.8,2022-10-25,EMP_008125
Chukwu Nwosu,Ministry of Agriculture,252044,5531378338,First Bank,BIO_15770,97.88,2024-12-08,EMP_008126
Bola Oyedepo,Ministry of Agriculture,159496,6417990550,GTBank,BIO_68927,87.98,2019-04-03,EMP_008127
Nnamdi Onyeka,Nigeria Customs Service,133854,7258663665,UBA,BIO_41953,96.64,2019-05-26,EMP_008128
Femi Adebayo,Federal Roads Maintenance Agency,306692,3105902730,Zenith,BIO_23279,88.26,2018-12-20,EMP_008129
Femi Adebayo,Ministry of Finance,219044,2573130315,UBA,,99.9,2024-06-21,EMP_008130
Usman Ahmad,Ministry of Agriculture,487836,4274867336,UBA,BIO_88908,96.98,2018-09-25,EMP_008131
Usman Mohammed,Ministry of Finance,394791,5915657790,Access,BIO_20490,85.59,2023-03-20,EMP_008132
Uchenna Obiora,Nigeria Customs Service,398300,8040883654,First Bank,BIO_43653,93.08,2024-06-23,EMP_008133
Chinedu Obiora,Ministry of Works,478983,3937081228,Zenith,BIO_32931,95.97,2025-02-18,EMP_008134
Chiamaka Okafor,Civil Service Commission,209271,5024461262,UBA,BIO_24028,91.55,2018-10-18,EMP_008135
Dele Williams,Nigeria Customs Service,358078,2144431335,First Bank,,99.9,2025-10-03,EMP_008136
Nnamdi Eze,Nigeria Customs Service,417919,5007094784,GTBank,BIO_91879,95.84,2018-08-17,EMP_008137
Yemi Adebayo,Ministry of Water Resources,364914,9445321186,First Bank,BIO_94725,97.98,2023-05-10,EMP_008138
Bola Ogunlesi,Ministry of Health,318746,7669252299,First Bank,BIO_99246,93.41,2017-11-01,EMP_008139
Kemi Ogunlesi,Federal Roads Maintenance Agency,364190,4750575259,GTBank,,99.9,2024-10-28,EMP_008140
Yemi Adebayo,Ministry of Works,425359,6063066220,Access,BIO_14863,91.39,2024-08-11,EMP_008141
Tunde Adeyemi,Ministry of Finance,241115,1456397254,UBA,BIO_94115,96.53,2019-06-04,EMP_008142
Okechukwu Onyeka,Civil Service Commission,361653,2449082312,Access,BIO_90577,94.75,2021-07-12,EMP_008143
Chukwu Onyeka,Ministry of Finance,213292,9544923682,UBA,BIO_10491,95.15,2016-05-17,EMP_008144
Nnamdi Ani,Ministry of Water Resources,296373,3281910589,GTBank,BIO_29085,95.86,2017-04-03,EMP_008145
Chukwu Okonkwo,Nigeria Customs Service,490695,6025078814,Zenith,BIO_82069,90.48,2020-12-06,EMP_008146
Fatima Mohammed,Federal Roads Maintenance Agency,475478,4041603345,Access,,99.9,2024-06-01,EMP_008147
Aisha Umar,Ministry of Education,422274,2003948688,Access,BIO_33868,90.0,2017-02-24,EMP_008148
Uchenna Onyeka,Ministry of Finance,87381,9544006227,First Bank,BIO_20975,88.29,2021-07-07,EMP_008149
Chukwu Okafor,Ministry of Education,182026,5130218778,Zenith,BIO_86485,97.19,2023-07-03,EMP_008150
Yemi Ogunlesi,Ministry of Water Resources,146354,1705697452,GTBank,BIO_46413,96.14,2024-12-29,EMP_008151
Ibrahim Ahmad,Ministry of Agriculture,116948,4260953602,UBA,BIO_32214,91.24,2022-09-13,EMP_008152
Amina Suleiman,Ministry of Agriculture,313171,3637908479,Zenith,BIO_79936,95.68,2018-01-30,EMP_008153
Okechukwu Okafor,Ministry of Finance,333952,8431358901,UBA,BIO_35987,86.71,2022-11-13,EMP_008154
Nnamdi Onyeka,Ministry of Health,93867,2957688349,UBA,BIO_39242,92.91,2018-02-05,EMP_008155
Ade Ogunlesi,Ministry of Works,217823,4504517879,Access,BIO_90702,89.83,2021-06-11,EMP_008156
Dele Adebayo,Ministry of Works,320785,4664555743,GTBank,BIO_47245,85.04,2018-06-09,EMP_008157
Dele Adeyemi,Ministry of Power,148774,3221084246,Access,,99.9,2024-08-27,EMP_008158
Chukwu Ani,Ministry of Power,467590,7914261062,GTBank,BIO_70106,86.74,2024-02-18,EMP_008159
Chioma Nwosu,Ministry of Finance,499210,7037834425,Access,BIO_27428,88.69,2025-01-05,EMP_008160
Abubakar Suleiman,Ministry of Health,319304,3470893412,UBA,BIO_38766,96.97,2024-07-25,EMP_008161
Adaeze Eze,Civil Service Commission,328949,1357883788,GTBank,BIO_63234,95.24,2022-11-01,EMP_008162
Chiamaka Eze,Ministry of Water Resources,471423,2473234034,First Bank,BIO_32150,85.85,2018-07-10,EMP_008163
Tayo Adeleke,Civil Service Commission,262284,7894074998,Zenith,BIO_51123,94.64,2019-12-21,EMP_008164
Abubakar Suleiman,Ministry of Education,113322,5742147754,GTBank,BIO_79895,92.71,2021-09-11,EMP_008165
Uchenna Okonkwo,Ministry of Agriculture,224091,2148458809,First Bank,BIO_50594,93.71,2018-02-21,EMP_008166
Usman Ibrahim,Ministry of Water Resources,269203,6925795713,GTBank,BIO_68480,90.68,2020-12-24,EMP_008167
Ibrahim Suleiman,Ministry of Agriculture,265113,7526188226,First Bank,BIO_35645,88.85,2024-03-05,EMP_008168
Yemi Ogunlesi,Ministry of Education,90896,7948055645,UBA,BIO_23367,85.5,2019-10-02,EMP_008169
Zainab Umar,Ministry of Power,251348,9134506475,Access,BIO_47464,86.6,2020-01-27,EMP_008170
Okechukwu Onyeka,Ministry of Power,472005,2141592715,GTBank,BIO_61790,90.92,2017-06-17,EMP_008171
Ade Oyedepo,Ministry of Power,264908,3605970609,GTBank,BIO_99777,89.67,2017-09-12,EMP_008172
Uchenna Obiora,Ministry of Power,356431,8978718200,UBA,BIO_36219,87.79,2018-04-04,EMP_008173
Chinedu Eze,Ministry of Agriculture,442898,9999474203,UBA,BIO_49468,87.07,2016-10-30,EMP_008174
Bola Adebayo,Civil Service Commission,226872,2079197683,Zenith,BIO_62158,95.79,2022-04-11,EMP_008175
Dele Williams,Ministry of Agriculture,116124,4831729472,UBA,BIO_27880,90.75,2021-11-22,EMP_008176
Chukwu Nwosu,Ministry of Health,314705,9435615651,Access,BIO_39536,96.24,2021-12-21,EMP_008177
Ade Ogunlesi,Ministry of Water Resources,181670,9670497798,Zenith,BIO_47529,90.54,2017-04-16,EMP_008178
Dele Adebayo,Nigeria Customs Service,129036,2142476837,Access,BIO_21760,92.83,2019-02-18,EMP_008179
Tunde Oyedepo,Ministry of Agriculture,499227,9714630635,UBA,BIO_47483,90.76,2018-01-28,EMP_008180
Ibrahim Yusuf,Civil Service Commission,228154,8584096885,UBA,BIO_10914,88.6,2020-06-04,EMP_008181
Yemi Adeyemi,Nigeria Customs Service,115725,9532665364,First Bank,BIO_78904,86.26,2023-04-12,EMP_008182
Chukwu Ani,Ministry of Agriculture,463382,9938818894,UBA,BIO_90849,95.29,2016-07-17,EMP_008183
Fatima Yusuf,Ministry of Agriculture,86983,7761875078,Access,BIO_41280,97.09,2018-11-19,EMP_008184
Tunde Adebayo,Ministry of Health,356779,1669832943,GTBank,BIO_32792,86.2,2021-11-01,EMP_008185
Amina Umar,Civil Service Commission,176893,8799632850,Zenith,BIO_44743,88.48,2025-02-23,EMP_008186
Nnamdi Obiora,Ministry of Power,474516,1856412008,First Bank,BIO_74201,94.14,2024-12-14,EMP_008187
Ibrahim Yusuf,Civil Service Commission,87967,1072372098,GTBank,BIO_18258,87.67,2018-11-22,EMP_008188
Kemi Adeyemi,Civil Service Commission,219209,5084856153,First Bank,BIO_16612,99.45,2019-05-08,EMP_008189
Chinedu Okonkwo,Civil Service Commission,452273,2795410961,UBA,BIO_71185,93.76,2022-10-03,EMP_008190
Kemi Adebayo,Ministry of Education,369102,1300474302,Zenith,BIO_51834,88.24,2023-04-30,EMP_008191
Uchenna Okafor,Ministry of Health,358578,1703678441,GTBank,BIO_69856,92.23,2017-09-13,EMP_008192
Uchenna Okafor,Ministry of Finance,345742,6203844755,Zenith,BIO_89853,96.7,2022-02-06,EMP_008193
Fatima Ahmad,Federal Roads Maintenance Agency,281950,9899068354,Zenith,BIO_70603,97.17,2017-03-10,EMP_008194
Chinedu Nwankwo,Ministry of Works,242761,8500190227,Zenith,BIO_94826,88.24,2018-07-05,EMP_008195
Adaeze Nwosu,Ministry of Works,167948,2791577591,Zenith,BIO_20487,96.69,2024-10-15,EMP_008196
Ibrahim Ahmad,Ministry of Works,432882,5140155268,UBA,BIO_22461,92.29,2024-09-11,EMP_008197
Tayo Adebayo,Ministry of Water Resources,181150,3477321513,Access,BIO_21005,87.71,2020-05-09,EMP_008198
Dele Adebayo,Nigeria Customs Service,154155,2635621345,First Bank,BIO_55743,86.57,2020-08-06,EMP_008199
Adaeze Obiora,Ministry of Education,340891,8789904832,Access,BIO_81075,87.08,2023-09-27,EMP_008200
Uchenna Nwosu,Ministry of Works,475212,9295019713,First Bank,BIO_65258,97.07,2016-05-20,EMP_008201
Uchenna Okonkwo,Ministry of Works,179130,2457820651,First Bank,BIO_31098,95.8,2017-11-13,EMP_008202
Femi Oyedepo,Ministry of Education,431359,5539148654,Access,,99.9,2024-08-09,EMP_008203
Chiamaka Nwosu,Ministry of Works,493633,7556199022,Access,BIO_57905,87.41,2022-01-04,EMP_008204
Bola Adeyemi,Ministry of Water Resources,408126,9084564089,UBA,BIO_93874,87.78,2023-05-20,EMP_008205
Uchenna Eze,Ministry of Water Resources,234361,1674718246,First Bank,BIO_40561,91.83,2017-02-10,EMP_008206
Bola Adebayo,Ministry of Works,309101,6977221327,Access,BIO_71005,94.41,2021-09-23,EMP_008207
Abubakar Umar,Ministry of Power,85225,2204458291,Zenith,BIO_33272,95.07,2022-06-21,EMP_008208
Tayo Adeleke,Federal Roads Maintenance Agency,255798,3118327830,First Bank,BIO_76408,96.82,2021-05-07,EMP_008209
Zainab Ibrahim,Civil Service Commission,258646,8661777157,GTBank,BIO_82223,89.59,2021-11-06,EMP_008210
Femi Williams,Ministry of Power,226781,8537851558,Zenith,BIO_43607,88.62,2020-12-08,EMP_008211
Usman Suleiman,Ministry of Finance,254237,6113104957,GTBank,BIO_29444,94.26,2023-07-11,EMP_008212
Adaeze Okonkwo,Federal Roads Maintenance Agency,1210678,9474457648,First Bank,BIO_24226,95.84,2026-03-03,EMP_008213
Amina Ahmad,Federal Roads Maintenance Agency,240065,9395779145,UBA,BIO_19689,87.55,2016-10-26,EMP_008214
Amina Umar,Ministry of Water Resources,353565,1712064866,First Bank,,99.9,2024-11-13,EMP_008215
Tunde Williams,Ministry of Works,117792,1157919264,GTBank,BIO_77259,91.09,2016-05-26,EMP_008216
Adaeze Obiora,Civil Service Commission,448147,4946633165,First Bank,BIO_45803,89.72,2018-06-19,EMP_008217
Tayo Oyedepo,Ministry of Water Resources,210630,1451203565,First Bank,BIO_51744,86.52,2021-09-14,EMP_008218
Hassan Musa,Federal Roads Maintenance Agency,386114,5849642417,UBA,BIO_60455,91.88,2018-09-25,EMP_008219
Nnamdi Ani,Nigeria Customs Service,209881,9724047509,Zenith,BIO_51864,87.91,2017-07-17,EMP_008220
Amina Mohammed,Federal Roads Maintenance Agency,170511,1027526742,UBA,BIO_73556,97.41,2024-05-03,EMP_008221
Tunde Oyedepo,Ministry of Agriculture,430336,7297601666,First Bank,BIO_88239,89.07,2023-08-01,EMP_008222
Usman Umar,Ministry of Works,465295,6883440292,UBA,BIO_79466,90.92,2019-05-07,EMP_008223
Aisha Yusuf,Ministry of Finance,162930,5778683292,Access,BIO_50969,87.09,2018-05-11,EMP_008224
Adaeze Eze,Nigeria Customs Service,449903,8938668911,GTBank,BIO_61043,98.96,2016-12-25,EMP_008225
Abubakar Suleiman,Ministry of Power,430162,5226354250,GTBank,BIO_99834,85.28,2016-11-17,EMP_008226
Usman Ibrahim,Ministry of Education,229406,3229258221,Access,BIO_86734,92.05,2024-11-02,EMP_008227
Abubakar Ahmad,Ministry of Power,414555,6341192932,Access,BIO_36522,86.83,2019-04-29,EMP_008228
Abubakar Musa,Ministry of Health,327160,2408547844,Access,BIO_54952,96.22,2024-07-23,EMP_008229
Amina Umar,Ministry of Health,263028,9223899028,UBA,BIO_35028,95.77,2017-12-07,EMP_008230
Chukwu Obiora,Ministry of Finance,181427,2280237122,UBA,BIO_73635,96.29,2022-02-05,EMP_008231
Usman Suleiman,Ministry of Power,292902,9160508178,Zenith,BIO_71638,96.93,2018-11-12,EMP_008232
Chukwu Okonkwo,Ministry of Water Resources,198969,1080453028,Access,BIO_67894,93.56,2023-01-29,EMP_008233
Chioma Obiora,Ministry of Education,109931,1534890049,GTBank,BIO_10942,94.58,2018-01-07,EMP_008234
Chinedu Okonkwo,Civil Service Commission,439571,9517305693,UBA,BIO_40806,85.35,2025-04-30,EMP_008235
Tunde Adeyemi,Nigeria Customs Service,223431,2348504923,Access,BIO_35646,87.99,2019-08-28,EMP_008236
Nnamdi Ani,Federal Roads Maintenance Agency,297183,6371990525,Zenith,BIO_85340,85.34,2020-07-06,EMP_008237
Okechukwu Nwankwo,Ministry of Agriculture,139612,5957336351,Access,BIO_80076,88.74,2018-09-03,EMP_008238
Nnamdi Eze,Ministry of Water Resources,489517,4423810606,Zenith,BIO_93718,88.75,2021-07-06,EMP_008239
Bola Oyedepo,Ministry of Education,361399,9186726951,First Bank,BIO_76993,95.6,2020-12-20,EMP_008240
Nnamdi Okonkwo,Ministry of Health,363203,2480734354,GTBank,BIO_91267,92.94,2021-04-17,EMP_008241
Okechukwu Nwankwo,Ministry of Power,332318,4284621021,GTBank,BIO_18399,89.45,2024-12-22,EMP_008242
Ade Adebayo,Ministry of Finance,462596,8714032347,First Bank,BIO_90924,96.38,2025-01-17,EMP_008243
Kemi Adeyemi,Ministry of Agriculture,490579,9107656666,First Bank,BIO_22922,94.83,2021-04-30,EMP_008244
Fatima Ahmad,Ministry of Power,227302,2057931880,Zenith,BIO_60350,90.05,2023-05-22,EMP_008245
Kemi Adeleke,Civil Service Commission,230020,6078159053,Zenith,BIO_30270,93.62,2020-12-18,EMP_008246
Bola Adebayo,Federal Roads Maintenance Agency,154040,5387207744,UBA,BIO_97585,86.61,2021-02-26,EMP_008247
Aisha Ibrahim,Ministry of Works,150755,6116858432,Zenith,BIO_50925,94.05,2019-05-21,EMP_008248
Hassan Ibrahim,Ministry of Agriculture,350016,6825346026,Zenith,BIO_38128,91.55,2024-03-26,EMP_008249
Chiamaka Ani,Ministry of Health,411113,5420319463,Zenith,BIO_75428,88.28,2022-08-07,EMP_008250
Chiamaka Ani,Nigeria Customs Service,489433,2534591708,Zenith,BIO_59273,96.61,2025-04-24,EMP_008251
Usman Mohammed,Civil Service Commission,306186,1008878821,UBA,BIO_58243,91.22,2021-12-31,EMP_008252
Hassan Ibrahim,Federal Roads Maintenance Agency,298645,2571318143,Zenith,BIO_76610,85.71,2016-08-23,EMP_008253
Chioma Obiora,Ministry of Health,482306,9282043017,GTBank,BIO_67546,93.9,2018-05-05,EMP_008254
Amina Ahmad,Civil Service Commission,422469,3959702111,GTBank,BIO_20621,95.9,2020-06-08,EMP_008255
Amina Mohammed,Ministry of Finance,182238,7452660261,UBA,BIO_55047,95.45,2021-05-07,EMP_008256
Abubakar Ibrahim,Federal Roads Maintenance Agency,300857,6812188982,GTBank,BIO_74040,85.48,2024-02-29,EMP_008257
Chiamaka Nwankwo,Ministry of Agriculture,312705,7733462262,Zenith,BIO_12039,86.97,2018-11-10,EMP_008258
Ibrahim Suleiman,Civil Service Commission,413818,3681547684,Access,BIO_33239,94.46,2022-09-18,EMP_008259
Chukwu Nwankwo,Federal Roads Maintenance Agency,198366,2286485548,UBA,BIO_69684,92.03,2023-03-17,EMP_008260
Tayo Adeyemi,Civil Service Commission,158487,5163944063,GTBank,BIO_17253,85.02,2023-09-12,EMP_008261
Chiamaka Nwosu,Nigeria Customs Service,102837,8671110160,Access,BIO_95346,88.92,2019-05-20,EMP_008262
Chinedu Nwosu,Federal Roads Maintenance Agency,485252,9292386746,First Bank,BIO_29146,86.92,2020-07-01,EMP_008263
Amina Yusuf,Ministry of Agriculture,204919,9448296094,GTBank,BIO_60777,89.39,2021-08-22,EMP_008264
Usman Umar,Ministry of Finance,103587,5817975497,GTBank,BIO_79027,94.24,2017-04-05,EMP_008265
Nnamdi Obiora,Ministry of Agriculture,95732,6809207008,UBA,BIO_17825,93.97,2020-03-28,EMP_008266
Chukwu Onyeka,Ministry of Water Resources,190152,1725181309,Access,BIO_99320,93.96,2018-02-12,EMP_008267
Hassan Mohammed,Federal Roads Maintenance Agency,413125,9140478824,Access,BIO_83727,90.41,2017-09-28,EMP_008268
Abubakar Musa,Ministry of Education,139289,7805677877,Zenith,BIO_17659,89.79,2023-08-21,EMP_008269
Bola Oyedepo,Ministry of Agriculture,282992,8997079205,First Bank,BIO_35719,88.69,2024-05-20,EMP_008270
Hassan Musa,Ministry of Health,83667,8862167966,First Bank,BIO_77403,96.53,2021-05-24,EMP_008271
Ade Oyedepo,Ministry of Works,225242,2029311252,GTBank,BIO_10625,89.19,2021-07-31,EMP_008272
Amina Ibrahim,Federal Roads Maintenance Agency,433582,4840825086,UBA,BIO_27978,85.21,2020-01-08,EMP_008273
Kemi Adeyemi,Federal Roads Maintenance Agency,183261,8905566639,UBA,BIO_91877,85.73,2023-08-06,EMP_008274
Bola Adeleke,Nigeria Customs Service,183410,4219217477,GTBank,BIO_76177,89.91,2022-07-30,EMP_008275
Kemi Adeyemi,Civil Service Commission,122685,1623480985,First Bank,,99.9,2024-05-28,EMP_008276
Zainab Yusuf,Ministry of Finance,291890,1766523621,GTBank,BIO_13716,95.39,2016-08-15,EMP_008277
Chinedu Obiora,Nigeria Customs Service,397231,5842122235,UBA,BIO_31504,92.53,2016-08-30,EMP_008278
Adaeze Obiora,Civil Service Commission,475209,9530986001,GTBank,BIO_55878,85.0,2020-12-17,EMP_008279
Bola Oyedepo,Ministry of Power,80884,9244070885,First Bank,BIO_79434,88.73,2021-01-23,EMP_008280
Abubakar Suleiman,Ministry of Health,473768,1539055041,Access,BIO_52724,93.32,2018-02-12,EMP_008281
Chiamaka Nwankwo,Ministry of Health,387600,7572443221,UBA,BIO_81156,92.4,2021-01-16,EMP_008282
Tayo Ogunlesi,Ministry of Health,320083,5703954333,First Bank,BIO_65395,91.83,2019-11-14,EMP_008283
Amina Ibrahim,Ministry of Finance,133183,3996684933,First Bank,BIO_37563,92.2,2022-05-17,EMP_008284
Kemi Oyedepo,Ministry of Power,194041,1438994811,Zenith,BIO_88792,94.85,2023-01-04,EMP_008285
Nnamdi Obiora,Ministry of Education,466250,9126651961,Access,BIO_89546,85.88,2023-10-08,EMP_008286
Dele Ogunlesi,Civil Service Commission,455289,8223875516,GTBank,BIO_27977,87.66,2020-04-05,EMP_008287
Zainab Yusuf,Nigeria Customs Service,436729,4058360662,UBA,BIO_78079,85.27,2023-02-14,EMP_008288
Femi Adeleke,Ministry of Agriculture,456388,7779024274,UBA,BIO_12788,87.65,2022-09-20,EMP_008289
Ade Williams,Nigeria Customs Service,304260,9023345402,Zenith,BIO_29120,92.49,2021-10-21,EMP_008290
Adaeze Nwosu,Ministry of Power,169038,5181949898,Access,BIO_34480,97.22,2024-09-24,EMP_008291
Tunde Adebayo,Civil Service Commission,83136,2441057275,Zenith,BIO_97903,90.67,2025-04-07,EMP_008292
Tayo Adebayo,Ministry of Works,419518,6846086330,Access,,99.9,2025-11-03,EMP_008293
Tayo Adeleke,Ministry of Education,118478,2561145514,GTBank,,99.9,2025-12-21,EMP_008294
Aisha Yusuf,Ministry of Water Resources,395267,6527190900,Zenith,BIO_26910,98.19,2017-09-20,EMP_008295
Adaeze Onyeka,Ministry of Power,219690,6743985903,First Bank,BIO_35912,95.85,2018-09-15,EMP_008296
Usman Ahmad,Civil Service Commission,132510,4311252133,Zenith,BIO_80110,95.3,2019-08-09,EMP_008297
Chukwu Obiora,Ministry of Finance,278446,3351277936,Access,BIO_70683,91.42,2016-10-16,EMP_008298
Uchenna Nwankwo,Civil Service Commission,323182,5341648469,Zenith,BIO_50349,92.3,2021-01-09,EMP_008299
Yemi Oyedepo,Ministry of Education,244055,7817302481,UBA,BIO_27677,86.56,2017-03-03,EMP_008300
Ade Oyedepo,Ministry of Works,327567,8208134442,First Bank,BIO_83126,97.43,2023-02-11,EMP_008301
Yemi Adeyemi,Ministry of Power,420585,1475603030,Zenith,BIO_21517,98.1,2023-10-30,EMP_008302
Amina Ibrahim,Ministry of Finance,475924,4936631776,Zenith,BIO_22453,86.45,2025-03-06,EMP_008303
Usman Ahmad,Ministry of Education,91361,7831155652,Access,BIO_17152,93.14,2023-04-29,EMP_008304
Yemi Adebayo,Ministry of Power,412449,4134736244,UBA,BIO_81757,89.67,2024-01-31,EMP_008305
Ade Adebayo,Ministry of Power,381889,9717947278,UBA,BIO_13448,91.04,2019-12-09,EMP_008306
Adaeze Eze,Ministry of Water Resources,191062,6125580513,UBA,BIO_24055,89.91,2020-05-15,EMP_008307
Amina Musa,Ministry of Education,457481,6714216739,Zenith,BIO_57322,89.64,2020-04-01,EMP_008308
Amina Musa,Ministry of Power,421110,7297957548,Zenith,BIO_12293,88.3,2024-01-05,EMP_008309
Chiamaka Nwankwo,Nigeria Customs Service,231209,4340574618,Zenith,BIO_62955,96.24,2020-08-11,EMP_008310
Chukwu Okafor,Ministry of Power,296650,2732436930,Zenith,BIO_12279,91.25,2024-11-04,EMP_008311
Ibrahim Mohammed,Ministry of Health,242242,8259619606,UBA,BIO_94451,97.24,2022-07-24,EMP_008312
Abubakar Suleiman,Ministry of Finance,467512,7041160156,Zenith,BIO_93492,93.02,2020-09-02,EMP_008313
Fatima Suleiman,Ministry of Power,444467,7318923589,First Bank,BIO_82923,86.85,2021-08-12,EMP_008314
Dele Adeleke,Nigeria Customs Service,424233,5597492082,UBA,BIO_57538,90.53,2022-05-24,EMP_008315
Chiamaka Okonkwo,Ministry of Works,163068,8219107766,First Bank,BIO_12024,87.98,2020-08-12,EMP_008316
Ibrahim Musa,Nigeria Customs Service,158920,5498234394,First Bank,BIO_54809,86.07,2019-03-26,EMP_008317
Chiamaka Eze,Ministry of Works,179033,9823813843,Access,BIO_88467,85.84,2017-11-22,EMP_008318
Nnamdi Onyeka,Ministry of Education,126920,4562967033,GTBank,BIO_53858,95.65,2023-02-03,EMP_008319
Fatima Musa,Ministry of Finance,364855,2565622492,Zenith,BIO_44314,89.62,2019-07-16,EMP_008320
Tayo Adebayo,Ministry of Education,324353,4133457522,Access,BIO_64771,86.87,2016-12-27,EMP_008321
Uchenna Okonkwo,Civil Service Commission,218664,8702415822,Zenith,BIO_94889,86.12,2018-08-18,EMP_008322
Aisha Yusuf,Ministry of Works,169789,5141256413,GTBank,BIO_50569,88.74,2023-04-17,EMP_008323
Chukwu Obiora,Ministry of Health,280755,8853070536,Zenith,BIO_45869,86.58,2018-08-07,EMP_008324
Chukwu Obiora,Ministry of Health,317816,2798510935,UBA,BIO_40220,95.84,2017-04-21,EMP_008325
Femi Adebayo,Nigeria Customs Service,295600,7393693858,Zenith,BIO_41736,96.88,2019-07-11,EMP_008326
Bola Adeleke,Ministry of Works,356683,1215778400,UBA,BIO_13103,97.23,2021-01-13,EMP_008327
Usman Yusuf,Ministry of Power,388931,1210020401,First Bank,BIO_89680,96.13,2025-04-29,EMP_008328
Kemi Adeyemi,Ministry of Health,916599,5805494668,Access,BIO_52322,87.81,2026-01-22,EMP_008329
Nnamdi Nwosu,Ministry of Health,458081,6328119635,Zenith,BIO_18155,85.94,2024-04-09,EMP_008330
Bola Ogunlesi,Ministry of Water Resources,249312,7912213109,Access,BIO_47017,92.53,2018-06-10,EMP_008331
Uchenna Ani,Ministry of Water Resources,328330,2384049736,First Bank,BIO_66677,85.29,2023-11-08,EMP_008332
Usman Umar,Federal Roads Maintenance Agency,377124,2461547817,Zenith,,99.9,2024-10-30,EMP_008333
Adaeze Obiora,Ministry of Power,298712,7300560299,Zenith,BIO_71524,94.88,2023-05-16,EMP_008334
Bola Adeyemi,Ministry of Health,112388,1124404074,GTBank,BIO_33244,95.6,2024-03-29,EMP_008335
Chiamaka Eze,Civil Service Commission,369680,1718293425,GTBank,BIO_20080,95.28,2022-08-31,EMP_008336
Nnamdi Ani,Civil Service Commission,459346,8031296495,Zenith,BIO_15165,85.75,2018-04-03,EMP_008337
Abubakar Yusuf,Ministry of Power,303115,2634447441,Zenith,BIO_11909,87.97,2017-10-06,EMP_008338
Okechukwu Nwankwo,Ministry of Education,188425,2680680898,UBA,BIO_62971,92.51,2022-05-04,EMP_008339
Hassan Musa,Ministry of Education,358120,8260122602,First Bank,BIO_62281,90.48,2016-07-11,EMP_008340
Hassan Suleiman,Nigeria Customs Service,317550,5015206456,Access,BIO_77358,85.74,2022-02-02,EMP_008341
Yemi Oyedepo,Ministry of Education,305149,2918246341,Access,BIO_62717,87.6,2021-09-19,EMP_008342
Bola Williams,Ministry of Finance,390050,4479556843,UBA,BIO_60041,96.36,2016-06-06,EMP_008343
Abubakar Yusuf,Ministry of Water Resources,485112,3059900506,First Bank,BIO_24025,92.01,2022-01-15,EMP_008344
Tayo Oyedepo,Ministry of Agriculture,284287,3768218339,UBA,BIO_71618,87.72,2018-08-24,EMP_008345
Uchenna Ani,Federal Roads Maintenance Agency,418927,4067079980,UBA,BIO_59060,97.66,2019-01-05,EMP_008346
Tayo Ogunlesi,Nigeria Customs Service,370480,2055507599,First Bank,BIO_79774,91.46,2023-10-02,EMP_008347
Femi Adeleke,Civil Service Commission,168578,6226263192,First Bank,BIO_68176,88.08,2020-06-10,EMP_008348
Hassan Yusuf,Ministry of Water Resources,126043,7087569926,Zenith,BIO_53145,85.93,2021-11-24,EMP_008349
Hassan Umar,Ministry of Power,388370,2578308955,Zenith,BIO_30192,90.1,2023-05-25,EMP_008350
Abubakar Umar,Civil Service Commission,142932,2391015498,UBA,BIO_93552,94.51,2019-06-02,EMP_008351
Ade Adeleke,Ministry of Health,167318,4277258619,Zenith,,99.9,2024-06-03,EMP_008352
Nnamdi Ani,Ministry of Finance,420839,3805674583,GTBank,BIO_40027,96.57,2020-12-26,EMP_008353
Bola Adeleke,Nigeria Customs Service,219023,3158400275,First Bank,BIO_63200,93.47,2020-03-18,EMP_008354
Zainab Mohammed,Civil Service Commission,319949,8597154478,Access,BIO_92547,93.89,2023-06-03,EMP_008355
Yemi Adebayo,Civil Service Commission,159646,1393073058,First Bank,BIO_24600,88.2,2022-12-08,EMP_008356
Femi Adeleke,Ministry of Education,184956,9765034971,First Bank,BIO_83226,94.59,2018-01-14,EMP_008357
Yemi Adebayo,Civil Service Commission,390889,3954500068,Access,BIO_69287,94.97,2023-04-28,EMP_008358
Chiamaka Okafor,Ministry of Education,449045,1913065599,UBA,BIO_64236,94.28,2020-09-07,EMP_008359
Ade Adebayo,Civil Service Commission,85590,4602755757,Zenith,BIO_95666,93.24,2017-08-15,EMP_008360
Nnamdi Onyeka,Ministry of Works,294027,4054877492,GTBank,,99.9,2026-04-18,EMP_008361
Dele Oyedepo,Ministry of Education,357170,4163290436,UBA,BIO_11645,90.58,2016-12-10,EMP_008362
Uchenna Eze,Ministry of Water Resources,332557,9169290988,First Bank,BIO_89460,90.74,2025-03-14,EMP_008363
Adaeze Nwosu,Ministry of Works,496464,6711764084,UBA,BIO_62740,90.01,2020-12-02,EMP_008364
Dele Oyedepo,Civil Service Commission,146431,4200405312,First Bank,BIO_69179,89.11,2025-03-11,EMP_008365
Yemi Adeleke,Ministry of Works,370441,8285835749,Access,BIO_85066,91.83,2022-11-13,EMP_008366
Zainab Mohammed,Ministry of Finance,243974,7422653303,Zenith,BIO_55137,96.16,2021-07-27,EMP_008367
Femi Adeyemi,Ministry of Health,471705,8714618745,First Bank,BIO_45986,92.09,2016-06-07,EMP_008368
Dele Oyedepo,Ministry of Finance,375036,9365561547,First Bank,BIO_26585,96.98,2020-01-06,EMP_008369
Aisha Suleiman,Nigeria Customs Service,489336,2183560903,UBA,BIO_63303,92.43,2017-01-26,EMP_008370
Tayo Williams,Ministry of Power,387080,3762431285,UBA,BIO_78998,86.98,2020-07-10,EMP_008371
Chioma Onyeka,Ministry of Power,144308,1838234447,GTBank,BIO_18367,97.65,2024-08-30,EMP_008372
Nnamdi Nwankwo,Ministry of Agriculture,464260,9517499532,GTBank,BIO_49551,88.5,2018-01-29,EMP_008373
Amina Musa,Nigeria Customs Service,458002,6696679450,Access,BIO_50149,86.15,2017-05-12,EMP_008374
Usman Musa,Ministry of Power,291622,9461421701,GTBank,BIO_30738,92.66,2021-01-11,EMP_008375
Tayo Adebayo,Ministry of Agriculture,369331,6136062259,First Bank,,99.9,2024-08-14,EMP_008376
Usman Umar,Ministry of Education,177792,7498005290,First Bank,BIO_68185,86.22,2024-03-12,EMP_008377
Zainab Umar,Civil Service Commission,326478,3565011943,GTBank,BIO_24327,89.58,2022-04-05,EMP_008378
Aisha Yusuf,Nigeria Customs Service,412059,5978205494,UBA,BIO_90674,89.83,2023-12-15,EMP_008379
Nnamdi Onyeka,Ministry of Agriculture,129300,4870937044,GTBank,BIO_51279,95.04,2022-07-09,EMP_008380
Bola Adebayo,Ministry of Works,346961,1372335492,UBA,BIO_10044,89.53,2024-10-09,EMP_008381
Ade Adeyemi,Ministry of Agriculture,182459,1369980066,Access,BIO_89678,96.33,2018-04-14,EMP_008382
Dele Adeyemi,Ministry of Finance,169702,9672560901,GTBank,BIO_56811,98.13,2018-01-22,EMP_008383
Abubakar Umar,Ministry of Works,405791,7682773599,Access,,99.9,2026-01-19,EMP_008384
Hassan Ahmad,Nigeria Customs Service,1410445,4581270571,GTBank,BIO_10057,97.45,2025-12-15,EMP_008385
Dele Ogunlesi,Nigeria Customs Service,178095,2606972639,First Bank,BIO_95305,87.38,2021-06-15,EMP_008386
Bola Adeyemi,Civil Service Commission,427324,2905382009,Access,BIO_71609,97.04,2024-03-30,EMP_008387
Uchenna Eze,Ministry of Agriculture,411978,6763999933,First Bank,BIO_32256,96.86,2023-08-15,EMP_008388
Uchenna Okonkwo,Ministry of Water Resources,162882,7058580965,GTBank,BIO_49004,87.08,2018-03-23,EMP_008389
Yemi Oyedepo,Nigeria Customs Service,109354,7366335468,UBA,BIO_98388,92.86,2019-05-05,EMP_008390
Ibrahim Mohammed,Ministry of Education,355792,5954606094,Zenith,BIO_78776,92.63,2023-02-11,EMP_008391
Hassan Yusuf,Ministry of Power,425118,4180035221,Access,BIO_29621,94.42,2017-10-17,EMP_008392
Yemi Adeleke,Ministry of Power,80246,3444314202,GTBank,BIO_91971,93.47,2022-10-26,EMP_008393
Fatima Musa,Ministry of Power,428003,7852747156,UBA,BIO_89025,87.36,2017-11-10,EMP_008394
Ibrahim Suleiman,Nigeria Customs Service,196783,8269750600,GTBank,BIO_14516,88.1,2020-02-22,EMP_008395
Chiamaka Obiora,Ministry of Water Resources,119503,7503008696,Zenith,BIO_64621,88.68,2019-08-13,EMP_008396
Uchenna Nwankwo,Ministry of Water Resources,343676,5645757310,First Bank,BIO_40544,88.72,2023-01-28,EMP_008397
Zainab Ibrahim,Ministry of Water Resources,307828,4948160311,Zenith,BIO_28309,92.45,2018-09-22,EMP_008398
Chukwu Nwosu,Ministry of Agriculture,140278,3037390147,Zenith,BIO_35700,86.71,2019-12-20,EMP_008399
Zainab Umar,Ministry of Power,435054,5741508552,GTBank,BIO_17569,94.44,2022-12-30,EMP_008400
Uchenna Eze,Ministry of Health,1350711,1104586420,UBA,BIO_89239,89.55,2025-07-18,EMP_008401
Aisha Umar,Federal Roads Maintenance Agency,279141,3876490919,Access,BIO_45245,94.4,2016-07-11,EMP_008402
Chukwu Okonkwo,Ministry of Health,132133,9838130634,GTBank,BIO_36202,99.71,2020-10-06,EMP_008403
Ibrahim Mohammed,Civil Service Commission,322038,7731374055,Access,BIO_57520,96.22,2016-12-18,EMP_008404
Femi Adeleke,Civil Service Commission,480122,8252247969,Zenith,BIO_47039,90.89,2021-12-01,EMP_008405
Abubakar Mohammed,Ministry of Education,355255,6830526952,First Bank,BIO_75802,95.46,2019-08-21,EMP_008406
Femi Oyedepo,Ministry of Finance,442777,9858390074,Access,BIO_88630,95.83,2024-02-29,EMP_008407
Chinedu Okafor,Ministry of Works,262575,4299073938,UBA,BIO_29423,94.53,2019-05-14,EMP_008408
Zainab Suleiman,Ministry of Health,80762,3758240112,GTBank,,99.9,2025-10-25,EMP_008409
Kemi Oyedepo,Ministry of Finance,141930,5256189722,Access,BIO_38509,97.26,2019-01-30,EMP_008410
Usman Ahmad,Ministry of Water Resources,381966,5733262434,Zenith,BIO_88055,97.72,2020-01-17,EMP_008411
Chinedu Nwankwo,Ministry of Education,196168,1424467142,Zenith,BIO_67591,92.73,2017-01-29,EMP_008412
Tunde Ogunlesi,Nigeria Customs Service,197076,8561661743,First Bank,BIO_60897,89.05,2020-02-26,EMP_008413
Femi Adeyemi,Ministry of Finance,478802,4856403609,Access,BIO_14052,96.44,2021-02-03,EMP_008414
Chioma Nwankwo,Ministry of Water Resources,354370,1559645526,First Bank,BIO_53835,85.12,2017-10-13,EMP_008415
Aisha Ahmad,Ministry of Power,170800,3765329421,UBA,BIO_14809,87.09,2022-11-30,EMP_008416
Uchenna Okafor,Ministry of Health,198603,6221544875,Access,BIO_23059,87.3,2022-11-05,EMP_008417
Zainab Ibrahim,Ministry of Works,155686,2741539330,Access,BIO_48257,88.63,2025-04-01,EMP_008418
Adaeze Ani,Ministry of Education,346819,6575323706,GTBank,BIO_83862,86.62,2023-10-07,EMP_008419
Ibrahim Ibrahim,Nigeria Customs Service,353935,4331499210,GTBank,BIO_97261,88.04,2019-08-15,EMP_008420
Bola Oyedepo,Ministry of Agriculture,342571,8046167833,Zenith,BIO_58265,86.03,2016-08-05,EMP_008421
Chukwu Onyeka,Nigeria Customs Service,405457,9401136873,First Bank,BIO_23972,91.34,2020-01-09,EMP_008422
Nnamdi Nwosu,Federal Roads Maintenance Agency,384071,5261947240,Access,BIO_96274,92.72,2023-09-04,EMP_008423
Bola Ogunlesi,Civil Service Commission,446041,7972320177,UBA,BIO_90654,88.66,2019-11-01,EMP_008424
Adaeze Eze,Ministry of Power,291275,5202100344,Access,BIO_14518,92.6,2017-10-10,EMP_008425
Adaeze Nwankwo,Ministry of Power,452638,9356519136,UBA,BIO_50658,87.16,2017-12-11,EMP_008426
Nnamdi Eze,Ministry of Agriculture,437487,9834065156,GTBank,BIO_52143,87.79,2019-05-05,EMP_008427
Tunde Ogunlesi,Civil Service Commission,447904,4564771039,UBA,BIO_67958,86.16,2018-12-07,EMP_008428
Zainab Mohammed,Ministry of Agriculture,98109,7622867919,GTBank,BIO_58362,85.29,2020-05-15,EMP_008429
Tayo Oyedepo,Nigeria Customs Service,292090,5652605113,GTBank,BIO_52122,86.24,2017-09-21,EMP_008430
Tunde Adeleke,Ministry of Works,395874,5097427193,UBA,BIO_35457,97.71,2017-06-22,EMP_008431
Hassan Suleiman,Ministry of Finance,255209,5677896585,UBA,BIO_19298,91.12,2016-07-12,EMP_008432
Femi Ogunlesi,Ministry of Health,444443,1815458777,GTBank,BIO_66872,95.31,2021-03-01,EMP_008433
Chiamaka Ani,Civil Service Commission,142469,5677600314,Access,BIO_12724,86.18,2017-09-08,EMP_008434
Fatima Umar,Civil Service Commission,362417,9396504150,GTBank,BIO_27427,95.34,2019-09-24,EMP_008435
Okechukwu Okonkwo,Ministry of Water Resources,209003,1921216030,First Bank,BIO_76013,96.8,2022-12-10,EMP_008436
Dele Ogunlesi,Ministry of Finance,199451,2640311300,GTBank,BIO_12642,90.7,2022-06-10,EMP_008437
Chukwu Eze,Federal Roads Maintenance Agency,436408,9464028291,GTBank,BIO_24774,95.05,2022-10-17,EMP_008438
Nnamdi Okafor,Ministry of Works,365934,1038554487,Access,BIO_38998,89.25,2019-09-19,EMP_008439
Yemi Williams,Ministry of Education,182894,6763400886,Zenith,BIO_24687,88.58,2019-04-28,EMP_008440
Femi Adebayo,Ministry of Power,348091,1127864564,Access,BIO_30294,86.69,2022-10-28,EMP_008441
Bola Adeleke,Ministry of Agriculture,284668,5079248559,Zenith,BIO_13481,97.18,2016-10-06,EMP_008442
Ade Adebayo,Ministry of Water Resources,320443,8583034425,GTBank,BIO_80579,85.96,2025-03-24,EMP_008443
Chioma Nwosu,Ministry of Water Resources,366152,6404881659,Access,BIO_59713,93.29,2022-02-05,EMP_008444
Dele Adeyemi,Ministry of Education,440173,1204707431,UBA,BIO_30363,88.81,2017-02-15,EMP_008445
Hassan Musa,Federal Roads Maintenance Agency,355420,4010985259,First Bank,BIO_15105,88.66,2019-07-03,EMP_008446
Chioma Okonkwo,Civil Service Commission,452122,1965452439,First Bank,BIO_23839,87.61,2023-11-09,EMP_008447
Chinedu Eze,Ministry of Works,352746,3264463730,Zenith,BIO_14660,90.35,2017-10-04,EMP_008448
Zainab Ahmad,Nigeria Customs Service,456605,4272420992,GTBank,BIO_57795,91.61,2021-06-30,EMP_008449
Amina Yusuf,Ministry of Agriculture,419627,4092111731,Zenith,BIO_96781,91.97,2021-06-11,EMP_008450
Hassan Yusuf,Ministry of Education,121257,6732699844,UBA,BIO_71397,86.9,2017-10-22,EMP_008451
Fatima Ahmad,Ministry of Power,127810,9924902856,Zenith,BIO_99651,96.7,2016-10-26,EMP_008452
Uchenna Nwosu,Nigeria Customs Service,207169,1469422829,First Bank,BIO_43834,94.35,2022-07-04,EMP_008453
Usman Mohammed,Ministry of Health,252664,9636497405,Zenith,BIO_31694,96.28,2024-12-28,EMP_008454
Chiamaka Nwosu,Ministry of Power,298398,8433719688,First Bank,BIO_18410,85.98,2017-03-30,EMP_008455
Ade Williams,Ministry of Water Resources,342385,2607849969,First Bank,BIO_62972,97.71,2024-04-18,EMP_008456
Fatima Suleiman,Ministry of Health,256826,7745084739,Access,BIO_22352,85.11,2016-09-18,EMP_008457
Dele Adeleke,Federal Roads Maintenance Agency,444146,7816497303,Zenith,BIO_67750,94.03,2017-10-05,EMP_008458
Usman Umar,Federal Roads Maintenance Agency,375845,9067647853,First Bank,BIO_80539,93.72,2018-10-21,EMP_008459
Okechukwu Eze,Ministry of Water Resources,241067,4845531033,UBA,BIO_72115,90.13,2017-09-27,EMP_008460
Aisha Yusuf,Civil Service Commission,207864,7600395554,GTBank,,99.9,2025-11-29,EMP_008461
Chinedu Okafor,Ministry of Agriculture,461723,1966456608,GTBank,BIO_78034,91.87,2023-11-18,EMP_008462
Abubakar Ahmad,Ministry of Education,271869,1028149002,UBA,BIO_92478,86.68,2023-12-08,EMP_008463
Amina Ibrahim,Nigeria Customs Service,109686,8794163153,Zenith,BIO_73497,91.99,2016-07-24,EMP_008464
Dele Adebayo,Nigeria Customs Service,450308,5154354460,Access,BIO_83660,89.89,2018-11-03,EMP_008465
Tayo Adebayo,Ministry of Health,489176,7439290169,Access,BIO_36299,98.06,2020-11-13,EMP_008466
Chukwu Okonkwo,Ministry of Works,135364,6305721235,GTBank,BIO_95591,89.04,2019-10-27,EMP_008467
Usman Ahmad,Ministry of Agriculture,269469,6210386761,UBA,BIO_11947,86.73,2018-12-23,EMP_008468
Usman Umar,Nigeria Customs Service,145434,2716567170,GTBank,BIO_66744,91.05,2021-12-04,EMP_008469
Femi Adeleke,Ministry of Finance,454499,1093159978,GTBank,BIO_96355,91.04,2023-02-15,EMP_008470
Chukwu Ani,Ministry of Finance,388230,3619656741,GTBank,BIO_65219,86.93,2023-09-10,EMP_008471
Tunde Oyedepo,Civil Service Commission,471100,7404195975,GTBank,BIO_85123,92.26,2017-04-25,EMP_008472
Chukwu Eze,Ministry of Finance,199961,6764464590,Zenith,BIO_90468,90.06,2020-08-11,EMP_008473
Abubakar Umar,Ministry of Works,115327,7887117670,Access,BIO_30296,88.53,2022-07-03,EMP_008474
Dele Adeleke,Ministry of Water Resources,376377,9730221920,UBA,BIO_23350,89.43,2019-09-18,EMP_008475
Chioma Nwankwo,Ministry of Agriculture,186802,6977575842,First Bank,BIO_43438,90.33,2019-09-15,EMP_008476
Fatima Yusuf,Ministry of Power,182348,3898776592,Zenith,BIO_57604,85.74,2016-10-08,EMP_008477
Ibrahim Ahmad,Ministry of Water Resources,179016,7233321298,Access,BIO_82405,96.91,2023-04-13,EMP_008478
Hassan Umar,Ministry of Power,423685,3152274076,GTBank,BIO_89512,97.3,2018-03-21,EMP_008479
Uchenna Ani,Ministry of Water Resources,142864,4080987681,Access,BIO_73000,93.47,2023-08-26,EMP_008480
Amina Yusuf,Nigeria Customs Service,459157,6990637374,Access,BIO_97858,88.33,2023-08-29,EMP_008481
Amina Mohammed,Ministry of Works,238411,3535340176,First Bank,BIO_77328,90.22,2024-01-23,EMP_008482
Okechukwu Nwankwo,Ministry of Health,287770,9291669768,Zenith,,99.9,2025-07-08,EMP_008483
Chiamaka Obiora,Nigeria Customs Service,282675,9230938696,First Bank,BIO_35632,90.08,2016-12-25,EMP_008484
Abubakar Umar,Ministry of Agriculture,360933,3458139887,GTBank,BIO_49673,91.6,2016-06-27,EMP_008485
Yemi Ogunlesi,Nigeria Customs Service,305432,1754852780,GTBank,BIO_92791,85.0,2024-10-08,EMP_008486
Tunde Oyedepo,Ministry of Works,216621,1434334543,UBA,BIO_77380,90.14,2024-04-18,EMP_008487
Adaeze Ani,Ministry of Power,125301,4168934025,First Bank,BIO_62380,91.18,2017-03-28,EMP_008488
Zainab Umar,Ministry of Education,107626,7334750672,GTBank,BIO_76404,97.41,2024-11-07,EMP_008489
Nnamdi Nwankwo,Ministry of Power,298583,3453966497,Access,BIO_29017,89.19,2017-10-25,EMP_008490
Amina Suleiman,Nigeria Customs Service,386258,2215227638,Zenith,BIO_81400,85.58,2024-08-28,EMP_008491
Hassan Musa,Nigeria Customs Service,344976,6108613659,GTBank,BIO_88183,91.78,2024-10-09,EMP_008492
Amina Ahmad,Ministry of Finance,401446,4277555126,Access,,99.9,2024-10-13,EMP_008493
Okechukwu Nwankwo,Ministry of Education,324754,8585085156,Access,BIO_63460,85.15,2018-11-30,EMP_008494
Chiamaka Nwosu,Ministry of Works,112010,2943876390,First Bank,BIO_12766,92.69,2018-07-20,EMP_008495
Chiamaka Nwosu,Ministry of Water Resources,137453,1348142037,First Bank,BIO_70211,91.35,2019-08-25,EMP_008496
Kemi Adebayo,Ministry of Health,490100,6122483584,First Bank,BIO_64232,93.62,2024-02-28,EMP_008497
Nnamdi Nwosu,Federal Roads Maintenance Agency,445290,1551236990,First Bank,BIO_53624,97.33,2023-01-22,EMP_008498
Chukwu Nwankwo,Federal Roads Maintenance Agency,404088,6416062729,GTBank,BIO_74874,88.12,2022-03-02,EMP_008499
Kemi Adeleke,Civil Service Commission,362272,5216034307,First Bank,BIO_77994,96.8,2024-11-30,EMP_008500
Abubakar Mohammed,Ministry of Agriculture,478333,3939550609,Access,BIO_94059,91.66,2019-08-02,EMP_008501
Amina Mohammed,Ministry of Health,402157,3944681612,Access,BIO_86357,94.89,2022-01-03,EMP_008502
Chinedu Nwosu,Ministry of Finance,173733,9442571820,GTBank,BIO_56956,89.71,2021-03-27,EMP_008503
Zainab Umar,Ministry of Education,451586,5757325428,First Bank,BIO_48907,92.56,2020-05-24,EMP_008504
Hassan Musa,Ministry of Education,259009,8670491129,GTBank,BIO_99801,86.93,2022-08-10,EMP_008505
Fatima Ahmad,Ministry of Works,484019,2570428541,First Bank,BIO_24146,94.53,2022-06-06,EMP_008506
Okechukwu Obiora,Ministry of Health,148035,7435807461,First Bank,BIO_92070,90.5,2021-02-07,EMP_008507
Chinedu Obiora,Ministry of Works,298866,2291160805,First Bank,BIO_23314,92.27,2025-02-18,EMP_008508
Ibrahim Yusuf,Ministry of Works,313245,2422289255,UBA,BIO_10938,94.37,2017-12-12,EMP_008509
Aisha Ibrahim,Ministry of Power,129775,5197821647,Zenith,BIO_14457,89.25,2017-04-16,EMP_008510
Tayo Oyedepo,Ministry of Agriculture,461633,5884440126,UBA,BIO_60298,91.23,2018-08-05,EMP_008511
Dele Ogunlesi,Ministry of Health,205421,3362384166,Zenith,BIO_67835,86.99,2017-08-16,EMP_008512
Chioma Obiora,Ministry of Agriculture,209117,4622690199,Access,BIO_57085,88.62,2022-06-30,EMP_008513
Okechukwu Onyeka,Ministry of Works,204307,8480763553,Zenith,BIO_96333,95.8,2017-12-10,EMP_008514
Abubakar Yusuf,Civil Service Commission,383835,9443104697,GTBank,BIO_72330,88.44,2017-03-06,EMP_008515
Fatima Suleiman,Federal Roads Maintenance Agency,204968,5030621561,First Bank,BIO_50687,85.91,2022-09-26,EMP_008516
Tunde Ogunlesi,Ministry of Education,245470,9915376686,UBA,BIO_78196,85.59,2023-08-07,EMP_008517
Chinedu Okonkwo,Federal Roads Maintenance Agency,114492,6381052692,Zenith,BIO_89056,87.04,2024-03-18,EMP_008518
Amina Suleiman,Ministry of Finance,268510,3689390559,First Bank,BIO_62588,88.38,2018-10-11,EMP_008519
Usman Musa,Ministry of Water Resources,163010,9278200353,GTBank,BIO_28839,90.66,2023-09-19,EMP_008520
Abubakar Umar,Ministry of Health,282787,6059582355,UBA,BIO_56669,93.37,2021-09-13,EMP_008521
Kemi Adeleke,Federal Roads Maintenance Agency,467349,5382583758,GTBank,BIO_20083,94.73,2018-05-25,EMP_008522
Chukwu Onyeka,Ministry of Education,350274,6891809569,GTBank,BIO_95168,93.23,2016-06-14,EMP_008523
Yemi Williams,Ministry of Water Resources,142600,4579120073,Access,BIO_66267,94.49,2024-12-22,EMP_008524
Nnamdi Okafor,Ministry of Power,414890,6449393480,UBA,BIO_74117,98.11,2020-05-21,EMP_008525
Dele Adebayo,Federal Roads Maintenance Agency,204787,1309997905,UBA,BIO_69909,85.05,2017-07-21,EMP_008526
Fatima Umar,Ministry of Power,80039,9170499422,GTBank,BIO_89331,90.67,2017-09-23,EMP_008527
Yemi Adeleke,Nigeria Customs Service,121297,4086997490,GTBank,BIO_60057,85.19,2017-08-03,EMP_008528
Abubakar Umar,Ministry of Agriculture,290819,3572546106,UBA,BIO_48939,86.22,2025-02-08,EMP_008529
Abubakar Ibrahim,Ministry of Finance,188568,1890340066,GTBank,BIO_60957,96.58,2020-12-29,EMP_008530
Fatima Umar,Ministry of Education,338711,6854015653,Zenith,BIO_76076,87.22,2021-01-18,EMP_008531
Dele Adeleke,Ministry of Water Resources,451126,7031266967,Access,BIO_65198,94.73,2021-05-17,EMP_008532
Adaeze Onyeka,Ministry of Health,307587,8680371991,GTBank,BIO_33522,89.43,2017-11-27,EMP_008533
Tunde Adebayo,Ministry of Education,125017,3156145299,UBA,BIO_98157,90.76,2019-02-18,EMP_008534
Yemi Williams,Ministry of Agriculture,248627,4061737817,Access,,99.9,2025-02-05,EMP_008535
Ibrahim Musa,Federal Roads Maintenance Agency,325870,4283912613,Access,BIO_96039,89.31,2017-07-18,EMP_008536
Chioma Okonkwo,Ministry of Power,455240,9307094195,First Bank,BIO_27861,94.31,2025-04-13,EMP_008537
Yemi Oyedepo,Ministry of Power,346976,5003829706,Access,BIO_46862,97.78,2023-09-04,EMP_008538
Uchenna Onyeka,Ministry of Finance,408736,1760359776,Zenith,BIO_90166,90.69,2017-08-04,EMP_008539
Okechukwu Okonkwo,Ministry of Works,246661,9951823489,GTBank,BIO_77491,89.87,2017-07-22,EMP_008540
Tunde Williams,Ministry of Health,195211,2153351160,Zenith,BIO_74163,89.8,2021-05-12,EMP_008541
Tunde Adebayo,Nigeria Customs Service,310724,7142078234,First Bank,BIO_37702,87.95,2018-08-01,EMP_008542
Usman Yusuf,Federal Roads Maintenance Agency,247445,5571125360,UBA,BIO_88530,95.97,2022-12-21,EMP_008543
Chukwu Ani,Ministry of Education,310075,4424536009,GTBank,BIO_84322,89.99,2025-01-02,EMP_008544
Chukwu Okafor,Ministry of Power,382739,2904376289,GTBank,BIO_50028,90.19,2016-07-13,EMP_008545
Chioma Okafor,Ministry of Water Resources,228004,4479359013,Zenith,BIO_66522,86.86,2022-10-25,EMP_008546
Uchenna Nwankwo,Ministry of Health,257169,2905878722,GTBank,BIO_38614,94.56,2023-02-21,EMP_008547
Chinedu Nwosu,Ministry of Education,399294,4946823577,Zenith,BIO_18889,85.08,2020-12-27,EMP_008548
Chioma Ani,Ministry of Agriculture,1416409,8391821414,Access,BIO_90933,96.32,2026-01-08,EMP_008549
Dele Adebayo,Nigeria Customs Service,426656,9231500169,GTBank,BIO_20893,96.47,2022-10-21,EMP_008550
Zainab Ibrahim,Ministry of Water Resources,290318,8174887029,GTBank,BIO_84904,97.55,2017-12-02,EMP_008551
Bola Oyedepo,Ministry of Agriculture,201917,4667565621,Zenith,BIO_56516,95.04,2017-12-30,EMP_008552
Chinedu Ani,Ministry of Power,172444,6978173460,UBA,BIO_92800,86.38,2025-04-19,EMP_008553
Yemi Adeleke,Civil Service Commission,87628,6960903941,Zenith,BIO_45605,85.68,2016-11-17,EMP_008554
Aisha Mohammed,Federal Roads Maintenance Agency,473913,5275809192,Access,BIO_22854,89.86,2017-05-21,EMP_008555
Okechukwu Obiora,Ministry of Water Resources,248180,6658497014,Access,BIO_26552,96.34,2018-12-03,EMP_008556
Hassan Suleiman,Ministry of Works,283052,7067964134,Zenith,BIO_10989,97.51,2023-12-05,EMP_008557
Uchenna Okonkwo,Ministry of Works,381707,1023369308,Access,BIO_45526,97.71,2024-11-21,EMP_008558
Chinedu Okonkwo,Ministry of Finance,477548,5521331637,GTBank,BIO_26021,88.51,2017-09-11,EMP_008559
Abubakar Umar,Ministry of Power,373391,8405795755,Access,BIO_95081,88.38,2018-12-17,EMP_008560
Chukwu Nwosu,Ministry of Power,184602,1475603030,Zenith,BIO_49564,98.9,2023-05-28,EMP_008561
Dele Ogunlesi,Ministry of Finance,128704,8883581806,UBA,BIO_56445,85.48,2023-11-06,EMP_008562
Adaeze Okafor,Ministry of Health,299580,3738291492,Access,BIO_50994,97.1,2021-08-18,EMP_008563
Yemi Oyedepo,Ministry of Agriculture,205434,8577171804,First Bank,BIO_36969,93.58,2023-11-10,EMP_008564
Usman Suleiman,Ministry of Finance,225106,4920463023,GTBank,BIO_81789,89.41,2020-05-17,EMP_008565
Femi Adebayo,Nigeria Customs Service,263561,8607617502,Zenith,BIO_22468,95.64,2024-07-18,EMP_008566
Kemi Williams,Ministry of Health,217832,9519454360,First Bank,BIO_55528,95.73,2017-10-18,EMP_008567
Nnamdi Okonkwo,Ministry of Water Resources,374259,2897159335,First Bank,BIO_83713,89.33,2017-10-25,EMP_008568
Chukwu Eze,Federal Roads Maintenance Agency,422462,9201479737,Zenith,BIO_12191,94.54,2024-02-22,EMP_008569
Tayo Ogunlesi,Ministry of Agriculture,177936,6943246050,Access,BIO_34984,90.64,2021-02-25,EMP_008570
Adaeze Okafor,Ministry of Finance,188829,7116340797,GTBank,BIO_77385,92.55,2017-02-20,EMP_008571
Femi Williams,Ministry of Works,420013,2623365422,Access,BIO_60014,94.3,2023-03-09,EMP_008572
Usman Umar,Ministry of Power,294727,8520659789,GTBank,BIO_19029,97.99,2019-08-15,EMP_008573
Chinedu Okafor,Ministry of Finance,280301,1264680203,UBA,BIO_52777,97.64,2021-09-16,EMP_008574
Chioma Onyeka,Federal Roads Maintenance Agency,900948,5617923787,UBA,BIO_12706,97.59,2026-01-03,EMP_008575
Hassan Ibrahim,Ministry of Power,409174,2858750080,UBA,BIO_31986,97.36,2020-12-13,EMP_008576
Chukwu Eze,Ministry of Power,198375,6475403766,Zenith,BIO_88178,89.43,2020-08-06,EMP_008577
Aisha Ahmad,Ministry of Health,443018,9838130634,GTBank,BIO_13381,99.65,2018-11-23,EMP_008578
Usman Ahmad,Federal Roads Maintenance Agency,338020,7911519747,First Bank,BIO_67671,89.06,2022-12-15,EMP_008579
Ibrahim Mohammed,Civil Service Commission,222911,6928848608,GTBank,BIO_29294,93.36,2022-07-21,EMP_008580
Usman Musa,Ministry of Education,441871,9665342850,Zenith,,99.9,2026-01-22,EMP_008581
Chukwu Obiora,Federal Roads Maintenance Agency,355785,1633379140,Access,BIO_64867,87.73,2019-08-29,EMP_008582
Hassan Mohammed,Ministry of Finance,364824,8371252707,Zenith,BIO_95121,95.48,2016-09-15,EMP_008583
Aisha Mohammed,Ministry of Education,243217,7421502594,UBA,BIO_97009,96.36,2020-09-29,EMP_008584
Kemi Adeleke,Civil Service Commission,124534,5804370663,First Bank,BIO_31474,92.52,2022-05-22,EMP_008585
Chukwu Nwosu,Ministry of Finance,487868,7393394893,First Bank,BIO_51776,97.1,2020-05-23,EMP_008586
Femi Adeleke,Nigeria Customs Service,399885,9598647643,GTBank,BIO_86459,88.28,2017-01-28,EMP_008587
Hassan Suleiman,Ministry of Power,371825,9619578284,GTBank,BIO_28551,99.37,2018-10-20,EMP_008588
Ibrahim Umar,Ministry of Agriculture,348506,1415547494,UBA,BIO_67715,87.96,2019-07-04,EMP_008589
Tunde Adeleke,Ministry of Finance,143385,2230261017,First Bank,BIO_34450,90.07,2022-01-27,EMP_008590
Hassan Mohammed,Ministry of Health,180317,6900618026,UBA,BIO_65884,91.95,2022-11-27,EMP_008591
Hassan Umar,Ministry of Education,218723,2394680321,GTBank,BIO_70606,93.69,2021-03-21,EMP_008592
Chiamaka Nwosu,Ministry of Power,413344,6958920286,First Bank,BIO_64895,95.09,2019-12-10,EMP_008593
Nnamdi Nwosu,Ministry of Water Resources,276033,7191620318,GTBank,BIO_74144,97.64,2022-11-11,EMP_008594
Usman Ahmad,Ministry of Power,460913,3995526609,GTBank,BIO_86058,88.63,2023-06-07,EMP_008595
Zainab Umar,Civil Service Commission,454388,5445698059,UBA,BIO_84025,91.14,2020-02-16,EMP_008596
Chukwu Onyeka,Ministry of Water Resources,318896,2029784292,Access,BIO_76879,94.97,2022-11-12,EMP_008597
Abubakar Mohammed,Federal Roads Maintenance Agency,322582,4259318423,UBA,BIO_11697,97.04,2020-10-21,EMP_008598
Aisha Yusuf,Nigeria Customs Service,264890,5119113264,Zenith,BIO_75390,86.66,2019-01-20,EMP_008599
Uchenna Ani,Ministry of Education,469716,8532684690,UBA,BIO_54481,91.81,2022-09-02,EMP_008600
Bola Adebayo,Ministry of Agriculture,177426,5200486578,UBA,BIO_30594,89.27,2018-11-09,EMP_008601
Uchenna Ani,Ministry of Health,210874,5088972569,Access,BIO_65084,97.23,2017-10-16,EMP_008602
Fatima Musa,Ministry of Agriculture,106714,3817414500,Zenith,BIO_48094,86.85,2024-01-30,EMP_008603
Chinedu Obiora,Ministry of Works,163695,6294939951,First Bank,BIO_21726,92.59,2022-12-05,EMP_008604
Amina Ahmad,Ministry of Works,282394,6530662988,Zenith,BIO_54041,94.84,2022-11-08,EMP_008605
Fatima Umar,Ministry of Power,469698,9313476445,First Bank,BIO_89871,87.29,2019-08-16,EMP_008606
Dele Adeyemi,Ministry of Education,128472,7428729065,UBA,BIO_25043,93.36,2023-04-25,EMP_008607
Bola Ogunlesi,Ministry of Education,1269558,3422268714,Zenith,BIO_93704,89.0,2025-06-17,EMP_008608
Chinedu Nwankwo,Ministry of Finance,389191,7894978863,Access,BIO_19710,86.25,2023-05-16,EMP_008609
Usman Umar,Ministry of Health,137133,8081304157,Zenith,BIO_65087,86.4,2019-04-18,EMP_008610
Aisha Yusuf,Federal Roads Maintenance Agency,471873,8211979073,Access,,99.9,2024-08-20,EMP_008611
Aisha Yusuf,Ministry of Agriculture,124005,9998301106,GTBank,BIO_30203,93.57,2023-06-22,EMP_008612
Okechukwu Okonkwo,Ministry of Water Resources,416682,2158056909,Zenith,BIO_20067,85.92,2021-02-08,EMP_008613
Fatima Umar,Ministry of Works,170479,2451958625,Access,BIO_66828,85.46,2019-05-11,EMP_008614
Okechukwu Onyeka,Ministry of Works,268956,6399807517,GTBank,BIO_15753,86.37,2017-04-18,EMP_008615
Usman Suleiman,Ministry of Education,343573,2082235422,GTBank,BIO_90161,93.85,2016-10-01,EMP_008616
Dele Ogunlesi,Federal Roads Maintenance Agency,145929,2986542949,UBA,BIO_36544,87.55,2017-07-15,EMP_008617
Tunde Adeyemi,Ministry of Works,336382,9165744234,Access,BIO_50051,89.22,2018-07-05,EMP_008618
Abubakar Yusuf,Ministry of Education,166468,6000625193,Access,BIO_12812,93.43,2017-04-30,EMP_008619
Uchenna Obiora,Ministry of Agriculture,1301431,5866219566,Access,BIO_31505,95.03,2025-11-20,EMP_008620
Aisha Ahmad,Ministry of Health,123966,3233660745,GTBank,BIO_47260,92.58,2018-01-13,EMP_008621
Abubakar Umar,Federal Roads Maintenance Agency,210046,6719438356,UBA,BIO_75276,96.17,2020-01-31,EMP_008622
Chukwu Onyeka,Ministry of Health,479835,3827566969,UBA,BIO_26989,93.97,2023-08-13,EMP_008623
Adaeze Eze,Ministry of Education,267644,6051495730,UBA,BIO_66811,93.11,2021-12-04,EMP_008624
Chinedu Okonkwo,Ministry of Health,261642,4120277703,First Bank,BIO_25203,97.47,2018-10-28,EMP_008625
Ibrahim Ibrahim,Ministry of Power,369310,9424086159,GTBank,BIO_40238,86.73,2024-12-31,EMP_008626
Hassan Ahmad,Civil Service Commission,492812,3673948776,UBA,BIO_96958,92.0,2020-11-03,EMP_008627
Amina Yusuf,Ministry of Agriculture,330223,9908675734,GTBank,BIO_64942,86.33,2018-11-30,EMP_008628
Ibrahim Ibrahim,Ministry of Water Resources,420665,9800367335,GTBank,BIO_21763,89.73,2022-06-23,EMP_008629
Yemi Adeyemi,Ministry of Water Resources,260162,8318948274,GTBank,BIO_19906,92.62,2018-01-14,EMP_008630
Chinedu Eze,Ministry of Education,95172,1583720574,GTBank,BIO_58694,86.94,2020-02-05,EMP_008631
Uchenna Onyeka,Ministry of Works,305741,8897167763,First Bank,BIO_29218,92.92,2022-12-27,EMP_008632
Usman Suleiman,Nigeria Customs Service,442946,2063250407,UBA,BIO_11645,97.71,2022-01-11,EMP_008633
Tayo Adebayo,Federal Roads Maintenance Agency,494016,8694728762,UBA,BIO_81803,90.35,2020-12-15,EMP_008634
Adaeze Nwosu,Federal Roads Maintenance Agency,457816,8476806143,GTBank,BIO_28069,88.03,2022-11-18,EMP_008635
Chiamaka Okonkwo,Ministry of Water Resources,469893,9491730002,Access,BIO_98237,94.16,2020-06-16,EMP_008636
Zainab Suleiman,Federal Roads Maintenance Agency,465397,9836513946,Zenith,BIO_92797,87.68,2019-04-13,EMP_008637
Okechukwu Onyeka,Ministry of Education,1129870,2434832431,GTBank,BIO_14654,92.22,2026-02-24,EMP_008638
Kemi Adeleke,Ministry of Power,208222,4701922717,GTBank,BIO_29303,89.35,2019-12-11,EMP_008639
Ibrahim Ibrahim,Ministry of Power,410019,7216999866,GTBank,BIO_22817,88.95,2022-09-21,EMP_008640
Chiamaka Obiora,Civil Service Commission,119664,5686772657,GTBank,BIO_69312,91.95,2023-12-14,EMP_008641
Adaeze Nwosu,Ministry of Water Resources,294036,8181289990,Zenith,BIO_58097,92.73,2022-06-02,EMP_008642
Hassan Umar,Ministry of Water Resources,153454,1170641741,GTBank,BIO_73891,85.7,2020-11-10,EMP_008643
Yemi Oyedepo,Civil Service Commission,175264,8919324787,UBA,BIO_93643,89.62,2018-05-22,EMP_008644
Usman Yusuf,Ministry of Power,290371,6683573855,First Bank,BIO_10754,93.52,2016-06-22,EMP_008645
Yemi Adeyemi,Ministry of Agriculture,283517,3674159821,Access,,99.9,2026-04-22,EMP_008646
Tayo Adeyemi,Ministry of Power,164643,5446847483,UBA,BIO_37301,97.31,2016-12-30,EMP_008647
Femi Adebayo,Ministry of Power,370744,7111773162,UBA,BIO_46969,96.06,2019-10-21,EMP_008648
Aisha Umar,Ministry of Works,341734,3618324477,First Bank,BIO_94344,90.41,2019-01-31,EMP_008649
Femi Adebayo,Federal Roads Maintenance Agency,430253,2639033206,Zenith,BIO_87134,92.75,2019-04-06,EMP_008650
Tayo Adeleke,Ministry of Health,387731,4042598328,Zenith,BIO_86903,91.98,2020-09-15,EMP_008651
Adaeze Nwankwo,Ministry of Power,360286,9619578284,GTBank,BIO_25005,99.17,2022-10-15,EMP_008652
Nnamdi Eze,Ministry of Power,156743,3769860963,UBA,BIO_33394,85.29,2021-07-03,EMP_008653
Yemi Adeyemi,Civil Service Commission,496550,9672967000,GTBank,BIO_83654,94.61,2018-04-10,EMP_008654
Nnamdi Okafor,Ministry of Works,127777,7627212620,First Bank,BIO_84720,92.89,2024-02-06,EMP_008655
Zainab Suleiman,Ministry of Water Resources,124501,7422437373,First Bank,BIO_44937,95.45,2019-07-01,EMP_008656
Nnamdi Ani,Ministry of Power,1431697,9294511690,GTBank,BIO_25692,85.45,2026-01-05,EMP_008657
Abubakar Mohammed,Civil Service Commission,316800,6273961443,GTBank,BIO_56581,94.56,2022-02-12,EMP_008658
Fatima Musa,Ministry of Water Resources,178578,2043925986,UBA,BIO_52132,96.97,2024-08-14,EMP_008659
Okechukwu Onyeka,Ministry of Finance,203910,8965583590,First Bank,,99.9,2026-02-09,EMP_008660
Kemi Ogunlesi,Ministry of Agriculture,83539,9571601442,First Bank,BIO_97715,94.55,2019-11-10,EMP_008661
Abubakar Suleiman,Civil Service Commission,160316,6257427225,Zenith,BIO_75496,92.92,2020-02-07,EMP_008662
Okechukwu Nwankwo,Federal Roads Maintenance Agency,368062,9677626249,Zenith,BIO_47737,89.86,2017-03-02,EMP_008663
Chioma Ani,Ministry of Health,250421,7943073323,Zenith,BIO_34781,93.82,2025-01-04,EMP_008664
Ibrahim Umar,Ministry of Finance,145451,9854964130,First Bank,BIO_36299,98.13,2023-10-31,EMP_008665
Amina Suleiman,Ministry of Power,186895,7735991950,Zenith,BIO_42472,93.12,2020-04-21,EMP_008666
Ibrahim Ahmad,Ministry of Water Resources,390336,8024765960,GTBank,BIO_36421,99.51,2020-05-21,EMP_008667
Yemi Adeleke,Federal Roads Maintenance Agency,215138,1501939522,First Bank,BIO_38762,90.5,2025-01-14,EMP_008668
Dele Adeleke,Ministry of Power,176858,9619578284,GTBank,BIO_93136,98.2,2017-05-18,EMP_008669
Chioma Okonkwo,Ministry of Finance,394350,5816397131,Access,BIO_36106,87.15,2024-05-25,EMP_008670
Tayo Oyedepo,Ministry of Works,236589,7060411218,Access,BIO_87746,96.75,2020-04-23,EMP_008671
Adaeze Nwankwo,Ministry of Education,200596,8400783742,Access,BIO_48649,90.08,2018-08-25,EMP_008672
Ade Adeleke,Ministry of Works,208552,6017171693,Access,BIO_79535,94.51,2019-05-17,EMP_008673
Nnamdi Okafor,Ministry of Works,263645,1678843945,Access,BIO_76127,94.15,2020-07-04,EMP_008674
Ibrahim Mohammed,Ministry of Water Resources,421143,9713250142,UBA,BIO_19406,91.63,2021-12-29,EMP_008675
Amina Yusuf,Nigeria Customs Service,323326,8851255013,UBA,BIO_86220,85.11,2023-10-10,EMP_008676
Uchenna Okafor,Ministry of Power,417424,9619578284,GTBank,BIO_96168,99.82,2018-05-17,EMP_008677
Amina Mohammed,Nigeria Customs Service,89426,1966393425,GTBank,BIO_82572,88.67,2017-04-17,EMP_008678
Adaeze Okafor,Ministry of Education,250932,3513319775,First Bank,BIO_63916,94.48,2016-05-15,EMP_008679
Yemi Williams,Ministry of Finance,467828,9701005958,UBA,BIO_93740,97.29,2020-01-28,EMP_008680
Chukwu Nwosu,Civil Service Commission,248184,4094753275,Zenith,BIO_16696,97.15,2020-10-02,EMP_008681
Uchenna Eze,Nigeria Customs Service,224379,1100437689,GTBank,BIO_32190,85.48,2017-04-12,EMP_008682
Tunde Adeyemi,Federal Roads Maintenance Agency,385155,5413431047,First Bank,BIO_33505,96.23,2018-05-30,EMP_008683
Chioma Ani,Ministry of Water Resources,275439,9155638745,UBA,BIO_90438,96.76,2024-10-22,EMP_008684
Hassan Yusuf,Ministry of Power,488469,5234028579,Access,BIO_90546,87.5,2017-08-18,EMP_008685
Uchenna Nwankwo,Ministry of Works,153683,9686217615,Access,,99.9,2025-08-31,EMP_008686
Dele Adeyemi,Ministry of Education,245438,6351024566,Zenith,BIO_19093,95.05,2020-01-30,EMP_008687
Chioma Nwosu,Federal Roads Maintenance Agency,469950,8751052524,Zenith,BIO_60177,98.35,2020-09-10,EMP_008688
Adaeze Okonkwo,Ministry of Education,278266,7321917077,Access,BIO_35656,96.89,2017-12-26,EMP_008689
Hassan Ibrahim,Ministry of Agriculture,318014,2292637152,GTBank,BIO_83673,96.62,2024-01-02,EMP_008690
Chinedu Obiora,Ministry of Works,435761,2883671279,Access,BIO_74511,86.28,2020-12-29,EMP_008691
Abubakar Yusuf,Ministry of Works,435476,4663886531,UBA,BIO_50844,86.74,2024-02-18,EMP_008692
Dele Ogunlesi,Nigeria Customs Service,394546,2242816542,Zenith,BIO_30666,86.42,2020-09-16,EMP_008693
Ibrahim Ahmad,Federal Roads Maintenance Agency,193828,8567694355,UBA,BIO_72022,88.41,2020-01-27,EMP_008694
Ibrahim Ibrahim,Ministry of Agriculture,167202,3771578644,First Bank,BIO_43277,93.73,2021-06-27,EMP_008695
Tayo Adebayo,Nigeria Customs Service,295409,6713537758,GTBank,BIO_37832,97.31,2023-05-10,EMP_008696
Nnamdi Nwankwo,Civil Service Commission,261294,5025114175,GTBank,BIO_85392,92.74,2023-10-02,EMP_008697
Tunde Adeleke,Ministry of Water Resources,322033,4068797393,UBA,BIO_40550,85.8,2022-09-12,EMP_008698
Abubakar Ahmad,Ministry of Power,407626,3554588193,Access,BIO_15509,87.41,2016-08-06,EMP_008699
Amina Musa,Nigeria Customs Service,362018,4402262731,UBA,BIO_76440,91.54,2019-11-28,EMP_008700
Uchenna Onyeka,Ministry of Education,224460,1568082034,First Bank,BIO_51082,91.33,2020-12-15,EMP_008701
Chukwu Onyeka,Ministry of Agriculture,129951,4613086735,First Bank,BIO_43957,96.59,2016-12-18,EMP_008702
Chioma Eze,Ministry of Water Resources,395240,6865345757,GTBank,BIO_51150,98.02,2023-06-05,EMP_008703
Chiamaka Eze,Ministry of Agriculture,464939,1492024198,Access,BIO_15113,85.4,2020-05-04,EMP_008704
Dele Adeyemi,Ministry of Education,485759,7038997133,First Bank,BIO_72674,86.79,2021-09-05,EMP_008705
Femi Adebayo,Ministry of Water Resources,226636,5480757721,GTBank,,99.9,2024-10-21,EMP_008706
Ade Adeyemi,Ministry of Health,228753,6758635431,Access,BIO_55771,87.92,2025-02-22,EMP_008707
Dele Oyedepo,Federal Roads Maintenance Agency,112445,5878250536,GTBank,BIO_80350,93.34,2021-12-22,EMP_008708
Femi Ogunlesi,Nigeria Customs Service,495199,4146303994,First Bank,BIO_76829,91.95,2016-10-03,EMP_008709
Tayo Adebayo,Ministry of Health,315452,9969896738,Access,BIO_69622,95.83,2017-01-14,EMP_008710
Chiamaka Okonkwo,Civil Service Commission,472244,4467338822,UBA,BIO_25091,90.66,2023-12-28,EMP_008711
Yemi Adeleke,Ministry of Works,181455,2292651981,UBA,BIO_11005,86.26,2017-05-20,EMP_008712
Bola Ogunlesi,Ministry of Works,124571,6734561159,UBA,BIO_48543,86.4,2022-12-24,EMP_008713
Dele Adebayo,Ministry of Finance,435548,3274563070,Access,BIO_25431,94.4,2017-11-07,EMP_008714
Abubakar Yusuf,Nigeria Customs Service,250580,2313369521,First Bank,BIO_41731,87.45,2020-07-16,EMP_008715
Yemi Oyedepo,Nigeria Customs Service,270445,5488911094,Access,BIO_18520,92.55,2019-07-02,EMP_008716
Chiamaka Onyeka,Nigeria Customs Service,411667,6554003192,First Bank,BIO_23547,96.0,2021-04-18,EMP_008717
Aisha Umar,Ministry of Power,476229,1243101881,GTBank,BIO_87631,95.15,2017-04-03,EMP_008718
Chioma Okonkwo,Nigeria Customs Service,171095,2170533956,UBA,BIO_25170,91.72,2019-01-06,EMP_008719
Kemi Oyedepo,Ministry of Works,380865,3610904219,First Bank,BIO_21629,85.55,2019-11-28,EMP_008720
Adaeze Obiora,Ministry of Works,358475,7805993846,Zenith,BIO_43579,86.79,2024-04-10,EMP_008721
Amina Ibrahim,Ministry of Power,297643,5346396456,Access,BIO_94742,86.57,2018-04-27,EMP_008722
Ade Adebayo,Ministry of Works,107805,9372533501,UBA,BIO_94275,91.5,2021-02-10,EMP_008723
Ade Ogunlesi,Ministry of Agriculture,257095,3762672772,Access,BIO_79963,95.99,2020-08-25,EMP_008724
Uchenna Ani,Ministry of Works,389003,4865915362,First Bank,BIO_98300,97.5,2021-04-04,EMP_008725
Nnamdi Eze,Ministry of Finance,1247571,1901077877,GTBank,BIO_32166,91.7,2025-12-11,EMP_008726
Ade Adeyemi,Ministry of Power,417007,9388665614,Zenith,BIO_48651,95.53,2021-06-27,EMP_008727
Chukwu Onyeka,Ministry of Water Resources,182450,5841261633,UBA,BIO_53776,92.16,2019-10-26,EMP_008728
Uchenna Nwankwo,Ministry of Finance,391216,4811098806,UBA,BIO_11361,87.9,2020-03-04,EMP_008729
Bola Adebayo,Ministry of Water Resources,264923,4188551304,GTBank,BIO_31429,92.35,2022-04-29,EMP_008730
Ade Ogunlesi,Federal Roads Maintenance Agency,380967,9762819054,First Bank,BIO_30487,86.03,2021-07-31,EMP_008731
Amina Suleiman,Ministry of Education,316774,4982390177,Access,BIO_26674,90.86,2024-04-01,EMP_008732
Chukwu Okafor,Ministry of Water Resources,315724,3073317386,Zenith,BIO_25349,89.46,2023-11-14,EMP_008733
Uchenna Onyeka,Ministry of Finance,297836,3862023167,GTBank,BIO_69458,88.58,2022-12-28,EMP_008734
Uchenna Obiora,Ministry of Water Resources,181896,2340192102,First Bank,BIO_27524,97.68,2019-05-01,EMP_008735
Tunde Oyedepo,Ministry of Water Resources,424806,4887929623,GTBank,BIO_11666,99.7,2019-04-18,EMP_008736
Bola Adeyemi,Ministry of Works,265098,3988908495,GTBank,BIO_53250,85.5,2023-09-14,EMP_008737
Okechukwu Onyeka,Nigeria Customs Service,212428,5034737071,GTBank,BIO_65757,92.1,2023-07-22,EMP_008738
Yemi Williams,Ministry of Water Resources,92563,8978500485,GTBank,BIO_15094,85.67,2023-01-20,EMP_008739
Abubakar Suleiman,Civil Service Commission,356238,5316874175,Zenith,BIO_30784,87.37,2016-10-17,EMP_008740
Kemi Adeyemi,Civil Service Commission,411236,8578304682,Access,BIO_14051,93.09,2021-11-11,EMP_008741
Chukwu Nwosu,Ministry of Works,260575,3793404186,GTBank,BIO_50100,93.69,2022-04-20,EMP_008742
Chiamaka Okafor,Ministry of Agriculture,118938,2953995961,Access,BIO_67103,86.15,2024-12-17,EMP_008743
Tunde Williams,Ministry of Water Resources,106435,8838950608,Access,BIO_53523,97.9,2021-09-14,EMP_008744
Amina Ibrahim,Federal Roads Maintenance Agency,440198,8408536345,UBA,BIO_92167,88.25,2017-08-17,EMP_008745
Adaeze Okafor,Ministry of Power,239122,4617639629,Access,BIO_46665,89.98,2017-11-30,EMP_008746
Dele Williams,Ministry of Water Resources,162490,5587481860,Access,BIO_42506,89.6,2016-09-22,EMP_008747
Zainab Umar,Ministry of Education,187770,3552436100,Zenith,BIO_15785,87.47,2017-01-11,EMP_008748
Femi Ogunlesi,Ministry of Finance,430682,4353334650,Access,BIO_87183,92.42,2022-09-13,EMP_008749
Ade Oyedepo,Ministry of Power,498229,9665692338,Zenith,BIO_59980,86.16,2018-12-19,EMP_008750
Uchenna Eze,Nigeria Customs Service,325407,2634867374,Zenith,BIO_36137,93.64,2017-01-28,EMP_008751
Chinedu Okafor,Ministry of Education,243221,9858001107,Access,BIO_46449,96.01,2025-01-13,EMP_008752
Bola Adeyemi,Ministry of Education,465960,6921778167,GTBank,BIO_39209,92.27,2023-07-16,EMP_008753
Zainab Yusuf,Ministry of Finance,245343,9865875173,Zenith,BIO_28298,97.52,2018-04-16,EMP_008754
Hassan Yusuf,Ministry of Agriculture,90404,8491944847,Zenith,BIO_27919,93.3,2023-09-13,EMP_008755
Ibrahim Yusuf,Ministry of Education,181723,4739316898,GTBank,BIO_19069,89.64,2020-08-10,EMP_008756
Chiamaka Okonkwo,Ministry of Works,166663,3486021300,First Bank,BIO_72772,97.57,2024-02-25,EMP_008757
Hassan Ibrahim,Ministry of Agriculture,122275,8717261986,Access,BIO_72150,90.05,2017-04-23,EMP_008758
Nnamdi Okafor,Ministry of Education,332696,5503123132,Zenith,BIO_75429,88.36,2019-09-04,EMP_008759
Nnamdi Okafor,Ministry of Water Resources,433792,3019244341,Access,BIO_35765,97.75,2018-10-09,EMP_008760
Fatima Mohammed,Ministry of Education,476086,6750117996,Access,BIO_43996,94.73,2020-01-02,EMP_008761
Chinedu Onyeka,Ministry of Agriculture,141857,6572654148,GTBank,BIO_22417,90.12,2016-12-06,EMP_008762
Abubakar Ahmad,Ministry of Power,420137,9619578284,GTBank,BIO_88567,99.14,2018-12-23,EMP_008763
Okechukwu Okonkwo,Ministry of Water Resources,270083,6726322204,UBA,BIO_51517,96.92,2023-09-28,EMP_008764
Chiamaka Ani,Ministry of Health,262912,2999447223,GTBank,BIO_44209,87.16,2017-11-02,EMP_008765
Okechukwu Nwankwo,Ministry of Water Resources,451575,7442719298,GTBank,BIO_24122,91.22,2019-04-16,EMP_008766
Aisha Suleiman,Ministry of Health,277943,7617058156,GTBank,BIO_57860,85.65,2019-05-21,EMP_008767
Bola Ogunlesi,Ministry of Power,323230,5107742599,UBA,BIO_86330,95.76,2021-03-03,EMP_008768
Tayo Adeleke,Ministry of Water Resources,375173,7771226777,Zenith,BIO_23053,85.68,2018-01-26,EMP_008769
Aisha Mohammed,Ministry of Water Resources,316690,1037705925,Access,BIO_47983,93.29,2018-07-27,EMP_008770
Femi Adeleke,Ministry of Agriculture,310172,2618207269,Zenith,BIO_16462,88.43,2020-06-03,EMP_008771
Ibrahim Ahmad,Ministry of Education,143259,5042446505,UBA,BIO_81832,85.79,2024-04-13,EMP_008772
Femi Adebayo,Ministry of Agriculture,321182,5927258420,UBA,BIO_49352,97.11,2019-10-06,EMP_008773
Amina Ahmad,Federal Roads Maintenance Agency,172243,8484049055,Access,BIO_84950,94.85,2017-02-24,EMP_008774
Hassan Ibrahim,Ministry of Finance,240055,5703529589,First Bank,BIO_89035,92.75,2020-09-12,EMP_008775
Ade Ogunlesi,Civil Service Commission,324348,5354602225,GTBank,BIO_89995,94.34,2020-10-21,EMP_008776
Aisha Musa,Civil Service Commission,112958,5418755209,Zenith,,99.9,2024-06-15,EMP_008777
Hassan Suleiman,Ministry of Water Resources,198682,3532875031,Access,BIO_19547,94.13,2022-03-21,EMP_008778
Chiamaka Ani,Ministry of Water Resources,380399,5620362348,Zenith,BIO_19509,91.51,2016-08-03,EMP_008779
Tunde Adeleke,Nigeria Customs Service,279851,7615146233,UBA,BIO_20678,85.01,2016-11-30,EMP_008780
Dele Adeleke,Ministry of Education,199811,1215220449,First Bank,BIO_91490,90.44,2017-06-26,EMP_008781
Kemi Adeyemi,Ministry of Water Resources,237832,4887929623,GTBank,BIO_23291,98.31,2016-11-16,EMP_008782
Ibrahim Umar,Civil Service Commission,87024,6656884748,First Bank,BIO_31221,87.77,2018-10-29,EMP_008783
Ade Adeyemi,Ministry of Water Resources,152251,4372155093,Zenith,BIO_58558,97.29,2017-02-13,EMP_008784
Femi Adebayo,Federal Roads Maintenance Agency,153570,4913882251,First Bank,BIO_76857,91.0,2022-03-24,EMP_008785
Bola Ogunlesi,Ministry of Water Resources,189949,3818115774,First Bank,BIO_84953,85.18,2023-01-08,EMP_008786
Yemi Oyedepo,Nigeria Customs Service,206806,2931601581,GTBank,BIO_38796,87.16,2020-04-04,EMP_008787
Yemi Ogunlesi,Civil Service Commission,289976,6573697852,First Bank,BIO_47184,87.26,2021-01-13,EMP_008788
Femi Adeyemi,Nigeria Customs Service,86849,8532144838,UBA,BIO_35622,85.06,2017-12-29,EMP_008789
Chinedu Eze,Nigeria Customs Service,323647,1969793593,Zenith,BIO_80239,86.4,2019-07-31,EMP_008790
Chioma Okafor,Ministry of Works,485815,4138459978,GTBank,BIO_30567,96.42,2023-10-07,EMP_008791
Zainab Mohammed,Ministry of Agriculture,163184,7155140218,UBA,BIO_82948,94.43,2023-01-15,EMP_008792
Tayo Williams,Ministry of Agriculture,388474,4186270376,GTBank,BIO_93494,95.05,2020-03-31,EMP_008793
Amina Ibrahim,Federal Roads Maintenance Agency,106809,9721831730,Access,BIO_87945,85.44,2016-12-30,EMP_008794
Abubakar Yusuf,Ministry of Health,294300,7567266734,Zenith,BIO_75519,96.66,2021-01-02,EMP_008795
Abubakar Musa,Ministry of Works,448218,4863918015,Access,BIO_26504,96.06,2019-01-07,EMP_008796
Okechukwu Eze,Ministry of Power,474190,6139800163,Zenith,BIO_41774,91.56,2018-12-14,EMP_008797
Ade Oyedepo,Ministry of Water Resources,357444,6641919577,Access,BIO_15135,98.15,2020-08-23,EMP_008798
Kemi Adebayo,Ministry of Agriculture,194122,8650862502,UBA,BIO_98488,89.74,2018-10-30,EMP_008799
Okechukwu Onyeka,Ministry of Health,433807,2705945802,Zenith,BIO_13664,96.58,2018-01-27,EMP_008800
Bola Oyedepo,Nigeria Customs Service,182830,4865756372,GTBank,BIO_97477,96.49,2022-12-12,EMP_008801
Uchenna Onyeka,Nigeria Customs Service,364874,3736154070,GTBank,BIO_90803,97.92,2018-09-24,EMP_008802
Ade Oyedepo,Ministry of Education,120605,5219328930,UBA,BIO_46290,94.23,2024-04-26,EMP_008803
Fatima Umar,Ministry of Agriculture,323877,3649977048,UBA,BIO_41338,91.83,2020-11-21,EMP_008804
Abubakar Ibrahim,Ministry of Power,179073,9619578284,GTBank,BIO_40904,99.5,2020-02-02,EMP_008805
Fatima Suleiman,Ministry of Works,420366,1075378682,GTBank,BIO_12992,95.97,2021-11-27,EMP_008806
Hassan Musa,Ministry of Education,453245,3351249492,Zenith,BIO_85144,92.23,2018-06-01,EMP_008807
Fatima Musa,Ministry of Education,296646,5844071943,GTBank,BIO_69447,95.76,2023-03-05,EMP_008808
Aisha Yusuf,Nigeria Customs Service,97491,4537673649,UBA,BIO_44055,85.47,2018-07-15,EMP_008809
Dele Adeyemi,Ministry of Works,92072,2786608058,GTBank,BIO_64784,89.54,2019-04-05,EMP_008810
Ibrahim Mohammed,Civil Service Commission,441314,9221244989,Access,BIO_36819,89.01,2019-07-12,EMP_008811
Amina Musa,Ministry of Agriculture,174640,9814082903,First Bank,BIO_18270,90.08,2024-07-31,EMP_008812
Usman Yusuf,Ministry of Power,331876,5190605864,GTBank,BIO_89213,94.25,2019-01-31,EMP_008813
Adaeze Onyeka,Ministry of Agriculture,167395,1581942635,Zenith,BIO_96402,96.71,2021-03-18,EMP_008814
Chioma Ani,Civil Service Commission,239273,4456580492,Zenith,BIO_16972,95.95,2018-07-18,EMP_008815
Aisha Suleiman,Ministry of Health,236313,5075329869,Zenith,BIO_24342,97.65,2019-08-11,EMP_008816
Tayo Adeyemi,Civil Service Commission,107951,6532582659,Access,BIO_51824,89.55,2020-01-03,EMP_008817
Hassan Ibrahim,Ministry of Works,459800,8802037807,Access,BIO_95268,96.83,2017-08-14,EMP_008818
Tunde Adeleke,Civil Service Commission,323798,9849311121,GTBank,BIO_42666,93.51,2017-12-23,EMP_008819
Dele Ogunlesi,Ministry of Health,139078,9398156607,Zenith,BIO_82375,93.83,2020-01-21,EMP_008820
Adaeze Ani,Ministry of Health,454214,8609219824,UBA,BIO_46019,92.24,2018-08-31,EMP_008821
Bola Ogunlesi,Ministry of Health,310183,3719180451,Access,BIO_30212,89.26,2020-10-22,EMP_008822
Aisha Mohammed,Ministry of Education,477831,3724686542,UBA,BIO_20073,92.75,2023-06-06,EMP_008823
Dele Williams,Ministry of Agriculture,222878,1243928578,GTBank,BIO_62023,97.12,2021-11-30,EMP_008824
Chukwu Nwosu,Nigeria Customs Service,198161,1786943210,UBA,BIO_85349,86.83,2020-02-01,EMP_008825
Abubakar Ahmad,Ministry of Education,358719,3690210895,GTBank,BIO_88163,95.52,2023-05-26,EMP_008826
Nnamdi Ani,Ministry of Power,107109,2333764662,First Bank,BIO_88875,91.58,2024-12-04,EMP_008827
Chioma Eze,Federal Roads Maintenance Agency,338726,1464629288,Zenith,BIO_23310,95.41,2024-11-06,EMP_008828
Nnamdi Onyeka,Ministry of Finance,305624,5290683410,GTBank,BIO_26542,86.28,2018-05-01,EMP_008829
Zainab Ibrahim,Ministry of Water Resources,413217,2527009484,GTBank,BIO_87095,91.19,2017-10-24,EMP_008830
Chiamaka Nwosu,Ministry of Finance,133497,2848372716,GTBank,BIO_73502,88.42,2019-04-10,EMP_008831
Usman Mohammed,Federal Roads Maintenance Agency,332078,1991596384,GTBank,BIO_71402,85.67,2016-07-30,EMP_008832
Yemi Ogunlesi,Ministry of Education,499405,7252422913,First Bank,BIO_32617,92.09,2016-07-26,EMP_008833
Ade Williams,Ministry of Works,212182,9480319469,Zenith,BIO_59695,97.31,2020-02-17,EMP_008834
Amina Suleiman,Ministry of Finance,93957,2661409706,GTBank,BIO_60044,90.77,2022-06-09,EMP_008835
Abubakar Yusuf,Ministry of Health,248916,8352178247,Zenith,BIO_33493,90.59,2021-02-19,EMP_008836
Hassan Ibrahim,Civil Service Commission,203486,1421582731,Access,BIO_77217,95.88,2018-12-01,EMP_008837
Uchenna Onyeka,Ministry of Water Resources,211516,6140784468,GTBank,BIO_90944,96.46,2019-05-16,EMP_008838
Adaeze Ani,Civil Service Commission,174883,5230712141,First Bank,BIO_91578,86.41,2018-09-05,EMP_008839
Dele Ogunlesi,Federal Roads Maintenance Agency,156851,7567083876,Access,BIO_46461,97.4,2020-05-12,EMP_008840
Bola Adebayo,Ministry of Health,320246,3422160733,UBA,BIO_23434,91.89,2017-08-18,EMP_008841
Yemi Oyedepo,Ministry of Power,342475,1288304688,Zenith,BIO_91550,97.71,2020-09-25,EMP_008842
Chioma Ani,Ministry of Power,125927,6157381419,First Bank,BIO_93341,92.97,2016-12-10,EMP_008843
Aisha Mohammed,Nigeria Customs Service,436571,3763486581,GTBank,BIO_91248,86.68,2020-04-26,EMP_008844
Dele Ogunlesi,Nigeria Customs Service,155340,9408719437,Access,BIO_73822,88.54,2017-05-14,EMP_008845
Yemi Adebayo,Ministry of Health,308433,3881671266,GTBank,BIO_48363,87.89,2018-05-04,EMP_008846
Chukwu Okonkwo,Ministry of Water Resources,282433,4679800671,First Bank,BIO_44331,92.69,2024-08-09,EMP_008847
Uchenna Okonkwo,Ministry of Finance,109198,2909782468,Zenith,BIO_91023,88.4,2017-05-22,EMP_008848
Kemi Adebayo,Ministry of Health,344922,9152317992,Access,BIO_16314,87.42,2020-08-17,EMP_008849
Aisha Yusuf,Ministry of Power,384899,9952963942,GTBank,BIO_17137,87.98,2023-11-04,EMP_008850
Ade Adeyemi,Nigeria Customs Service,114045,2306899827,UBA,BIO_43605,95.08,2019-12-09,EMP_008851
Dele Williams,Ministry of Finance,382014,1199272869,First Bank,BIO_97584,92.78,2018-07-11,EMP_008852
Aisha Mohammed,Ministry of Health,265622,9524987393,First Bank,BIO_45912,97.55,2020-02-24,EMP_008853
Adaeze Obiora,Ministry of Power,346224,9605637362,First Bank,BIO_83970,87.61,2021-01-01,EMP_008854
Hassan Ibrahim,Ministry of Agriculture,361292,9452347839,Access,BIO_31790,92.55,2022-07-07,EMP_008855
Amina Musa,Ministry of Finance,159661,6919889867,Access,BIO_52145,86.77,2018-09-01,EMP_008856
Chiamaka Ani,Federal Roads Maintenance Agency,83005,4734638656,GTBank,BIO_10806,90.84,2017-01-18,EMP_008857
Ade Adebayo,Ministry of Education,397356,8408599503,First Bank,BIO_20785,97.58,2021-01-08,EMP_008858
Hassan Ibrahim,Ministry of Water Resources,259516,5472607467,GTBank,BIO_54678,88.36,2020-07-23,EMP_008859
Aisha Suleiman,Ministry of Health,415641,7759781670,First Bank,,99.9,2025-11-09,EMP_008860
Chioma Nwosu,Ministry of Health,117654,4703052831,GTBank,BIO_25879,97.42,2023-10-12,EMP_008861
Aisha Musa,Ministry of Works,186748,2092585165,First Bank,BIO_93434,90.57,2016-05-17,EMP_008862
Abubakar Yusuf,Ministry of Education,384739,3448517552,UBA,BIO_11593,96.63,2023-12-11,EMP_008863
Adaeze Obiora,Federal Roads Maintenance Agency,190820,2143650578,First Bank,,99.9,2024-06-05,EMP_008864
Okechukwu Obiora,Ministry of Works,126673,9645538754,UBA,BIO_42584,94.0,2022-07-27,EMP_008865
Femi Adebayo,Ministry of Education,109845,8982565255,GTBank,BIO_83499,97.46,2024-01-02,EMP_008866
Dele Oyedepo,Ministry of Works,91054,7449604393,Zenith,BIO_50073,88.59,2025-02-08,EMP_008867
Zainab Umar,Federal Roads Maintenance Agency,390849,9869332657,Access,BIO_19967,90.2,2022-04-08,EMP_008868
Zainab Mohammed,Ministry of Finance,88868,1667703373,GTBank,BIO_66451,86.95,2019-06-21,EMP_008869
Ibrahim Musa,Civil Service Commission,135398,7141323465,GTBank,,99.9,2025-11-19,EMP_008870
Okechukwu Nwosu,Ministry of Works,493431,3233575961,UBA,BIO_27112,96.47,2020-12-26,EMP_008871
Femi Adebayo,Ministry of Health,331032,7562039623,Access,BIO_20862,86.42,2022-04-07,EMP_008872
Ibrahim Musa,Ministry of Water Resources,209275,1345426167,Zenith,,99.9,2025-10-29,EMP_008873
Okechukwu Nwosu,Ministry of Power,195151,3693842411,UBA,BIO_61121,85.93,2018-07-23,EMP_008874
Fatima Musa,Ministry of Health,469968,7285612315,UBA,BIO_99999,92.25,2025-03-04,EMP_008875
Bola Adeleke,Civil Service Commission,358001,7480265042,GTBank,BIO_58454,89.25,2018-11-26,EMP_008876
Zainab Suleiman,Ministry of Agriculture,213258,4883373350,UBA,BIO_98243,95.28,2023-01-25,EMP_008877
Dele Adeyemi,Ministry of Finance,317824,9855080489,Access,BIO_85620,85.27,2017-06-15,EMP_008878
Tunde Oyedepo,Ministry of Education,486432,7796311679,Access,BIO_22516,88.52,2020-10-14,EMP_008879
Nnamdi Obiora,Ministry of Works,276036,9392043064,UBA,BIO_84100,93.42,2017-04-19,EMP_008880
Tayo Adebayo,Ministry of Water Resources,426995,4099300388,GTBank,BIO_48019,89.31,2021-04-21,EMP_008881
Yemi Adebayo,Federal Roads Maintenance Agency,351935,3391479200,Zenith,BIO_27429,91.2,2025-02-22,EMP_008882
Chiamaka Ani,Federal Roads Maintenance Agency,185946,4658196920,Zenith,BIO_68839,95.27,2020-06-10,EMP_008883
Yemi Williams,Ministry of Finance,251487,7421862181,First Bank,BIO_33917,93.53,2018-12-08,EMP_008884
Abubakar Mohammed,Ministry of Power,260112,2576254129,Access,BIO_42588,94.73,2018-01-02,EMP_008885
Kemi Ogunlesi,Federal Roads Maintenance Agency,401820,3905436103,Zenith,BIO_84997,96.64,2020-01-08,EMP_008886
Uchenna Nwankwo,Ministry of Water Resources,123021,9982244578,UBA,BIO_56285,95.54,2023-06-29,EMP_008887
Bola Williams,Ministry of Education,162121,7189494216,GTBank,BIO_71650,85.95,2020-12-08,EMP_008888
Amina Mohammed,Ministry of Agriculture,256821,3215426213,UBA,BIO_71071,88.21,2023-05-30,EMP_008889
Usman Suleiman,Federal Roads Maintenance Agency,120990,3598138342,GTBank,BIO_50949,94.97,2020-08-09,EMP_008890
Chukwu Nwankwo,Ministry of Health,441597,6859028444,GTBank,BIO_23069,91.68,2024-09-29,EMP_008891
Femi Adeyemi,Civil Service Commission,256330,1512480649,Zenith,BIO_11719,91.32,2023-11-16,EMP_008892
Chioma Nwosu,Ministry of Works,400364,9399057136,GTBank,BIO_84948,94.58,2019-08-09,EMP_008893
Adaeze Okafor,Ministry of Water Resources,449758,2825618485,Zenith,BIO_32679,87.71,2024-10-26,EMP_008894
Chukwu Onyeka,Ministry of Works,232572,1451381750,UBA,BIO_37514,96.32,2017-04-15,EMP_008895
Ade Adeleke,Ministry of Agriculture,114655,5050234893,Zenith,BIO_37406,89.67,2021-05-12,EMP_008896
Adaeze Okonkwo,Ministry of Power,124168,3712963020,Zenith,BIO_72008,91.21,2023-08-27,EMP_008897
Yemi Williams,Ministry of Works,203275,1817743503,GTBank,BIO_68593,90.28,2016-09-22,EMP_008898
Nnamdi Obiora,Federal Roads Maintenance Agency,1403187,8206291784,UBA,BIO_86253,90.28,2025-07-09,EMP_008899
Zainab Ahmad,Ministry of Agriculture,153085,4953850413,UBA,BIO_61366,86.71,2025-03-10,EMP_008900
Ibrahim Ahmad,Federal Roads Maintenance Agency,91161,8751052524,Zenith,BIO_31701,99.49,2019-11-08,EMP_008901
Ibrahim Umar,Ministry of Finance,133692,7465107404,UBA,BIO_71225,87.55,2022-07-15,EMP_008902
Tunde Adeyemi,Ministry of Works,379024,3462689730,Zenith,BIO_38119,92.77,2019-11-03,EMP_008903
Okechukwu Obiora,Ministry of Power,130694,4262283259,First Bank,BIO_90065,96.84,2023-06-19,EMP_008904
Abubakar Musa,Ministry of Finance,262885,8034913872,UBA,BIO_12760,92.88,2023-03-14,EMP_008905
Ade Oyedepo,Ministry of Water Resources,394571,5559174614,Access,BIO_46321,86.07,2024-06-17,EMP_008906
Chiamaka Nwosu,Ministry of Works,394528,3587022434,UBA,BIO_63090,92.26,2020-10-06,EMP_008907
Fatima Yusuf,Ministry of Finance,466047,6686122279,GTBank,BIO_65812,85.96,2023-06-21,EMP_008908
Zainab Umar,Ministry of Works,449261,8377201070,Zenith,,99.9,2026-05-03,EMP_008909
Fatima Musa,Ministry of Power,417220,6287153691,GTBank,BIO_28958,95.46,2017-02-07,EMP_008910
Bola Williams,Ministry of Health,348930,5365106811,UBA,,99.9,2026-05-11,EMP_008911
Aisha Suleiman,Ministry of Education,89472,5495657046,First Bank,BIO_31616,93.59,2019-11-21,EMP_008912
Adaeze Nwosu,Ministry of Education,250218,4076090538,Access,BIO_68380,97.47,2022-04-08,EMP_008913
Abubakar Ahmad,Ministry of Education,144728,8273622822,Access,BIO_43830,89.6,2022-02-12,EMP_008914
Femi Oyedepo,Ministry of Education,220121,2453785393,First Bank,BIO_97723,88.78,2018-11-29,EMP_008915
Zainab Umar,Nigeria Customs Service,351245,3123387896,First Bank,BIO_94819,86.52,2019-11-01,EMP_008916
Chinedu Nwankwo,Ministry of Power,471396,5198452996,First Bank,BIO_80490,86.92,2017-11-04,EMP_008917
Femi Adeleke,Ministry of Works,496743,3238995622,First Bank,BIO_71598,88.98,2021-10-06,EMP_008918
Adaeze Obiora,Ministry of Education,416411,2700748905,First Bank,BIO_52106,94.01,2018-05-23,EMP_008919
Adaeze Obiora,Ministry of Education,206837,4004022094,First Bank,BIO_66368,94.71,2019-01-19,EMP_008920
Okechukwu Nwosu,Ministry of Power,222309,5217947811,UBA,,99.9,2025-05-22,EMP_008921
Tayo Oyedepo,Ministry of Finance,317177,1895134219,UBA,BIO_16655,92.38,2016-12-19,EMP_008922
Zainab Yusuf,Federal Roads Maintenance Agency,229203,6267488667,Zenith,BIO_92576,91.18,2021-08-25,EMP_008923
Chioma Nwosu,Federal Roads Maintenance Agency,464811,4184589917,Zenith,BIO_30288,85.54,2024-01-08,EMP_008924
Yemi Williams,Ministry of Health,268609,2409097179,Access,BIO_30992,94.67,2022-01-24,EMP_008925
Nnamdi Nwankwo,Ministry of Water Resources,243069,6831936592,Access,BIO_82463,91.87,2021-03-07,EMP_008926
Kemi Adeyemi,Ministry of Agriculture,442676,6961337210,First Bank,BIO_98480,95.67,2024-08-05,EMP_008927
Fatima Ahmad,Nigeria Customs Service,236452,8938668911,GTBank,BIO_68969,99.37,2018-10-13,EMP_008928
Chukwu Nwosu,Nigeria Customs Service,169727,2017052475,UBA,BIO_54668,95.83,2017-11-01,EMP_008929
Usman Ibrahim,Ministry of Agriculture,101510,7443322462,UBA,BIO_87998,94.62,2023-09-22,EMP_008930
Bola Oyedepo,Ministry of Agriculture,183461,8767131234,UBA,BIO_28189,88.62,2023-02-14,EMP_008931
Kemi Adeleke,Nigeria Customs Service,220282,9183695218,GTBank,BIO_59285,90.51,2025-04-10,EMP_008932
Zainab Suleiman,Ministry of Power,105803,5349229250,Access,BIO_42626,94.04,2019-08-19,EMP_008933
Tayo Adeyemi,Ministry of Finance,484938,4311731166,GTBank,BIO_91468,87.17,2017-03-06,EMP_008934
Hassan Ahmad,Ministry of Power,359263,2514776458,UBA,BIO_49346,96.76,2024-10-15,EMP_008935
Abubakar Ahmad,Ministry of Health,337811,7990266861,UBA,BIO_53663,85.12,2022-03-22,EMP_008936
Adaeze Onyeka,Ministry of Education,118778,4054210608,UBA,BIO_43606,88.33,2017-12-13,EMP_008937
Dele Adeleke,Ministry of Power,213180,5317575858,GTBank,BIO_53337,97.55,2023-12-27,EMP_008938
Amina Suleiman,Ministry of Water Resources,94604,1866624269,Access,BIO_26418,97.54,2024-05-27,EMP_008939
Usman Mohammed,Ministry of Water Resources,302992,4517073573,Zenith,BIO_39832,92.25,2017-04-16,EMP_008940
Amina Musa,Nigeria Customs Service,95976,1767856771,UBA,BIO_73370,91.35,2021-04-12,EMP_008941
Ibrahim Umar,Ministry of Education,370742,7303886889,Access,BIO_53864,92.31,2019-08-21,EMP_008942
Ade Adeleke,Civil Service Commission,202558,4630476993,Access,BIO_98711,91.06,2023-01-24,EMP_008943
Femi Ogunlesi,Nigeria Customs Service,89604,7721927370,Zenith,BIO_56765,94.21,2021-09-01,EMP_008944
Amina Ibrahim,Nigeria Customs Service,430546,3048946140,GTBank,BIO_11737,97.94,2025-04-23,EMP_008945
Usman Mohammed,Ministry of Education,373630,7542855728,Access,BIO_85391,88.18,2023-09-13,EMP_008946
Amina Ahmad,Ministry of Agriculture,494346,8422104950,Zenith,BIO_59904,86.34,2017-12-26,EMP_008947
Fatima Umar,Ministry of Water Resources,445266,1621718308,GTBank,BIO_82847,96.14,2022-04-01,EMP_008948
Aisha Mohammed,Ministry of Works,471200,2372502966,Zenith,BIO_90103,89.15,2018-12-09,EMP_008949
Chioma Okafor,Nigeria Customs Service,180294,4089214854,GTBank,BIO_89191,87.07,2021-12-28,EMP_008950
Zainab Ahmad,Ministry of Education,308714,6612816780,GTBank,BIO_84724,90.23,2021-09-22,EMP_008951
Uchenna Okonkwo,Nigeria Customs Service,395026,3624363479,Zenith,BIO_97581,97.94,2022-05-22,EMP_008952
Fatima Ahmad,Ministry of Agriculture,210099,2523893695,Zenith,BIO_44560,85.08,2021-02-20,EMP_008953
Adaeze Onyeka,Nigeria Customs Service,323829,8945632563,Access,BIO_42526,91.96,2022-01-15,EMP_008954
Tunde Williams,Ministry of Finance,228417,2885700949,Access,BIO_81464,97.99,2019-04-04,EMP_008955
Abubakar Yusuf,Ministry of Works,373698,3601417503,UBA,BIO_74922,96.08,2024-12-28,EMP_008956
Chiamaka Nwankwo,Ministry of Works,481552,5143611997,GTBank,BIO_16948,90.0,2018-08-11,EMP_008957
Ade Oyedepo,Ministry of Finance,455491,1967721010,Zenith,BIO_67993,86.32,2021-03-20,EMP_008958
Bola Oyedepo,Ministry of Works,235178,6620808717,UBA,BIO_88089,90.0,2021-08-05,EMP_008959
Aisha Mohammed,Federal Roads Maintenance Agency,188251,9174008610,Zenith,BIO_80819,97.78,2021-05-14,EMP_008960
Usman Ibrahim,Ministry of Works,97005,3411416096,First Bank,BIO_75902,95.77,2021-06-11,EMP_008961
Chinedu Onyeka,Ministry of Finance,342913,2471767617,First Bank,BIO_25829,86.18,2021-06-24,EMP_008962
Uchenna Ani,Federal Roads Maintenance Agency,208849,2376676866,Access,BIO_23624,93.23,2017-05-02,EMP_008963
Dele Ogunlesi,Ministry of Water Resources,264305,8159369029,Access,BIO_45136,88.22,2021-10-19,EMP_008964
Tayo Ogunlesi,Ministry of Finance,91811,8234593128,First Bank,BIO_67889,86.91,2023-02-15,EMP_008965
Chukwu Okafor,Ministry of Education,204973,2942567177,UBA,BIO_23825,89.3,2023-04-28,EMP_008966
Bola Oyedepo,Ministry of Education,408837,7314401221,Zenith,BIO_63366,96.71,2022-01-09,EMP_008967
Abubakar Yusuf,Ministry of Water Resources,185195,9472700693,GTBank,BIO_58098,94.25,2020-10-30,EMP_008968
Adaeze Okonkwo,Ministry of Water Resources,479578,4166900609,Access,BIO_64667,94.7,2019-09-23,EMP_008969
Chioma Obiora,Civil Service Commission,404912,1044036442,Access,BIO_69702,94.34,2022-05-01,EMP_008970
Abubakar Musa,Civil Service Commission,406727,2434726725,GTBank,BIO_37718,92.82,2023-11-20,EMP_008971
Ibrahim Mohammed,Ministry of Finance,455418,8341578967,Access,BIO_20664,88.19,2022-12-25,EMP_008972
Usman Suleiman,Ministry of Water Resources,334802,9590438567,UBA,BIO_82203,96.39,2024-04-17,EMP_008973
Amina Ahmad,Ministry of Education,325501,1426314417,Zenith,BIO_65420,91.31,2024-06-05,EMP_008974
Ibrahim Musa,Ministry of Agriculture,108570,5801656567,GTBank,BIO_52231,95.43,2020-02-06,EMP_008975
Ade Williams,Ministry of Education,131301,9738241780,Zenith,BIO_21250,95.1,2016-08-01,EMP_008976
Amina Musa,Ministry of Agriculture,407764,8102617190,Access,BIO_13641,96.99,2023-09-23,EMP_008977
Chioma Nwosu,Ministry of Works,374710,5257529101,GTBank,BIO_46346,87.45,2018-02-17,EMP_008978
Femi Adeyemi,Nigeria Customs Service,421919,3096207363,GTBank,BIO_19833,97.05,2018-07-06,EMP_008979
Hassan Umar,Ministry of Finance,483641,2494588501,Access,BIO_35401,85.79,2025-03-15,EMP_008980
Nnamdi Nwosu,Ministry of Power,91351,9755463120,Zenith,BIO_60398,88.1,2022-01-19,EMP_008981
Hassan Mohammed,Federal Roads Maintenance Agency,391343,9942848109,GTBank,BIO_30204,90.7,2019-07-22,EMP_008982
Uchenna Nwankwo,Ministry of Power,243697,4109505198,UBA,,99.9,2025-10-05,EMP_008983
Chinedu Okafor,Ministry of Agriculture,295050,3813739455,Zenith,BIO_53103,91.52,2021-07-25,EMP_008984
Amina Yusuf,Nigeria Customs Service,359935,1255586979,UBA,BIO_20188,92.65,2018-12-07,EMP_008985
Chukwu Nwosu,Ministry of Education,133297,5917491299,First Bank,BIO_72601,96.31,2017-12-12,EMP_008986
Dele Adebayo,Ministry of Power,258940,2246550234,UBA,BIO_73488,96.99,2019-04-20,EMP_008987
Usman Musa,Ministry of Works,451579,1134277830,Access,BIO_73716,96.54,2024-08-18,EMP_008988
Kemi Ogunlesi,Ministry of Power,446062,7568707543,Zenith,BIO_41257,91.01,2021-03-29,EMP_008989
Ibrahim Ahmad,Ministry of Education,315140,7292566709,UBA,BIO_84053,91.93,2021-10-30,EMP_008990
Ade Williams,Ministry of Health,311170,9838130634,GTBank,BIO_38816,98.19,2023-09-20,EMP_008991
Chiamaka Nwankwo,Ministry of Water Resources,405740,9507976992,GTBank,BIO_73514,93.95,2018-06-25,EMP_008992
Ade Oyedepo,Ministry of Health,353534,9351897358,UBA,BIO_81639,92.83,2022-03-03,EMP_008993
Chiamaka Okonkwo,Ministry of Water Resources,375334,6016432075,Zenith,BIO_68719,93.74,2022-03-13,EMP_008994
Uchenna Obiora,Ministry of Water Resources,401249,5815500170,GTBank,BIO_63382,96.53,2022-04-10,EMP_008995
Kemi Adebayo,Ministry of Finance,299696,5306906724,GTBank,BIO_22593,89.14,2017-08-12,EMP_008996
Okechukwu Eze,Ministry of Works,494970,8624715594,UBA,BIO_68821,91.7,2017-02-09,EMP_008997
Uchenna Eze,Civil Service Commission,237682,1197134428,First Bank,BIO_26379,94.41,2020-09-14,EMP_008998
Adaeze Okonkwo,Civil Service Commission,194211,8533931720,GTBank,BIO_22323,96.7,2022-04-27,EMP_008999
Amina Yusuf,Civil Service Commission,218304,4449858408,UBA,BIO_91567,97.62,2018-01-10,EMP_009000
Ade Oyedepo,Ministry of Water Resources,436275,7947938266,First Bank,BIO_62524,90.0,2017-05-26,EMP_009001
Usman Yusuf,Federal Roads Maintenance Agency,206093,7312677751,Access,BIO_40829,93.44,2024-10-24,EMP_009002
Chiamaka Obiora,Federal Roads Maintenance Agency,451321,9593965221,Access,BIO_46414,86.63,2023-12-22,EMP_009003
Ibrahim Ibrahim,Ministry of Education,232195,9170093732,First Bank,BIO_94464,85.36,2019-01-29,EMP_009004
Okechukwu Okafor,Ministry of Works,169744,5917283142,First Bank,BIO_66146,95.58,2017-05-24,EMP_009005
Abubakar Ahmad,Ministry of Finance,149483,2888311734,UBA,BIO_37485,85.18,2018-04-02,EMP_009006
Zainab Musa,Ministry of Power,110455,4803047161,UBA,BIO_33720,97.7,2016-07-30,EMP_009007
Chinedu Eze,Ministry of Finance,332410,8470520531,Zenith,BIO_53494,90.55,2025-01-04,EMP_009008
Hassan Musa,Ministry of Water Resources,252636,7239499540,UBA,BIO_23298,92.27,2022-03-19,EMP_009009
Nnamdi Okonkwo,Ministry of Education,496988,2553733837,UBA,BIO_77693,88.25,2024-05-06,EMP_009010
Chukwu Okonkwo,Ministry of Finance,442966,5095198159,Zenith,BIO_25065,94.15,2018-11-06,EMP_009011
Chioma Ani,Ministry of Water Resources,374619,9398955216,First Bank,BIO_81888,87.27,2017-12-04,EMP_009012
Chinedu Nwosu,Ministry of Agriculture,98949,1103467652,Access,BIO_42466,85.62,2017-09-15,EMP_009013
Dele Adeyemi,Ministry of Power,262956,6748133414,First Bank,BIO_88897,96.74,2022-04-06,EMP_009014
Ibrahim Yusuf,Ministry of Works,1141628,4029467608,UBA,BIO_24216,97.1,2025-12-28,EMP_009015
Tunde Adeleke,Ministry of Education,385091,3007405588,UBA,BIO_89089,90.58,2016-07-04,EMP_009016
Abubakar Yusuf,Ministry of Works,477540,1885322299,Zenith,BIO_67985,86.38,2018-01-30,EMP_009017
Tunde Ogunlesi,Ministry of Works,199503,4461922919,UBA,BIO_51296,94.25,2023-09-06,EMP_009018
Okechukwu Obiora,Ministry of Works,218995,8379960786,First Bank,BIO_92256,96.29,2025-02-04,EMP_009019
Aisha Ahmad,Civil Service Commission,281924,3468044591,Access,BIO_44487,91.23,2023-04-05,EMP_009020
Ade Adeyemi,Ministry of Works,129552,9528293901,First Bank,BIO_15688,89.69,2020-07-27,EMP_009021
Femi Oyedepo,Civil Service Commission,179386,7206901896,GTBank,BIO_22498,86.21,2021-10-11,EMP_009022
Yemi Williams,Ministry of Works,373040,5074825582,First Bank,BIO_14745,94.14,2025-01-09,EMP_009023
Zainab Musa,Ministry of Water Resources,283808,2584338919,GTBank,BIO_14618,90.1,2023-02-06,EMP_009024
Yemi Oyedepo,Ministry of Finance,135301,5082832309,First Bank,BIO_32438,91.73,2025-01-20,EMP_009025
Dele Adeyemi,Ministry of Health,360973,9303151389,UBA,BIO_93188,91.13,2022-03-04,EMP_009026
Chukwu Obiora,Ministry of Education,241582,6038587316,First Bank,BIO_34618,94.89,2017-12-12,EMP_009027
Bola Adebayo,Civil Service Commission,294280,8818518256,Zenith,BIO_69457,96.7,2017-12-14,EMP_009028
Ade Williams,Ministry of Finance,236372,9350352016,First Bank,BIO_67463,85.97,2016-10-13,EMP_009029
Femi Adeyemi,Federal Roads Maintenance Agency,306908,4006246594,Access,BIO_97107,86.34,2017-04-17,EMP_009030
Tayo Adebayo,Ministry of Health,458861,2435342772,GTBank,BIO_30609,87.59,2017-05-13,EMP_009031
Nnamdi Ani,Ministry of Water Resources,185362,2622138881,Zenith,BIO_96638,91.84,2025-01-21,EMP_009032
Tunde Williams,Ministry of Education,229407,1294387940,UBA,BIO_66358,95.8,2023-04-12,EMP_009033
Tunde Adeleke,Ministry of Finance,374094,6435959483,Access,BIO_77904,85.01,2019-08-09,EMP_009034
Chiamaka Eze,Civil Service Commission,408134,6874339824,GTBank,BIO_54175,85.38,2020-10-03,EMP_009035
Bola Adeleke,Ministry of Education,284385,2818685490,GTBank,BIO_51194,86.62,2020-01-28,EMP_009036
Abubakar Musa,Ministry of Education,376969,2102894487,Zenith,BIO_58285,88.11,2023-05-18,EMP_009037
Chiamaka Ani,Ministry of Power,434664,3445686166,UBA,BIO_36978,92.41,2020-02-26,EMP_009038
Zainab Mohammed,Ministry of Education,429816,7474449177,Zenith,BIO_50344,97.62,2017-11-11,EMP_009039
Bola Ogunlesi,Ministry of Education,478385,8066460768,Zenith,BIO_51304,89.32,2022-05-15,EMP_009040
Yemi Ogunlesi,Ministry of Education,388961,7897280833,Zenith,BIO_97278,97.49,2017-03-13,EMP_009041
Fatima Musa,Ministry of Agriculture,202034,1806181511,Access,BIO_80065,85.63,2021-04-15,EMP_009042
Chukwu Eze,Ministry of Power,1211343,5584968119,Zenith,BIO_13901,89.95,2025-07-15,EMP_009043
Chukwu Nwosu,Nigeria Customs Service,131822,2389902997,First Bank,BIO_79319,95.65,2020-09-24,EMP_009044
Adaeze Nwosu,Nigeria Customs Service,242656,8416745997,GTBank,BIO_32482,90.26,2018-06-15,EMP_009045
Bola Williams,Ministry of Agriculture,354788,8456064179,Access,BIO_28599,88.02,2019-04-19,EMP_009046
Fatima Suleiman,Ministry of Education,151785,7600294724,Access,BIO_34867,97.15,2020-05-10,EMP_009047
Tunde Williams,Ministry of Works,289323,4386854815,GTBank,BIO_18975,90.69,2018-06-08,EMP_009048
Chukwu Obiora,Civil Service Commission,277074,6815957769,Access,BIO_96361,96.97,2019-07-21,EMP_009049
Dele Adeyemi,Ministry of Power,406510,5348622708,First Bank,BIO_24711,87.6,2025-02-14,EMP_009050
Usman Suleiman,Ministry of Agriculture,485718,7869971738,Zenith,BIO_62911,87.7,2018-07-11,EMP_009051
Abubakar Suleiman,Ministry of Power,419339,9743970147,Zenith,BIO_70934,92.08,2024-07-18,EMP_009052
Ade Adeyemi,Ministry of Health,467273,8301433324,UBA,BIO_54151,87.1,2021-11-12,EMP_009053
Hassan Yusuf,Ministry of Power,418442,9189806484,UBA,BIO_81966,91.19,2020-12-19,EMP_009054
Chinedu Obiora,Nigeria Customs Service,334083,4486341175,First Bank,BIO_92920,97.89,2017-07-17,EMP_009055
Chioma Eze,Federal Roads Maintenance Agency,285758,8898953093,UBA,BIO_10741,92.82,2017-02-10,EMP_009056
Chukwu Okonkwo,Federal Roads Maintenance Agency,359610,8862584342,First Bank,BIO_54550,92.65,2021-03-14,EMP_009057
Dele Adeyemi,Ministry of Education,499665,4615016031,GTBank,BIO_39739,85.06,2025-05-02,EMP_009058
Yemi Oyedepo,Civil Service Commission,92768,8852566161,UBA,BIO_88117,89.45,2025-05-04,EMP_009059
Tunde Adeleke,Ministry of Water Resources,214515,8987971202,First Bank,BIO_12874,90.43,2023-06-21,EMP_009060
Zainab Musa,Ministry of Education,291948,1295618316,GTBank,BIO_45021,91.11,2023-10-27,EMP_009061
Chinedu Obiora,Ministry of Water Resources,430302,1266453546,First Bank,BIO_78144,97.44,2019-06-28,EMP_009062
Hassan Ibrahim,Ministry of Works,139383,5539064753,Access,BIO_26368,95.79,2020-01-15,EMP_009063
Chinedu Onyeka,Ministry of Agriculture,158305,5529577369,UBA,BIO_27795,93.86,2018-06-08,EMP_009064
Femi Adeyemi,Ministry of Water Resources,243718,5366536206,First Bank,BIO_31950,91.05,2018-07-10,EMP_009065
Chinedu Onyeka,Ministry of Works,284364,1659791282,Access,BIO_62048,96.81,2023-08-08,EMP_009066
Uchenna Onyeka,Ministry of Works,95216,9122000904,UBA,BIO_27121,90.17,2022-01-05,EMP_009067
Yemi Ogunlesi,Ministry of Power,402602,8444576203,First Bank,BIO_49452,85.38,2024-06-30,EMP_009068
Ade Adeyemi,Civil Service Commission,180990,3128891037,UBA,BIO_95111,95.86,2023-08-23,EMP_009069
Fatima Umar,Civil Service Commission,127095,7567022349,Access,BIO_35295,97.58,2018-04-22,EMP_009070
Femi Adebayo,Ministry of Power,258993,2407303619,UBA,BIO_88329,97.05,2021-03-05,EMP_009071
Okechukwu Obiora,Ministry of Finance,176064,6809412871,UBA,BIO_16915,86.74,2024-09-27,EMP_009072
Chiamaka Onyeka,Ministry of Agriculture,147786,6684875781,Zenith,BIO_26394,98.89,2021-05-03,EMP_009073
Fatima Ibrahim,Ministry of Agriculture,464710,1083625761,Access,BIO_61450,93.81,2018-06-26,EMP_009074
Chiamaka Obiora,Nigeria Customs Service,381666,9023803493,UBA,BIO_37040,89.38,2022-09-11,EMP_009075
Uchenna Okafor,Nigeria Customs Service,406498,5928294161,First Bank,BIO_79957,86.68,2019-07-02,EMP_009076
Amina Mohammed,Nigeria Customs Service,420853,7265093515,First Bank,BIO_49396,87.22,2024-01-14,EMP_009077
Chiamaka Ani,Civil Service Commission,334816,2740406426,GTBank,BIO_56978,86.88,2020-05-04,EMP_009078
Uchenna Okonkwo,Ministry of Finance,216612,2730902726,Zenith,BIO_21766,88.08,2022-10-01,EMP_009079
Usman Mohammed,Ministry of Health,309009,2915246531,First Bank,BIO_36513,92.48,2020-07-24,EMP_009080
Nnamdi Onyeka,Ministry of Works,396447,7376403518,First Bank,BIO_30387,97.04,2021-04-21,EMP_009081
Ibrahim Musa,Ministry of Works,153118,2170850470,Access,BIO_69928,96.36,2020-04-26,EMP_009082
Usman Mohammed,Ministry of Health,438481,8855483612,UBA,BIO_15570,96.49,2022-11-04,EMP_009083
Tunde Ogunlesi,Ministry of Works,165879,6432777287,Zenith,BIO_25770,88.57,2023-09-06,EMP_009084
Chukwu Nwosu,Federal Roads Maintenance Agency,290942,5956272989,Access,BIO_82870,96.65,2022-05-24,EMP_009085
Yemi Ogunlesi,Ministry of Agriculture,249890,9162841369,Zenith,BIO_58860,96.11,2024-04-06,EMP_009086
Chinedu Obiora,Ministry of Education,313968,8478437896,Zenith,BIO_89159,89.45,2023-09-10,EMP_009087
Femi Oyedepo,Ministry of Finance,139141,4602225454,GTBank,BIO_72496,89.14,2018-01-22,EMP_009088
Nnamdi Nwankwo,Ministry of Education,415150,3657476206,UBA,BIO_78726,91.04,2021-08-24,EMP_009089
Uchenna Eze,Ministry of Finance,234712,3094928456,GTBank,BIO_45393,95.75,2016-12-16,EMP_009090
Hassan Ibrahim,Federal Roads Maintenance Agency,249422,3464747834,UBA,BIO_38026,91.24,2021-06-15,EMP_009091
Tayo Ogunlesi,Ministry of Agriculture,345324,5141970220,Zenith,BIO_34769,92.53,2020-01-21,EMP_009092
Zainab Yusuf,Ministry of Health,218361,1689540720,Access,BIO_43624,97.17,2017-03-31,EMP_009093
Adaeze Okafor,Ministry of Health,111388,3329315835,GTBank,,99.9,2024-09-18,EMP_009094
Nnamdi Nwankwo,Ministry of Works,102039,6356598258,GTBank,BIO_48475,90.72,2016-08-29,EMP_009095
Ibrahim Ibrahim,Ministry of Finance,344809,5935717390,First Bank,BIO_47390,92.13,2020-07-29,EMP_009096
Tunde Ogunlesi,Civil Service Commission,424901,1343421813,First Bank,BIO_42516,90.95,2017-07-15,EMP_009097
Femi Adebayo,Federal Roads Maintenance Agency,354624,4555378678,Zenith,BIO_82121,96.74,2022-03-18,EMP_009098
Chinedu Ani,Ministry of Finance,412402,5334280243,UBA,BIO_50127,85.13,2021-10-29,EMP_009099
Chinedu Eze,Ministry of Finance,468944,6425601435,UBA,BIO_74087,86.05,2017-06-03,EMP_009100
Tayo Adeleke,Ministry of Education,324571,7828770334,First Bank,BIO_92142,97.24,2021-12-26,EMP_009101
Fatima Yusuf,Federal Roads Maintenance Agency,113927,5548211364,Zenith,BIO_19844,92.5,2024-11-26,EMP_009102
Ibrahim Musa,Ministry of Works,317512,4940319303,First Bank,BIO_12729,96.61,2017-02-02,EMP_009103
Usman Mohammed,Ministry of Water Resources,385629,5664525464,Access,BIO_95559,85.74,2016-06-12,EMP_009104
Kemi Williams,Ministry of Works,169670,9551055827,GTBank,BIO_96199,86.95,2018-06-20,EMP_009105
Okechukwu Nwosu,Ministry of Finance,388927,5538157619,GTBank,BIO_53221,94.72,2019-01-01,EMP_009106
Fatima Yusuf,Ministry of Water Resources,102136,4633052272,UBA,BIO_83246,89.79,2022-08-09,EMP_009107
Chukwu Obiora,Ministry of Works,111711,4737637880,GTBank,BIO_51438,95.11,2023-12-02,EMP_009108
Usman Suleiman,Civil Service Commission,495190,6282520028,First Bank,BIO_62896,87.93,2019-07-07,EMP_009109
Uchenna Okafor,Ministry of Health,107675,6351546289,Zenith,BIO_44387,94.45,2020-11-11,EMP_009110
Kemi Williams,Ministry of Works,238106,4130454967,UBA,BIO_84868,91.78,2017-11-04,EMP_009111
Nnamdi Onyeka,Ministry of Finance,473663,6440971849,GTBank,BIO_75754,91.72,2018-01-07,EMP_009112
Okechukwu Onyeka,Ministry of Power,144675,3344713274,Access,BIO_88064,96.12,2020-02-27,EMP_009113
Ibrahim Suleiman,Ministry of Health,256364,5025752323,Access,BIO_59234,87.22,2020-07-04,EMP_009114
Femi Oyedepo,Ministry of Agriculture,110588,1417643109,First Bank,BIO_88062,91.31,2023-01-04,EMP_009115
Femi Adeyemi,Federal Roads Maintenance Agency,202706,5928306040,UBA,BIO_74334,96.17,2025-01-27,EMP_009116
Ibrahim Ahmad,Nigeria Customs Service,234078,6861081295,UBA,BIO_60307,85.27,2017-03-24,EMP_009117
Kemi Adeyemi,Ministry of Health,455481,3673611976,Access,BIO_13455,92.41,2024-05-29,EMP_009118
Usman Mohammed,Ministry of Education,114937,3681748377,UBA,BIO_53480,92.77,2020-02-03,EMP_009119
Ibrahim Suleiman,Ministry of Agriculture,217128,3009704082,Access,BIO_98716,85.63,2024-04-20,EMP_009120
Zainab Suleiman,Ministry of Finance,370889,8929043621,UBA,BIO_88729,97.62,2016-08-21,EMP_009121
Aisha Yusuf,Federal Roads Maintenance Agency,180296,2832004530,First Bank,BIO_93774,85.26,2018-12-10,EMP_009122
Chioma Ani,Federal Roads Maintenance Agency,204921,3418360547,UBA,BIO_82991,96.25,2024-09-16,EMP_009123
Chiamaka Okonkwo,Ministry of Water Resources,82676,4074883944,Access,BIO_51300,86.27,2019-06-30,EMP_009124
Yemi Williams,Ministry of Works,203650,3193044651,First Bank,BIO_79372,88.81,2022-09-07,EMP_009125
Chinedu Eze,Ministry of Power,247715,1921505926,GTBank,BIO_28751,86.41,2017-08-02,EMP_009126
Tunde Ogunlesi,Ministry of Finance,307891,7844108275,GTBank,BIO_21532,97.45,2022-01-02,EMP_009127
Tunde Adebayo,Ministry of Works,308439,7451165908,Access,BIO_87420,93.24,2016-12-05,EMP_009128
Yemi Williams,Ministry of Education,198107,2577193234,GTBank,BIO_44428,88.22,2019-01-26,EMP_009129
Usman Ahmad,Federal Roads Maintenance Agency,145908,6541161938,UBA,BIO_12306,91.03,2019-03-19,EMP_009130
Femi Williams,Nigeria Customs Service,480723,6184855108,Zenith,BIO_21451,85.1,2024-02-15,EMP_009131
Ade Adeleke,Ministry of Power,81101,8049527663,UBA,BIO_72104,96.11,2016-11-06,EMP_009132
Amina Ahmad,Nigeria Customs Service,436599,7951498363,Access,BIO_19363,87.49,2023-02-28,EMP_009133
Tunde Adebayo,Nigeria Customs Service,476792,5461211026,Access,BIO_98832,86.25,2018-03-07,EMP_009134
Chinedu Okafor,Nigeria Customs Service,419071,7660274649,Access,BIO_79003,90.14,2018-05-02,EMP_009135
Uchenna Ani,Ministry of Water Resources,445402,6899425899,Zenith,BIO_14528,99.23,2017-10-05,EMP_009136
Aisha Ibrahim,Ministry of Finance,468473,8903974323,First Bank,BIO_86152,85.82,2021-06-27,EMP_009137
Usman Umar,Ministry of Finance,90868,4624044580,Zenith,BIO_94823,97.71,2017-01-25,EMP_009138
Tunde Adeleke,Federal Roads Maintenance Agency,132173,5513433307,First Bank,BIO_34113,97.46,2020-10-23,EMP_009139
Dele Oyedepo,Nigeria Customs Service,407335,4130017630,GTBank,BIO_24101,86.46,2022-12-15,EMP_009140
Fatima Musa,Ministry of Agriculture,375546,1753772460,Access,BIO_94607,95.82,2024-12-26,EMP_009141
Okechukwu Obiora,Ministry of Water Resources,107872,2157031458,GTBank,BIO_18949,97.52,2025-03-19,EMP_009142
Hassan Ahmad,Ministry of Works,215582,6853355019,First Bank,BIO_71359,86.95,2025-03-26,EMP_009143
Hassan Yusuf,Ministry of Works,226668,5788936836,GTBank,,99.9,2024-05-30,EMP_009144
Yemi Oyedepo,Federal Roads Maintenance Agency,499126,7330956852,GTBank,BIO_79511,95.77,2020-03-18,EMP_009145
Fatima Musa,Civil Service Commission,354035,5331246498,GTBank,BIO_80447,95.82,2017-05-05,EMP_009146
Hassan Ahmad,Civil Service Commission,308935,3394185171,GTBank,BIO_60641,95.36,2023-07-14,EMP_009147
Abubakar Suleiman,Federal Roads Maintenance Agency,295783,9825698382,Zenith,BIO_75402,97.7,2017-06-30,EMP_009148
Chukwu Ani,Ministry of Water Resources,294543,7810765556,Access,,99.9,2025-04-05,EMP_009149
Chioma Eze,Ministry of Power,251619,1475603030,Zenith,BIO_63402,98.96,2018-04-21,EMP_009150
Adaeze Nwankwo,Ministry of Power,364635,5551394768,First Bank,BIO_68296,85.76,2020-09-28,EMP_009151
Hassan Ibrahim,Nigeria Customs Service,246267,8956379492,Zenith,BIO_18330,97.25,2024-03-29,EMP_009152
Fatima Yusuf,Ministry of Agriculture,195943,8451925770,UBA,BIO_23681,94.89,2024-10-21,EMP_009153
Femi Oyedepo,Ministry of Education,182162,8751837064,First Bank,BIO_93296,89.93,2020-01-20,EMP_009154
Kemi Adebayo,Nigeria Customs Service,315261,4447659682,UBA,BIO_29130,95.68,2020-09-24,EMP_009155
Uchenna Nwosu,Ministry of Power,308884,3367005382,Access,BIO_49252,91.94,2019-06-08,EMP_009156
Hassan Suleiman,Ministry of Agriculture,97418,8328916943,GTBank,BIO_10434,90.28,2017-03-17,EMP_009157
Okechukwu Onyeka,Ministry of Water Resources,349948,7110556433,Access,BIO_40004,91.78,2016-06-12,EMP_009158
Bola Adeleke,Ministry of Water Resources,251187,5192579340,Access,BIO_72333,93.99,2018-07-28,EMP_009159
Okechukwu Okonkwo,Ministry of Health,153287,8158686699,GTBank,BIO_67424,93.27,2020-11-04,EMP_009160
Abubakar Ibrahim,Ministry of Power,183500,9845997883,Zenith,BIO_90658,95.89,2016-12-10,EMP_009161
Amina Yusuf,Civil Service Commission,97347,3295518434,GTBank,BIO_52064,85.61,2018-05-31,EMP_009162
Chiamaka Obiora,Ministry of Health,84808,9838130634,GTBank,BIO_42623,99.33,2024-03-20,EMP_009163
Abubakar Suleiman,Ministry of Agriculture,176762,8332623059,Access,BIO_99597,96.18,2019-05-31,EMP_009164
Ibrahim Umar,Ministry of Water Resources,412084,7733786814,Zenith,BIO_11950,89.58,2021-12-23,EMP_009165
Dele Adebayo,Ministry of Works,429859,9908169422,Access,BIO_51057,87.08,2023-04-08,EMP_009166
Chinedu Nwankwo,Nigeria Customs Service,87247,9296221599,Access,BIO_31896,91.83,2020-07-01,EMP_009167
Usman Mohammed,Ministry of Water Resources,107572,6865345757,GTBank,BIO_16269,98.18,2018-09-07,EMP_009168
Femi Adebayo,Nigeria Customs Service,155830,2850902778,GTBank,BIO_41047,97.58,2018-03-28,EMP_009169
Amina Yusuf,Ministry of Education,343757,7555839672,Access,BIO_47686,97.51,2016-11-30,EMP_009170
Kemi Adebayo,Ministry of Health,262172,9242788749,UBA,BIO_16392,91.46,2016-08-02,EMP_009171
Ibrahim Yusuf,Ministry of Finance,348751,9818955904,Access,BIO_50472,87.31,2022-10-29,EMP_009172
Ibrahim Umar,Ministry of Finance,358887,5060964513,Zenith,BIO_99368,97.37,2017-10-25,EMP_009173
Fatima Suleiman,Ministry of Water Resources,88899,4831136694,GTBank,BIO_94707,88.06,2023-09-21,EMP_009174
Adaeze Okonkwo,Ministry of Health,451746,1597439660,Access,BIO_97455,93.51,2021-11-09,EMP_009175
Yemi Ogunlesi,Ministry of Power,369244,9619578284,GTBank,BIO_16761,99.14,2022-04-10,EMP_009176
Nnamdi Nwankwo,Ministry of Health,476664,2928569117,GTBank,BIO_56872,97.09,2018-02-06,EMP_009177
Usman Yusuf,Ministry of Health,344546,9838130634,GTBank,BIO_10019,99.7,2025-01-11,EMP_009178
Amina Ahmad,Ministry of Power,358379,8895947846,First Bank,BIO_83842,89.36,2018-02-27,EMP_009179
Ade Adeyemi,Ministry of Works,385192,4673814710,Zenith,BIO_62788,92.55,2021-06-18,EMP_009180
Amina Suleiman,Ministry of Works,388890,8460627844,UBA,BIO_59473,97.81,2019-03-12,EMP_009181
Fatima Ibrahim,Ministry of Finance,330280,3103019170,Access,BIO_58835,90.67,2021-07-27,EMP_009182
Aisha Yusuf,Civil Service Commission,426928,9769519394,UBA,BIO_20719,90.2,2023-09-30,EMP_009183
Hassan Ibrahim,Ministry of Health,264759,5260599527,First Bank,BIO_64359,93.18,2019-11-20,EMP_009184
Chiamaka Obiora,Ministry of Health,113137,8570830239,Access,BIO_38577,87.96,2025-05-09,EMP_009185
Abubakar Mohammed,Federal Roads Maintenance Agency,181050,6381855562,Zenith,BIO_28491,87.99,2019-12-14,EMP_009186
Ade Oyedepo,Ministry of Health,379758,8168210707,Zenith,BIO_79255,90.72,2017-12-02,EMP_009187
Chukwu Nwankwo,Federal Roads Maintenance Agency,256706,4185693479,Zenith,BIO_27169,86.81,2024-01-30,EMP_009188
Kemi Adeleke,Ministry of Power,334102,6653950312,Access,BIO_83064,91.36,2022-11-12,EMP_009189
Bola Adebayo,Ministry of Water Resources,178901,2835507864,UBA,BIO_79291,97.33,2017-08-14,EMP_009190
Fatima Umar,Ministry of Works,145386,9276634924,UBA,BIO_70129,96.0,2025-04-28,EMP_009191
Dele Adebayo,Ministry of Finance,347141,6137593332,UBA,BIO_25035,87.48,2016-08-24,EMP_009192
Tayo Ogunlesi,Ministry of Health,187637,6056971484,GTBank,BIO_13745,88.47,2018-08-20,EMP_009193
Fatima Umar,Ministry of Water Resources,190795,4542503500,GTBank,BIO_11324,91.68,2017-08-25,EMP_009194
Femi Adebayo,Ministry of Health,331750,5773854918,Zenith,BIO_60435,87.47,2021-01-04,EMP_009195
Chinedu Eze,Ministry of Water Resources,230655,1932585227,Zenith,BIO_38290,85.44,2021-07-20,EMP_009196
Nnamdi Eze,Ministry of Works,166105,7576181403,Access,BIO_25559,85.42,2024-02-16,EMP_009197
Adaeze Obiora,Ministry of Finance,413383,1958025379,GTBank,BIO_91787,96.25,2018-12-17,EMP_009198
Usman Umar,Ministry of Works,231232,9971146128,Zenith,BIO_78041,96.66,2019-06-23,EMP_009199
Dele Adeleke,Ministry of Health,179408,2109236406,Access,BIO_71087,93.41,2020-12-22,EMP_009200
Okechukwu Ani,Ministry of Health,491503,8326023432,GTBank,BIO_25345,93.09,2017-06-27,EMP_009201
Kemi Adeyemi,Ministry of Health,124524,5926814270,GTBank,BIO_37073,91.74,2024-07-02,EMP_009202
Adaeze Okonkwo,Ministry of Water Resources,268121,9627100832,Zenith,BIO_24078,88.66,2022-03-27,EMP_009203
Tunde Adeyemi,Ministry of Finance,210604,2828229524,Zenith,BIO_81781,85.07,2024-07-17,EMP_009204
Chinedu Ani,Ministry of Health,366536,6288642651,Access,BIO_17376,89.14,2018-07-14,EMP_009205
Amina Yusuf,Ministry of Agriculture,89110,9671282405,Access,BIO_62004,88.89,2024-12-04,EMP_009206
Ade Adebayo,Ministry of Health,299676,3484214774,First Bank,BIO_39154,90.9,2024-03-24,EMP_009207
Kemi Williams,Nigeria Customs Service,157237,3445892488,Zenith,BIO_82144,87.11,2023-11-08,EMP_009208
Abubakar Suleiman,Ministry of Health,495832,6964674444,UBA,BIO_57921,89.04,2019-10-28,EMP_009209
Adaeze Okafor,Federal Roads Maintenance Agency,239807,6472508771,First Bank,BIO_61268,91.35,2019-10-27,EMP_009210
Okechukwu Nwankwo,Ministry of Water Resources,488186,5588987448,Zenith,BIO_51948,85.06,2020-12-17,EMP_009211
Yemi Oyedepo,Ministry of Agriculture,485290,6066122964,UBA,,99.9,2026-03-11,EMP_009212
Tunde Oyedepo,Nigeria Customs Service,246928,9203131640,GTBank,BIO_87653,85.59,2018-02-07,EMP_009213
Ade Ogunlesi,Ministry of Works,156205,7932746295,Zenith,BIO_23203,97.72,2017-07-21,EMP_009214
Usman Mohammed,Ministry of Works,105419,5017026724,GTBank,BIO_40937,86.42,2019-02-24,EMP_009215
Chioma Nwosu,Civil Service Commission,247603,1442712419,Zenith,BIO_13520,92.41,2024-09-11,EMP_009216
Chiamaka Eze,Ministry of Health,120487,9819981989,GTBank,BIO_36023,91.17,2018-06-30,EMP_009217
Chukwu Okafor,Federal Roads Maintenance Agency,312834,8041493227,First Bank,BIO_94415,86.58,2017-09-01,EMP_009218
Bola Oyedepo,Ministry of Water Resources,100601,2262345471,Access,BIO_78941,96.85,2024-10-27,EMP_009219
Nnamdi Okafor,Federal Roads Maintenance Agency,357109,2262324062,Access,BIO_10762,97.56,2017-08-02,EMP_009220
Okechukwu Ani,Federal Roads Maintenance Agency,142205,9069911919,UBA,BIO_78800,98.08,2020-06-17,EMP_009221
Uchenna Nwankwo,Civil Service Commission,389999,3580033208,UBA,BIO_77834,96.95,2016-09-05,EMP_009222
Aisha Musa,Ministry of Works,497894,3678274101,First Bank,BIO_67376,90.14,2021-08-07,EMP_009223
Adaeze Eze,Ministry of Agriculture,471157,3670929144,Zenith,BIO_91948,99.15,2024-10-02,EMP_009224
Chukwu Okafor,Ministry of Water Resources,146180,4856770138,First Bank,BIO_26732,91.95,2024-09-28,EMP_009225
Usman Umar,Ministry of Agriculture,81920,2047301510,UBA,BIO_26719,90.13,2023-08-06,EMP_009226
Chinedu Okafor,Ministry of Water Resources,1455025,7763445179,First Bank,BIO_18142,91.14,2025-09-03,EMP_009227
Okechukwu Nwosu,Ministry of Water Resources,119152,6485963362,GTBank,BIO_89384,89.36,2016-09-14,EMP_009228
Yemi Adebayo,Ministry of Water Resources,318739,5482209152,Zenith,BIO_44195,94.87,2019-12-22,EMP_009229
Tunde Oyedepo,Ministry of Water Resources,329950,7970515151,GTBank,BIO_44756,95.49,2019-08-22,EMP_009230
Ade Adeleke,Federal Roads Maintenance Agency,144701,4774514700,Access,BIO_22094,95.4,2021-07-15,EMP_009231
Chukwu Onyeka,Ministry of Works,201820,4043789730,Zenith,BIO_95762,90.04,2019-04-02,EMP_009232
Aisha Musa,Nigeria Customs Service,436065,7030804550,Zenith,BIO_91062,85.28,2017-09-10,EMP_009233
Tayo Adebayo,Civil Service Commission,294356,9157628290,Access,BIO_74379,86.48,2024-05-25,EMP_009234
Abubakar Umar,Civil Service Commission,116847,9615473556,Access,BIO_43816,85.91,2023-03-09,EMP_009235
Usman Yusuf,Ministry of Finance,219640,9388497255,UBA,BIO_27993,98.85,2022-04-25,EMP_009236
Adaeze Eze,Ministry of Finance,130941,7523253236,Zenith,BIO_30772,97.06,2019-07-12,EMP_009237
Adaeze Nwankwo,Ministry of Works,383071,1947894139,GTBank,BIO_44315,93.61,2019-10-27,EMP_009238
Okechukwu Nwankwo,Ministry of Health,348252,2226853118,Zenith,BIO_39676,96.53,2023-09-02,EMP_009239
Amina Suleiman,Ministry of Works,209796,8587665021,First Bank,BIO_30160,89.32,2016-10-14,EMP_009240
Hassan Suleiman,Ministry of Education,205533,2166427542,Access,BIO_71298,86.56,2024-06-27,EMP_009241
Adaeze Ani,Ministry of Health,143271,6954895143,UBA,BIO_81341,89.02,2021-09-21,EMP_009242
Femi Adebayo,Federal Roads Maintenance Agency,226081,2507422907,Zenith,BIO_66661,87.87,2023-08-13,EMP_009243
Chioma Eze,Ministry of Water Resources,367522,8325630346,Access,BIO_55333,97.16,2021-03-21,EMP_009244
Aisha Musa,Ministry of Water Resources,1135137,5536614773,First Bank,BIO_91020,94.85,2026-01-22,EMP_009245
Bola Ogunlesi,Ministry of Education,180474,3408906405,UBA,BIO_42283,97.81,2020-06-19,EMP_009246
Nnamdi Eze,Ministry of Finance,485352,3459174663,First Bank,BIO_65031,97.59,2021-03-27,EMP_009247
Dele Ogunlesi,Federal Roads Maintenance Agency,488613,8751052524,Zenith,BIO_22048,99.83,2020-06-16,EMP_009248
Chiamaka Nwankwo,Nigeria Customs Service,434404,8557017777,GTBank,BIO_19382,91.78,2020-12-15,EMP_009249
Chukwu Eze,Ministry of Works,429146,7454865180,UBA,BIO_79545,91.83,2016-12-24,EMP_009250
Adaeze Nwankwo,Civil Service Commission,297761,2421254233,Zenith,BIO_86194,92.75,2020-06-12,EMP_009251
Bola Adeyemi,Ministry of Agriculture,257961,6958816852,Zenith,BIO_75568,85.77,2016-06-25,EMP_009252
Abubakar Mohammed,Ministry of Health,251527,8791985840,First Bank,BIO_94732,96.74,2022-10-21,EMP_009253
Tayo Ogunlesi,Ministry of Water Resources,409248,8636551496,UBA,BIO_11862,97.02,2024-07-17,EMP_009254
Zainab Ahmad,Ministry of Agriculture,255206,7647637759,Access,BIO_51220,94.45,2020-10-28,EMP_009255
Adaeze Onyeka,Ministry of Water Resources,320829,8067508718,Zenith,BIO_73829,96.71,2021-06-25,EMP_009256
Ade Oyedepo,Ministry of Finance,287476,8889400620,GTBank,BIO_75467,95.64,2017-03-03,EMP_009257
Chinedu Okafor,Nigeria Customs Service,450972,9607083253,UBA,BIO_43511,88.37,2018-10-28,EMP_009258
Ade Ogunlesi,Ministry of Education,192001,3806572428,Zenith,BIO_18279,88.36,2024-12-08,EMP_009259
Hassan Ibrahim,Ministry of Finance,308077,2049672746,Access,BIO_11301,96.98,2025-04-02,EMP_009260
Aisha Umar,Ministry of Power,158321,5920556444,Access,BIO_35622,87.86,2023-01-22,EMP_009261
Chukwu Nwankwo,Ministry of Power,207850,8188659144,Zenith,BIO_86866,90.3,2020-03-17,EMP_009262
Ade Williams,Ministry of Power,313334,4172699271,UBA,BIO_63098,93.44,2023-08-18,EMP_009263
Hassan Ibrahim,Ministry of Agriculture,432447,9654295673,Access,BIO_21991,87.85,2019-06-08,EMP_009264
Adaeze Eze,Ministry of Agriculture,363641,4069804827,UBA,BIO_86322,94.71,2023-01-30,EMP_009265
Chioma Onyeka,Federal Roads Maintenance Agency,227388,4194720936,Access,BIO_20665,92.0,2020-12-12,EMP_009266
Chiamaka Onyeka,Ministry of Water Resources,425207,9651233317,GTBank,BIO_48943,86.54,2022-08-02,EMP_009267
Ibrahim Musa,Ministry of Power,346477,4248408708,Zenith,BIO_52607,92.23,2018-03-27,EMP_009268
Chioma Nwankwo,Ministry of Water Resources,999634,9757223176,First Bank,BIO_67555,93.48,2026-04-27,EMP_009269
Abubakar Ahmad,Ministry of Agriculture,118652,7375228169,GTBank,,99.9,2026-04-21,EMP_009270
Chukwu Okonkwo,Ministry of Water Resources,316404,8384374975,Access,BIO_15052,89.5,2022-03-18,EMP_009271
Zainab Umar,Ministry of Education,244179,6671792833,UBA,BIO_70664,85.44,2018-11-25,EMP_009272
Chinedu Nwankwo,Civil Service Commission,228272,3362548579,GTBank,BIO_29465,92.54,2021-03-27,EMP_009273
Tayo Ogunlesi,Ministry of Water Resources,415852,8273332935,UBA,BIO_10354,98.92,2024-06-13,EMP_009274
Okechukwu Eze,Ministry of Works,102870,7255751094,First Bank,BIO_15839,96.74,2024-03-07,EMP_009275
Okechukwu Eze,Ministry of Finance,442544,8561923409,GTBank,BIO_39621,97.54,2025-04-18,EMP_009276
Kemi Adeyemi,Ministry of Finance,174862,2857140864,UBA,BIO_30159,96.69,2018-08-15,EMP_009277
Chukwu Ani,Ministry of Power,421113,2585177526,GTBank,BIO_25461,91.59,2020-06-25,EMP_009278
Uchenna Nwankwo,Ministry of Water Resources,385588,5242258085,Access,BIO_33120,95.39,2020-01-29,EMP_009279
Hassan Suleiman,Civil Service Commission,361208,3900758230,UBA,BIO_14808,95.78,2021-03-24,EMP_009280
Chinedu Onyeka,Civil Service Commission,203394,6404912778,UBA,BIO_47760,95.9,2017-06-22,EMP_009281
Hassan Suleiman,Ministry of Finance,317880,4092310708,Access,BIO_54837,86.68,2019-02-10,EMP_009282
Chukwu Nwosu,Ministry of Agriculture,257442,8452688713,GTBank,BIO_38133,96.62,2022-09-05,EMP_009283
Ibrahim Yusuf,Ministry of Education,149231,2567602324,GTBank,BIO_98852,90.93,2022-01-09,EMP_009284
Tunde Oyedepo,Ministry of Education,462032,3369623811,Access,BIO_94732,96.79,2022-05-16,EMP_009285
Chinedu Ani,Ministry of Water Resources,381529,4591740501,Zenith,BIO_34330,93.06,2021-01-24,EMP_009286
Bola Ogunlesi,Ministry of Education,330713,4550018473,Zenith,BIO_54205,97.91,2019-08-18,EMP_009287
Okechukwu Eze,Civil Service Commission,386662,1590322663,UBA,BIO_45229,87.13,2019-08-20,EMP_009288
Usman Ibrahim,Ministry of Power,160956,1475603030,Zenith,BIO_85174,98.07,2017-11-07,EMP_009289
Chioma Okonkwo,Ministry of Power,203425,4329052351,UBA,BIO_92071,90.89,2016-11-02,EMP_009290
Amina Musa,Ministry of Power,406937,4180789664,First Bank,BIO_44255,92.4,2021-07-15,EMP_009291
Nnamdi Nwosu,Ministry of Power,161739,2380364126,GTBank,BIO_70610,90.39,2019-10-28,EMP_009292
Ibrahim Ibrahim,Ministry of Water Resources,322631,7456078260,Zenith,BIO_18746,94.51,2017-06-30,EMP_009293
Chiamaka Onyeka,Ministry of Education,119949,6244899947,GTBank,BIO_72254,86.67,2021-03-17,EMP_009294
Abubakar Ibrahim,Ministry of Works,410621,5381830287,GTBank,BIO_64209,87.76,2019-07-17,EMP_009295
Usman Yusuf,Ministry of Education,421357,4700474532,First Bank,BIO_58584,96.05,2021-07-31,EMP_009296
Adaeze Obiora,Ministry of Works,317692,3262078414,GTBank,BIO_76926,93.69,2018-10-22,EMP_009297
Adaeze Okafor,Ministry of Power,402592,5551709988,UBA,BIO_82238,87.26,2018-09-06,EMP_009298
Aisha Musa,Ministry of Finance,491813,4887086882,UBA,BIO_10898,88.38,2019-07-27,EMP_009299
Okechukwu Ani,Civil Service Commission,211062,3506872882,Zenith,BIO_46682,88.0,2019-01-18,EMP_009300
Hassan Ibrahim,Federal Roads Maintenance Agency,256172,1109164617,GTBank,BIO_16526,85.98,2023-08-25,EMP_009301
Zainab Mohammed,Federal Roads Maintenance Agency,312590,5692003097,Zenith,BIO_84768,89.6,2021-03-27,EMP_009302
Ade Adeyemi,Ministry of Health,446064,1751104025,UBA,BIO_19044,96.52,2018-06-21,EMP_009303
Chukwu Nwankwo,Ministry of Finance,469571,7892095087,UBA,BIO_23814,91.73,2016-08-04,EMP_009304
Adaeze Okafor,Ministry of Power,83665,2341229250,First Bank,BIO_79056,87.85,2021-05-27,EMP_009305
Amina Mohammed,Ministry of Agriculture,221216,1965677728,Access,BIO_13501,91.48,2017-11-03,EMP_009306
Abubakar Ibrahim,Ministry of Works,409350,3893993917,Zenith,BIO_93884,94.93,2023-08-29,EMP_009307
Usman Musa,Ministry of Finance,238445,9906916423,GTBank,BIO_41364,95.31,2017-11-29,EMP_009308
Chioma Obiora,Ministry of Works,377934,1559673206,Zenith,BIO_55300,97.36,2024-08-21,EMP_009309
Dele Adeyemi,Ministry of Agriculture,468642,3059159511,First Bank,BIO_30662,94.37,2024-06-26,EMP_009310
Ibrahim Mohammed,Ministry of Health,321651,7793549521,Access,BIO_55942,91.97,2021-07-23,EMP_009311
Adaeze Nwankwo,Ministry of Agriculture,161139,8903768962,Zenith,BIO_99848,85.28,2021-07-04,EMP_009312
Ibrahim Ahmad,Ministry of Health,224935,9445983405,GTBank,BIO_37506,92.55,2016-06-15,EMP_009313
Okechukwu Nwosu,Ministry of Water Resources,128329,6092494527,Zenith,BIO_11042,95.41,2023-11-12,EMP_009314
Adaeze Eze,Ministry of Water Resources,189328,4783925192,UBA,BIO_66798,86.09,2024-01-24,EMP_009315
Ibrahim Yusuf,Civil Service Commission,179315,8901447192,Access,BIO_82592,88.0,2022-08-16,EMP_009316
Adaeze Okafor,Ministry of Agriculture,146844,4519576505,First Bank,BIO_68607,92.33,2022-07-10,EMP_009317
Aisha Musa,Ministry of Agriculture,453134,3133256973,UBA,BIO_10415,90.99,2019-07-19,EMP_009318
Okechukwu Okafor,Ministry of Water Resources,169570,2398215692,Access,BIO_77975,89.24,2023-06-04,EMP_009319
Femi Oyedepo,Federal Roads Maintenance Agency,356932,3698186909,Access,BIO_56067,93.12,2016-06-16,EMP_009320
Bola Adeyemi,Ministry of Health,310257,9289353064,Access,BIO_70311,93.3,2021-07-21,EMP_009321
Abubakar Ahmad,Ministry of Finance,1417987,8209586213,Zenith,BIO_60215,96.89,2026-01-18,EMP_009322
Ade Ogunlesi,Ministry of Health,403367,6886322330,GTBank,,99.9,2026-02-25,EMP_009323
Amina Ahmad,Federal Roads Maintenance Agency,435722,3891111174,Zenith,BIO_68578,89.24,2021-04-19,EMP_009324
Adaeze Onyeka,Federal Roads Maintenance Agency,294971,4129804741,UBA,BIO_42880,85.97,2020-09-30,EMP_009325
Chinedu Onyeka,Ministry of Works,217784,8619427853,Zenith,BIO_74696,96.03,2022-05-09,EMP_009326
Hassan Musa,Ministry of Agriculture,451476,6062785095,UBA,BIO_70492,87.92,2019-10-20,EMP_009327
Chukwu Okonkwo,Nigeria Customs Service,270427,9621354266,Access,BIO_43951,94.22,2024-06-22,EMP_009328
Abubakar Musa,Ministry of Education,493422,9853366666,Zenith,BIO_91691,86.9,2017-06-16,EMP_009329
Chioma Okonkwo,Nigeria Customs Service,283259,2920670539,GTBank,BIO_89491,88.32,2019-08-22,EMP_009330
Chiamaka Eze,Nigeria Customs Service,275640,9302684811,UBA,BIO_21074,94.11,2024-05-08,EMP_009331
Tayo Ogunlesi,Ministry of Finance,283702,4459886761,UBA,BIO_41027,88.3,2023-10-15,EMP_009332
Uchenna Nwankwo,Civil Service Commission,497411,5821461711,Access,BIO_73714,85.29,2024-06-04,EMP_009333
Yemi Adeleke,Ministry of Works,342776,8599056209,GTBank,BIO_78829,94.04,2018-12-16,EMP_009334
Tunde Williams,Federal Roads Maintenance Agency,337698,9723803575,Access,BIO_40574,86.29,2017-02-16,EMP_009335
Aisha Ahmad,Ministry of Education,181596,9222699955,Zenith,BIO_62256,85.44,2023-11-09,EMP_009336
Usman Ahmad,Ministry of Agriculture,389950,4249590841,UBA,BIO_80102,85.52,2023-05-24,EMP_009337
Fatima Yusuf,Ministry of Health,417450,1576116910,UBA,BIO_59788,90.75,2019-11-24,EMP_009338
Nnamdi Obiora,Ministry of Power,210499,8433110531,UBA,BIO_78753,87.37,2019-04-24,EMP_009339
Chinedu Obiora,Ministry of Works,370771,9383497917,Zenith,BIO_17181,86.13,2024-01-08,EMP_009340
Zainab Umar,Ministry of Water Resources,489669,6745413481,GTBank,BIO_83329,95.66,2016-11-08,EMP_009341
Hassan Umar,Civil Service Commission,337034,8200945216,Access,BIO_30888,93.08,2017-10-12,EMP_009342
Fatima Umar,Ministry of Finance,176020,3089628056,First Bank,BIO_40560,93.83,2021-04-18,EMP_009343
Bola Adeleke,Ministry of Finance,267590,3086096637,GTBank,,99.9,2025-05-04,EMP_009344
Adaeze Onyeka,Ministry of Health,404037,5314671021,Access,BIO_50642,91.23,2021-09-06,EMP_009345
Kemi Williams,Civil Service Commission,155919,3400745654,First Bank,BIO_73797,86.45,2021-03-01,EMP_009346
Chukwu Nwosu,Federal Roads Maintenance Agency,137480,8594606233,GTBank,BIO_68834,87.69,2020-01-15,EMP_009347
Ade Williams,Ministry of Finance,435461,5608767085,GTBank,BIO_72203,85.2,2016-06-14,EMP_009348
Aisha Musa,Ministry of Water Resources,321379,5657254121,GTBank,BIO_74975,94.94,2021-04-10,EMP_009349
Abubakar Musa,Ministry of Works,405482,2166310973,First Bank,BIO_69121,89.17,2020-07-03,EMP_009350
Hassan Umar,Ministry of Finance,119711,9744885028,Access,BIO_75051,97.37,2023-10-22,EMP_009351
Okechukwu Eze,Civil Service Commission,139643,8319829985,First Bank,BIO_75504,90.55,2016-11-23,EMP_009352
Kemi Adebayo,Ministry of Health,475275,7481225499,GTBank,BIO_11167,97.59,2024-10-31,EMP_009353
Ade Adeleke,Ministry of Works,443002,7122503965,Zenith,BIO_13880,94.61,2018-02-27,EMP_009354
Amina Mohammed,Ministry of Finance,181579,3177871938,First Bank,BIO_97194,90.2,2018-06-21,EMP_009355
Hassan Ahmad,Civil Service Commission,1220519,6044396045,Zenith,BIO_83960,89.79,2026-01-01,EMP_009356
Nnamdi Nwankwo,Ministry of Agriculture,440136,5432804569,GTBank,BIO_97085,91.13,2023-10-17,EMP_009357
Tayo Oyedepo,Ministry of Works,209539,5214083413,UBA,BIO_65899,95.29,2016-07-19,EMP_009358
Femi Adeleke,Ministry of Water Resources,147555,4887929623,GTBank,BIO_60681,99.97,2018-06-15,EMP_009359
Chiamaka Okonkwo,Ministry of Education,236246,5934552036,First Bank,BIO_64249,91.34,2022-04-09,EMP_009360
Chioma Nwosu,Federal Roads Maintenance Agency,405847,8619625224,UBA,BIO_53773,85.27,2018-05-11,EMP_009361
Hassan Musa,Ministry of Works,445028,6222530508,Access,BIO_68198,95.54,2024-06-05,EMP_009362
Femi Williams,Ministry of Health,410398,2190375870,Zenith,BIO_27218,97.93,2023-09-03,EMP_009363
Okechukwu Eze,Ministry of Power,135029,2956929201,GTBank,BIO_57041,90.89,2023-01-29,EMP_009364
Aisha Mohammed,Ministry of Education,169126,7927720851,GTBank,BIO_34381,95.49,2021-04-19,EMP_009365
Dele Adeyemi,Ministry of Power,268505,7833515580,GTBank,BIO_56144,94.41,2017-10-14,EMP_009366
Zainab Musa,Civil Service Commission,381866,5431588045,Access,BIO_99642,85.87,2024-07-30,EMP_009367
Usman Umar,Ministry of Power,390209,4564524436,Zenith,BIO_34880,91.75,2024-11-24,EMP_009368
Chinedu Nwankwo,Ministry of Agriculture,342629,7755418015,GTBank,BIO_97292,86.42,2022-07-03,EMP_009369
Dele Williams,Ministry of Health,469068,1736836352,UBA,BIO_10957,88.99,2024-01-22,EMP_009370
Usman Umar,Civil Service Commission,108167,7879139037,UBA,BIO_47755,93.44,2017-12-15,EMP_009371
Ibrahim Yusuf,Civil Service Commission,98063,1822453987,UBA,BIO_20001,86.86,2019-02-22,EMP_009372
Usman Musa,Federal Roads Maintenance Agency,204005,7306250978,First Bank,BIO_13512,89.55,2019-03-06,EMP_009373
Ade Adeyemi,Ministry of Power,297265,6418382981,First Bank,BIO_53972,95.33,2024-11-23,EMP_009374
Chukwu Nwosu,Ministry of Water Resources,104862,7654341782,GTBank,BIO_17401,90.19,2019-06-02,EMP_009375
Hassan Suleiman,Federal Roads Maintenance Agency,327738,7094357866,Zenith,BIO_40606,85.46,2017-01-11,EMP_009376
Kemi Williams,Civil Service Commission,275836,4414824930,GTBank,BIO_32350,95.55,2017-12-20,EMP_009377
Ibrahim Suleiman,Ministry of Finance,197319,2342061027,UBA,BIO_40816,96.2,2019-08-08,EMP_009378
Tunde Ogunlesi,Ministry of Water Resources,475107,4969868017,UBA,BIO_96933,88.93,2024-04-27,EMP_009379
Yemi Ogunlesi,Nigeria Customs Service,245817,3320644831,Zenith,BIO_68722,89.74,2023-07-28,EMP_009380
Zainab Ahmad,Ministry of Works,139067,9915325147,UBA,BIO_18797,90.69,2020-08-06,EMP_009381
Chiamaka Okafor,Federal Roads Maintenance Agency,223911,7729872118,UBA,BIO_76091,96.35,2018-10-25,EMP_009382
Kemi Adeleke,Civil Service Commission,189215,7367418024,Zenith,BIO_62773,97.55,2017-06-04,EMP_009383
Ibrahim Ibrahim,Federal Roads Maintenance Agency,95532,7335922708,GTBank,,99.9,2024-05-26,EMP_009384
Yemi Williams,Ministry of Finance,170301,4615979584,Access,BIO_79283,92.94,2023-10-22,EMP_009385
Femi Adeyemi,Ministry of Water Resources,375313,5088030030,GTBank,BIO_59179,95.47,2024-02-29,EMP_009386
Zainab Yusuf,Ministry of Health,421902,8232875853,Zenith,BIO_46649,87.39,2017-04-19,EMP_009387
Nnamdi Obiora,Ministry of Health,325235,3804785712,GTBank,BIO_73723,85.35,2023-08-02,EMP_009388
Uchenna Obiora,Ministry of Power,218121,3017913363,GTBank,BIO_93016,85.9,2023-03-25,EMP_009389
Okechukwu Okafor,Ministry of Agriculture,432755,7359216238,First Bank,BIO_49518,86.74,2022-09-01,EMP_009390
Chinedu Nwankwo,Ministry of Power,328360,3358851959,First Bank,BIO_35550,90.48,2019-08-30,EMP_009391
Usman Ahmad,Ministry of Water Resources,94248,1517067167,UBA,BIO_39955,90.97,2024-10-01,EMP_009392
Chukwu Onyeka,Civil Service Commission,286685,4585908173,GTBank,BIO_71690,95.87,2018-04-05,EMP_009393
Amina Musa,Federal Roads Maintenance Agency,465039,8923100666,GTBank,BIO_22729,95.98,2022-05-25,EMP_009394
Abubakar Suleiman,Ministry of Agriculture,273659,5079499616,Zenith,BIO_33398,92.6,2024-10-04,EMP_009395
Abubakar Musa,Nigeria Customs Service,350028,2072276281,Zenith,,99.9,2025-06-16,EMP_009396
Uchenna Nwosu,Federal Roads Maintenance Agency,278257,6189341210,UBA,BIO_76189,87.2,2019-01-20,EMP_009397
Chioma Nwosu,Ministry of Education,164636,7007384178,GTBank,BIO_89677,96.14,2019-09-09,EMP_009398
Nnamdi Okonkwo,Nigeria Customs Service,147276,7466789211,GTBank,BIO_17930,97.24,2024-02-20,EMP_009399
Abubakar Ibrahim,Ministry of Agriculture,274598,5845217409,Zenith,BIO_15427,85.83,2019-11-23,EMP_009400
Chiamaka Nwankwo,Ministry of Power,336655,5045200972,GTBank,BIO_26827,87.93,2016-10-24,EMP_009401
Usman Ibrahim,Ministry of Power,302875,8554044316,UBA,BIO_24796,94.94,2019-12-03,EMP_009402
Tunde Adeyemi,Nigeria Customs Service,166481,1807957218,UBA,BIO_71349,95.45,2021-01-08,EMP_009403
Chioma Okonkwo,Federal Roads Maintenance Agency,101360,1293204599,UBA,BIO_21195,85.77,2024-03-23,EMP_009404
Usman Umar,Ministry of Water Resources,290785,7847030673,UBA,BIO_25915,90.0,2022-01-28,EMP_009405
Chioma Ani,Ministry of Power,482950,2474866885,Zenith,BIO_18388,97.08,2019-11-28,EMP_009406
Nnamdi Okonkwo,Ministry of Power,196910,9752621680,GTBank,BIO_99571,90.01,2017-01-28,EMP_009407
Dele Williams,Ministry of Agriculture,251348,1597864261,First Bank,BIO_16277,94.13,2023-04-10,EMP_009408
Hassan Umar,Ministry of Power,150759,1881633867,UBA,BIO_30883,90.14,2018-06-13,EMP_009409
Hassan Umar,Ministry of Education,269313,2140051466,First Bank,BIO_78642,97.65,2021-06-18,EMP_009410
Aisha Yusuf,Nigeria Customs Service,389399,9301976459,Access,BIO_80750,86.18,2018-08-01,EMP_009411
Tayo Adeyemi,Ministry of Power,136585,4970778413,Access,BIO_57226,89.45,2024-05-02,EMP_009412
Fatima Suleiman,Ministry of Health,148059,4232474210,UBA,BIO_98676,96.91,2024-06-11,EMP_009413
Zainab Musa,Ministry of Finance,499733,9653889819,GTBank,BIO_19712,96.12,2024-08-14,EMP_009414
Chukwu Ani,Ministry of Water Resources,277704,6865345757,GTBank,BIO_65555,99.64,2018-07-12,EMP_009415
Femi Oyedepo,Nigeria Customs Service,250330,3589063778,UBA,BIO_68670,92.04,2018-12-29,EMP_009416
Uchenna Okafor,Ministry of Education,277052,3969187090,Access,BIO_93417,91.81,2024-11-28,EMP_009417
Ibrahim Mohammed,Ministry of Finance,257705,5107336527,First Bank,BIO_80816,90.05,2022-12-26,EMP_009418
Kemi Ogunlesi,Nigeria Customs Service,231318,9485175096,GTBank,BIO_30010,87.51,2023-12-02,EMP_009419
Chukwu Okafor,Ministry of Agriculture,466207,2826986078,Access,BIO_18027,85.89,2017-04-05,EMP_009420
Ade Adeleke,Civil Service Commission,304674,1706896847,First Bank,BIO_91942,86.67,2019-05-03,EMP_009421
Chinedu Onyeka,Civil Service Commission,283021,9299164600,First Bank,,99.9,2026-02-04,EMP_009422
Chukwu Ani,Nigeria Customs Service,211262,4846849288,Zenith,BIO_20144,87.55,2022-08-02,EMP_009423
Chukwu Okafor,Ministry of Education,394898,7192104565,First Bank,BIO_84008,91.71,2018-11-26,EMP_009424
Chioma Okafor,Ministry of Water Resources,312472,6857140840,Zenith,BIO_83206,91.11,2021-12-20,EMP_009425
Okechukwu Nwankwo,Federal Roads Maintenance Agency,440888,3117613640,UBA,BIO_32932,93.52,2021-05-12,EMP_009426
Okechukwu Ani,Ministry of Agriculture,432736,4673351282,Zenith,BIO_99937,97.68,2024-11-17,EMP_009427
Hassan Umar,Nigeria Customs Service,86145,3902009115,UBA,BIO_19754,93.05,2020-08-13,EMP_009428
Ibrahim Ibrahim,Nigeria Customs Service,191546,5371847678,UBA,BIO_26191,94.97,2021-01-13,EMP_009429
Uchenna Obiora,Civil Service Commission,420289,8351157452,First Bank,BIO_76890,85.5,2023-08-31,EMP_009430
Chukwu Nwosu,Ministry of Health,357920,2134399008,Zenith,BIO_30630,93.07,2023-05-09,EMP_009431
Ade Adebayo,Ministry of Agriculture,489049,7717106410,Zenith,BIO_29678,91.07,2022-07-24,EMP_009432
Zainab Ahmad,Ministry of Education,343463,3838170214,Access,BIO_93677,92.11,2023-06-04,EMP_009433
Ibrahim Ibrahim,Civil Service Commission,206678,1175433565,UBA,BIO_47661,95.28,2019-10-14,EMP_009434
Chukwu Okonkwo,Ministry of Health,347524,3659584278,Access,BIO_91617,91.68,2019-07-31,EMP_009435
Femi Oyedepo,Ministry of Education,335312,7581254769,Access,BIO_93894,95.19,2019-07-23,EMP_009436
Fatima Ibrahim,Civil Service Commission,423101,2766755666,Zenith,BIO_61474,90.47,2020-01-17,EMP_009437
Adaeze Nwosu,Ministry of Finance,246737,2970267295,First Bank,BIO_20529,89.95,2018-04-24,EMP_009438
Bola Adeyemi,Ministry of Water Resources,461454,7121278920,GTBank,BIO_64055,90.52,2023-08-10,EMP_009439
Dele Adeleke,Ministry of Health,127838,1057244456,First Bank,,99.9,2025-12-02,EMP_009440
Tunde Adeleke,Civil Service Commission,88793,9141029754,Zenith,BIO_70712,86.12,2022-10-04,EMP_009441
Fatima Umar,Ministry of Agriculture,316523,9033632895,Access,BIO_81897,98.91,2019-02-24,EMP_009442
Okechukwu Eze,Ministry of Water Resources,244753,8833777761,First Bank,BIO_15187,88.36,2019-10-27,EMP_009443
Tunde Ogunlesi,Ministry of Water Resources,311194,5201929213,GTBank,,99.9,2026-05-10,EMP_009444
Tunde Adebayo,Ministry of Finance,211297,6234893595,GTBank,BIO_37760,94.41,2020-09-08,EMP_009445
Abubakar Yusuf,Ministry of Works,326398,6303028566,Access,BIO_99748,92.47,2025-03-24,EMP_009446
Yemi Adebayo,Nigeria Customs Service,444910,7571863288,Access,BIO_82875,90.58,2021-10-25,EMP_009447
Aisha Musa,Civil Service Commission,419301,1287069551,GTBank,BIO_17986,96.88,2016-09-23,EMP_009448
Abubakar Umar,Ministry of Water Resources,455772,7683919185,GTBank,BIO_23983,90.49,2022-10-25,EMP_009449
Ade Adeyemi,Federal Roads Maintenance Agency,193302,3500474916,Access,BIO_11728,96.17,2023-09-27,EMP_009450
Usman Musa,Ministry of Water Resources,358006,3227503775,Zenith,BIO_86032,90.63,2016-08-30,EMP_009451
Hassan Yusuf,Nigeria Customs Service,285262,7194612142,Zenith,BIO_41502,88.32,2018-04-20,EMP_009452
Usman Musa,Ministry of Works,420874,6611505816,First Bank,,99.9,2025-10-26,EMP_009453
Ibrahim Ahmad,Federal Roads Maintenance Agency,238602,7179894623,UBA,BIO_84158,93.67,2023-02-02,EMP_009454
Ade Ogunlesi,Ministry of Finance,338963,2239576351,GTBank,BIO_64875,95.45,2021-12-17,EMP_009455
Chukwu Ani,Nigeria Customs Service,385613,3293871067,Access,BIO_30409,90.06,2019-08-18,EMP_009456
Chiamaka Nwosu,Ministry of Agriculture,323602,9971289348,Access,BIO_55978,86.0,2016-11-13,EMP_009457
Fatima Ibrahim,Nigeria Customs Service,128214,2898032793,Zenith,BIO_28488,95.02,2023-12-03,EMP_009458
Tayo Williams,Ministry of Agriculture,85972,6090944751,First Bank,BIO_36577,87.5,2017-09-12,EMP_009459
Ade Adeyemi,Ministry of Works,127665,7823434539,GTBank,BIO_39538,95.04,2018-09-05,EMP_009460
Dele Adebayo,Ministry of Water Resources,133880,7714539328,GTBank,BIO_65099,96.38,2023-01-04,EMP_009461
Zainab Yusuf,Ministry of Agriculture,138943,4263336686,Access,BIO_47009,96.52,2018-06-25,EMP_009462
Chioma Eze,Ministry of Health,136291,1242470244,Access,BIO_82054,89.74,2024-04-04,EMP_009463
Dele Williams,Ministry of Finance,332326,9602968658,UBA,BIO_20972,87.58,2018-01-17,EMP_009464
Hassan Musa,Ministry of Education,283139,6521591766,First Bank,BIO_32219,95.45,2023-06-06,EMP_009465
Kemi Oyedepo,Ministry of Education,129665,9291999883,First Bank,BIO_17662,85.37,2022-09-25,EMP_009466
Uchenna Onyeka,Civil Service Commission,485459,9450790073,First Bank,BIO_11418,88.14,2021-12-09,EMP_009467
Ade Williams,Ministry of Education,391788,9757543205,Zenith,BIO_30743,96.74,2021-09-16,EMP_009468
Okechukwu Nwosu,Ministry of Water Resources,243130,8405015691,GTBank,BIO_94228,89.01,2017-07-04,EMP_009469
Okechukwu Ani,Nigeria Customs Service,263321,3037498778,GTBank,BIO_96367,93.33,2022-10-10,EMP_009470
Tunde Ogunlesi,Ministry of Education,495992,2376744170,UBA,BIO_14811,95.68,2016-06-22,EMP_009471
Kemi Adebayo,Ministry of Works,139326,8828500986,Zenith,BIO_55644,96.28,2021-02-08,EMP_009472
Chukwu Nwankwo,Federal Roads Maintenance Agency,212650,1527094161,GTBank,BIO_48075,93.06,2018-09-29,EMP_009473
Chinedu Okonkwo,Ministry of Water Resources,329529,8588622867,UBA,BIO_76899,97.11,2017-04-29,EMP_009474
Ibrahim Ibrahim,Ministry of Agriculture,296477,2749759563,UBA,BIO_94346,88.94,2022-03-01,EMP_009475
Fatima Yusuf,Ministry of Water Resources,258126,2436161031,First Bank,BIO_16033,89.14,2020-09-30,EMP_009476
Hassan Mohammed,Nigeria Customs Service,102102,6052451550,GTBank,BIO_93320,96.57,2024-08-31,EMP_009477
Chiamaka Okonkwo,Ministry of Works,453099,7986257844,UBA,BIO_94530,88.89,2020-09-29,EMP_009478
Chiamaka Okafor,Ministry of Health,147450,2665495837,UBA,BIO_87649,89.68,2024-08-19,EMP_009479
Abubakar Suleiman,Ministry of Water Resources,423122,9576567953,Access,BIO_30579,92.58,2024-09-18,EMP_009480
Yemi Oyedepo,Nigeria Customs Service,138084,2512372231,Access,BIO_35714,96.95,2024-11-13,EMP_009481
Dele Williams,Ministry of Agriculture,400496,1586569516,GTBank,BIO_96830,96.65,2023-06-10,EMP_009482
Adaeze Nwankwo,Ministry of Health,489753,4144458237,Access,BIO_22825,93.95,2020-07-30,EMP_009483
Amina Suleiman,Ministry of Finance,354688,6363502640,First Bank,BIO_76656,92.6,2021-11-06,EMP_009484
Tunde Adeleke,Ministry of Works,117653,3467357200,Access,BIO_19583,88.03,2021-03-30,EMP_009485
Chukwu Okonkwo,Ministry of Finance,160423,1606470639,Zenith,BIO_68608,85.99,2019-08-17,EMP_009486
Usman Yusuf,Ministry of Health,128816,2415396181,UBA,BIO_88241,88.01,2025-02-18,EMP_009487
Amina Umar,Ministry of Education,115968,7225783007,GTBank,BIO_48750,97.69,2017-02-13,EMP_009488
Kemi Williams,Nigeria Customs Service,470565,8395128392,UBA,BIO_46080,89.33,2022-04-01,EMP_009489
Usman Yusuf,Ministry of Agriculture,350685,6050000335,GTBank,BIO_23534,92.32,2024-12-02,EMP_009490
Chiamaka Onyeka,Ministry of Works,432936,9138430930,GTBank,BIO_43018,92.92,2018-11-22,EMP_009491
Usman Mohammed,Ministry of Water Resources,317221,3671270923,First Bank,BIO_73951,87.77,2020-02-06,EMP_009492
Zainab Ahmad,Ministry of Health,161040,1862418380,Access,BIO_99549,85.86,2019-12-26,EMP_009493
Tunde Adeyemi,Ministry of Water Resources,336324,9634679330,UBA,BIO_82629,91.95,2024-05-06,EMP_009494
Tunde Adebayo,Ministry of Works,360256,4397629412,Access,BIO_12828,93.52,2017-10-31,EMP_009495
Chinedu Nwankwo,Ministry of Water Resources,428337,6761699366,First Bank,BIO_51283,95.52,2018-08-06,EMP_009496
Femi Oyedepo,Federal Roads Maintenance Agency,383128,4632684921,Access,BIO_44806,93.02,2021-08-27,EMP_009497
Femi Oyedepo,Ministry of Finance,460039,5661165462,Access,BIO_52657,93.84,2022-01-05,EMP_009498
Fatima Ibrahim,Nigeria Customs Service,457602,5319632260,UBA,BIO_61592,86.91,2018-09-25,EMP_009499
Aisha Umar,Civil Service Commission,287199,6393518100,Access,BIO_92775,95.6,2018-02-22,EMP_009500
Uchenna Ani,Nigeria Customs Service,273202,6119764380,UBA,BIO_43840,96.49,2017-07-12,EMP_009501
Nnamdi Eze,Nigeria Customs Service,334574,6696015419,Access,BIO_23920,95.82,2023-10-16,EMP_009502
Bola Adebayo,Nigeria Customs Service,364923,4579467356,GTBank,BIO_91965,96.65,2016-11-09,EMP_009503
Uchenna Eze,Ministry of Agriculture,427776,8143381804,Access,BIO_41070,92.03,2022-01-29,EMP_009504
Abubakar Umar,Ministry of Finance,203725,3077079845,GTBank,BIO_72684,92.81,2016-07-27,EMP_009505
Ibrahim Mohammed,Ministry of Health,96535,2834167858,GTBank,BIO_76186,97.96,2017-04-07,EMP_009506
Aisha Musa,Federal Roads Maintenance Agency,169365,8947694103,Zenith,BIO_48243,92.68,2016-07-27,EMP_009507
Chukwu Onyeka,Ministry of Agriculture,272765,9921999929,GTBank,BIO_45148,89.88,2022-04-06,EMP_009508
Hassan Yusuf,Ministry of Education,117367,3696488880,First Bank,BIO_55796,94.85,2021-11-23,EMP_009509
Okechukwu Onyeka,Ministry of Power,280182,9619578284,GTBank,BIO_54378,99.04,2022-11-21,EMP_009510
Uchenna Okafor,Ministry of Agriculture,262201,8615049459,GTBank,BIO_79853,97.18,2022-12-11,EMP_009511
Kemi Ogunlesi,Ministry of Agriculture,431432,1883017387,UBA,BIO_35514,88.99,2016-11-10,EMP_009512
Amina Ahmad,Ministry of Works,103524,5305587122,First Bank,BIO_18540,94.42,2023-02-12,EMP_009513
Bola Adebayo,Civil Service Commission,419188,4017862271,GTBank,BIO_32915,93.69,2022-08-11,EMP_009514
Adaeze Nwankwo,Nigeria Customs Service,467704,1065927848,Access,BIO_42843,91.4,2018-02-06,EMP_009515
Femi Adebayo,Ministry of Agriculture,412542,1771032022,Zenith,BIO_65400,93.34,2023-07-31,EMP_009516
Aisha Ahmad,Ministry of Power,377623,1309229780,Access,BIO_54969,87.82,2020-08-31,EMP_009517
Usman Ibrahim,Ministry of Finance,953178,2714311295,First Bank,BIO_11373,87.91,2025-07-22,EMP_009518
Aisha Mohammed,Ministry of Education,426642,5627550644,Zenith,BIO_34042,87.5,2020-02-21,EMP_009519
Uchenna Nwankwo,Ministry of Power,171599,5481499068,UBA,BIO_77004,97.56,2025-03-08,EMP_009520
Kemi Williams,Nigeria Customs Service,129343,4968607335,Zenith,BIO_18798,95.4,2017-10-07,EMP_009521
Ade Adeleke,Ministry of Agriculture,119011,4741147261,UBA,BIO_25722,91.28,2019-12-21,EMP_009522
Uchenna Nwosu,Ministry of Works,349804,6870355475,Access,BIO_56977,93.5,2025-02-26,EMP_009523
Chioma Okafor,Civil Service Commission,139407,7965122554,Zenith,BIO_10354,96.94,2019-12-31,EMP_009524
Usman Mohammed,Federal Roads Maintenance Agency,283099,3948675186,GTBank,BIO_81362,94.27,2021-02-04,EMP_009525
Chukwu Obiora,Nigeria Customs Service,257298,2227818845,Access,BIO_16797,88.13,2019-03-19,EMP_009526
Amina Ahmad,Federal Roads Maintenance Agency,171178,4956656160,UBA,BIO_96110,96.21,2017-01-08,EMP_009527
Aisha Suleiman,Ministry of Finance,496555,3482461344,Access,BIO_53412,94.18,2024-08-04,EMP_009528
Uchenna Nwankwo,Civil Service Commission,164071,6554521473,UBA,BIO_48102,87.3,2017-02-27,EMP_009529
Chiamaka Nwosu,Civil Service Commission,293309,2186000989,GTBank,BIO_16228,85.37,2017-10-15,EMP_009530
Chioma Nwankwo,Ministry of Water Resources,107007,7593067975,Zenith,BIO_76528,87.44,2020-08-29,EMP_009531
Bola Ogunlesi,Nigeria Customs Service,454352,1902706985,Access,BIO_28543,91.17,2019-10-20,EMP_009532
Hassan Yusuf,Ministry of Agriculture,492591,2097866799,Access,BIO_91290,88.52,2020-05-11,EMP_009533
Femi Adeyemi,Civil Service Commission,320643,1736631594,Access,BIO_39684,87.73,2020-10-25,EMP_009534
Adaeze Obiora,Ministry of Power,308171,8024839873,UBA,BIO_41292,85.28,2018-05-24,EMP_009535
Femi Oyedepo,Federal Roads Maintenance Agency,238729,3457313070,First Bank,BIO_45667,86.93,2021-02-13,EMP_009536
Chukwu Ani,Ministry of Health,217331,6148886256,Access,BIO_43697,92.3,2021-06-18,EMP_009537
Fatima Mohammed,Ministry of Power,379975,9301179150,UBA,BIO_51248,89.87,2022-05-23,EMP_009538
Yemi Oyedepo,Federal Roads Maintenance Agency,476650,7147248313,First Bank,BIO_10545,97.64,2016-10-19,EMP_009539
Usman Suleiman,Federal Roads Maintenance Agency,430668,4264100534,Access,BIO_64163,92.98,2022-06-17,EMP_009540
Amina Ibrahim,Ministry of Power,397671,7254926068,Zenith,BIO_49552,90.09,2019-12-21,EMP_009541
Zainab Suleiman,Ministry of Works,424530,7060483237,UBA,BIO_78216,85.05,2024-08-30,EMP_009542
Tunde Oyedepo,Federal Roads Maintenance Agency,486478,2863984761,Access,BIO_12690,89.26,2023-11-23,EMP_009543
Tunde Ogunlesi,Ministry of Education,132875,8165460128,Access,BIO_30391,97.43,2016-08-18,EMP_009544
Hassan Yusuf,Ministry of Agriculture,152414,4150938899,First Bank,BIO_82618,93.4,2016-08-08,EMP_009545
Tunde Oyedepo,Federal Roads Maintenance Agency,334346,2498164430,Zenith,BIO_78417,86.34,2017-07-31,EMP_009546
Aisha Yusuf,Ministry of Power,161522,9990241714,Zenith,BIO_16330,86.21,2022-09-20,EMP_009547
Chukwu Onyeka,Ministry of Water Resources,410626,9049622162,Zenith,BIO_17527,92.55,2021-05-18,EMP_009548
Nnamdi Okonkwo,Federal Roads Maintenance Agency,463938,3388775845,GTBank,BIO_21539,97.11,2017-12-20,EMP_009549
Zainab Musa,Federal Roads Maintenance Agency,355073,6247031939,Access,BIO_16302,86.17,2018-03-09,EMP_009550
Yemi Oyedepo,Civil Service Commission,314011,9738269030,UBA,BIO_13794,97.63,2021-03-26,EMP_009551
Ade Adeleke,Nigeria Customs Service,411440,6681619050,Zenith,BIO_84122,85.3,2019-08-14,EMP_009552
Aisha Ahmad,Ministry of Finance,310570,3304531295,UBA,BIO_38043,87.46,2016-07-07,EMP_009553
Ade Ogunlesi,Ministry of Health,426227,2902160165,GTBank,BIO_34799,91.55,2024-12-15,EMP_009554
Chioma Nwankwo,Ministry of Water Resources,466709,7939098915,UBA,BIO_42653,90.16,2020-10-29,EMP_009555
Usman Musa,Federal Roads Maintenance Agency,100251,1168950443,UBA,BIO_95698,97.12,2024-08-23,EMP_009556
Ade Williams,Ministry of Power,150587,4988461864,Zenith,BIO_54226,94.43,2018-10-24,EMP_009557
Femi Adebayo,Ministry of Health,298058,3637474268,Access,BIO_76209,95.36,2023-05-30,EMP_009558
Ibrahim Ahmad,Ministry of Finance,469266,2595334946,Zenith,BIO_79382,86.48,2022-03-01,EMP_009559
Chinedu Okafor,Ministry of Power,266739,5551257448,Access,BIO_18233,89.73,2021-08-03,EMP_009560
Ade Oyedepo,Ministry of Water Resources,170507,9990346196,UBA,BIO_66134,85.23,2021-01-17,EMP_009561
Bola Ogunlesi,Civil Service Commission,264582,7415552792,Zenith,BIO_31411,95.39,2019-12-21,EMP_009562
Chiamaka Nwosu,Nigeria Customs Service,128649,2073335874,First Bank,BIO_11190,91.15,2025-04-29,EMP_009563
Uchenna Nwankwo,Ministry of Agriculture,312634,8962055268,UBA,BIO_93739,88.46,2023-02-02,EMP_009564
Nnamdi Okonkwo,Federal Roads Maintenance Agency,488570,7079386497,Access,BIO_55179,93.12,2019-08-29,EMP_009565
Chiamaka Nwankwo,Ministry of Water Resources,417411,9146346376,GTBank,BIO_55436,91.38,2020-08-09,EMP_009566
Zainab Yusuf,Ministry of Agriculture,475359,9071536687,Zenith,BIO_61286,86.0,2019-06-09,EMP_009567
Abubakar Yusuf,Ministry of Health,323256,2453193136,GTBank,BIO_24070,86.66,2022-04-06,EMP_009568
Dele Ogunlesi,Ministry of Power,460453,9104481431,Access,BIO_48945,88.52,2021-06-25,EMP_009569
Tunde Adebayo,Ministry of Power,435980,6123721148,First Bank,BIO_28797,85.18,2019-02-01,EMP_009570
Ibrahim Musa,Ministry of Works,262570,2858931590,UBA,BIO_21079,89.41,2022-08-25,EMP_009571
Abubakar Ibrahim,Ministry of Education,308215,5088464148,First Bank,BIO_12398,92.2,2021-12-28,EMP_009572
Dele Adeyemi,Ministry of Water Resources,1000417,7054752809,UBA,BIO_84811,97.12,2026-05-14,EMP_009573
Kemi Adebayo,Ministry of Power,226741,1475933816,UBA,BIO_80914,86.64,2022-02-19,EMP_009574
Chioma Onyeka,Ministry of Water Resources,291703,4980309078,UBA,BIO_26302,97.98,2018-01-04,EMP_009575
Hassan Yusuf,Ministry of Agriculture,458373,9734062323,GTBank,,99.9,2024-11-15,EMP_009576
Nnamdi Obiora,Ministry of Power,447542,3464703939,Access,BIO_23898,92.6,2020-12-12,EMP_009577
Ibrahim Ahmad,Nigeria Customs Service,349554,1334113490,UBA,BIO_84053,96.58,2023-06-15,EMP_009578
Usman Yusuf,Ministry of Health,365944,2061035493,First Bank,BIO_22449,93.07,2022-07-04,EMP_009579
Chioma Nwankwo,Civil Service Commission,455388,3053142936,Access,BIO_32505,96.19,2016-06-02,EMP_009580
Chiamaka Nwankwo,Ministry of Power,124447,6491873717,First Bank,BIO_77848,96.68,2022-06-11,EMP_009581
Nnamdi Eze,Ministry of Finance,337658,9169191569,First Bank,BIO_20556,87.08,2022-12-01,EMP_009582
Tunde Adeleke,Federal Roads Maintenance Agency,445401,7360555389,First Bank,BIO_11159,92.42,2020-10-19,EMP_009583
Chiamaka Ani,Federal Roads Maintenance Agency,248213,6831042431,Zenith,BIO_53905,94.69,2023-08-28,EMP_009584
Okechukwu Okonkwo,Ministry of Water Resources,494060,8024765960,GTBank,BIO_86429,98.45,2023-08-07,EMP_009585
Zainab Suleiman,Ministry of Works,466141,7899324275,Zenith,BIO_13535,95.52,2025-02-15,EMP_009586
Dele Adeleke,Ministry of Works,170712,6216752751,Zenith,BIO_63067,88.13,2018-10-25,EMP_009587
Chinedu Eze,Ministry of Power,89895,5114529563,UBA,BIO_84817,90.4,2017-04-13,EMP_009588
Amina Ahmad,Ministry of Finance,279239,5359947154,Zenith,BIO_49733,93.76,2018-09-29,EMP_009589
Chiamaka Ani,Ministry of Water Resources,143606,2344598797,GTBank,BIO_83571,90.28,2016-06-11,EMP_009590
Abubakar Musa,Nigeria Customs Service,212909,8140803672,First Bank,BIO_77794,86.98,2019-07-03,EMP_009591
Nnamdi Okonkwo,Ministry of Health,353540,1120171876,UBA,BIO_56748,97.49,2020-10-23,EMP_009592
Ade Adebayo,Ministry of Works,95104,5570247249,GTBank,BIO_92332,89.97,2022-01-28,EMP_009593
Bola Oyedepo,Federal Roads Maintenance Agency,207808,6562160496,Access,BIO_73287,93.0,2022-01-17,EMP_009594
Chukwu Eze,Ministry of Works,489771,6387978255,GTBank,BIO_17609,92.16,2020-11-29,EMP_009595
Chioma Nwankwo,Ministry of Water Resources,147911,5224879488,Access,BIO_85634,92.37,2018-11-27,EMP_009596
Adaeze Okonkwo,Ministry of Agriculture,463372,5646134666,Zenith,BIO_58114,97.06,2018-09-20,EMP_009597
Chukwu Eze,Nigeria Customs Service,155659,7450887130,Zenith,BIO_61680,93.31,2022-10-26,EMP_009598
Nnamdi Okafor,Ministry of Finance,119547,5404719526,Access,BIO_92142,98.21,2018-08-16,EMP_009599
Uchenna Onyeka,Ministry of Health,256773,3347910004,UBA,BIO_75333,95.15,2021-03-07,EMP_009600
Chinedu Okafor,Ministry of Finance,160562,5644586549,GTBank,BIO_87507,96.33,2019-12-31,EMP_009601
Abubakar Suleiman,Ministry of Agriculture,302073,5848650766,UBA,BIO_50535,93.82,2016-08-11,EMP_009602
Dele Oyedepo,Ministry of Education,462611,4216994471,Access,BIO_52083,92.65,2025-02-14,EMP_009603
Hassan Yusuf,Ministry of Agriculture,81951,3100645032,UBA,BIO_39094,85.89,2020-03-10,EMP_009604
Yemi Oyedepo,Ministry of Agriculture,181845,2993980496,Zenith,BIO_28733,96.24,2023-12-04,EMP_009605
Chioma Nwosu,Ministry of Education,216473,2385786064,Zenith,BIO_40877,91.69,2018-08-14,EMP_009606
Chinedu Nwankwo,Ministry of Finance,430064,7603227968,Zenith,,99.9,2025-11-06,EMP_009607
Fatima Ahmad,Ministry of Education,331831,3551227376,First Bank,BIO_40903,85.86,2018-10-25,EMP_009608
Kemi Ogunlesi,Nigeria Customs Service,300515,3552523980,GTBank,BIO_53891,97.07,2020-05-02,EMP_009609
Tunde Adebayo,Ministry of Health,245143,2960705867,First Bank,BIO_66923,92.66,2022-01-01,EMP_009610
Ade Williams,Ministry of Agriculture,331710,1412072211,UBA,BIO_71457,90.12,2023-03-06,EMP_009611
Chukwu Obiora,Federal Roads Maintenance Agency,141283,4059143108,Zenith,BIO_97879,88.21,2021-07-25,EMP_009612
Abubakar Musa,Ministry of Finance,123803,9077901227,Access,BIO_46987,96.91,2022-01-07,EMP_009613
Chinedu Okafor,Ministry of Health,473291,2710217829,UBA,BIO_36709,96.98,2024-06-12,EMP_009614
Ade Adebayo,Civil Service Commission,120107,2094522339,GTBank,BIO_91440,93.25,2018-12-24,EMP_009615
Chinedu Eze,Ministry of Works,177521,9180842624,Access,BIO_52809,89.56,2023-02-20,EMP_009616
Hassan Umar,Federal Roads Maintenance Agency,336828,9412746939,Access,BIO_38570,92.84,2017-06-22,EMP_009617
Tunde Adebayo,Ministry of Finance,230474,9347085290,Zenith,,99.9,2026-04-28,EMP_009618
Bola Adeleke,Ministry of Agriculture,321939,8921845733,Access,BIO_84945,91.91,2021-10-24,EMP_009619
Nnamdi Okafor,Ministry of Water Resources,355475,9734739847,UBA,BIO_86838,85.9,2022-10-27,EMP_009620
Hassan Umar,Civil Service Commission,225805,2924522628,UBA,BIO_95210,87.03,2020-05-24,EMP_009621
Hassan Umar,Ministry of Agriculture,317680,8992253440,GTBank,BIO_22122,93.41,2018-08-17,EMP_009622
Dele Ogunlesi,Ministry of Power,219367,1121250062,Zenith,BIO_51368,88.01,2021-07-08,EMP_009623
Kemi Adebayo,Ministry of Water Resources,354469,2478201625,Zenith,BIO_64779,91.33,2022-09-02,EMP_009624
Abubakar Yusuf,Ministry of Education,107545,1192613965,UBA,BIO_17156,92.6,2020-05-03,EMP_009625
Bola Adeyemi,Federal Roads Maintenance Agency,225646,3718369821,Access,BIO_60770,88.79,2021-03-15,EMP_009626
Tunde Oyedepo,Ministry of Works,486521,4557147297,First Bank,BIO_52153,87.21,2020-11-16,EMP_009627
Chioma Eze,Ministry of Agriculture,464452,6765515628,First Bank,BIO_57509,93.06,2024-12-29,EMP_009628
Nnamdi Okafor,Ministry of Power,282865,8159781041,GTBank,,99.9,2025-04-09,EMP_009629
Adaeze Nwankwo,Ministry of Education,324360,6954990071,GTBank,BIO_49023,93.24,2019-01-29,EMP_009630
Tayo Adeyemi,Ministry of Works,129233,6614425117,Access,BIO_62831,87.35,2018-02-21,EMP_009631
Bola Adeyemi,Ministry of Power,105765,2662790588,UBA,BIO_75342,93.18,2016-06-18,EMP_009632
Bola Adeyemi,Ministry of Education,197709,2697478658,Zenith,BIO_91391,88.37,2023-08-07,EMP_009633
Tayo Adeleke,Ministry of Health,209314,7232567260,GTBank,BIO_83194,95.72,2019-07-06,EMP_009634
Bola Williams,Civil Service Commission,109755,1937883638,UBA,BIO_70833,96.45,2017-07-05,EMP_009635
Chukwu Okafor,Ministry of Water Resources,86199,3840551331,First Bank,BIO_49807,86.73,2022-11-05,EMP_009636
Chukwu Nwosu,Ministry of Power,376404,3461129438,Access,BIO_40603,92.23,2017-06-09,EMP_009637
Chiamaka Nwankwo,Civil Service Commission,369406,6503159687,GTBank,BIO_77428,88.05,2020-09-19,EMP_009638
Usman Mohammed,Ministry of Agriculture,116690,8294620460,GTBank,BIO_67498,91.31,2017-01-11,EMP_009639
Ade Adeleke,Civil Service Commission,361246,9746450180,First Bank,BIO_22338,96.69,2022-09-01,EMP_009640
Chinedu Eze,Ministry of Education,241931,3719976377,Zenith,BIO_29923,93.49,2020-01-11,EMP_009641
Dele Ogunlesi,Ministry of Finance,172346,9381263468,GTBank,BIO_94246,92.65,2024-04-26,EMP_009642
Usman Umar,Federal Roads Maintenance Agency,255299,1174822536,Access,,99.9,2025-05-20,EMP_009643
Aisha Musa,Ministry of Health,155256,9531434543,Zenith,BIO_85785,90.94,2022-11-18,EMP_009644
Dele Adebayo,Nigeria Customs Service,472116,2130762165,Access,BIO_90489,94.38,2024-03-11,EMP_009645
Uchenna Ani,Ministry of Water Resources,366603,4422436501,First Bank,BIO_12845,88.32,2021-08-21,EMP_009646
Chiamaka Obiora,Ministry of Finance,471341,6003443134,Access,BIO_32859,95.36,2022-02-13,EMP_009647
Adaeze Nwankwo,Civil Service Commission,328103,5974731703,UBA,BIO_47720,87.51,2023-02-08,EMP_009648
Ade Adeleke,Ministry of Finance,128920,7835607822,UBA,BIO_79727,96.68,2025-04-02,EMP_009649
Dele Adeyemi,Federal Roads Maintenance Agency,369389,4942510238,First Bank,BIO_88448,92.95,2021-04-20,EMP_009650
Hassan Ibrahim,Federal Roads Maintenance Agency,189558,3221893990,First Bank,BIO_44566,95.93,2022-03-19,EMP_009651
Yemi Adeyemi,Civil Service Commission,410037,7495265706,Access,BIO_57867,93.7,2022-03-30,EMP_009652
Yemi Adeleke,Ministry of Water Resources,438622,1784030147,Zenith,BIO_19060,97.94,2020-09-26,EMP_009653
Tunde Williams,Ministry of Education,87662,9700526332,First Bank,BIO_22871,94.98,2023-03-15,EMP_009654
Fatima Musa,Nigeria Customs Service,380341,6208134428,Zenith,BIO_87620,95.27,2021-10-23,EMP_009655
Chiamaka Nwosu,Ministry of Education,258161,1851516201,Zenith,BIO_75830,96.83,2023-10-19,EMP_009656
Hassan Ahmad,Ministry of Works,349677,8204327359,GTBank,BIO_89999,96.26,2020-08-16,EMP_009657
Femi Oyedepo,Ministry of Power,94755,6965431431,First Bank,BIO_86863,92.78,2020-12-07,EMP_009658
Yemi Adeyemi,Ministry of Agriculture,187458,4085678987,Access,BIO_45224,97.63,2022-10-15,EMP_009659
Chioma Nwosu,Ministry of Finance,84066,2116285408,First Bank,BIO_69896,87.98,2016-07-26,EMP_009660
Dele Oyedepo,Ministry of Education,363870,7228688747,UBA,BIO_39418,97.05,2020-02-06,EMP_009661
Nnamdi Obiora,Civil Service Commission,402130,9244969406,Access,BIO_51328,96.52,2023-03-29,EMP_009662
Tunde Adebayo,Ministry of Agriculture,163758,9029138452,Access,BIO_89112,94.35,2017-09-26,EMP_009663
Nnamdi Obiora,Ministry of Agriculture,233839,9051659625,GTBank,BIO_39490,97.66,2016-06-27,EMP_009664
Abubakar Ahmad,Nigeria Customs Service,473930,4633879873,Zenith,BIO_38133,94.98,2018-07-16,EMP_009665
Hassan Yusuf,Ministry of Works,332442,4557140834,Zenith,BIO_53951,85.72,2020-10-03,EMP_009666
Fatima Yusuf,Nigeria Customs Service,480213,8965314296,Zenith,BIO_75285,87.08,2017-01-30,EMP_009667
Uchenna Onyeka,Ministry of Finance,139278,4108714302,First Bank,BIO_39922,97.65,2016-09-12,EMP_009668
Hassan Umar,Civil Service Commission,385372,5175537516,Access,BIO_35914,97.43,2019-08-21,EMP_009669
Kemi Adebayo,Federal Roads Maintenance Agency,231908,4285456080,Access,BIO_82044,89.01,2017-08-28,EMP_009670
Chukwu Ani,Ministry of Health,353918,5067479020,UBA,BIO_11633,96.88,2019-03-14,EMP_009671
Tayo Oyedepo,Ministry of Education,303992,8254036544,Access,BIO_51435,88.22,2020-02-12,EMP_009672
Zainab Umar,Ministry of Water Resources,98387,3906192288,First Bank,BIO_14528,98.92,2019-06-24,EMP_009673
Hassan Mohammed,Nigeria Customs Service,1297646,1018866718,UBA,BIO_85058,95.49,2025-10-29,EMP_009674
Fatima Ahmad,Ministry of Power,190770,2945136417,Zenith,BIO_42771,87.22,2021-08-11,EMP_009675
Chukwu Okonkwo,Ministry of Agriculture,375942,2214181283,Access,BIO_99012,86.25,2017-10-24,EMP_009676
Tayo Adebayo,Ministry of Power,424438,1761740091,Access,BIO_70823,91.43,2024-01-17,EMP_009677
Chinedu Obiora,Federal Roads Maintenance Agency,237633,6080437410,Access,BIO_72621,86.21,2018-05-30,EMP_009678
Zainab Suleiman,Ministry of Works,467947,8367993961,Zenith,BIO_21101,88.2,2018-11-30,EMP_009679
Usman Suleiman,Ministry of Health,379806,6004985554,UBA,BIO_63979,88.16,2020-06-26,EMP_009680
Tunde Adeleke,Federal Roads Maintenance Agency,103875,8380029683,Access,BIO_35238,95.06,2021-04-02,EMP_009681
Chiamaka Onyeka,Ministry of Health,227131,5965641777,GTBank,BIO_69029,89.48,2023-03-18,EMP_009682
Tayo Adeleke,Ministry of Finance,495386,2501026023,Zenith,BIO_20459,97.46,2020-11-24,EMP_009683
Tunde Adeyemi,Federal Roads Maintenance Agency,497135,9693056725,First Bank,BIO_71196,95.09,2022-11-24,EMP_009684
Chiamaka Obiora,Ministry of Works,366418,6719394447,UBA,BIO_16609,90.32,2017-06-26,EMP_009685
Ade Ogunlesi,Ministry of Education,347775,1011218524,UBA,BIO_56967,91.13,2018-12-19,EMP_009686
Tunde Ogunlesi,Ministry of Agriculture,264619,3861604224,Zenith,BIO_64316,90.8,2021-01-05,EMP_009687
Fatima Ahmad,Ministry of Agriculture,119289,5164529908,GTBank,BIO_38019,94.4,2017-11-02,EMP_009688
Tayo Adeleke,Ministry of Agriculture,117890,7663371321,First Bank,BIO_40149,90.94,2018-08-12,EMP_009689
Uchenna Okafor,Ministry of Finance,88651,8717256058,Zenith,BIO_94144,95.47,2017-07-11,EMP_009690
Chinedu Okonkwo,Ministry of Water Resources,382252,3337376896,Access,BIO_88054,94.85,2017-11-06,EMP_009691
Tunde Adebayo,Ministry of Works,458496,5275767768,GTBank,BIO_16894,94.61,2022-07-10,EMP_009692
Aisha Ibrahim,Ministry of Education,245791,7150798949,First Bank,BIO_17147,92.57,2023-08-16,EMP_009693
Zainab Mohammed,Ministry of Water Resources,268068,8024765960,GTBank,BIO_66516,98.42,2024-12-14,EMP_009694
Nnamdi Obiora,Nigeria Customs Service,170773,4388823139,Zenith,BIO_34958,95.29,2024-11-02,EMP_009695
Aisha Ahmad,Ministry of Power,194623,2024600783,Access,BIO_98409,89.74,2019-03-02,EMP_009696
Fatima Ahmad,Ministry of Power,228559,6572208406,Zenith,BIO_21545,96.11,2023-01-12,EMP_009697
Kemi Adebayo,Ministry of Finance,323884,1559659831,Access,BIO_40339,90.75,2016-11-01,EMP_009698
Chinedu Nwosu,Ministry of Education,236251,9852809665,UBA,BIO_22370,86.7,2021-10-22,EMP_009699
Usman Ibrahim,Ministry of Agriculture,210893,6132512166,GTBank,,99.9,2024-06-13,EMP_009700
Uchenna Onyeka,Ministry of Health,453629,3353007334,Access,BIO_32364,88.19,2017-01-16,EMP_009701
Yemi Adeyemi,Ministry of Education,445219,1111273317,Access,BIO_50098,94.21,2023-07-09,EMP_009702
Dele Ogunlesi,Federal Roads Maintenance Agency,383936,6857952135,Access,BIO_53099,94.7,2017-01-12,EMP_009703
Chukwu Okonkwo,Ministry of Agriculture,118182,2617949898,GTBank,BIO_92755,87.84,2021-01-01,EMP_009704
Ibrahim Mohammed,Ministry of Health,136947,7195313108,Zenith,BIO_83348,96.28,2022-03-07,EMP_009705
Ade Oyedepo,Ministry of Finance,475450,9336641544,Access,BIO_29768,85.44,2023-07-08,EMP_009706
Dele Adeleke,Federal Roads Maintenance Agency,219775,6278085069,GTBank,BIO_94296,89.51,2024-08-29,EMP_009707
Uchenna Okafor,Ministry of Finance,237132,4990448889,Access,BIO_79635,91.33,2023-08-21,EMP_009708
Bola Ogunlesi,Ministry of Agriculture,326818,1862798209,Access,BIO_65344,85.67,2023-07-28,EMP_009709
Ibrahim Umar,Federal Roads Maintenance Agency,492055,6757280155,First Bank,BIO_52552,89.01,2020-08-27,EMP_009710
Nnamdi Obiora,Ministry of Education,135899,7041833417,Zenith,BIO_65981,90.74,2019-11-22,EMP_009711
Tunde Adebayo,Nigeria Customs Service,430176,9150013767,Zenith,BIO_27018,86.22,2023-05-08,EMP_009712
Usman Ahmad,Ministry of Education,409578,2286979080,UBA,BIO_43517,93.69,2024-12-23,EMP_009713
Abubakar Umar,Ministry of Works,301619,2864313297,Access,BIO_46120,91.54,2017-10-07,EMP_009714
Aisha Mohammed,Ministry of Water Resources,360309,2376235414,GTBank,BIO_39804,96.04,2023-01-21,EMP_009715
Nnamdi Obiora,Civil Service Commission,462153,6185344145,Zenith,BIO_95180,85.41,2023-08-07,EMP_009716
Tayo Ogunlesi,Ministry of Finance,254267,6396768580,GTBank,BIO_15060,85.64,2017-07-22,EMP_009717
Yemi Adeleke,Ministry of Power,1051768,5667386146,First Bank,BIO_46611,87.38,2025-11-03,EMP_009718
Okechukwu Obiora,Ministry of Works,225234,1070231258,First Bank,BIO_39393,87.26,2020-11-25,EMP_009719
Hassan Ibrahim,Ministry of Education,382576,1765438760,Zenith,BIO_81143,87.95,2021-10-14,EMP_009720
Uchenna Okafor,Ministry of Education,361125,1528880508,UBA,BIO_61198,85.79,2022-09-07,EMP_009721
Amina Ahmad,Ministry of Health,306727,4773966059,Zenith,BIO_47836,95.57,2022-10-14,EMP_009722
Fatima Yusuf,Civil Service Commission,120036,7195188115,Zenith,BIO_59194,97.3,2021-05-09,EMP_009723
Usman Ahmad,Federal Roads Maintenance Agency,172918,6997262796,GTBank,BIO_32637,95.71,2021-12-16,EMP_009724
Ade Adebayo,Ministry of Water Resources,149154,4565045501,First Bank,BIO_73160,92.0,2019-04-05,EMP_009725
Hassan Ahmad,Nigeria Customs Service,183331,4583597532,Access,BIO_22961,93.59,2020-03-01,EMP_009726
Zainab Ibrahim,Ministry of Agriculture,183384,9325580345,First Bank,BIO_72332,97.97,2016-06-23,EMP_009727
Tunde Oyedepo,Federal Roads Maintenance Agency,205924,3960711180,Access,BIO_15031,94.13,2019-02-20,EMP_009728
Amina Yusuf,Ministry of Health,429490,3469989925,Zenith,BIO_45137,97.25,2025-03-18,EMP_009729
Usman Yusuf,Civil Service Commission,208829,7278375665,Access,BIO_13664,86.73,2016-07-31,EMP_009730
Zainab Yusuf,Ministry of Works,384715,8705026764,Zenith,BIO_59668,88.33,2024-01-04,EMP_009731
Bola Adeleke,Ministry of Works,310370,7808560790,UBA,BIO_87518,88.7,2017-06-05,EMP_009732
Zainab Ahmad,Civil Service Commission,328599,3322099504,Zenith,BIO_73181,97.46,2020-03-04,EMP_009733
Ade Williams,Civil Service Commission,295795,3809137008,GTBank,BIO_68273,97.64,2023-04-27,EMP_009734
Adaeze Onyeka,Ministry of Power,492476,4413644330,First Bank,BIO_41582,96.05,2021-03-04,EMP_009735
Tunde Oyedepo,Federal Roads Maintenance Agency,189949,8114337730,GTBank,BIO_58765,87.23,2025-02-04,EMP_009736
Ibrahim Yusuf,Ministry of Power,469344,2839745113,First Bank,BIO_58712,97.01,2017-12-22,EMP_009737
Fatima Suleiman,Ministry of Works,249905,7940428871,First Bank,BIO_25571,97.84,2024-04-12,EMP_009738
Amina Musa,Ministry of Agriculture,392954,7475931186,Zenith,BIO_41568,96.95,2022-10-29,EMP_009739
Femi Adebayo,Ministry of Education,430620,3604732774,Zenith,BIO_88493,87.67,2019-11-14,EMP_009740
Dele Ogunlesi,Ministry of Finance,488642,9546984045,Zenith,BIO_65767,91.67,2025-04-04,EMP_009741
Chiamaka Nwankwo,Ministry of Agriculture,257129,2830364354,GTBank,BIO_64247,86.22,2018-10-29,EMP_009742
Adaeze Onyeka,Ministry of Finance,454017,6946496362,First Bank,BIO_55584,87.15,2018-04-20,EMP_009743
Abubakar Yusuf,Ministry of Finance,385998,8381459190,First Bank,BIO_60014,97.38,2022-08-08,EMP_009744
Chinedu Obiora,Ministry of Health,414009,1281878164,First Bank,BIO_88660,90.39,2023-05-23,EMP_009745
Uchenna Nwankwo,Ministry of Finance,172407,7179324244,Zenith,BIO_21872,95.26,2019-07-31,EMP_009746
Abubakar Musa,Ministry of Health,436397,3674122163,Zenith,BIO_29464,87.81,2023-06-29,EMP_009747
Nnamdi Obiora,Ministry of Power,137952,7256212010,Zenith,BIO_34730,97.13,2025-03-08,EMP_009748
Chioma Onyeka,Ministry of Power,418563,7207001012,Access,BIO_38447,97.93,2020-01-20,EMP_009749
Chukwu Eze,Ministry of Education,267197,1770034866,First Bank,BIO_78623,89.58,2023-12-31,EMP_009750
Okechukwu Eze,Civil Service Commission,457411,4879463069,Access,BIO_19904,91.75,2017-02-19,EMP_009751
Yemi Ogunlesi,Ministry of Finance,202493,6077961272,Zenith,BIO_93288,96.74,2018-11-12,EMP_009752
Zainab Umar,Ministry of Education,353680,8705393589,Zenith,BIO_71347,92.23,2017-02-13,EMP_009753
Yemi Adeleke,Ministry of Water Resources,387750,3045426143,GTBank,BIO_84090,95.84,2019-03-20,EMP_009754
Abubakar Mohammed,Ministry of Health,455940,3692369033,First Bank,BIO_69928,96.63,2024-02-01,EMP_009755
Tayo Oyedepo,Nigeria Customs Service,301666,2807956526,First Bank,BIO_29725,90.22,2018-11-21,EMP_009756
Aisha Musa,Ministry of Works,233509,1615840274,Zenith,BIO_38399,95.69,2025-01-23,EMP_009757
Chioma Eze,Civil Service Commission,448889,8501417738,Zenith,BIO_54789,95.99,2021-01-22,EMP_009758
Kemi Williams,Ministry of Education,259165,3535608504,Access,BIO_86336,94.46,2023-12-11,EMP_009759
Dele Ogunlesi,Ministry of Education,330658,8274208636,Zenith,BIO_21055,87.65,2023-05-08,EMP_009760
Zainab Ibrahim,Ministry of Health,444600,9252116165,GTBank,BIO_88341,97.46,2021-10-13,EMP_009761
Aisha Suleiman,Civil Service Commission,470676,8470665539,Access,BIO_45484,87.92,2022-05-21,EMP_009762
Aisha Mohammed,Federal Roads Maintenance Agency,485103,1635538857,Zenith,BIO_70910,93.68,2017-11-06,EMP_009763
Bola Oyedepo,Ministry of Health,152460,3191837959,UBA,BIO_26452,85.78,2019-09-27,EMP_009764
Dele Adebayo,Ministry of Works,363336,1141532782,Zenith,BIO_64442,90.55,2025-04-09,EMP_009765
Aisha Mohammed,Nigeria Customs Service,95302,2165336597,GTBank,BIO_87966,86.2,2022-02-26,EMP_009766
Hassan Mohammed,Ministry of Finance,478879,6977487390,GTBank,BIO_94201,88.43,2021-12-24,EMP_009767
Yemi Williams,Nigeria Customs Service,430418,7553836493,First Bank,BIO_22001,92.04,2022-05-05,EMP_009768
Tayo Adeyemi,Federal Roads Maintenance Agency,155020,3839271586,First Bank,BIO_30051,85.98,2025-01-20,EMP_009769
Femi Ogunlesi,Nigeria Customs Service,446584,4062900331,Zenith,BIO_95988,97.95,2023-10-17,EMP_009770
Aisha Umar,Nigeria Customs Service,241592,1135406993,Access,BIO_27532,91.44,2017-09-06,EMP_009771
Chioma Nwosu,Civil Service Commission,447496,9893431179,UBA,BIO_10041,87.6,2017-12-24,EMP_009772
Femi Ogunlesi,Ministry of Works,89063,1499375786,Zenith,BIO_18238,89.17,2023-10-26,EMP_009773
Bola Adeleke,Ministry of Finance,324954,7759507026,First Bank,BIO_98486,87.21,2022-06-30,EMP_009774
Zainab Suleiman,Ministry of Works,146148,4474423855,Zenith,BIO_70005,97.05,2019-01-01,EMP_009775
Aisha Ahmad,Ministry of Finance,448417,9159211870,First Bank,BIO_83113,90.12,2020-08-30,EMP_009776
Yemi Williams,Ministry of Finance,421163,2617373514,First Bank,BIO_14355,85.26,2016-09-01,EMP_009777
Kemi Ogunlesi,Ministry of Health,184612,2446381690,UBA,BIO_33743,96.98,2019-04-09,EMP_009778
Adaeze Ani,Ministry of Finance,442653,8737760550,Access,BIO_75931,87.03,2016-08-08,EMP_009779
Kemi Adeyemi,Ministry of Power,120640,2999493734,GTBank,BIO_33410,89.91,2017-01-02,EMP_009780
Yemi Adeyemi,Ministry of Finance,347700,5040977188,UBA,BIO_13915,92.73,2020-01-20,EMP_009781
Usman Mohammed,Ministry of Power,177053,6583336737,Access,BIO_40462,93.18,2021-07-07,EMP_009782
Chukwu Obiora,Ministry of Finance,246854,6508298486,Zenith,BIO_20510,97.41,2018-01-05,EMP_009783
Zainab Yusuf,Federal Roads Maintenance Agency,180628,6909925228,UBA,BIO_83959,93.56,2024-07-22,EMP_009784
Chukwu Ani,Ministry of Finance,323337,3742950870,GTBank,BIO_25147,96.68,2019-01-18,EMP_009785
Tunde Williams,Ministry of Power,290232,4199630970,Zenith,BIO_84814,88.06,2019-11-23,EMP_009786
Chiamaka Nwosu,Civil Service Commission,84091,8321681705,GTBank,BIO_79350,92.87,2022-07-20,EMP_009787
Kemi Ogunlesi,Ministry of Health,439919,2472309548,Access,BIO_65215,87.56,2022-05-03,EMP_009788
Tayo Adebayo,Ministry of Agriculture,440462,4153182889,First Bank,BIO_36887,96.5,2020-04-29,EMP_009789
Chioma Nwankwo,Nigeria Customs Service,199090,9399123907,GTBank,BIO_94773,92.95,2019-05-04,EMP_009790
Nnamdi Nwankwo,Ministry of Agriculture,274418,4477780575,First Bank,BIO_18595,92.98,2024-02-11,EMP_009791
Zainab Musa,Nigeria Customs Service,222868,9819086051,UBA,BIO_73512,87.13,2022-08-03,EMP_009792
Yemi Ogunlesi,Ministry of Agriculture,236428,9610831611,First Bank,BIO_68775,93.02,2019-11-20,EMP_009793
Abubakar Mohammed,Ministry of Power,250089,3141445199,UBA,BIO_51493,89.07,2018-10-27,EMP_009794
Usman Suleiman,Civil Service Commission,370788,9204880827,First Bank,BIO_57132,85.44,2022-02-19,EMP_009795
Bola Adebayo,Ministry of Agriculture,119540,7195036380,Zenith,BIO_48456,95.84,2018-11-27,EMP_009796
Tunde Oyedepo,Ministry of Water Resources,109559,9967821971,GTBank,BIO_86101,87.46,2022-04-08,EMP_009797
Fatima Yusuf,Ministry of Works,341225,3891806102,Zenith,BIO_87179,97.04,2022-07-22,EMP_009798
Nnamdi Nwosu,Ministry of Health,254954,2553712358,GTBank,,99.9,2024-12-29,EMP_009799
Nnamdi Okafor,Federal Roads Maintenance Agency,180238,4563402307,Access,BIO_85823,88.58,2018-02-15,EMP_009800
Zainab Ahmad,Ministry of Works,258125,3352275232,Access,BIO_70481,91.28,2018-07-23,EMP_009801
Amina Yusuf,Ministry of Education,1373970,3824076458,Access,BIO_20856,96.11,2026-02-27,EMP_009802
Okechukwu Onyeka,Ministry of Agriculture,285312,1762675105,UBA,BIO_78531,96.76,2023-01-10,EMP_009803
Kemi Adeleke,Ministry of Finance,137612,9107171252,UBA,BIO_43519,97.67,2020-06-27,EMP_009804
Kemi Adeleke,Ministry of Water Resources,337634,9615024759,Zenith,BIO_30698,86.58,2017-10-18,EMP_009805
Dele Adeleke,Ministry of Finance,90451,5495217342,UBA,BIO_86095,86.61,2016-10-29,EMP_009806
Chukwu Ani,Ministry of Power,115562,6288110882,GTBank,BIO_70649,85.84,2023-12-03,EMP_009807
Ibrahim Umar,Nigeria Customs Service,140488,4141076869,UBA,BIO_97420,86.36,2022-10-10,EMP_009808
Femi Adebayo,Federal Roads Maintenance Agency,80024,8751052524,Zenith,BIO_64644,98.89,2016-09-29,EMP_009809
Tayo Williams,Federal Roads Maintenance Agency,334076,5937713426,UBA,BIO_57683,86.02,2023-07-30,EMP_009810
Okechukwu Ani,Civil Service Commission,464861,9474634290,GTBank,,99.9,2025-12-10,EMP_009811
Zainab Mohammed,Federal Roads Maintenance Agency,239716,7463760285,UBA,BIO_91971,86.14,2024-04-29,EMP_009812
Kemi Adeleke,Ministry of Agriculture,443589,7036272859,GTBank,BIO_23444,87.3,2016-07-19,EMP_009813
Bola Adeleke,Ministry of Agriculture,166239,5321344522,Zenith,BIO_43710,93.88,2020-11-15,EMP_009814
Chioma Nwosu,Federal Roads Maintenance Agency,348814,1765923333,Access,BIO_91107,91.21,2016-05-16,EMP_009815
Amina Suleiman,Ministry of Finance,265947,2873316029,Access,BIO_16841,96.09,2019-08-23,EMP_009816
Zainab Musa,Ministry of Finance,102171,8428021414,UBA,BIO_61254,95.21,2024-01-28,EMP_009817
Fatima Yusuf,Ministry of Health,484929,8249236089,UBA,BIO_72334,91.29,2016-09-27,EMP_009818
Aisha Ibrahim,Federal Roads Maintenance Agency,412414,6711482345,GTBank,BIO_57287,88.95,2021-09-05,EMP_009819
Chinedu Nwosu,Ministry of Water Resources,275301,7021690344,Zenith,,99.9,2024-09-11,EMP_009820
Yemi Ogunlesi,Nigeria Customs Service,341400,7086671651,GTBank,BIO_70142,94.2,2022-07-23,EMP_009821
Yemi Williams,Civil Service Commission,301746,3912091577,GTBank,BIO_30976,85.73,2017-08-26,EMP_009822
Uchenna Okafor,Civil Service Commission,477598,2858250061,Zenith,BIO_74749,96.78,2022-02-18,EMP_009823
Chioma Okafor,Federal Roads Maintenance Agency,112745,9887092633,First Bank,BIO_45541,94.51,2022-02-03,EMP_009824
Chukwu Eze,Ministry of Water Resources,216866,1188343691,Access,BIO_23554,92.76,2017-08-26,EMP_009825
Chioma Nwankwo,Ministry of Agriculture,249802,9139971080,UBA,BIO_32011,96.43,2020-02-03,EMP_009826
Chioma Eze,Nigeria Customs Service,356201,5844918296,First Bank,BIO_43580,96.52,2022-09-15,EMP_009827
Amina Suleiman,Ministry of Works,327204,1854670211,UBA,BIO_12441,96.54,2019-09-01,EMP_009828
Adaeze Eze,Ministry of Health,329058,3910703761,UBA,BIO_50816,97.76,2022-02-26,EMP_009829
Ade Adebayo,Ministry of Education,204741,8407021540,Access,BIO_73863,86.01,2022-08-18,EMP_009830
Fatima Suleiman,Ministry of Education,271081,3880714421,GTBank,BIO_31927,87.17,2019-08-04,EMP_009831
Nnamdi Onyeka,Nigeria Customs Service,167835,5586598334,First Bank,BIO_35253,92.54,2017-11-18,EMP_009832
Bola Ogunlesi,Ministry of Agriculture,272428,7659290430,Access,BIO_89001,97.81,2017-10-01,EMP_009833
Aisha Suleiman,Federal Roads Maintenance Agency,448310,7735000434,Access,BIO_88964,88.44,2021-04-27,EMP_009834
Femi Adeyemi,Civil Service Commission,139855,8417960457,Zenith,BIO_17099,85.56,2021-03-01,EMP_009835
Zainab Suleiman,Ministry of Water Resources,481760,8180689775,Zenith,BIO_42498,95.94,2023-04-06,EMP_009836
Chiamaka Okonkwo,Ministry of Health,408827,4332853893,GTBank,BIO_77607,93.61,2018-09-16,EMP_009837
Chiamaka Nwankwo,Nigeria Customs Service,175896,6904461978,Access,BIO_46129,97.04,2020-09-01,EMP_009838
Chukwu Eze,Ministry of Power,484220,8480578346,Access,BIO_97585,89.87,2021-11-08,EMP_009839
Chiamaka Onyeka,Federal Roads Maintenance Agency,265892,9839632845,UBA,BIO_95668,97.11,2018-03-10,EMP_009840
Uchenna Nwosu,Ministry of Agriculture,412925,7226206249,UBA,BIO_90905,87.61,2020-01-27,EMP_009841
Zainab Umar,Nigeria Customs Service,103939,4653364978,First Bank,BIO_57761,86.53,2024-10-04,EMP_009842
Zainab Suleiman,Ministry of Health,271992,8363399282,UBA,BIO_66953,96.07,2023-04-29,EMP_009843
Uchenna Nwosu,Ministry of Education,141568,3929616532,GTBank,BIO_78108,91.9,2016-06-20,EMP_009844
Chukwu Okonkwo,Federal Roads Maintenance Agency,297703,2489659060,GTBank,BIO_90534,97.16,2023-11-20,EMP_009845
Chioma Ani,Ministry of Works,129115,1203101552,First Bank,BIO_96133,91.61,2018-04-01,EMP_009846
Chinedu Okonkwo,Nigeria Customs Service,479502,9631904877,GTBank,BIO_70307,94.36,2022-09-12,EMP_009847
Bola Oyedepo,Ministry of Water Resources,405092,8066316186,Access,BIO_89598,93.31,2016-08-31,EMP_009848
Okechukwu Obiora,Federal Roads Maintenance Agency,338310,5066531067,Access,BIO_61525,97.73,2017-03-18,EMP_009849
Tunde Adebayo,Nigeria Customs Service,283200,5865118030,Zenith,BIO_70114,97.81,2021-12-11,EMP_009850
Fatima Musa,Federal Roads Maintenance Agency,394909,5388950723,GTBank,BIO_12228,92.63,2016-11-11,EMP_009851
Chioma Nwosu,Ministry of Power,287336,3593657804,GTBank,BIO_90787,92.46,2023-01-14,EMP_009852
Usman Yusuf,Ministry of Agriculture,248613,6528624736,GTBank,BIO_15948,92.61,2021-07-01,EMP_009853
Dele Williams,Ministry of Water Resources,111725,9718082122,GTBank,BIO_10284,98.77,2021-05-05,EMP_009854
Chukwu Eze,Ministry of Health,1302070,7125638000,Zenith,BIO_71681,95.39,2026-04-04,EMP_009855
Tunde Oyedepo,Federal Roads Maintenance Agency,284539,2532863419,Zenith,BIO_98695,85.28,2021-12-23,EMP_009856
Hassan Suleiman,Ministry of Water Resources,136380,5759708467,GTBank,BIO_86770,90.78,2021-10-27,EMP_009857
Yemi Adeyemi,Nigeria Customs Service,204623,1710010370,Zenith,BIO_43533,95.52,2024-12-09,EMP_009858
Kemi Adeleke,Ministry of Education,300924,4226575047,UBA,BIO_95243,88.5,2019-06-13,EMP_009859
Nnamdi Nwankwo,Ministry of Agriculture,477990,8712934744,Zenith,BIO_25971,87.48,2021-04-30,EMP_009860
Amina Ibrahim,Ministry of Works,178016,9324967887,GTBank,BIO_29516,87.56,2018-11-09,EMP_009861
Tayo Adeyemi,Ministry of Power,371447,1464874373,Zenith,BIO_15486,96.64,2019-12-17,EMP_009862
Bola Williams,Federal Roads Maintenance Agency,254690,8732177392,GTBank,BIO_19205,97.15,2017-08-16,EMP_009863
Yemi Oyedepo,Ministry of Finance,171318,4854573618,GTBank,BIO_61053,90.13,2019-01-01,EMP_009864
Ibrahim Ahmad,Federal Roads Maintenance Agency,169957,2466786623,UBA,BIO_83361,88.05,2020-03-11,EMP_009865
Fatima Musa,Civil Service Commission,93598,9813993076,UBA,BIO_97526,86.99,2020-04-30,EMP_009866
Uchenna Nwosu,Ministry of Finance,186452,7607420525,Access,BIO_62714,95.68,2021-05-24,EMP_009867
Chiamaka Ani,Ministry of Agriculture,318146,8163493307,First Bank,BIO_53045,95.95,2022-08-07,EMP_009868
Bola Williams,Ministry of Works,116200,4558035796,Access,BIO_55153,89.51,2020-08-12,EMP_009869
Yemi Ogunlesi,Federal Roads Maintenance Agency,412237,4073938198,Zenith,BIO_50030,88.97,2024-09-12,EMP_009870
Nnamdi Nwankwo,Ministry of Health,450994,8249237069,First Bank,BIO_24315,88.11,2021-05-03,EMP_009871
Zainab Umar,Ministry of Works,479382,8810106237,Access,BIO_69768,88.62,2019-12-05,EMP_009872
Hassan Yusuf,Ministry of Water Resources,353469,9982088691,GTBank,,99.9,2024-07-29,EMP_009873
Adaeze Onyeka,Ministry of Water Resources,423906,2795058984,GTBank,BIO_56301,96.74,2022-09-16,EMP_009874
Chioma Nwankwo,Ministry of Agriculture,267744,7995423966,Access,BIO_38790,85.65,2019-05-23,EMP_009875
Usman Yusuf,Ministry of Finance,276645,7449653073,UBA,BIO_76525,87.8,2025-03-11,EMP_009876
Chioma Okonkwo,Ministry of Agriculture,87631,9282446907,First Bank,BIO_83622,85.5,2019-12-04,EMP_009877
Tayo Adebayo,Nigeria Customs Service,340287,6035765767,First Bank,BIO_83741,90.15,2022-12-05,EMP_009878
Amina Musa,Federal Roads Maintenance Agency,397921,5103206258,Zenith,BIO_58777,91.86,2018-04-09,EMP_009879
Chinedu Okonkwo,Nigeria Customs Service,312475,2120927945,UBA,BIO_38030,87.02,2018-05-12,EMP_009880
Amina Umar,Ministry of Agriculture,116979,2873509745,Access,BIO_82255,85.06,2024-04-14,EMP_009881
Abubakar Mohammed,Ministry of Works,438810,5526633844,UBA,BIO_56811,98.43,2019-07-01,EMP_009882
Nnamdi Nwosu,Ministry of Water Resources,487853,7844014254,UBA,BIO_36480,87.82,2023-10-19,EMP_009883
Chukwu Nwankwo,Ministry of Power,322634,7759201403,GTBank,BIO_15480,91.34,2023-08-13,EMP_009884
Ibrahim Mohammed,Ministry of Power,381966,3304881628,Access,BIO_31640,91.36,2018-01-07,EMP_009885
Uchenna Onyeka,Ministry of Health,192362,2983692333,First Bank,BIO_61842,94.56,2025-04-09,EMP_009886
Amina Ahmad,Ministry of Health,89791,6247849783,GTBank,BIO_18353,89.92,2018-12-31,EMP_009887
Tunde Ogunlesi,Ministry of Agriculture,498440,4931687992,First Bank,BIO_93209,97.11,2025-03-31,EMP_009888
Hassan Suleiman,Civil Service Commission,480444,9726059113,GTBank,BIO_25546,91.28,2017-06-24,EMP_009889
Zainab Umar,Ministry of Works,320222,5304076199,Zenith,BIO_63482,88.12,2021-03-31,EMP_009890
Ade Adeleke,Ministry of Water Resources,486765,1313089972,Access,BIO_42818,85.25,2020-10-18,EMP_009891
Zainab Umar,Ministry of Agriculture,466242,9814848093,Access,BIO_46414,97.8,2019-03-30,EMP_009892
Kemi Williams,Ministry of Finance,215474,5708404883,Access,BIO_88861,90.86,2020-05-30,EMP_009893
Chukwu Eze,Federal Roads Maintenance Agency,353641,6826144582,GTBank,BIO_39298,94.74,2024-10-24,EMP_009894
Tayo Adeleke,Ministry of Education,296565,5722015062,Zenith,BIO_40853,91.6,2019-07-02,EMP_009895
Fatima Ahmad,Civil Service Commission,352938,5065530870,First Bank,BIO_36454,93.65,2022-06-10,EMP_009896
Usman Suleiman,Federal Roads Maintenance Agency,475513,2895209374,Access,BIO_73370,90.55,2023-07-23,EMP_009897
Fatima Ibrahim,Ministry of Agriculture,90575,3726419282,UBA,BIO_38003,95.56,2018-07-22,EMP_009898
Fatima Ahmad,Nigeria Customs Service,152658,8938668911,GTBank,BIO_29814,98.37,2016-11-22,EMP_009899
Nnamdi Onyeka,Ministry of Health,151893,4301198753,First Bank,BIO_33130,94.23,2017-03-02,EMP_009900
Kemi Adeleke,Ministry of Agriculture,195560,3273189423,First Bank,BIO_10504,95.5,2020-10-01,EMP_009901
Abubakar Suleiman,Civil Service Commission,346262,8055968283,First Bank,BIO_38516,95.73,2024-03-28,EMP_009902
Tunde Adebayo,Ministry of Water Resources,343235,1753720995,First Bank,BIO_17322,85.06,2019-08-16,EMP_009903
Yemi Ogunlesi,Ministry of Water Resources,304323,2184354128,Access,BIO_86645,85.2,2017-04-04,EMP_009904
Femi Ogunlesi,Ministry of Agriculture,463586,6776668718,Access,BIO_41165,87.1,2020-02-05,EMP_009905
Usman Ibrahim,Ministry of Water Resources,259272,2443573499,First Bank,BIO_91561,86.7,2022-06-12,EMP_009906
Okechukwu Onyeka,Civil Service Commission,280235,9694143718,Zenith,,99.9,2026-01-20,EMP_009907
Amina Suleiman,Nigeria Customs Service,382441,3436570301,UBA,BIO_99412,91.67,2024-07-14,EMP_009908
Chiamaka Okonkwo,Civil Service Commission,196246,6577800401,Zenith,BIO_26542,95.31,2017-02-02,EMP_009909
Ibrahim Suleiman,Ministry of Agriculture,194667,8579164528,UBA,BIO_27704,92.26,2016-08-01,EMP_009910
Chukwu Okonkwo,Ministry of Education,251113,3401321546,GTBank,BIO_95549,87.18,2016-05-20,EMP_009911
Chinedu Eze,Nigeria Customs Service,206174,9200930900,Access,BIO_62710,90.19,2020-12-10,EMP_009912
Okechukwu Okonkwo,Ministry of Works,148177,6271208682,First Bank,BIO_24084,86.75,2023-12-11,EMP_009913
Femi Adebayo,Ministry of Finance,290738,3438054129,GTBank,BIO_69079,97.87,2019-08-27,EMP_009914
Hassan Suleiman,Ministry of Education,468201,9455385230,First Bank,BIO_69045,94.08,2021-05-19,EMP_009915
Tayo Adeleke,Nigeria Customs Service,150217,4653180941,First Bank,BIO_43994,91.46,2024-03-28,EMP_009916
Dele Ogunlesi,Ministry of Agriculture,136897,5807169089,UBA,BIO_97683,89.36,2025-01-29,EMP_009917
Amina Ahmad,Ministry of Education,434050,4521143910,Zenith,BIO_89202,90.1,2023-06-25,EMP_009918
Zainab Yusuf,Ministry of Agriculture,166364,9891530300,GTBank,BIO_10154,95.98,2023-04-10,EMP_009919
Abubakar Suleiman,Ministry of Works,370338,9033443254,Access,BIO_47921,88.52,2023-02-10,EMP_009920
Yemi Oyedepo,Ministry of Works,218130,4863545822,First Bank,BIO_89006,96.06,2024-02-21,EMP_009921
Okechukwu Obiora,Ministry of Agriculture,341370,5701300483,Zenith,BIO_87021,88.65,2019-11-16,EMP_009922
Femi Ogunlesi,Ministry of Agriculture,325734,1839977506,GTBank,BIO_55845,93.67,2024-03-10,EMP_009923
Tunde Oyedepo,Federal Roads Maintenance Agency,472678,7244788265,Access,BIO_61922,85.42,2025-02-10,EMP_009924
Tunde Oyedepo,Ministry of Water Resources,363207,2599626463,First Bank,BIO_63642,94.01,2023-03-13,EMP_009925
Aisha Ahmad,Civil Service Commission,127118,8449020374,UBA,BIO_89015,97.43,2024-08-06,EMP_009926
Zainab Suleiman,Civil Service Commission,157503,6259327924,UBA,BIO_56272,88.66,2024-01-31,EMP_009927
Tunde Williams,Federal Roads Maintenance Agency,414368,5903404162,Zenith,BIO_19444,85.91,2025-04-19,EMP_009928
Abubakar Yusuf,Ministry of Power,401355,7425886346,GTBank,BIO_18008,92.7,2020-04-22,EMP_009929
Adaeze Okonkwo,Federal Roads Maintenance Agency,352257,3516727058,GTBank,BIO_80176,92.84,2022-11-23,EMP_009930
Abubakar Mohammed,Ministry of Works,462337,2772258248,GTBank,BIO_73091,97.25,2023-06-03,EMP_009931
Aisha Yusuf,Ministry of Power,139410,7999165809,First Bank,BIO_72525,93.49,2016-10-10,EMP_009932
Ibrahim Ahmad,Federal Roads Maintenance Agency,386761,3647242357,Zenith,BIO_22522,89.07,2020-07-05,EMP_009933
Kemi Ogunlesi,Ministry of Education,223427,4608259637,Zenith,BIO_67888,91.27,2022-12-17,EMP_009934
Fatima Umar,Ministry of Works,139298,2563714564,UBA,BIO_28374,88.79,2022-11-29,EMP_009935
Okechukwu Nwosu,Ministry of Water Resources,244593,5301289935,GTBank,BIO_89788,87.26,2022-05-27,EMP_009936
Chukwu Okonkwo,Civil Service Commission,107143,4273768355,First Bank,BIO_40517,94.41,2020-04-08,EMP_009937
Bola Adeleke,Ministry of Power,365984,2271328795,GTBank,BIO_79650,94.87,2022-05-12,EMP_009938
Ibrahim Mohammed,Ministry of Agriculture,421065,2859495592,UBA,BIO_66896,97.65,2017-06-29,EMP_009939
Abubakar Ibrahim,Federal Roads Maintenance Agency,97054,9214931011,UBA,BIO_14666,89.62,2022-11-25,EMP_009940
Chioma Nwankwo,Federal Roads Maintenance Agency,411944,2168745131,First Bank,BIO_11948,97.21,2023-11-30,EMP_009941
Chinedu Obiora,Ministry of Health,170621,2281682004,First Bank,BIO_19313,85.93,2017-05-04,EMP_009942
Aisha Musa,Ministry of Agriculture,377790,6463514235,UBA,BIO_68763,86.86,2022-07-03,EMP_009943
Tayo Oyedepo,Ministry of Power,268104,7726529153,Zenith,BIO_12373,90.87,2024-12-28,EMP_009944
Kemi Adeyemi,Federal Roads Maintenance Agency,242290,8810438433,UBA,BIO_80303,90.67,2022-03-03,EMP_009945
Bola Adeyemi,Ministry of Works,191115,6070344776,UBA,BIO_61469,94.47,2020-02-16,EMP_009946
Adaeze Okafor,Ministry of Power,171967,7400957599,UBA,BIO_93086,87.15,2022-04-12,EMP_009947
Yemi Adeyemi,Ministry of Power,233743,7765223804,Zenith,BIO_79624,95.29,2024-11-15,EMP_009948
Ade Ogunlesi,Ministry of Agriculture,319152,7135671555,Zenith,,99.9,2025-11-16,EMP_009949
Ade Williams,Ministry of Water Resources,472948,9693056719,First Bank,BIO_63769,97.63,2020-12-15,EMP_009950
Yemi Adebayo,Ministry of Education,348153,2654412539,First Bank,BIO_87816,91.33,2016-06-05,EMP_009951
Tunde Williams,Civil Service Commission,196327,9420610576,Zenith,BIO_40541,94.97,2017-12-27,EMP_009952
Bola Oyedepo,Ministry of Agriculture,462545,9765267055,Access,BIO_42845,93.04,2020-11-09,EMP_009953
Femi Adebayo,Ministry of Education,475651,1318917000,Access,BIO_52872,98.44,2017-01-03,EMP_009954
Okechukwu Okonkwo,Ministry of Agriculture,451509,4451444123,GTBank,BIO_32075,93.81,2016-10-20,EMP_009955
Bola Adeyemi,Ministry of Agriculture,444348,8943029162,UBA,BIO_59723,90.62,2025-01-30,EMP_009956
Fatima Mohammed,Ministry of Water Resources,482150,1842591188,GTBank,BIO_50290,88.55,2022-11-08,EMP_009957
Zainab Umar,Nigeria Customs Service,277925,8904890646,Zenith,BIO_88408,92.22,2023-01-14,EMP_009958
Kemi Adeleke,Ministry of Health,148322,5874393007,Zenith,BIO_52483,89.99,2025-04-24,EMP_009959
Fatima Mohammed,Ministry of Agriculture,489848,6560629805,UBA,BIO_50733,92.66,2020-06-07,EMP_009960
Kemi Adeyemi,Ministry of Agriculture,231362,1823139415,First Bank,BIO_61384,89.11,2020-04-15,EMP_009961
Fatima Musa,Ministry of Finance,351783,8585071671,Zenith,BIO_16352,86.92,2021-06-03,EMP_009962
Ade Ogunlesi,Federal Roads Maintenance Agency,328875,9980346613,Access,BIO_99959,88.8,2017-04-14,EMP_009963
Usman Mohammed,Federal Roads Maintenance Agency,174364,1680917713,GTBank,BIO_34411,92.11,2025-02-05,EMP_009964
Zainab Suleiman,Ministry of Finance,430830,5006674434,First Bank,BIO_43340,86.63,2023-10-26,EMP_009965
Ibrahim Musa,Federal Roads Maintenance Agency,297661,6767392157,Zenith,BIO_96274,90.67,2016-08-04,EMP_009966
Chukwu Ani,Ministry of Power,334671,1407311002,Access,BIO_79305,92.84,2023-08-09,EMP_009967
Hassan Ahmad,Ministry of Agriculture,341390,7503999556,Zenith,BIO_37947,93.65,2018-12-22,EMP_009968
Chiamaka Okafor,Ministry of Education,391040,8502026049,Access,BIO_31505,90.61,2024-09-04,EMP_009969
Abubakar Yusuf,Ministry of Health,470142,3983556668,Access,BIO_94049,87.57,2019-11-01,EMP_009970
Adaeze Obiora,Ministry of Health,434296,7578643808,Access,BIO_36818,88.67,2023-04-08,EMP_009971
Kemi Adebayo,Ministry of Finance,281026,3396017579,Zenith,BIO_41474,94.71,2022-02-09,EMP_009972
Adaeze Nwosu,Ministry of Agriculture,452281,2393976274,Zenith,BIO_38062,91.44,2023-10-05,EMP_009973
Okechukwu Eze,Ministry of Finance,161501,6074038822,GTBank,BIO_32535,94.54,2021-03-07,EMP_009974
Zainab Ahmad,Ministry of Power,480557,4818657371,Access,BIO_54618,85.86,2022-09-19,EMP_009975
Tayo Ogunlesi,Federal Roads Maintenance Agency,1063178,4712129445,UBA,BIO_38431,91.65,2026-01-07,EMP_009976
Adaeze Nwankwo,Ministry of Works,233526,1825915979,Zenith,BIO_83203,95.18,2022-11-07,EMP_009977
Femi Oyedepo,Civil Service Commission,305361,8331158671,UBA,BIO_16535,91.51,2025-01-09,EMP_009978
Femi Ogunlesi,Ministry of Water Resources,452554,8020161578,Access,BIO_77935,86.81,2024-03-24,EMP_009979
Amina Mohammed,Federal Roads Maintenance Agency,318925,2265978100,First Bank,BIO_50278,92.04,2017-12-14,EMP_009980
Zainab Ibrahim,Ministry of Works,103649,9347027138,Zenith,,99.9,2026-01-30,EMP_009981
Hassan Yusuf,Ministry of Finance,216381,9747745637,UBA,,99.9,2026-03-17,EMP_009982
Chioma Obiora,Federal Roads Maintenance Agency,307335,3048996484,UBA,BIO_74709,94.61,2018-01-30,EMP_009983
Chioma Eze,Ministry of Finance,499827,2205539922,UBA,BIO_23113,92.82,2016-08-19,EMP_009984
Amina Suleiman,Ministry of Water Resources,402383,7257087494,GTBank,BIO_85215,91.04,2023-04-02,EMP_009985
Amina Umar,Ministry of Health,487003,5309273193,First Bank,BIO_74934,91.66,2018-12-25,EMP_009986
Chukwu Eze,Civil Service Commission,153939,8620150804,Zenith,BIO_44911,88.73,2023-09-03,EMP_009987
Dele Oyedepo,Ministry of Health,378105,2186826599,Access,BIO_23839,94.83,2021-09-05,EMP_009988
Nnamdi Okonkwo,Federal Roads Maintenance Agency,173865,1988608435,First Bank,BIO_64261,95.48,2023-12-14,EMP_009989
Ibrahim Umar,Ministry of Education,369075,3278717686,UBA,BIO_79664,87.83,2018-03-17,EMP_009990
Dele Williams,Ministry of Finance,253349,4222076544,First Bank,BIO_74509,92.45,2016-07-03,EMP_009991
Abubakar Musa,Ministry of Health,97371,9838130634,GTBank,BIO_36617,99.78,2020-11-21,EMP_009992
Usman Suleiman,Ministry of Agriculture,304923,8434968711,First Bank,BIO_17143,96.99,2017-12-23,EMP_009993
Tunde Ogunlesi,Federal Roads Maintenance Agency,481799,8920458807,Access,BIO_11838,93.73,2016-12-24,EMP_009994
Hassan Suleiman,Ministry of Education,169584,2735209034,UBA,BIO_93559,92.39,2020-08-27,EMP_009995
Chioma Ani,Civil Service Commission,277293,9925260991,First Bank,BIO_15625,95.98,2018-02-20,EMP_009996
Zainab Mohammed,Ministry of Finance,163595,5149240567,GTBank,BIO_68845,91.21,2016-09-27,EMP_009997
Uchenna Ani,Ministry of Water Resources,110894,7200393537,UBA,BIO_79465,95.08,2016-08-21,EMP_009998
Tunde Adebayo,Ministry of Water Resources,210526,6330607595,First Bank,BIO_98993,88.79,2019-04-29,EMP_009999
Nnamdi Obiora,Ministry of Finance,134437,1042687070,GTBank,BIO_59090,90.89,2021-11-24,EMP_010000
Kemi Ogunlesi,Ministry of Power,1196995,5113295261,Zenith,BIO_43231,91.63,2025-09-29,EMP_010001
Chioma Nwankwo,Ministry of Water Resources,283396,3541053132,First Bank,BIO_91658,85.54,2018-12-07,EMP_010002
Chinedu Nwosu,Ministry of Finance,460846,2147674549,Zenith,BIO_92285,97.91,2021-06-05,EMP_010003
